{
  "langCode": "cs",
  "appNameTr": "Jazykový reaktor",
  "appName": "Jazykový reaktor",
  "appDesc": "Učte se jazyky efektivně sledováním filmů a seriálů ve vašem cílovém jazyce.",
  "catalogue": "Katalog",
  "catalogue_tooltip": "Najděte filmy a seriály vhodné pro použití s Language Reactor.",
  "help": "Pomoc",
  "help_tooltip": "Návody a tipy",
  "feedback": "Odeslat zpětnou vazbu",
  "feedback_tooltip": "Nahlaste problémy nebo navrhněte funkce",
  "facebook": "Facebook",
  "facebook_tooltip": "Sledujte nás pro aktualizace",
  "originalLanguage_label": "Původní jazyk:",
  "originalLanguage_tooltip": "Původní jazyk tohoto filmu na Netflixu.",
  "noDictionary_error": "Podpora slovníku pro <text> brzy přijde.",
  "subtitleLanguage_label": "Jazyk titulků Netflixu",
  "subtitleLanguage_tooltip": "Aktuálně vybraný jazyk titulků Netflixu",
  "subtitlesNotLoaded_error": "Žádné titulky nebyly načteny. Vyberte jazyk titulků v nastavení přehrávání Netflixu.",
  "subtitlesNoMatchAudio_error": "Vybrané titulky Netflixu (<text>) neodpovídají zvuku. Změňte titulky na originální jazyk titulu (<text>) v ovládacích prvcích přehrávání Netflixu, nebo vyhledejte v katalogu Language Reactor doporučené tituly pro jazyk, který se učíte.",
  "subtitlesNoMatchAudio_ASR_error_GT": "Titulky <text> neodpovídají zvuku. Přepněte na titulky v původním jazyce (<text>) v ovládacích prvcích přehrávání Netflixu, nebo najděte doporučený titul pro váš cílový jazyk v katalogu Language Reactor. Alternativně můžete použít stopu pro rozpoznávání řeči (ASR).",
  "audioNoMatchSubtitles_error": "Vybraná zvuková stopa Netflixu (<text>) pravděpodobně neodpovídá titulkům. Nastavte původní jazyk zvuku (<text>) v ovládacích prvcích přehrávání Netflixu, nebo vyhledejte v katalogu Language Reactor doporučené tituly pro jazyk, který se učíte.",
  "audioLanguage_label": "Jazyk audia Netflixu",
  "audioLanguage_tooltip": "Aktuálně vybraná jazyková stopa audia Netflixu.",
  "pleaseSelectSubtitles": "- Vyberte titulky v ovládání Netflixu -",
  "pleaseSelectSubtitlesYoutube": "- Vyberte si titulky v ovládání Youtube -",
  "loadingSubtitles": "- Načítání titulků, prosím, vyčkejte... -",
  "loadingTranslations": "Načítání překladů...",
  "firstSubtitleNotReached": "- První titul ještě nezačal. -",
  "errorApology_OLD": "Language Reactor zjistil, že došlo k chybě. Vývojáři byli informováni. Zkuste znovu načíst stránku, nebo to zkuste znovu za 24 hodin. Omlouváme se za nepříjemnosti. Sledujte naši Facebook stránku pro aktualizace. Chybová zpráva: <text>",
  "openClose_tooltip": "Otevřít / zavřít Language Reactor.",
  "vocabHighlight_label": "Zvýraznění slovní zásoby",
  "levelWithNumber": "Úroveň <text>: <text> slov",
  "levelDisable": "Úroveň <text>: zakázat",
  "translationLanguage_label": "Jazyk překladu",
  "translationLanguage_tooltip": "Jazyk pro překlad - nastavte ho jako svůj mateřský jazyk.",
  "showMachineTranslation_label": "Zobrazit strojový překlad",
  "showMachineTranslation_tooltip": "Zobrazte automatický překlad zdrojových titulků ve vaší řeči.",
  "showHumanTranslation_label": "Zobrazit lidský překlad",
  "showHumanTranslation_tooltip": "Zobrazte profesionální překlad, pokud je k dispozici.",
  "slowSpeechSegments": "Zpomalit segmenty řeči",
  "slowSpeechSegments_tooltip": "Zpomalte přehrávání videa na 0,8x, když je aktivní titulek, pro lepší porozumění.",
  "keyboardShortcuts": "Klávesové zkratky:",
  "previous": "Předchozí",
  "next": "Pokračovat",
  "previousSub": "Předchozí titulek",
  "nextSub": "Další titul",
  "play": "Přehrát",
  "playPause": "Přehrát / Pozastavit",
  "repeat": "Opakovat",
  "infiniteRepeat": "Nekonečné opakování",
  "alsoUseASD": "Alternativní klávesy: A, S, D, Mezerník",
  "autoPause": "Automatické pozastavení",
  "autoPause_tooltip": "Automaticky pozastavit přehrávání na konci každého titulku.",
  "none": "Žádný",
  "nms_tip": "Učíte se jazyk? Vyzkoušejte naši novou rozšíření pro studium jazyka s Netflixem.",
  "welcomeModal_line1_string": "Vítejte v novém Language Reactor",
  "welcomeModal_line2_string": "Přidali jsme několik vylepšení:",
  "welcomeModal_line3_string": "Nyní se titulky mohou zobrazit nad videem.",
  "welcomeModal_line4_string": "Nový boční panel zobrazuje všechny titulky.",
  "welcomeModal_line5_string": "Lepší podpora pro asijské jazyky.",
  "proFeatures_line1_string": "Pro mód zahrnuje:",
  "proFeatures_line2_string": "Strojové překlady",
  "proFeatures_tt2_string": "Přesnější překlady, které lépe zachycují původní význam.",
  "proFeatures_line3_string": "Uložit slova a fráze",
  "proFeatures_tt3_string": "Sledujte svůj pokrok ve slovní zásobě s automatickým zvýrazněním. Exportujte do Anki (programu na kartičky).",
  "proFeatures_line4_string": "Titulky pro dabované filmy",
  "proFeatures_tt4_string_GT": "Mnoho seriálů na Netflixu má další zvukové stopy v jiných jazycích (dabing), ale Netflix nemá správné titulky pro tyto zvukové stopy. Language Reactor může vytvářet titulky z audia, takže se můžete učit například němčinu s Breaking Bad.",
  "proFeatures_line5_string": "Podpořte vývojáře",
  "proFeatures_tt5_string": "Usilovně pracujeme na zlepšení rozšíření a přinášíme vám nové funkce.",
  "price_string": "Cena za měsíc je:",
  "welcomeModal_line6_string": "Strojový překlad býval zdarma, ale je to nákladná služba. Doufáme, že to chápete.",
  "useForFree_line_string": "Tyto funkce můžete používat zdarma po dobu jednoho týdne.",
  "useForFree_twoWeeks_line_string": "Tyto funkce můžete používat zdarma po dobu dvou týdnů.",
  "useProForFreeTwoWeeks_string": "Můžete používat Pro funkce zdarma po dobu dvou týdnů.",
  "notNow_btn_string": "Teď ne",
  "continueWithGoogle_btn_string": "Pokračovat s Googlem",
  "trialBegunModal_body_string": "Funkce \"Pro\" byly aktivovány.",
  "ok_btn_string": "OK",
  "prePaymentModal_line1_string": "Přihlaste se, abyste mohli pokračovat v používání funkcí \"Pro\".",
  "choosePaymentProvider_line_string": "Vyberte způsob platby:",
  "payWithGoogle_btn_string": "Plaťte kreditní kartou.",
  "payWithPaddle_btn_string": "Plaťte kreditní kartou nebo PayPalem.",
  "christmasSale_GT": "20 % sleva do 1. ledna",
  "youPayEveryMonth_GT": "Měsíční platba:",
  "or_GT": "nebo",
  "youPayEvery3Months_GT": "Čtvrtletní platba:",
  "youPayEveryYear_GT": "Roční platba:",
  "oneMonth_GT": "1 měsíc",
  "threeMonths_GT": "3 měsíce",
  "oneYear_GT": "1 rok",
  "subscriptionLabel_GT": "Předplatné. Můžete zrušit po zaplacení, pokud si nepřejete automatické obnovení.",
  "choose_GT": "Vyberte",
  "paymentSuccessful_line1_string": "Platba byla úspěšně dokončena. Děkujeme za vaši podporu.",
  "paymentSuccessful_line2_string": "Můžete kdykoli zrušit své předplatné v nastavení.",
  "paymentSuccessfulPaddleMessage_line_string": "Poznámka: Pokud vaše platba vyžaduje manuální kontrolu, prosím, vyčkejte několik hodin. Mód 'Pro' se aktivuje automaticky.",
  "cancelGoogle_line_string": "Poznámka: Pro mód zůstane aktivní po dobu 30 dnů po vaší poslední platbě.",
  "cancelSubscription_btn_string": "Zrušit předplatné",
  "problemWithPayment_line1_string": "Byl zjištěn problém s platbou vašeho předplatného.",
  "problemWithPayment_line2_string": "Po aktualizaci údajů o platbě prosím znovu načtěte toto okno.",
  "updatePayment_btn_string": "Aktualizovat informace o platbě",
  "alreadyUserPleaseSignIn": "Máte již účet? Přihlaste se.",
  "pleaseSignIn": "Přihlaste se, prosím, abyste mohli pokračovat.",
  "pleaseSignInOrRegister": "Přihlaste se nebo si vytvořte účet pro přístup k dalším funkcím.",
  "noCreditCardInfoNoChargeAfterTrial": "Není potřeba žádná kreditní karta. Po zkušební době vám nebudeme účtovat žádné poplatky, pokud se v té době nerozhodnete pro zakoupení předplatného.",
  "signIn": "Přihlásit se",
  "signOut": "Odhlásit se",
  "options": "Nastavení",
  "mode": "Režim:",
  "manageSubscription": "Spravovat předplatné",
  "mode_free": "Zdarma",
  "mode_basic": "Základní",
  "mode_pro": "Pro",
  "signInStatus": "Stav přihlášení:",
  "signedIn": "Přihlášeno",
  "notSignedIn": "Nepřihlášen",
  "fix": "Opravit",
  "featureComingSoon": "Brzy k dispozici",
  "showTransliterations": "Zobrazit transliterace",
  "noTransliterations": "Žádné transliterace",
  "romaji": "Originál + Romaji",
  "hiragana": "Originál + Hiragana",
  "romajiOnly": "Pouze romaji",
  "hiraganaOnly": "Pouze hiragana",
  "withOriginalForm": "S originální formou",
  "transliterationsOnly": "Pouze transliterace",
  "hideTransliterationsForKnownWords_GT": "Skrýt transliterace známých slov",
  "playbackSpeed": "Rychlost přehrávání",
  "normal": "Normální",
  "notAvailable": "Není k dispozici.",
  "noHTAvailable": "Pro vybraný jazyk není k dispozici žádný lidský překlad.",
  "noMTAvailable": "Strojový překlad funguje pouze s originálními titulky filmu.",
  "proFeature": "Pro funkce",
  "saveCurrentSubtitle": "Uložit aktuální titulky",
  "toggleAutoPause": "Přepnout automatickou pauzu",
  "exportToAnki": "Exportovat do Anki",
  "pleaseSelectItemsToExport": "Vyberte položky k exportu:",
  "allItems": "Všechny položky",
  "download": "Stáhnout",
  "subtitles": "Titulky",
  "words": "Slova",
  "savedItems_short": "Uloženo",
  "savedItems": "Uložené položky",
  "saved": "Uloženo",
  "allLanguages": "Všechny jazyky",
  "allTypes": "Všechny typy",
  "yellowWords": "Žlutá slova",
  "blueWords": "Modrá slova",
  "greenWords": "Zelená slova",
  "purpleWords": "Fialová slova",
  "redWords": "Červená slova",
  "phrases": "Fráze",
  "noSavedItems": "Žádné uložené položky.",
  "clickAStar": "Uložte titulky kliknutím na ikonu hvězdy, slova ukládejte pomocí barevných tlačítek ve slovníku.",
  "loadingDotDotDot": "Načítání...",
  "showMore": "Zobrazit více",
  "openCloseBottomPanel": "Otevřít/zavřít spodní panel",
  "openCloseVerticalView": "Otevřít/zavřít vertikální zobrazení",
  "close": "Zavřít",
  "autoPaused": "AUTOMATICKÁ PAUZA",
  "pressSpaceToContinue": "(Stiskněte MEZERNÍK pro pokračování)",
  "saveWordTooltip": "Uložit slovo (také dostupné kliknutím pravým tlačítkem)",
  "subscriptionToProFeatures": "Předplatné pro funkce \"Pro\".",
  "tryForFree": "Vyzkoušejte zdarma",
  "noCreditCardRequired": "Není potřeba kreditní karta.",
  "noCharge": "Na rozdíl od jiných vám během zkušební doby nebudeme účtovat žádné poplatky ani automaticky neaktualizujeme vaši předplatné.",
  "subscriptionActive": "Váš předplatný plán je aktivní.",
  "speedUpPlayback": "Zrychlit přehrávání",
  "slowDownPlayback": "Zpomalte přehrávání",
  "highlightSavedWords_label": "Zvýraznit uložená slova",
  "onRightClick_label": "Akce pravého kliknutí",
  "onLongPress_label_GT": "Akce dlouhého stisknutí",
  "suggestedToKnownWordsRatio_label_GT": "Poměr mezi navrhovanými a známými slovy",
  "showVV_label": "Zobrazit seznam titulků",
  "showSubsBelowVideo_label": "Zobrazit titulky pod videem",
  "otherPossibleTranslations": "Další možné překlady",
  "doNothing_option": "Nedělat nic",
  "showDict_option": "Zobrazit slovník",
  "showDictSpeak_option": "Zobrazit slovník a vyslovit slovo",
  "speakWord_option": "Vyslovte slovo",
  "saveWord_option": "Uložit slovo",
  "removeAllItems": "Odstranit všechny položky",
  "areYouSure": "Jste si jisti?",
  "hideTranslation": "Skrýt překlad",
  "hideTranslation_tt": "Skryjte překlad během přehrávání. Klikněte na text nebo stiskněte [e], abyste zobrazili překlad.",
  "littlePracticeEveryDay": "Pravidelný trénink je klíčem k učení jazyka.",
  "enableLln": "Povolit Language Reactor",
  "doYouLikeOurExtension": "Jak se vám líbí Language Reactor?",
  "reportBug": "Nahlásit problém",
  "translationNotFound": "Překlad není k dispozici.",
  "usageExamples": "Příklady použití",
  "userDefinedExternalDict_label": "Vlastní URL adresy slovníku",
  "turnOnOff": "Zapnout/vypnout",
  "fontSize_label": "Velikost písma",
  "extraSmall": "Extra malý",
  "small": "Malý",
  "large": "Velký",
  "extraLarge": "Extra velký",
  "removeSubtitle": "Odstranit",
  "settings": "Nastavení",
  "subtitleLanguage_label_yt": "Jazyk titulků YouTube",
  "subtitleLanguage_tooltip_yt": "Jazyk vybraných titulků YouTube",
  "subtitlesNotLoaded_error_yt": "Nebyly načteny žádné titulky. Zkontrolujte, zda je v nabídce přehrávání YouTube vybrán jazyk titulků.",
  "exportAsJson": "Exportovat jako JSON",
  "exportAsCsv": "Exportovat jako CSV",
  "exportAsExcel": "Exportovat jako Excel",
  "overrideArrowKeys_label": "Použijte šipky pro navigaci v titulcích",
  "overrideArrowKeys_tt": "Klávesy se šipkami budou fungovat stejně jako klávesy A, S a D",
  "changelist": "Nedávné změny",
  "print": "Tisknout",
  "export": "Exportovat",
  "appDescYoutube": "Učte se jazyky přirozeně sledováním videí ve vašem cílovém jazyce.",
  "externalDictsMessage": "Externí slovníky. Můžete otevřít poslední použitý externí slovník přímo tím, že podržíte klávesu Shift a kliknete na slovo.",
  "userDefinedExternalDict_tooltip": "Přidejte vlastní URL adresy slovníků, které se zobrazí ve slovníku spolu s ostatními tlačítky externích slovníků (označenými U1, U2...). URL musí obsahovat 'WORD' (velkými písmeny) - to bude automaticky nahrazeno hledaným slovem. Přidejte každou URL na nový řádek.",
  "pleaseLeaveReviewMessage": "Líbí se vám Language Reactor? Pomozte nám tím, že zanecháte recenzi v Chrome webovém obchodě.",
  "writeReview": "Napsat recenzi",
  "saveSubtitle": "Uložit",
  "translate": "Přeložit",
  "selectLang": "Vyberte jazyk",
  "searchVidsWithSubs": "Hledejte videa se skrytými titulky (CC)",
  "searchSettings": "Nastavení hledání",
  "sourceLang": "Zdrojový jazyk:",
  "chatWithOtherUsers": "Chatovat s ostatními uživateli Language Reactor",
  "forum": "Fórum",
  "tip": "Tip:",
  "considerChangingYoutubeLanguage": "Změňte jazykové nastavení YouTube pro lepší výsledky vyhledávání.",
  "seeHow": "Naučte se, jak",
  "helloPleaseSelectYourNativeLanguage": "Prosím, vyberte si svůj mateřský jazyk:",
  "yourNativeLanguage_GT": "Váš mateřský jazyk:",
  "autoHideYoutubePlaybackBarRecommended": "Automaticky skrýt přehrávací lištu YouTube (doporučeno)",
  "dontChangeTheInterface": "Nehledejte změny v rozhraní",
  "hidePlaybackBar": "Skrýt přehrávací lištu",
  "font": "Písmo",
  "defaultRecommended": "Výchozí (doporučeno)",
  "subtitlesHidden": "Skryté titulky",
  "noSubsForThisVideo": "Pro toto video nejsou k dispozici žádné titulky.",
  "forceOriginalTracks": "Vynutit původní stopy",
  "forceOriginalTracks_desc": "Pokud je tato možnost aktivována, video se přepne na audio a titulky v původním jazyce, když je rozšíření povoleno.",
  "hideSubtitles": "Skrýt titulky",
  "disabled": "Deaktivováno",
  "hideTranslations": "Skrýt překlady",
  "hideBoth": "Skrýt obě",
  "showSubtitleControls": "Zobrazit ovládání titulků",
  "moveToggleControls": "Přesunout/přepnout ovládací prvky",
  "netflixTestsMessage": "Aby Language Reactor fungoval správně, vypněte účast na testech Netflixu:",
  "disableTesting": "Vypněte testování",
  "nextBillingDate": "Další datum fakturace",
  "youCanUseProForXXDays": "Můžete používat Pro funkce ještě <text> dní.",
  "youCanUseFreeForXXDays": "Můžete používat bezplatné funkce po dobu <text> dní.",
  "subtitlesCouldNotBeLoaded": "Nedaří se načíst titulky.",
  "adIsPlaying": "Reklama se přehrává.",
  "yourSubscriptionHasExpired": "Vaše předplatné vypršelo.",
  "youHaveCanceledYourSubscription": "Vaše předplatné bylo zrušeno.",
  "nowYouCanStudyWithYoutubeToo": "Nyní se můžete učit také s videi na YouTube.",
  "machineTranslations": "Strojový překlad",
  "humanTranslations": "Lidský překlad",
  "belowAreWordsFromTheCurrentVideo_GT": "Slova z tohoto videa, seřazená podle frekvence",
  "rightClickWordToSaveIt_GT": "Klikněte pravým tlačítkem myši pro označení slova",
  "leftClickToOpenDict": "Klikněte levým tlačítkem myši pro otevření slovníku a příkladů.",
  "selectVocabLevelToMarkPurple": "Nastavte si úroveň slovní zásoby v nastavení, abyste méně běžná slova označili fialově.",
  "aboveCurrentLevel": "Nad aktuální úrovní",
  "unsavedWords": "Neposlaná slova",
  "levelX": "Úroveň <text>",
  "tips": "Tipy",
  "emptyTemplate": "",
  "thisExportHasMultipleParts": "Tento export obsahuje více částí.",
  "downloadPartXX": "Stáhnout část <text>",
  "thisItemWasSavedInAnotherVideo": "Uloženo z jiného videa.",
  "cancel": "Zrušit",
  "openVideo": "Otevřít video",
  "format": "Formát",
  "printHtml": "Tisknout (HTML)",
  "mustReadHowToImportToAnki": "Jak importovat do Anki",
  "infoAboutCsvExport": "O exportu do CSV",
  "jsonDataSchema": "JSON schéma",
  "language": "Jazyk",
  "itemType": "Typ položky",
  "includeTimestamps": "Zahrnout časové značky",
  "youCanChangeTranslitsOptionsInSettings": "Můžete upravit možnosti transliterace v nastavení.",
  "preferredTranslations": "Preferované překlady",
  "onlyNewItemsSinceLastExport": "Pouze nové položky od posledního exportu",
  "includeMedia": "Zahrnout média",
  "langName_is": "islandština",
  "langName_ga": "Irština",
  "langName_az": "Ázerbájdžánština",
  "langName_af": "Afrikánština",
  "langName_am": "Amharština",
  "langName_ar": "Arabština",
  "langName_sq": "albánština",
  "langName_hy": "Arménsky",
  "langName_it": "Italština",
  "langName_yi": "jidish",
  "langName_ig": "Igbo",
  "langName_id": "indonéština",
  "langName_ug": "Ujgur",
  "langName_cy": "velšský",
  "langName_uk": "Ukrajinština",
  "langName_uz": "uzbecký",
  "langName_ur": "Urdu",
  "langName_et": "Estonština",
  "langName_eo": "Esperanto",
  "langName_or": "Odia",
  "langName_nl": "Nizozemština",
  "langName_kk": "Kazach",
  "langName_ca": "Katalánština",
  "langName_gl": "Galicijština",
  "langName_kn": "Kannada",
  "langName_rw": "Kinyarwanda",
  "langName_el": "řečtina",
  "langName_ky": "Kyrgyz",
  "langName_gu": "gudžarátština",
  "langName_km": "Khmer",
  "langName_ku": "Kurdština",
  "langName_hr": "Chorvatština",
  "langName_xh": "Xhosa",
  "langName_co": "Korsičan",
  "langName_sm": "Samoan",
  "langName_jv": "javánština",
  "langName_ka": "gruzínština",
  "langName_sn": "Šona",
  "langName_sd": "Sindhi",
  "langName_si": "Sinhálština",
  "langName_sv": "Švédština",
  "langName_zu": "Zulu",
  "langName_gd": "Skotská gaelština",
  "langName_es": "Španělština",
  "langName_sk": "Slovenský",
  "langName_sl": "Slovinský",
  "langName_sw": "Svahilština",
  "langName_su": "Sundánština",
  "langName_ceb": "Cebuánština",
  "langName_sr": "srbština",
  "langName_so": "Somálština",
  "langName_th": "Thajština",
  "langName_tg": "tádžický",
  "langName_tt": "Tatarský",
  "langName_ta": "tamilština",
  "langName_cs": "Čeština",
  "langName_te": "telugština",
  "langName_da": "Dánština",
  "langName_de": "Němčina",
  "langName_tk": "Turkmen",
  "langName_tr": "Turečtina",
  "langName_ny": "Nyanja",
  "langName_ne": "Nepálština",
  "langName_no": "Norský",
  "langName_ht": "Haitská kreolština",
  "langName_ha": "Hausa",
  "langName_ps": "paštština",
  "langName_eu": "Baskický",
  "langName_haw": "Havajština",
  "langName_hu": "Maďarský",
  "langName_pa": "punjábština",
  "langName_hi": "hindština",
  "langName_tl": "Filipínský",
  "langName_fi": "Finština",
  "langName_hmn": "Hmong",
  "langName_fr": "Francouzština",
  "langName_bg": "Bulharština",
  "langName_vi": "Vietnamština",
  "langName_iw": "Hebrejština",
  "langName_be": "Běloruština",
  "langName_fa": "Perština",
  "langName_bn": "Bengálština",
  "langName_pl": "Polština",
  "langName_bs": "bosenský",
  "langName_pt": "Portugalština",
  "langName_mi": "Maorijština",
  "langName_mk": "Makedonština",
  "langName_mg": "Malgach",
  "langName_mr": "maráthština",
  "langName_ml": "malajálamština",
  "langName_mt": "Maltézština",
  "langName_ms": "malajština",
  "langName_my": "Barmánština",
  "langName_mn": "Mongolština",
  "langName_yo": "Jorubština",
  "langName_lo": "Lao",
  "langName_la": "Latina",
  "langName_lv": "Lotyšský",
  "langName_lt": "Litevština",
  "langName_ro": "Rumunština",
  "langName_lb": "Lucemburština",
  "langName_ru": "Ruština",
  "langName_en": "Angličtina",
  "langName_ko": "Korejština",
  "langName_fy": "Západofríský",
  "langName_zh-CN": "Čínština (zjednodušená)",
  "langName_zh-TW": "Čínština (tradiční)",
  "langName_st": "Jižní Sotho",
  "langName_ja": "Japonština",
  "netflixCatalogue": "Katalog Netflix",
  "notAllTitlesAllCountries": "Protože ne všechny tituly jsou dostupné ve všech zemích, měli byste vybrat zemi, ve které vás Netflix detekuje.",
  "catalogueByOriginalLanguage": "Katalog uvádí tituly podle jejich původního jazyka. Umožňuje vám najít francouzské filmy pro studium francouzštiny a německé filmy pro studium němčiny atd.",
  "goodSubtitlesForOriginal": "Netflix má dobré titulky v původním jazyce titulu, které odpovídají zvukové stopě.",
  "oftenDontMatch": "Titulky často neodpovídají zvuku u dabovaných verzí.",
  "yourCountry": "Vaše země",
  "allCountries": "Všechny země",
  "numberFound_colon": "Nalezeno:",
  "genre_colon": "Žánr:",
  "released_colon": "Datum vydání:",
  "runtime_colon": "Doba trvání:",
  "drama": "Drama",
  "action": "Akce",
  "crime": "Zločin",
  "thriller": "Thriller",
  "adventure": "Dobrodružství",
  "scifi": "Sci-fi",
  "romance": "Romantika",
  "fantasy": "Fantazie",
  "mystery": "Tajemství",
  "war": "Válka",
  "biography": "Životopis",
  "history": "Historie",
  "clearHistory_GT": "Vymazat historii",
  "comedy": "Komedi",
  "horror": "Horror",
  "sport": "Sport",
  "music": "Hudba",
  "animation": "Animace",
  "musical": "Hudební",
  "noMoviesFoundForThisSearch": "Nebyly nalezeny žádné odpovídající tituly.",
  "youtubeCatalogue": "Katalog YouTube",
  "installExtensionForEnhancedFeatures": "Tip: Nainstalujte si rozšíření pro získání vylepšených funkcí při sledování Netflixu a YouTube.",
  "weCreatedYTCatalogue": "Vytvořili jsme tento katalog, abychom vám pomohli najít skvělé kanály pro učení jazyků.",
  "errorLoadingData": "Nepodařilo se načíst data.",
  "search": "Hledat",
  "subscribers_colon": "Odběratelé:",
  "withSubtitles_colon": "S titulky:",
  "score_colon": "Skóre:",
  "installExtensionForBetterExperience": "Nainstalujte si naši rozšíření pro prohlížeč pro lepší zážitek.",
  "translationSameAsSource_text_text": "Jazyk překladu (<text>) je stejný jako jazyk zdroje (<text>). Zvažte změnu jazyka překladu v nastavení.",
  "translationNotSupported_text_text": "Překlad z <text> do <text> zatím není k dispozici.",
  "selectDifferentTranslationLanguage": "Vyberte jiný jazyk překladu.",
  "nextVideo": "Další video",
  "prevVideo": "Předchozí video",
  "smallVideo": "Malé video",
  "bigVideo": "Velké video",
  "showTranslation": "Zobrazit překlad (pokud je k dispozici)",
  "watchingVideos": "Sledování videí:",
  "afterInstallingAdditionalFeatures": "Naše rozšíření pro prohlížeč přidává nástroje pro učení jazyků na webové stránky Netflix a YouTube.",
  "whatToWatch": "Co sledovat",
  "weCreatedNetflixAndYoutubeCatalogue": "Abychom vám pomohli najít videa, vytvořili jsme katalog pro Netflix a YouTube. Můžete otevřít tento katalog v menu na levé straně této stránky.",
  "alreadyOpenPleaseReload": "Pokud již máte otevřený Netflix nebo YouTube, prosím, znovu načtěte okno.",
  "clickToOpenSettings": "Klikněte zde pro otevření nastavení.",
  "clickEnableExtraFeatures": "Klikněte zde pro aktivaci nebo deaktivaci dalších funkcí.",
  "formerlyCalled": "(dříve nazýváno „Language Learning with Netflix“)",
  "startInstallExtension": "Nainstalujte si naši rozšíření prohlížeče, abyste mohli začít.",
  "saveAndReview": "Uložit a zkontrolovat",
  "reviewWordsAndPhrases": "Můžete si procvičit uložená slova a fráze a naučit se novou slovní zásobu.",
  "underActiveDevelopment": "Tento projekt je v aktivním vývoji. Chcete-li navrhnout funkci nebo nahlásit problém, navštivte prosím naše fórum.",
  "writeToUs": "Prosím, napište nám pro další dotazy.",
  "setupComplete": "Nastavení dokončeno",
  "clickWordDictionary": "Klikněte na slovo pro jeho definici. Pravým tlačítkem klikněte pro jeho uložení.",
  "autopauseEverySubtitle": "Automaticky pozastavit po každém titulku.",
  "machineAndHumanTranslations": "V nastavení si můžete vybrat mezi dvěma typy překladů: strojovým a lidským. Strojové překlady jsou velmi doslovné a pomáhají vám pochopit strukturu vět v jazyce, který se učíte. Mohou však obsahovat chyby. Lidské překlady jsou obvykle užitečné, protože správně překládají výrazy a idiomy.",
  "keyboardKeys": "Ovládejte přehrávání pomocí klávesových zkratek:",
  "aKey": "Předchozí titulky",
  "sKey": "Zopakovat titulky",
  "dKey": "Další titulek",
  "spaceKey": "Přehrát/Pozastavit",
  "settingsForMoreShortcuts": "Najděte další zkratky v nastavení.",
  "weCreatedNetflixCatalogue": "Vytvořili jsme speciální katalog, který vám pomůže najít tituly na Netflixu s kvalitními titulky v jazyce, který studujete.",
  "youtubeHasAnyTopic": "YouTube má obsah na jakékoli téma ve všech hlavních jazycích, i když může ve výchozím nastavení filtrovat zahraniční obsah.",
  "pageNotFound": "Stránka nebyla nalezena.",
  "videosNoLongerAvailable": "Některé z uvedených videí nemusí být ve vaší zemi již dostupné.",
  "votes_text": "<text> hlasů",
  "countries_text": "<text> zemí",
  "watch": "Sledovat",
  "tryAgain": "Zkuste to znovu",
  "videoUnavailablePleaseContinue": "Toto video není k dispozici. Pokračujte na další.",
  "nextPage": "Další stránka",
  "prevPage": "Předchozí stránka",
  "videos": "Videa",
  "selectPlaylist": "Prosím vyberte si seznam skladeb.",
  "flashcardTooltipProposal": "Počet nových položek, které vstupují do studijního cyklu v této relaci",
  "flashcardTooltipExposure": "Počet položek k přezkoumání v této relaci",
  "flashcardTooltipTest": "Počet položek pro kvíz v této relaci",
  "flashcardExposureTooltip": "Karty s příklady ukazují různé příkladové věty s uloženými slovy, aby vám pomohly pochopit jejich různé použití.",
  "flashcardExposure": "Expozice",
  "flashcardTestTooltip": "Testovací karty hodnotí vaše znalosti slov a vět",
  "flashcardTest": "Test",
  "lastPracticed_text": "Naposledy cvičeno: <text>",
  "itemsDueForPractice_text": "<text> položek k procvičení.",
  "startPractice": "Začít cvičení",
  "betterWaitTillTomorrow": "Je lepší počkat do zítra na další cvičební sezení.",
  "practiceMore": "Pokračujte v procvičování",
  "savedWordsAppearHere": "Tip: Když uložíte slova a fráze, objeví se zde, když je budete potřebovat procvičit.",
  "showAnswer": "Zobrazit odpověď",
  "fail": "Nesprávně",
  "hard": "Obtížné",
  "easy": "Snadné",
  "success": "Správně",
  "ok": "OK",
  "extraButtonsSearchBar": "Použijte tyto tlačítka vedle vyhledávacího panelu YouTube:",
  "leftTranslateRightSearch": "Levý tlačítko překládá váš vyhledávací text. Pravý tlačítko hledá videa se titulky.",
  "youtubeInterfaceLanguageMoreVideos": "Můžete změnit jazyk rozhraní YouTube na jazyk, který se učíte. YouTube vám pak zobrazí více videí v tomto jazyce.",
  "howToChangeYoutubeInterfaceLanguage": "Jak změnit jazyk rozhraní YouTube",
  "clickButtonTopRight": "Klikněte na tlačítko v pravém horním rohu:",
  "lookForLanguageSetting": "Najděte nastavení jazyka:",
  "whenChangeMoreResults": "Změna jazyka zobrazí více výsledků ve vašem cílovém jazyce.",
  "onlyDesktopCheckBack": "Language Reactor je v současnosti dostupný pouze na desktopových počítačích. Prosím, vraťte se brzy!",
  "open": "Otevřít",
  "word": "Slovo",
  "phrase": "Fráze",
  "translation": "Překlad",
  "context": "Kontext",
  "source": "Zdroj",
  "actions": "Akce",
  "accountInformation": "Účet",
  "quickSettings": "Rychlá nastavení",
  "fullSettings": "Nastavení",
  "gettingStarted": "Začněte",
  "exportHelp": "Příručka pro export",
  "studyTips": "Tipy pro studium",
  "howToImportWebpage": "Importujte webovou stránku",
  "importWithRightClick": "Můžete importovat webovou stránku do Language Reactor pomocí nabídky pravého tlačítka.",
  "extensionInstalledForThisFeature": "Pro tuto funkci je vyžadována instalace rozšíření prohlížeče.",
  "importText": "Importovat text",
  "goToReaderMode": "Přepnout na režim čtení",
  "edit": "UPRAVIT",
  "read": "ČÍST",
  "posADJ_UD": "Příd.",
  "posADP_UD": "Zkr.",
  "posADV_UD": "Pokročilý",
  "posAUX_UD": "Aux.",
  "posNOU_UD": "Podstatné jméno",
  "posPRO_UD": "Zájmeno",
  "posVER_UD": "Sloveso",
  "posDET_UD": "Det.",
  "posSYM_UD": "Symbol",
  "posINT_UD": "Int.",
  "posCCO_UD": "Koord. spoj.",
  "posPUN_UD": "Punkt.",
  "posNUM_UD": "Číselný",
  "posPAR_UD": "Částice",
  "posSCO_UD": "Sub. Conj.",
  "posX_UD": "Cizí",
  "posCONJ": "Spoj.",
  "posPREP": "Příprava",
  "ok2": "OK",
  "pleaseWait": "Prosím, čekejte...",
  "ohNoPleaseAddPermissionLRLogin": "Prosím, udělte povolení pro rozšíření prohlížeče Language Reactor, aby mohlo fungovat na languagereactor.com a umožnilo úspěšné přihlášení.",
  "recommended$Videos$": "Doporučeno",
  "$videos$WithSubtitles": "S titulky",
  "$videosWith$MostSubscribers": "Nejvíce předplatitelů",
  "sortBy": "Třídit podle",
  "$video$Rating": "Hodnocení",
  "yearReleased": "Rok",
  "type$OfVideo$": "Typ",
  "any$TypeOfVideo$": "Všechny",
  "movies": "Filmy",
  "series": "Série",
  "genres": "Žánry",
  "all$Genres$": "Všechny",
  "goToIMDB": "Zobrazit na IMDB",
  "availableIn": "Dostupné v:",
  "errorLoadingVideo": "Nepodařilo se načíst video",
  "goBack": "Zpět",
  "sorryThisPlaylistIsMissing": "Omlouváme se, tato seznam skladeb nebyla nalezena.",
  "sorryThisVideoIsMissing": "Omlouváme se, toto video není k dispozici.",
  "videoList": "Seznam videí",
  "studyLanguage": "Studijní jazyk",
  "iAmLearning": "Učím se",
  "playAll": "Přehrát vše",
  "bigUpdate": "Nová aktualizace",
  "readMore": "Přečtěte si více",
  "iGotIt": "Rozumím",
  "allWords": "Všechna slova",
  "savedWords": "Uložená slova",
  "savedPhrases": "Uložené fráze",
  "setVocabLevel_short": "Úroveň slovní zásoby",
  "setVocabLevel": "Nastavit úroveň slovní zásoby",
  "changeVocabLevelConfirmation_GT": "Chcete změnit úroveň slovní zásoby z <text> na <text>?",
  "changeStudyLevel": "Změnit úroveň",
  "currentStudyLevel": "Aktuální úroveň slovní zásoby",
  "change": "Změnit",
  "pleaseSelectYourStudyLevelToContinue": "Vyberte si úroveň slovní zásoby, abyste mohli pokračovat",
  "frequency": "Frekvence",
  "alphabetical": "Abecední",
  "LEARNING": "Učení",
  "KNOWN": "Znám",
  "SKIPPED": "Naučte se to ne",
  "SKIPPED_short": "Naučit se ne",
  "knownWords_GT": "Známá slova",
  "tag": "Štítky",
  "errorLoadingList": "Nepodařilo se načíst slova",
  "pleaseSelectLanguageOnTop_GT": "Vyberte jazyk výše",
  "xSelected": "<text> vybráno",
  "setLearningStage": "Nastavit fázi učení",
  "thisWillAffectXItemsAreYouSure": "Toto změní <text> položek. Chcete pokračovat?",
  "yes": "Ano",
  "no": "Ne",
  "removeItems": "Odstranit položky",
  "setTag": "Nastavit štítek",
  "selectAllOrNone": "Vybrat vše / nic",
  "logIn": "Přihlásit se",
  "noItemsFound": "Nebyly nalezeny žádné položky",
  "upgrade": "Předplatit",
  "transliterationsJapanese": "Japonské transliterace",
  "transliterationsVisibility_GT": "Zobrazit transliterace",
  "alwaysShow_GT": "Vždy",
  "hideForKnownWords_GT": "Skrýt pro známá slova",
  "hideForMarkedAndKnownWords_GT": "Skrýt pro označená a známá slova",
  "specialWords_GT": "Speciální slova",
  "specialWords_info_GT": "Jména, místa, čísla atd.",
  "markedWords_GT": "Označená slova",
  "markWord_GT": "Označit slovo",
  "savedWordsMarkingTooltipDesc_GT": "Označená slova si zachovávají svůj stav, když změníte úroveň slovní zásoby. Objeví se s obrysem.",
  "wordStatus_desc_GT": "Status vychází z úrovně slovní zásoby nebo individuálního označení.",
  "wordColors_desc_GT": "Tato nastavení ovlivňují vzhled slov v titulcích a textech. V zobrazení 'Uložené položky' se vždy používá plné zbarvení slov.",
  "suggestedWords_desc_GT": "Nejvíce užitečná slova, která se máte naučit dál.",
  "showKnownWordsInGreen": "Zobrazit známá slova zeleně",
  "showMarkedLearningWordsInOrange_GT": "Zobrazit označená slova k učení v oranžové",
  "showSuggestedWordsInOrange_GT": "Zobrazit navrhovaná slova v oranžové",
  "showRareWordsInGrey_GT": "Ztlumit málo používaná slova",
  "outline_GT": "Obrys",
  "outlineMarkedWordsInText": "Zvýraznit označená slova v textu",
  "showTagsInText": "Zobrazit štítky v textu",
  "showLearningStageButtonsInMiniDictionary": "Zobrazit tlačítka fáze učení při najetí myší",
  "switchLearningStage_GT": "Přepnout mezi známými / učenými slovy",
  "switchTags": "Přepnout štítky",
  "switchLanguage_GT": "Přepnout jazyk",
  "dictionary": "Slovník",
  "speakWordOnClick": "Vyslovte slovo po kliknutí",
  "basicSettings": "Základní nastavení",
  "machineTranslationsAvailable": "K dispozici jsou strojové překlady",
  "belowAreWordsOfIncreasingDifficultyDesc": "Níže jsou uvedena slova s rostoucí obtížností. Klikněte na poslední řádek, kde rozumíte všem slovům (posuňte se dolů, abyste viděli více).",
  "iDontKnowAnyWordsYet": "Teprve začínám.",
  "exampleText": "Příklad textu:",
  "wordColors_GT": "Barvy slov",
  "reset_GT": "Obnovit",
  "newChat_GT": "Nový chat",
  "autoCorrectGrammar_GT": "Automaticky opravit gramatiku",
  "estimatedNumberOfKnownWords": "Odhadovaný počet známých slov",
  "article": "Článek",
  "fullText": "Celý text",
  "textMode": "Text",
  "myText_GT": "Můj text",
  "myTexts_GT": "Moje texty",
  "books_GT": "Knihy",
  "pasteAnyTextYouWishToStudyHere": "Vložte sem text, který se chcete učit",
  "videoFile": "Video soubor",
  "selectVideo": "Vyberte video",
  "selectVideoFile": "Vyberte video soubor",
  "selectSubtitles": "Vyberte titulky",
  "subtitlesLanguage": "Jazyk titulků",
  "save": "Uložit",
  "copy": "Kopírovat",
  "copyCurrentSentence": "Zkopírovat aktuální větu",
  "wordNotFound": "Slovo nebylo nalezeno",
  "markWhetherYouKnowThisWordDesc": "Označte, zda znáte toto slovo. Označení slov oranžově (Učení) je přidá k vašim kartičkám.",
  "shortcutRightClick": "Pravý klik",
  "shortcutMiddleClick": "Střední kliknutí",
  "addTagToAWordDesc": "Můžete použít štítky k vytvoření skupin slov. Označená slova lze exportovat samostatně. Štítky mohou být zobrazeny jako barevné podtržení, což lze ovládat v nastavení.",
  "markAsKnown": "Označit jako známé",
  "markAsLearning": "Označit jako učení",
  "markedKnown_GT": "Označeno jako známé",
  "markedToLearn": "Označeno k učení",
  "learningNow": "Učím se nyní",
  "learnt": "Naučeno",
  "learn": "Učit se",
  "remove": "Odstranit",
  "noTag": "Žádná značka",
  "examplesSavedItems": "Příklady: Uložené položky",
  "examplesCurrentText": "Příklady: Aktuální text",
  "examples": "Příklady:",
  "pleaseSignInToUseThisFeature": "Přihlaste se, abyste mohli tuto funkci používat.",
  "pleaseSignInToUseThisFreeFeature": "Přihlaste se, abyste mohli využívat tuto bezplatnou funkci.",
  "soThatWeCanSaveYourProgress": "(abychom mohli uložit váš pokrok)",
  "phrasepumpInfoTooltipShort": "PhrasePump vám pomáhá učit se prostřednictvím vět, kterým byste měli rozumět, čímž zlepšuje slovní zásobu, poslech a gramatiku.",
  "phrasepumpInfoTooltip": "PhrasePump vám ukazuje věty, které byste měli většinou rozumět, což vám pomáhá procvičovat potřebná slova a učit se nová. Rozvíjí slovní zásobu, poslechové dovednosti a znalosti gramatiky.",
  "fumingRiver": "Nechte jazyk proudit vámi jako řeka, která vyhlubuje nové cesty ve vaší mysli.",
  "itemsDueForReview": "položky určené k naléhavé revizi",
  "noCardsToStudy": "Žádné karty k učení.",
  "tryEnablingMoreStudyModes": "Zkuste povolit více studijních režimů.",
  "pleaseMarkMoreItemsOrWait": "Označte více položek k učení nebo počkejte, až budou stávající položky připraveny.",
  "statistics": "Statistiky",
  "xCards": "<text> karet",
  "cards": "Karty",
  "cardsPracticedToday": "Dnešní praxe",
  "showLast": "Zobrazit poslední:",
  "day": "Den",
  "week": "Týden",
  "month": "Měsíc",
  "threeMonths": "3 měsíce",
  "markedToLearnDesc": "Uložená slova a fráze, které jsou stále v řadě k procvičení.",
  "suggestions": "Návrhy",
  "suggestionsDesc": "Po procvičení vašich uložených položek vám PhrasePump může navrhnout nová slova k učení.",
  "suggestionsDesc_noMoreLeft": "Není k dispozici žádný další návrh.",
  "suggestionsDesc_noSuggestionsForLang": "Návrhy nejsou k dispozici pro tento jazyk.",
  "inTheLastXDaysYouStartedToPracticeYItems": "V posledních <text> dnech jste začali cvičit <text> nová slova a fráze „označená k učení“.",
  "inTheLastXDaysYouStartedToPracticeYSuggestedWords": "V posledních <text> dnech jste začali cvičit <text> navrhovaná slova.",
  "youArePracticingXItems": "Aktivně cvičíte <text> slov a frází.",
  "inTheLastXDaysYouHaveLearntYItems": "Za poslední <text> dny jste se naučili <text> slov a frází.",
  "inTheLastXDaysYouHavePracticedYItems": "V posledních <text> dnech jste procvičili <text> slov a frází.",
  "learntDescLearntXItems": "Naučili jste se <text> položek. To jsou slova a fráze, které si pravděpodobně zapamatujete alespoň na šest týdnů.",
  "halflifeDays_GT": "Poločas (dny)",
  "languageSelector": "Výběr jazyka",
  "addLanguage": "Přidat jazyk",
  "dueItems": "Nedokončené položky:",
  "chooseALanguage": "Vyberte jazyk",
  "showContext_GT": "Zobrazit kontext",
  "add": "Přidat",
  "forgot": "Zapomněl(a) jsem",
  "okay": "Ověřit",
  "quizzes": "Kvízy",
  "suggestedWords": "Navrhovaná slova",
  "practice": "Cvičení",
  "thisIsTheFirstTimeYouArePracticingThisItem": "Poprvé cvičíte tento prvek.",
  "quiz": "Kvíz",
  "whatShouldGoInTheGap": "Co má být v mezeře?",
  "useTranslationForHelp": "Zkontrolujte překlad pro pomoc.",
  "suggestedWord": "Navrhované slovo",
  "wouldYouLikeToLearnThisWord": "Chtěli byste se naučit toto nové slovo?",
  "listeningPractice": "Cvičení poslechu",
  "tryToUnderstandBeforeYouRevealTheText": "Snažte se pochopit, než odhalíte text.",
  "newItems": "Nové položky",
  "newWordsTooltip": "Maximální procento karet používaných k prezentaci nových položek (\"Označeno k učení\" a \"Návrhy\"). Snižte toto procento, abyste se více zaměřili na opakování. Když je mnoho položek k revizi, množství nových položek se automaticky sníží.",
  "sessionSize": "Velikost sezení",
  "sessionSizeTooltip": "Počet karet na cvičení:",
  "reveal": "Zobrazit odpověď",
  "savePhrase": "Uložit frázi",
  "learningStage": "Fáze učení",
  "savingWords": "Jak uložit slova",
  "oldSystem": "Předchozí systém:",
  "newSystem": "Aktuální systém:",
  "greenKnownOrSuggestedWords": "Bílá: Známá a navrhovaná slova",
  "orangeMarkedWords": "Oranžová: Slova označená k učení",
  "dictStageTagsPickerDesc": "Zde můžete označit, zda znáte slovo (bílé), učíte se ho (oranžové) nebo ho chcete přeskočit (šedé). Můžete také přidat štítky, které se zobrazí jako barevné podtržení.",
  "exportFromLanguageReactor": "Exportovat z Language Reactor...",
  "viewAll": "Zobrazit vše",
  "wordViewNotSupported": "Tato funkce není v současnosti pro tento jazyk podporována.",
  "green": "zelená",
  "yellow": "žlutá",
  "red": "červená",
  "blue": "modrá",
  "lastSaved": "Naposledy uloženo",
  "rank": "pořadí",
  "wordList": "Seznam slov",
  "up1": "Dříve jste ukládali slova pomocí barev (červená, zelená, žlutá, modrá). Tato funkce je nyní k dispozici pod názvem \"tagy\" a zobrazuje se jako podtržení. Chování pravého kliknutí lze přizpůsobit v nastavení.",
  "up2": "V této aktualizaci může Language Reactor nyní sledovat slova, která znáte, a pro slova, která neznáte, navrhuje, zda byste se je měli naučit, nebo ne. To umožňuje softwaru vykonávat užitečné úkoly. Funguje pro přibližně 40 jazyků.",
  "up3": "BÍLÁ slova jsou ta, která znáte nebo na která byste se měli zaměřit.",
  "up4": "ORANŽOVÁ slova jsou označena pro učení.",
  "up5": "ŠEDÁ slova jsou méně běžná a můžete je nechat na později.",
  "up6": "Tyto kategorie nazýváme „Fáze učení“.",
  "up7": "Rychle nastavte velikost svého slovníku v nastavení slovníku místo toho, abyste jednotlivě označovali slova.",
  "up8": "Chcete-li aktualizovat svá stávající slova s barevným kódováním:",
  "up9": "1. Otevřete kartu \"Uložené položky\"",
  "up10": "2. Klikněte na \"Uložená slova\"",
  "up11": "3. Vyberte barvu štítku",
  "up12": "4. Použijte zaškrtávací políčko \"vybrat vše\".",
  "up13": "5. Vyberte 'Fázi učení'",
  "up14": "Zvažte možnost deaktivovat barevné podtržení v nastavení, abyste snížili vizuální nepořádek.",
  "up15": "Systém barev je volitelný - můžete v nastavení deaktivovat zbarvení slov podle stavu učení:",
  "clickToReadMore": "Klikněte pro více informací",
  "layout_GT": "Rozložení",
  "videoSize_GT": "Velikost videa",
  "youAreLearning_GT": "Studijní jazyk",
  "start_screen": "Začít",
  "theTextSeemsToBeIn_lang_GT": "Tento text se zdá být v <text>.",
  "changeSourceLanguageTo_lang_GT": "Přejít na <text>?",
  "clearAllHistoryConfirmation_GT": "Opravdu chcete smazat veškerou historii <text>?",
  "chatHomescreenText_1_GT": "Povídejte si s AI, protože, no, nemáte nikoho lepšího, s kým byste si mohli popovídat?",
  "chatHomescreenText_2_GT": "Udělali jsme to zábavné.",
  "chatPreprompt_label_GT": "Pokyny pro chat:",
  "chatPreprompt_tooltip_GT": "Pokyny zaslané AI před každým chatem",
  "typeTheTextToTranslate_GT": "Zadejte text k překladu",
  "showMiniDictionary_GT": "Zobrazit mini slovník",
  "yourMessage_GT": "Vaše zpráva",
  "other_GT": "Další možnosti",
  "pressAndHoldToRecordVoice_GT": "Držte pro nahrávání",
  "recording_GT": "Nahrávání...",
  "switchBetweenShortcutsAndInputMode_GT": "Přepnout mezi klávesovými zkratkami a režimem zadávání",
  "pressTabToswitchBetweenShortcutsAndInputMode_GT": "Stiskněte [ESC], abyste přepnuli mezi klávesovými zkratkami a režimem zadávání",
  "preferredAudioSource_GT": "Preferovaný zdroj zvuku",
  "originalAudioWhenAvailable_GT": "Originální audio (pokud je k dispozici)",
  "computerAudioTTS_GT": "Převod textu na řeč",
  "include_GT": "Zahrnout",
  "noItemsForThisLanguage_GT": "V tomto jazyce nejsou žádné položky",
  "startReading_GT": "Začněte číst",
  "numberOfPages_GT": "Počet stran",
  "nextDocument_GT": "Další dokument",
  "prevDocument_GT": "Předchozí dokument",
  "noVerticalView_GT": "Žádný vertikální pohled",
  "playbackRate_GT": "Rychlost přehrávání",
  "numPages_GT": "<text> stránek",
  "chapters_GT": "Kapitoly",
  "book_GT": "Kniha",
  "audioTrack_GT": "Zvuková stopa",
  "simplifiedVersion_GT": "Zjednodušená verze",
  "dubbedAudio_GT": "Nahraná audio stopa",
  "dubbedAudioDesc_GT": "Toto video bylo původně v jiném jazyce. Použijte rozpoznávání řeči pro titulky, které odpovídají zvuku.",
  "rewindForward5s_GT": "Přeskočit o 5s",
  "rewindBack5s_GT": "Vrátit 5s",
  "readTheForumPost_GT": "Přečtěte si příspěvek na fóru",
  "youtubeChannels_GT": "YouTube kanály",
  "channels_GT": "Kanály",
  "thisFeatureIsUnderDevelopmentWillBeImprovedSoon_GT": "Tato funkce je v současné době ve vývoji a brzy bude vylepšena.",
  "loadingAudio_GT": "Načítání audia...",
  "media_GT": "Média",
  "useOurDesktopBrowserExtension_GT": "Použijte naši rozšíření pro prohlížeč na desktopu při sledování těchto videí pro další funkce.",
  "holdDictButtonToRecordVoice_GT": "Držte tlačítko slovníku, abyste nahráli svůj hlas",
  "showDictRecord_GT": "Slovník / Nahrát",
  "text_GT": "Text",
  "words_GT": "Slova",
  "viewLessFrequentWordsLink_GT": "Zobrazit méně běžná slova na stránce Označená slova",
  "newText_GT": "Nový text",
  "untitledText_GT": "Nespecifikovaný text",
  "title_GT": "Název:",
  "pleaseEnterSomeText_GT": "Zadejte text pro pokračování",
  "saving_GT": "Ukládání...",
  "theTextSeemsToBeIn_lang_whileYourLangIs_GT": "Text se zdá být v <text>, zatímco vaše aktuální studijní jazyk je <text>.",
  "hideSubtitle_GT": "Skrýt titulky",
  "translationThenSubtitle_GT": "Nejprve překlad, poté titulky",
  "subtitleThenTranslation_GT": "Nejprve titulky, poté překlad",
  "vocabLevel_GT": "Úroveň slovní zásoby:",
  "selection_GT": "Výběr",
  "preview_GT": "Náhled",
  "noTextWasSelected_GT": "Žádný text nebyl vybrán",
  "nViews_GT": "<text> zhlédnutí",
  "viewCount_GT": "Zobrazení",
  "date_GT": "Datum",
  "areYouTheOwnerYoutube_GT": "Jste vlastníkem tohoto kanálu na YouTube?",
  "nVideos_GT": "<text> videí",
  "clearFilters_GT": "Vymazat filtry",
  "recommendedChannels_GT": "Doporučeno",
  "popularChannels_GT": "Oblíbené",
  "allChannels_GT": "Všechny kanály",
  "channel_GT": "Kanál",
  "lexaAiAssistantPrompts_placeholder_example_GT": "Vysvětlení: Prosím, vysvětlete použití slova <WORD> v této větě: <CONTEXT>\nPříklady: Prosím, uveďte další příklady se slovem <WORD> tak, jak je použito v této větě: <CONTEXT>",
  "updateHistory_GT": "Historie aktualizací",
  "recentAppUpdates_GT": "Nedávné aktualizace",
  "moreInfo_GT": "Více informací",
  "continue_GT": "Pokračovat",
  "podcasts_GT": "Podcasty",
  "allPodcasts_GT": "Všechny podcasty",
  "podcast_GT": "Podcast",
  "hidden_GT": "Skryto",
  "lexaAiAssistant_GT": "Lexa AI Asistent",
  "lexaAiAssistantInfo_GT": "Lexa může odpovědět na otázky ohledně slov a vět v materiálu, který studujete.\n\nMůžete upravit výzvy (otázky) v nastavení Language Reactor.\n\nPro režim používá inteligentnější model, který může poskytnout lepší odpovědi.",
  "lexaAiAssistantPrompts_GT": "Návody pro asistenta AI Lexa",
  "lexaAiAssistantPrompts_tooltip_GT": "Můžete upravit tyto výzvy (otázky), ale musíte dodržovat následující formát:\n\n[Název karty]: [Výzva]\n[Název karty]: [Výzva]\netc.\n\n[Výzva] může obsahovat speciální zástupce <WORD> a <CONTEXT>.\n\nPři psaní výzvy můžete použít jakýkoli jazyk. Když bude otázka odeslána Lexe, tento text bude přidán na začátek: Odpovězte na otázky pro studenta, který se učí [jazyk studia]. Napište svou odpověď v [jazyk překladu].",
  "hold_GT": "Držte",
  "invalidFormat_GT": "Neplatný formát",
  "howToUseTouch_GT": "Průvodce ovládáním dotykem",
  "removeThisMessageAndFollowingOnes_GT": "Odstranit tuto a následující zprávy",
  "install_GT": "Nainstalovat",
  "refresh_GT": "Obnovit",
  "lexaAiAssistantPrompts_tooltip_intro_GT": "Lexa se zobrazuje nad slovníkem, když kliknete na slovo",
  "homepage_blurb": "🚀 Nástroj pro objevování, porozumění a učení s autentickými materiály. ✨ Zažijte imerzivní přístup, který není jen efektivní, ale také vzrušující 🔥",
  "homepage_formerly_lln": "Dříve známý jako Language Learning with Netflix",
  "homepage_cardBodyNetflix": "Rozšíření prohlížeče promění vaše oblíbené pořady na jazykové lekce. Pro režim aktivuje rozpoznávání řeči a strojový překlad pro bezproblémové porozumění. 🌍",
  "homepage_cardBodyYoutube": "Tisíce YouTube kanálů na jakékoli téma, které si dokážete představit. Rozvíjejte své porozumění s autentickým jazykem v kontextu. Prozkoumejte naši pečlivě vybranou kolekci. 🎧",
  "homepage_cardBodyFSI": "Vyzkoušejte se s osvědčenými vládními tréninkovými programy. Sledujte strukturované mluvní cvičení a úkoly, které budují skutečnou plynulost. 💪 Zesilte tyto klasické metody moderními nástroji Language Reactor.",
  "homepage_cardTitleWhatToLearn": "Co se naučit",
  "homepage_cardBodyWhatToLearn": "Učte se chytře, ne tvrdě! 🏃‍♂️ Language Reactor vám navrhuje základní slova pro vaši cestu učením, což vám pomáhá soustředit se na to nejdůležitější.",
  "homepage_cardBodyPhrasePump": "PhrasePump je především cvičením poslechu. 🎧 Vybrané věty posilují uložená slova, která je třeba zopakovat, a zavádějí novou slovní zásobu. Skvělé pro začátečníky i pokročilé.",
  "homepage_cardBodyAria": "Seznamte se s Ariou: Vaší pohotovou jazykovou partnerkou. Je částečně lektorkou, částečně komičkou a vždy připravena s vtipnou odpovědí. 💬 Získejte okamžité opravy, prozkoumávejte nekonečná témata a budujte si sebevědomí vlastním tempem. 💡",
  "homepage_cardTitleProMode": "Pro režim - Volitelný",
  "homepage_cardBodyProMode": "Language Reactor již obsahuje skvělé bezplatné funkce. Pro režim přidává do vašeho zážitku trochu kouzla. ✨",
  "homepage_cardTitleBooksAndWebsites": "Knihy a webové stránky",
  "homepage_cardBodyBooksAndWebsite": "Importujte jakoukoli webovou stránku do Language Reactor nebo nahrajte své oblíbené knihy. Poslouchejte s text-to-speech. 🎯",
  "clickHereToUseKeyboardControls": "Klikněte zde pro použití klávesových zkratek",
  "uiLanguage_GT": "Jazyk uživatelského rozhraní",
  "videoFileIntro_GT": "Můžete nahrát video soubor a soubor titulků (SRT) a my pro vás vytvoříme překlad. V současnosti tato funkce funguje pouze s video formáty, které váš prohlížeč podporuje.",
  "powerfulToolbox": "Language Reactor je mocný nástroj pro učení jazyků.",
  "discoverUnderstandLearn": "Pomáhá vám objevovat, chápat a učit se z materiálů v původním jazyce.",
  "effectiveInterestingEnjoyable": "Studium se stane efektivnějším, zajímavějším a příjemnějším.",
  "extensionAddsNetflixFeatures": "Rozšíření přidává dvou jazykové titulky, vyskakovací slovník, přesné ovládání přehrávání videa a mnoho dalších funkcí při sledování filmů a seriálů na webu Netflix.",
  "thousandsOfChannels": "Tisíce kanálů, které můžete sledovat na jakékoli téma, které si dokážete představit. Rozvíjejte své porozumění s autentickým jazykem v kontextu.",
  "booksAndWebsites": "Knihy a webové stránky",
  "importTextTranslationTTS": "Importujte text, Language Reactor přidá strojový překlad do vašeho jazyka a přečte text s velmi realistickou syntézou řeči. (brzy bude k dispozici)",
  "intelligentFeeding": "Automatizované, inteligentní poskytování jazykového obsahu. Stačí vybrat svou jazykovou úroveň a užít si to.",
  "whatToLearn": "Co se naučit",
  "suggestVocab": "Language Reactor vám může navrhnout, na jaké slovní zásobě se zaměřit a co vynechat, abyste mohli urychlit svůj pokrok.",
  "highlightWhenAppear": "Uložte si slova, která se chcete naučit, budou zvýrazněna, kdykoli se objeví.",
  "homepage_sectionTitleLearn": "Učte se z toho, co máte rádi",
  "homepage_sectionSubtitleLearn": "Language Reactor vám pomůže najít obsah podle vaší úrovně a zájmů",
  "homepage_cardTitleYoutube": "YouTube a podcasty",
  "homepage_sectionTitleSuperpowers": "Jazykové Superpowers",
  "homepage_sectionSubtitleSuperpowers": "Udělejte jakýkoli obsah srozumitelným",
  "homepage_cardTitleBilingualSubs": "Dvojjazyčné titulky",
  "homepage_cardBodyBilingualSubs": "Nalaďte své ucho na přirozenou řeč, zatímco vidíte oba jazyky. Objevte, jak se významy propojují.",
  "homepage_cardTitlePlayback": "Přesné ovládání přehrávání",
  "homepage_cardBodyPlayback": "⚡ Pozastavte čas. Ovládejte rychlost přehrávání. 🎮 Navigujte videa pomocí klávesových zkratek a gest. Automatické pozastavení po každém titulku, dokud nepokračujete. 🖱️",
  "homepage_cardTitleDictionary": "Slovník & Lexa AI",
  "homepage_cardBodyDictionary": "🔍 Klikněte na jakékoli slovo pro okamžitý překlad. Autentické ukázkové věty s přiloženým zvukovým záznamem. 🎧 Kontextová vysvětlení použití slov s pomocí umělé inteligence. 🌱 Přizpůsobte si zobrazení dalších informací!",
  "homepage_sectionSubtitleMaster": "Kompletní nástroj pro slovní zásobu",
  "homepage_cardTitleSmartHighlighting": "Chytré zvýraznění",
  "homepage_cardBodySmartHighlighting": "Uložte slovo jednou a uvidíte ho všude—ve všech jeho formách. Language Reactor rozpoznává množná čísla, časování sloves a související formy. Přirozeně posilujte své učení napříč veškerým obsahem.",
  "homepage_cardTitleExportAnki": "Exportovat do Anki",
  "homepage_cardBodyExportAnki": "Už používáte Anki? 📤 Exportujte krásné flashcards do Anki se snímky obrazovky a zvukovými klipy.",
  "homepage_sectionTitlePractice": "Praxe dělá mistra",
  "homepage_sectionSubtitlePractice": "Převádějte své učení z pasivního na aktivní",
  "homepage_cardBodyPhoneTablet": "Language Reactor funguje také na vašem telefonu a tabletu. Neustále provádíme vylepšení.",
  "homepage_cardTitlePhoneTablet": "Telefon a tablet",
  "homepage_sectionTitleMaster": "Ovládněte každé slovo a frázi",
  "homepage_cardTitleExtension": "Prohlížečová rozšíření",
  "homepage_cardBodyExtension": "Na stolních počítačích si nainstalujte rozšíření prohlížeče, které vám umožní používat funkce Language Reactor při sledování videí na stránkách Netflix a YouTube a importovat webové stránky!",
  "pleaseRefreshAfterChanges": "Prosím, obnovte po změnách:",
  "pdfsInThisCourseOnlyOnDesktop": "PDF soubory v tomto kurzu lze zobrazit pouze na počítači.",
  "noAudioFiles": "Žádné zvukové soubory",
  "proFeatures_intro": "Objevte plný potenciál svého studia jazyků s funkcemi Language Reactor Pro! 🚀📚",
  "proFeatures_netflixTitle": "Rozpoznávání řeči a strojový překlad (Netflix)",
  "proFeatures_netflixFree": "Použijte titulky poskytované službou Netflix. 🍿",
  "proFeatures_netflixPro": "🎤 Využijte rozpoznávání řeči pro všechny zvukové stopy. Přesné titulky pro dabované audio ve vašich oblíbených seriálech! 🎬 Strojové překlady jsou doslovnější pro lepší porozumění původnímu materiálu. 🌍",
  "proFeatures_saveWordsTitle": "Uložit slova a fráze",
  "proFeatures_saveWordsFree": "Ukládejte si slova a fráze při používání funkce PhrasePump. 📝",
  "proFeatures_saveWordsPro": "Ukládejte si slova a fráze napříč všemi funkcemi Language Reactor. Přizpůsobte si učení podle svých zájmů a mezer ve slovní zásobě. Označená slova jsou zvýrazněna ve všech funkcích Language Reactor a můžete si je exportovat do Anki! 📈✨",
  "proFeatures_lexaTitle": "Slovník Lexa AI",
  "proFeatures_lexaFree": "Získejte vysvětlení pomocí základního jazykového asistenta. 🤖",
  "proFeatures_lexaPro": "Využijte výhod vylepšeného modelu umělé inteligence s širšími znalostmi, který dokáže efektivně odpovídat na složitější dotazy! 🧠🌐",
  "proFeatures_supportTitle": "Podpořte vývojáře",
  "proFeatures_supportDetails": "Díky Vaší podpoře můžeme nadále vylepšovat Language Reactor a přinášet Vám nové funkce! ❤️",
  "youCanSubscribeAgainAfterTheEndOfThisPeriod": "Na konci tohoto období se můžete znovu přihlásit k předplatnému.",
  "tipHoldTheDictionaryButtonToRecordVoice": "Tip: Pro hlasové zadání podržte tlačítko slovníku",
  "sentenceOrTextSource": "Zdroj",
  "homepage_cardTitleLanguageSupport": "🌍 Podpora mnoha jazyků",
  "homepage_cardBodyLanguageSupport": "Učte se z obsahu ve více než 40 jazycích. 🔤 Prohlížejte si transkripce pro jazyky s odlišnými písemnými systémy. 👀 Skryjte titulky, dokud nad nimi nepřejedete myší – ideální pro zdokonalení poslechových dovedností.",
  "additional15DiscountUntil5thJanuary2025": "Dodatečná sleva 15 % do 5. ledna 2025. Při platbě použijte slevový kód 'turtle'. 🎅",
  "includeDubbedAudioNF": "Zahrnout dabovaný zvuk",
  "phrasepumpNeedsImprovementForLang": "PhrasePump potřebuje vylepšit pro jazyk:",
  "addToHomeScreen": "Přidat na plochu",
  "textToSpeechVoiceNotAvailableForThisLangError": "Hlasový výstup není pro tento jazyk k dispozici. Zkuste nainstalovat další jazykové balíčky pro váš systém (pokud jsou dostupné).",
  "textToSpeechInSafariNotGreatTryEdgeOrChrome": "Převod textu na řeč v prohlížeči Safari není ideální. Pro lepší kvalitu hlasu zkuste nainstalovat Microsoft Edge nebo Chrome.",
  "dueForReview": "K opakování",
  "signInWithGoogle": "Přihlásit se přes Google",
  "allServersRunningNormally": "Všechny servery fungují normálně.",
  "clearHistory": "Vymazat",
  "copiedText": "Zkopírováno:",
  "loadingText": "Načítání textu...",
  "installChromeExtension": "Nainstalovat rozšíření Chrome",
  "itemsRemoved": "Položky odstraněny",
  "removingItemsFailed": "Odstranění položek se nezdařilo.",
  "itemsUpdated": "Položky aktualizovány",
  "autopauseNotAvailableOnYoutube": "Automatické pozastavení není na YouTube k dispozici.",
  "sideBySideLayout": "Vedle sebe",
  "overAndUnderLayout": "Nad a pod",
  "youAlsoHaveItemsInOtherLanguages": "Máte také uložené položky v jiných jazycích. Pro jejich zobrazení přepněte jazyk v nastavení.",
  "otherLanguages": "Další jazyky",
  "paymentsAreCurrentlyNotSupportedInYourCountry": "Platby momentálně nejsou podporovány v tomto státě.",
  "titles_header": "Názvy",
  "sources_header": "Zdroje",
  "holdTheButtonToRecord": "Podržte tlačítko pro nahrávání",
  "noOption": "Žádná možnost",
  "learningResources": "Materiály",
  "deleteMyData": "Smazat moje údaje",
  "deleteMyData_confirmationMessage": "Toto nevratně smaže všechna vaše nastavení, uložené položky, historii cvičení, uložená média a texty. Jste si jisti?",
  "advancedActions": "Pokročilé akce",
  "successDone": "Úspěch!",
  "qKey": "Přepnout automatické pozastavení",
  "rKey": "Uložit aktuální titulky",
  "copyKey": "Kopírovat aktuální větu",
  "unknownRank": "Neznámá frekvence",
  "mostFrequentWord": "nejčastější slovo",
  "studyStore_errorSavingCardStats": "Chyba při ukládání statistik karty.",
  "studyStore_errorSavingCardRating": "Chyba při ukládání hodnocení karty.",
  "studyStore_loginNoLongerValid": "Přihlášení již není platné, obnovte prosím tuto stránku.",
  "studyStore_tooltip_extraPracticeSentence": "Tato věta se nezobrazuje kvůli konkrétnímu uloženému slovu. Jedná se o dodatečné cvičení pro zlepšení vašich poslechových a gramatických znalostí.",
  "studyStore_tooltip_savedInYoutube": "Uloženo z videa na YouTube: ",
  "studyStore_tooltip_savedInNetflix": "Uloženo z videa na Netflixu: ",
  "studyStore_extraPracticeIndicator": "[další cvičení]",
  "studyStore_errorLoadFlashcardMetadataFailed": "Načtení metadat kartiček se nezdařilo.",
  "studyStore_errorLoadPracticeItemsFailed": "Načítání cvičení se nezdařilo.",
  "studyStore_errorLoadAudioFailed": "Načtení zvuku se nezdařilo.",
  "studyStore_errorGettingAudio": "Chyba při načítání zvuku: ",
  "savedItemsStore_errorTooManyItems": "Máte příliš mnoho položek",
  "savedItemsStore_errorSavingItem": "Chyba při ukládání položky.",
  "savedItemsStore_errorUpdatingItemsFailed": "Aktualizace položek se nezdařila.",
  "savedItemsStore_errorFailedToRemoveItem": "Položku se nepodařilo odstranit.",
  "savedItemsStore_devError_itemNotFoundForSetStudied": "Uložená položka neexistuje: ",
  "mediaStore_errorFailedToGetPlaylistInfo": "Nepodařilo se získat informace o playlistu.",
  "mediaStore_errorFailedToGetDocumentInfo": "Nepodařilo se získat informace o dokumentu.",
  "mediaStore_errorDocNotFoundInPlaylist": "Dokument nebyl v playlistu nalezen.",
  "userDataStore_errorFailedToSaveUserData": "Nepodařilo se aktualizovat uložená nastavení.",
  "userDataStore_errorUpdatingSavedItemKeys": "Nelze načíst klíče uložených položek.",
  "chatStore_errorNannyRefusedMessage": "Chatovací služba nemohla zpracovat vaši zprávu, zkuste ji prosím přeformulovat.",
  "chatStore_errorQuotaExceededPro": "Překročili jste denní limit chatu, zkuste to prosím znovu zítra.",
  "chatStore_errorAsrFailed": "Nepodařilo se zpracovat vaši zprávu, zkuste to prosím znovu.",
  "chatStore_errorGettingChatMessages": "Chyba při načítání zpráv chatu.",
  "chatStore_errorQuotaExceededMachine": "Překročen limit chatu. Zkontrolujte prosím své předplatné nebo to zkuste později.",
  "chatStore_errorQueueFull": "Omlouváme se, servery jsou momentálně plně vytížené, pracujeme na řešení.",
  "chatStore_infoProUsersPriorityAccess": "Pro uživatelé mají přednostní přístup.",
  "chatStore_errorLoadingConversationLangMismatch": "Chyba při načítání konverzace: Nesoulad jazykových nastavení.",
  "chatStore_placeholderEnterWordsHere": "[zadejte slova]",
  "notifications_prefixNetworkError": "Chyba sítě, zkontrolujte prosím připojení k WiFi. ",
  "notifications_prefixNotFound": "Chyba: Nenalezeno. ",
  "notifications_prefixBadRequest": "Chyba aplikace, zkuste to prosím později. ",
  "notifications_prefixTokenError": "Chyba přihlášení, přihlaste se prosím znovu. ",
  "notifications_prefixServerError": "Chyba serveru, zkuste to prosím později. ",
  "notifications_prefixNotProUser": "Funkce Pro již nejsou dostupné. ",
  "notifications_prefixRateLimitExceeded": "Překročen limit požadavků. Zkuste to později. ",
  "mediaDocPodcast_errorTimeoutDownloadingAudio": "Vypršel časový limit pro stažení zvuku z URL.",
  "media_errorLoadingMediaTranslations": "Chyba při načítání překladu médií.",
  "media_errorAsrQuotaExceeded": "Překročili jste denní limit pro zpracování zvuku. Zkuste to prosím znovu zítra.",
  "media_errorAsrQueueFull": "Server pro zpracování zvuku je zaneprázdněn. Zkuste to prosím později.",
  "media_errorLoadingAsr": "Chyba při načítání rozpoznávání řeči.",
  "media_errorAsrTooLong": "Automatické rozpoznávání řeči trvá příliš dlouho. Zkuste to prosím později.",
  "media_errorLoadingNlpData": "Chyba při načítání dat NLP.",
  "mediaDocText_errorFetchingPageTranslations": "Chyba při načítání překladů stránky.",
  "mediaDocText_errorFetchingTextInfo": "Chyba při načítání informací o textu.",
  "mediaDocText_errorFetchingPageNlp": "Chyba při načítání stránky NLP.",
  "mediaDocText_errorFetchingPageTts": "Chyba při načítání TTS stránky.",
  "media_errorLoadingMediaMetadata": "Chyba při načítání metadat médií.",
  "media_errorFetchingSubtitlesForVideo": "Chyba při načítání titulků videa.",
  "media_errorAsrNotAvailableForVideo": "Pro toto video není k dispozici automatické rozpoznávání řeči.",
  "media_errorFetchingVideoTranslations": "Chyba při načítání překladu videa."
}