{
  "langCode": "de",
  "appNameTr": "Language Reactor",
  "appName": "Language Reactor",
  "appDesc": "Verbessern Sie Ihre Fähigkeiten effektiv und unterhaltsam, indem Sie Filme und Serien in der Sprache anschauen, die Sie lernen möchten.",
  "catalogue": "Katalog",
  "catalogue_tooltip": "Finden Sie Filme und Serien, die für Language Reactor geeignet sind.",
  "help": "Hilfe",
  "help_tooltip": "Gebrauchsanweisung, Tipps.",
  "feedback": "Feedback geben",
  "feedback_tooltip": "Etwas stimmt nicht? Funktionsanfrage?",
  "facebook": "Facebook",
  "facebook_tooltip": "Liken Sie unsere Seite und sehen Sie die neuesten Nachrichten.",
  "originalLanguage_label": "Originalsprache:",
  "originalLanguage_tooltip": "Die Originalsprache dieses Netflix-Films.",
  "noDictionary_error": "Die Language Reactor-Erweiterung unterstützt das Wörterbuch für <text> noch nicht. Diese Funktion kommt aber bald!",
  "subtitleLanguage_label": "Netflix-Untertitelsprache",
  "subtitleLanguage_tooltip": "Dies ist die Sprache der ausgewählten Netflix-Untertitel.",
  "subtitlesNotLoaded_error": "Netflix-Untertitel wurden nicht geladen. Wurde im Netflix-Wiedergabemenü eine Untertitelsprache ausgewählt?",
  "subtitlesNoMatchAudio_error": "Die ausgewählten Netflix-Untertitel (<text>) stimmen nicht mit dem Audio überein. Setzen Sie die Untertitel im Auswahlmenü auf die Originalsprache des Titels (<text>) oder durchsuchen Sie den Language Reactor-Katalog nach vorgeschlagenen Titeln für die von Ihnen ausgewählte Sprache.",
  "subtitlesNoMatchAudio_ASR_error_GT": "Die <text>-Untertitel stimmen nicht mit der Tonspur überein. Wechseln Sie in den Netflix-Wiedergabeeinstellungen zu den Original-Untertiteln (<text>), oder finden Sie einen passenden Titel für Ihre Zielsprache im Language Reactor-Katalog. Alternativ können Sie die Spracherkennungsspur (ASR) verwenden.",
  "audioNoMatchSubtitles_error": "Die ausgewählte Netflix-Audiospur (<text>) stimmt wahrscheinlich nicht mit den Untertiteln überein. Stellen Sie die ursprüngliche Sprache (<text>) des Titels im Auswahlmenü ein oder suchen Sie im Language Reactor-Katalog nach vorgeschlagenen Titeln für die von Ihnen ausgewählte Sprache.",
  "audioLanguage_label": "Netflix-Audiosprache",
  "audioLanguage_tooltip": "Das ist die Sprache der ausgewählten Netflix-Audiospur.",
  "pleaseSelectSubtitles": "- Wählen Sie Untertitel im Netflix Player aus -",
  "pleaseSelectSubtitlesYoutube": "- Wählen Sie Untertitel im YouTube Player aus -",
  "loadingSubtitles": "- Untertitel werden geladen, bitte warten ... -",
  "loadingTranslations": "Übersetzungen werden geladen ...",
  "firstSubtitleNotReached": "- Erster Untertitel noch nicht erreicht. -",
  "errorApology_OLD": "Language Reactor hat festgestellt, dass ein Fehler aufgetreten ist. Die Entwickler wurden benachrichtigt. Versuchen Sie, die Seite neu zu laden oder versuchen Sie es in 24 Stunden erneut. Entschuldigung für die Unannehmlichkeiten. Überprüfen Sie unsere Facebook-Seite auf Updates. Fehlermeldung: <text>",
  "openClose_tooltip": "Language Reactor öffnen / schließen.",
  "vocabHighlight_label": "Hervorheben von Vokabeln",
  "levelWithNumber": "Stufe <text>: <text> Wörter",
  "levelDisable": "Stufe <text>: deaktivieren",
  "translationLanguage_label": "Übersetzungssprache",
  "translationLanguage_tooltip": "Dies ist die Sprache der Übersetzung(en). Stellen Sie hier Ihre Muttersprache ein.",
  "showMachineTranslation_label": "Maschinelle Übersetzung anzeigen",
  "showMachineTranslation_tooltip": "Zeigen Sie eine maschinelle Übersetzung der Quelluntertitel in Ihrer Sprache an.",
  "showHumanTranslation_label": "Menschliche Übersetzung anzeigen",
  "showHumanTranslation_tooltip": "Zeigen Sie eine menschliche Übersetzung der Quelluntertitel in Ihrer Sprache an, sofern verfügbar.",
  "slowSpeechSegments": "Verlangsamte Sprachsegmente",
  "slowSpeechSegments_tooltip": "Verringern Sie die Wiedergabegeschwindigkeit des Videos, wenn ein Untertitel aktiv ist (0,8x), um das Verständnis zu erleichtern.",
  "keyboardShortcuts": "Tastaturkürzel:",
  "previous": "Vorherige",
  "next": "Nächste",
  "previousSub": "Vorheriger Untertitel",
  "nextSub": "Nächster Untertitel",
  "play": "Abspielen",
  "playPause": "Abspielen/Pause",
  "repeat": "Wiederholen",
  "infiniteRepeat": "Unendliche Wiederholung",
  "alsoUseASD": "Sie können auch A, S, D und die Leertaste verwenden.",
  "autoPause": "Automatische Pause",
  "autoPause_tooltip": "Die Wiedergabe wird am Ende jedes Untertitels automatisch angehalten.",
  "none": "Keine",
  "nms_tip": "Lernen Sie eine Sprache? Probieren Sie unsere neue Erweiterung zum Sprachenlernen mit Netflix aus.",
  "welcomeModal_line1_string": "Sehr geehrte Benutzer,",
  "welcomeModal_line2_string": "Wir haben ein großes Update für die Erweiterung durchgeführt. Viel Spaß mit den neuen Funktionen:",
  "welcomeModal_line3_string": "Untertitel können jetzt über dem Video angezeigt werden.",
  "welcomeModal_line4_string": "Zusätzliches Seitenpanel zum Anzeigen aller Untertitel.",
  "welcomeModal_line5_string": "Bessere Unterstützung für asiatische Sprachen.",
  "proFeatures_line1_string": "Der Profi-Modus bietet zusätzliche Funktionen:",
  "proFeatures_line2_string": "Maschinelle Übersetzungen",
  "proFeatures_tt2_string": "Diese orientieren sich näher an den ursprünglichen Untertiteln und sind hilfreicher für Sprachschüler.",
  "proFeatures_line3_string": "Wörter und Sätze speichern",
  "proFeatures_tt3_string": "Alle gespeicherten Wörter werden in allen Untertiteln hervorgehoben. Dies hilft Ihnen, Ihr Lernsystem zu organisieren. Gespeicherte Wörter und Sätze können nach Anki (Karteikarten-Programm) exportiert werden.",
  "proFeatures_line4_string": "Untertitel für synchronisierte Filme",
  "proFeatures_tt4_string_GT": "Viele Netflix-Serien haben zusätzliche Audiospuren in anderen Sprachen (synchronisierte Fassungen), aber Netflix bietet keine passenden Untertitel für diese Audiospuren an. Language Reactor kann Untertitel aus der Audiospur erstellen, sodass Sie zum Beispiel Deutsch mit Breaking Bad lernen können.",
  "proFeatures_line5_string": "Unterstützen Sie die Entwickler",
  "proFeatures_tt5_string": "Wir arbeiten intensiv daran, die Erweiterung zu verbessern und Ihnen neue Funktionen anzubieten.",
  "price_string": "Der Preis pro Monat beträgt:",
  "welcomeModal_line6_string": "Maschinelle Übersetzung war früher kostenlos, aber es ist ein teurer Dienst. Wir hoffen auf Ihr Verständnis.",
  "useForFree_line_string": "Sie können diese Funktionen eine Woche lang kostenlos nutzen.",
  "useForFree_twoWeeks_line_string": "Sie können diese Funktionen zwei Wochen lang kostenlos nutzen.",
  "useProForFreeTwoWeeks_string": "Sie können die Pro-Funktionen zwei Wochen lang kostenlos nutzen.",
  "notNow_btn_string": "Nicht jetzt",
  "continueWithGoogle_btn_string": "Mit Google-Konto fortfahren",
  "trialBegunModal_body_string": "Profi-Funktionen wurden aktiviert!",
  "ok_btn_string": "OK",
  "prePaymentModal_line1_string": "Abonnieren Sie, um die Pro-Funktionen weiter zu nutzen.",
  "choosePaymentProvider_line_string": "Bitte wählen Sie eine Zahlungsart:",
  "payWithGoogle_btn_string": "Mit Google Pay bezahlen",
  "payWithPaddle_btn_string": "Mit Paddle bezahlen",
  "christmasSale_GT": "20% Rabatt bis zum 1. Januar",
  "youPayEveryMonth_GT": "Monatliche Zahlung:",
  "or_GT": "oder",
  "youPayEvery3Months_GT": "Vierteljährliche Zahlung:",
  "youPayEveryYear_GT": "Jährliche Zahlung:",
  "oneMonth_GT": "1 Monat",
  "threeMonths_GT": "3 Monate",
  "oneYear_GT": "1 Jahr",
  "subscriptionLabel_GT": "Abonnement. Nach der Zahlung können Sie kündigen, wenn Sie keine automatische Verlängerung wünschen.",
  "choose_GT": "Auswählen",
  "paymentSuccessful_line1_string": "Der Bezahlvorgang wurde erfolgreich abgeschlossen! Vielen Dank für die Unterstützung unseres Projekts!",
  "paymentSuccessful_line2_string": "Sie können Ihr Abonnement jederzeit unter \"Einstellungen\" kündigen.",
  "paymentSuccessfulPaddleMessage_line_string": "Hinweis: Wenn Ihre Zahlung manuell überprüft werden muss, warten Sie bitte einige Stunden. Dann sollte der Profi-Modus automatisch aktiviert werden. Wir entschuldigen uns für die Verzögerung!",
  "cancelGoogle_line_string": "Hinweis: Der Profi-Modus bleibt nach Ihrer letzten Zahlung 30 Tage lang aktiv.",
  "cancelSubscription_btn_string": "Abonnement kündigen",
  "problemWithPayment_line1_string": "Bei Ihrer Abonnementzahlung ist ein Problem aufgetreten.",
  "problemWithPayment_line2_string": "Laden Sie dieses Fenster erneut, nachdem Sie Ihre Zahlungsinformationen aktualisiert haben.",
  "updatePayment_btn_string": "Zahlungsinformationen aktualisieren",
  "alreadyUserPleaseSignIn": "Haben Sie bereits ein Konto? Melden Sie sich an",
  "pleaseSignIn": "Bitte melden Sie sich an.",
  "pleaseSignInOrRegister": "Bitte melden Sie sich an oder registrieren Sie sich, um auf zusätzliche Funktionen zuzugreifen",
  "noCreditCardInfoNoChargeAfterTrial": "Keine Kreditkartendaten erforderlich. Ihnen wird nach der Testzeit nichts berechnet, sofern Sie sich dann nicht zum Kauf eines Abonnements entscheiden.",
  "signIn": "Anmelden",
  "signOut": "Abmelden",
  "options": "Optionen",
  "mode": "Modus:",
  "manageSubscription": "Abonnement verwalten",
  "mode_free": "Kostenlos",
  "mode_basic": "Basis-Modus",
  "mode_pro": "Pro",
  "signInStatus": "Anmeldestatus:",
  "signedIn": "Angemeldet",
  "notSignedIn": "Nicht angemeldet",
  "fix": "Reparieren",
  "featureComingSoon": "Demnächst verfügbar",
  "showTransliterations": "Transliterationen anzeigen",
  "noTransliterations": "Keine Transliterationen",
  "romaji": "Original + Romaji",
  "hiragana": "Original + Hiragana",
  "romajiOnly": "Nur Romaji",
  "hiraganaOnly": "Nur Hiragana",
  "withOriginalForm": "Mit Originalform",
  "transliterationsOnly": "Nur Transliterationen",
  "hideTransliterationsForKnownWords_GT": "Umschrift für bekannte Wörter ausblenden",
  "playbackSpeed": "Wiedergabegeschwindigkeit",
  "normal": "Normal",
  "notAvailable": "Nicht verfügbar.",
  "noHTAvailable": "Für die ausgewählte Übersetzungssprache ist keine menschliche Übersetzung verfügbar.",
  "noMTAvailable": "Maschinelle Übersetzungen sind nur für die Originaluntertitel des Films verfügbar.",
  "proFeature": "Premium-Funktion",
  "saveCurrentSubtitle": "Aktuellen Untertitel speichern",
  "toggleAutoPause": "Automatisches Pausieren ein/aus",
  "exportToAnki": "Nach Anki exportieren",
  "pleaseSelectItemsToExport": "Wählen Sie die zu exportierenden Objekte aus:",
  "allItems": "Alle Einträge",
  "download": "Herunterladen",
  "subtitles": "Untertitel",
  "words": "Wörter",
  "savedItems_short": "Gespeicherte...",
  "savedItems": "Gespeicherte Objekte",
  "saved": "Gespeichert",
  "allLanguages": "Alle Sprachen",
  "allTypes": "Alle Typen",
  "yellowWords": "Gelbe Wörter",
  "blueWords": "Blaue Wörter",
  "greenWords": "Grüne Wörter",
  "purpleWords": "Lila Wörter",
  "redWords": "Rote Wörter",
  "phrases": "Sätze",
  "noSavedItems": "Keine gespeicherten Objekte.",
  "clickAStar": "Klicken Sie auf einen Stern, um einen Untertitel zu speichern, oder auf die Farbschaltflächen im Wörterbuch, um ein Wort zu speichern.",
  "loadingDotDotDot": "Wird geladen...",
  "showMore": "Mehr anzeigen",
  "openCloseBottomPanel": "Untere Anzeigetafel öffnen/schließen",
  "openCloseVerticalView": "Vertikale Ansicht öffnen/schließen",
  "close": "Schließen",
  "autoPaused": "AUTOMATISCH PAUSIERT",
  "pressSpaceToContinue": "(Drücken Sie die LEERTASTE, um fortzufahren.)",
  "saveWordTooltip": "Wort speichern. Sie können auch mit der rechten Maustaste auf ein Wort klicken, um es zu speichern.",
  "subscriptionToProFeatures": "Abonnement für Profi-Funktionen.",
  "tryForFree": "Kostenlos ausprobieren",
  "noCreditCardRequired": "Keine Kreditkarte erforderlich.",
  "noCharge": "Wir erheben keine Gebühren während der Testphase und führen kein automatisches Upgrade Ihres Abonnements durch.",
  "subscriptionActive": "Ihr Abonnement ist aktiv.",
  "speedUpPlayback": "Wiedergabe beschleunigen",
  "slowDownPlayback": "Wiedergabe verlangsamen",
  "highlightSavedWords_label": "Gespeicherte Wörter hervorheben",
  "onRightClick_label": "Bei Rechtsklick",
  "onLongPress_label_GT": "Lange drücken",
  "suggestedToKnownWordsRatio_label_GT": "Verhältnis zwischen vorgeschlagenen und bekannten Wörtern",
  "showVV_label": "Untertitelliste anzeigen",
  "showSubsBelowVideo_label": "Untertitel unter dem Video anzeigen",
  "otherPossibleTranslations": "Andere mögliche Übersetzungen",
  "doNothing_option": "Nichts tun",
  "showDict_option": "Wörterbuch anzeigen",
  "showDictSpeak_option": "Wörterbuch anzeigen und Wort aussprechen",
  "speakWord_option": "Wort aussprechen",
  "saveWord_option": "Wort speichern",
  "removeAllItems": "Alle Elemente entfernen",
  "areYouSure": "Möchten Sie wirklich fortfahren?",
  "hideTranslation": "Übersetzung ausblenden",
  "hideTranslation_tt": "Übersetzung ausblenden, wenn das Video abgespielt wird. Klicken Sie auf den Text oder drücken Sie [e], um die Übersetzung anzuzeigen.",
  "littlePracticeEveryDay": "Das Erlernen einer Sprache erfordert tägliche Übung.",
  "enableLln": "Language Reactor aktivieren",
  "doYouLikeOurExtension": "Gefällt Ihnen Language Reactor?",
  "reportBug": "Fehler melden",
  "translationNotFound": "Übersetzung nicht gefunden.",
  "usageExamples": "Anwendungsbeispiele",
  "userDefinedExternalDict_label": "Benutzerdefinierte Wörterbuch-URLs",
  "turnOnOff": "Ein-/Ausschalten",
  "fontSize_label": "Schriftgröße",
  "extraSmall": "Extraklein",
  "small": "Klein",
  "large": "Groß",
  "extraLarge": "Sehr groß",
  "removeSubtitle": "Entfernen",
  "settings": "Einstellungen",
  "subtitleLanguage_label_yt": "YouTube-Untertitelsprache",
  "subtitleLanguage_tooltip_yt": "Dies ist die Sprache der ausgewählten YouTube-Untertitel.",
  "subtitlesNotLoaded_error_yt": "YouTube-Untertitel wurden nicht geladen. Wurde im YouTube-Wiedergabemenü eine Untertitelsprache ausgewählt?",
  "exportAsJson": "Als JSON exportieren",
  "exportAsCsv": "Als CSV exportieren",
  "exportAsExcel": "Als Excel exportieren",
  "overrideArrowKeys_label": "Pfeiltasten überschreiben",
  "overrideArrowKeys_tt": "Die Pfeiltasten der Tastatur verhalten sich wie die Tasten A, S und D",
  "changelist": "Änderungsliste",
  "print": "Drucken",
  "export": "Exportieren",
  "appDescYoutube": "Verbessern Sie Ihre Sprachkenntnisse effektiv und mit Freude durch das Ansehen von Videos in Ihrer Zielsprache.",
  "externalDictsMessage": "Externe Wörterbücher. Sie können das zuletzt verwendete externe Wörterbuch direkt öffnen, indem Sie die Umschalttaste gedrückt halten, während Sie auf ein Wort klicken.",
  "userDefinedExternalDict_tooltip": "Benutzerdefinierte Wörterbücher, die zusammen mit anderen externen Wörterbüchern im Wörterbuch-Popup angezeigt werden (sie werden als U1, U2... bezeichnet). Die URL muss 'WORD' (in Großbuchstaben) enthalten - dies wird automatisch durch das nachgeschlagene Wort ersetzt. Sie können mehrere URLs in separaten Zeilen einfügen.",
  "pleaseLeaveReviewMessage": "Gefällt Ihnen Language Reactor? Unterstützen Sie uns mit einer Bewertung im Chrome Webstore.",
  "writeReview": "Bewertung schreiben",
  "saveSubtitle": "Speichern",
  "translate": "Übersetzen",
  "selectLang": "Sprache auswählen",
  "searchVidsWithSubs": "Suche nach Videos mit Untertiteln (CC)",
  "searchSettings": "Sucheinstellungen",
  "sourceLang": "Ausgangssprache:",
  "chatWithOtherUsers": "Mit anderen Language Reactor-Benutzern chatten",
  "forum": "Forum",
  "tip": "Tipp:",
  "considerChangingYoutubeLanguage": "Um die besten Suchergebnisse zu erzielen, sollten Sie Ihre Sprache in den YouTube-Einstellungen ändern.",
  "seeHow": "So geht's",
  "helloPleaseSelectYourNativeLanguage": "Hallo. Wählen Sie bitte Ihre Muttersprache:",
  "yourNativeLanguage_GT": "Ihre Muttersprache:",
  "autoHideYoutubePlaybackBarRecommended": "YouTube-Abspielleiste automatisch ausblenden (empfohlen)",
  "dontChangeTheInterface": "Benutzeroberfläche nicht ändern",
  "hidePlaybackBar": "Wiedergabeleiste verbergen",
  "font": "Schriftart",
  "defaultRecommended": "Standard (empfohlen)",
  "subtitlesHidden": "Untertitel (verborgen)",
  "noSubsForThisVideo": "Keine Untertitel für dieses Video verfügbar!",
  "forceOriginalTracks": "Originalspuren erzwingen",
  "forceOriginalTracks_desc": "Wenn diese Option aktiviert ist, werden Ton und Untertitel des Videos bei eingeschalteter Erweiterung auf die Originalsprache umgeschaltet.",
  "hideSubtitles": "Untertitel verbergen",
  "disabled": "Deaktiviert",
  "hideTranslations": "Übersetzungen verbergen",
  "hideBoth": "Beide verbergen",
  "showSubtitleControls": "Untertitelsteuerung anzeigen",
  "moveToggleControls": "Steuerungselemente verschieben/umschalten",
  "netflixTestsMessage": "Netflix führt manchmal Tests durch, die dazu führen können, dass Language Reactor nicht richtig funktioniert. Um Probleme zu vermeiden, empfehlen wir, die Teilnahme an Netflix-Tests zu deaktivieren. Es ist einfach:",
  "disableTesting": "Testen deaktivieren",
  "nextBillingDate": "Nächstes Abrechnungsdatum",
  "youCanUseProForXXDays": "Sie können die Pro-Funktionen noch <text> Tage lang nutzen.",
  "youCanUseFreeForXXDays": "Sie können die kostenlosen Funktionen noch <text> Tage lang nutzen.",
  "subtitlesCouldNotBeLoaded": "Untertitel konnten nicht geladen werden.",
  "adIsPlaying": "Anzeige wird abgespielt.",
  "yourSubscriptionHasExpired": "Ihr Abonnement ist abgelaufen.",
  "youHaveCanceledYourSubscription": "Sie haben Ihr Abonnement gekündigt.",
  "nowYouCanStudyWithYoutubeToo": "Jetzt können Sie auch mit YouTube Sprachen lernen!",
  "machineTranslations": "Maschinenübersetzung",
  "humanTranslations": "Menschliche Übersetzung",
  "belowAreWordsFromTheCurrentVideo_GT": "Wörter aus diesem Video, nach Häufigkeit sortiert",
  "rightClickWordToSaveIt_GT": "Klicken Sie mit der rechten Maustaste, um ein Wort zu markieren",
  "leftClickToOpenDict": "Klicken Sie mit der linken Maustaste, um das Wörterbuch zu öffnen.",
  "selectVocabLevelToMarkPurple": "Wählen Sie in den Einstellungen ein Vokabellevel aus, um weniger gebräuchliche Wörter lila zu markieren.",
  "aboveCurrentLevel": "Über dem aktuellen Level",
  "unsavedWords": "Ungespeicherte Wörter",
  "levelX": "Level <text>",
  "tips": "Tipps",
  "emptyTemplate": "",
  "thisExportHasMultipleParts": "Dieser Export besteht aus mehreren Teilen.",
  "downloadPartXX": "Teil <text> herunterladen",
  "thisItemWasSavedInAnotherVideo": "Dieser Artikel wurde in einem anderen Video gespeichert.",
  "cancel": "Abbrechen",
  "openVideo": "Video öffnen",
  "format": "Format",
  "printHtml": "Drucken (HTML)",
  "mustReadHowToImportToAnki": "Lesen Sie: So importieren Sie in Anki",
  "infoAboutCsvExport": "Informationen zum CSV-Export",
  "jsonDataSchema": "JSON-Datenschema",
  "language": "Sprache",
  "itemType": "Elementtyp",
  "includeTimestamps": "Zeitstempel einschließen",
  "youCanChangeTranslitsOptionsInSettings": "Sie können die Transliterationsoptionen in den Einstellungen ändern.",
  "preferredTranslations": "Bevorzugte Übersetzungen",
  "onlyNewItemsSinceLastExport": "Nur neue Elemente seit dem letzten Export",
  "includeMedia": "Medien einschließen",
  "langName_is": "Isländisch",
  "langName_ga": "Irisch",
  "langName_az": "Aserbaidschanisch",
  "langName_af": "Afrikaans",
  "langName_am": "Amharisch",
  "langName_ar": "Arabisch",
  "langName_sq": "Albanisch",
  "langName_hy": "Armenisch",
  "langName_it": "Italienisch",
  "langName_yi": "Jiddisch",
  "langName_ig": "Igbo",
  "langName_id": "Indonesisch",
  "langName_ug": "Uigurisch",
  "langName_cy": "Walisisch",
  "langName_uk": "Ukrainisch",
  "langName_uz": "Usbekisch",
  "langName_ur": "Urdu",
  "langName_et": "Estnisch",
  "langName_eo": "Esperanto",
  "langName_or": "Oriya",
  "langName_nl": "Niederländisch",
  "langName_kk": "Kasachisch",
  "langName_ca": "Katalanisch",
  "langName_gl": "Galicisch",
  "langName_kn": "Kannada",
  "langName_rw": "Kinyarwanda",
  "langName_el": "Griechisch",
  "langName_ky": "Kirgisisch",
  "langName_gu": "Gujarati",
  "langName_km": "Khmer",
  "langName_ku": "Kurdisch",
  "langName_hr": "Kroatisch",
  "langName_xh": "Xhosa",
  "langName_co": "Korsisch",
  "langName_sm": "Samoanisch",
  "langName_jv": "Javanisch",
  "langName_ka": "Georgisch",
  "langName_sn": "Shona",
  "langName_sd": "Sindhi",
  "langName_si": "Singhalesisch",
  "langName_sv": "Schwedisch",
  "langName_zu": "Zulu",
  "langName_gd": "Schottisches Gälisch",
  "langName_es": "Spanisch",
  "langName_sk": "Slowakisch",
  "langName_sl": "Slowenisch",
  "langName_sw": "Suaheli",
  "langName_su": "Sundanesisch",
  "langName_ceb": "Cebuano",
  "langName_sr": "Serbisch",
  "langName_so": "Somali",
  "langName_th": "Thailändisch",
  "langName_tg": "Tadschikisch",
  "langName_tt": "Tatarisch",
  "langName_ta": "Tamil",
  "langName_cs": "Tschechisch",
  "langName_te": "Telugu",
  "langName_da": "Dänisch",
  "langName_de": "Deutsch",
  "langName_tk": "Turkmenisch",
  "langName_tr": "Türkisch",
  "langName_ny": "Nyanja",
  "langName_ne": "Nepalesisch",
  "langName_no": "Norwegisch",
  "langName_ht": "Haiti-Kreolisch",
  "langName_ha": "Haussa",
  "langName_ps": "Paschtu",
  "langName_eu": "Baskisch",
  "langName_haw": "Hawaiisch",
  "langName_hu": "Ungarisch",
  "langName_pa": "Punjabi",
  "langName_hi": "Hindi",
  "langName_tl": "Filipino",
  "langName_fi": "Finnisch",
  "langName_hmn": "Miao",
  "langName_fr": "Französisch",
  "langName_bg": "Bulgarisch",
  "langName_vi": "Vietnamesisch",
  "langName_iw": "Hebräisch",
  "langName_be": "Weißrussisch",
  "langName_fa": "Persisch",
  "langName_bn": "Bengalisch",
  "langName_pl": "Polnisch",
  "langName_bs": "Bosnisch",
  "langName_pt": "Portugiesisch",
  "langName_mi": "Maori",
  "langName_mk": "Mazedonisch",
  "langName_mg": "Madagassisch",
  "langName_mr": "Marathi",
  "langName_ml": "Malayalam",
  "langName_mt": "Maltesisch",
  "langName_ms": "Malaiisch",
  "langName_my": "Birmanisch",
  "langName_mn": "Mongolisch",
  "langName_yo": "Yoruba",
  "langName_lo": "Laotisch",
  "langName_la": "Latein",
  "langName_lv": "Lettisch",
  "langName_lt": "Litauisch",
  "langName_ro": "Rumänisch",
  "langName_lb": "Luxemburgisch",
  "langName_ru": "Russisch",
  "langName_en": "Englisch",
  "langName_ko": "Koreanisch",
  "langName_fy": "Westfriesisch",
  "langName_zh-CN": "Chinesisch (Vereinfacht)",
  "langName_zh-TW": "Chinesisch (Traditionell)",
  "langName_st": "Süd-Sotho",
  "langName_ja": "Japanisch",
  "netflixCatalogue": "Netflix-Katalog",
  "notAllTitlesAllCountries": "Da nicht alle Titel in allen Ländern verfügbar sind, wählen Sie das Land aus, in dem Sie sich laut Netflix befinden.",
  "catalogueByOriginalLanguage": "Der Katalog listet die Titel nach ihrer Originalsprache auf. Er ermöglicht Ihnen, französische Filme zu finden, um Französisch zu lernen, deutsche Filme zu finden, um Deutsch zu lernen, usw.",
  "goodSubtitlesForOriginal": "Netflix bietet gute Untertitel für die Originalsprache eines Titels, die zum Audiotrack passen.",
  "oftenDontMatch": "Untertitel stimmen oft nicht mit dem Audio für synchronisierte Audio-Versionen überein.",
  "yourCountry": "Ihr Land",
  "allCountries": "Alle Länder",
  "numberFound_colon": "Gefundene Anzahl:",
  "genre_colon": "Genre:",
  "released_colon": "Erschienen:",
  "runtime_colon": "Laufzeit:",
  "drama": "Drama",
  "action": "Action",
  "crime": "Krimi",
  "thriller": "Thriller",
  "adventure": "Abenteuer",
  "scifi": "Science-Fiction",
  "romance": "Romantik",
  "fantasy": "Fantasy",
  "mystery": "Mystery",
  "war": "Krieg",
  "biography": "Biografie",
  "history": "Geschichte",
  "clearHistory_GT": "Verlauf löschen",
  "comedy": "Komödie",
  "horror": "Horror",
  "sport": "Sport",
  "music": "Musik",
  "animation": "Animation",
  "musical": "Musical",
  "noMoviesFoundForThisSearch": "Für diese Suche wurden keine Filme gefunden.",
  "youtubeCatalogue": "YouTube-Katalog",
  "installExtensionForEnhancedFeatures": "Tipp: Installieren Sie die Erweiterung für erweiterte Funktionen, während Sie Netflix und YouTube nutzen!",
  "weCreatedYTCatalogue": "Wir haben diesen Katalog erstellt, um Ihnen zu helfen, gute Kanäle zum Lernen zu finden.",
  "errorLoadingData": "Fehler beim Laden der Daten.",
  "search": "Suche",
  "subscribers_colon": "Abonnenten:",
  "withSubtitles_colon": "Mit Untertiteln:",
  "score_colon": "Punktzahl:",
  "installExtensionForBetterExperience": "Installieren Sie die Browsererweiterung für ein besseres Erlebnis!",
  "translationSameAsSource_text_text": "Die Übersetzungssprache (<text>) ist dieselbe wie die Ausgangssprache (<text>). Erwägen Sie, Ihre Übersetzungssprache in den Einstellungen zu ändern.",
  "translationNotSupported_text_text": "Die Übersetzung von <text> nach <text> wird derzeit nicht unterstützt.",
  "selectDifferentTranslationLanguage": "Wählen Sie eine andere Übersetzungssprache aus.",
  "nextVideo": "Nächstes Video",
  "prevVideo": "Vorheriges Video",
  "smallVideo": "Kleines Video",
  "bigVideo": "Großes Video",
  "showTranslation": "Übersetzung anzeigen (falls verfügbar)",
  "watchingVideos": "Videos ansehen",
  "afterInstallingAdditionalFeatures": "Nach der Installation der Browsererweiterung stehen Ihnen zusätzliche Funktionen zum Sprachenlernen zur Verfügung, wenn Sie Videos auf den Netflix- und YouTube-Websites ansehen.",
  "whatToWatch": "Was Sie sich ansehen können",
  "weCreatedNetflixAndYoutubeCatalogue": "Um Ihnen bei der Suche nach Videos zu helfen, haben wir einen Katalog für Netflix und YouTube erstellt. Sie können den Katalog im Menü auf der linken Seite dieser Seite öffnen.",
  "alreadyOpenPleaseReload": "Wenn Sie Netflix oder YouTube bereits geöffnet haben, laden Sie das Fenster bitte neu.",
  "clickToOpenSettings": "Klicken Sie hier, um die Einstellungen zu öffnen.",
  "clickEnableExtraFeatures": "Klicken Sie hier, um die zusätzlichen Funktionen zu aktivieren oder zu deaktivieren.",
  "formerlyCalled": "(früher „Language Learning with Netflix“ genannt)",
  "startInstallExtension": "Installieren Sie zunächst die Browsererweiterung.",
  "saveAndReview": "Speichern und überprüfen",
  "reviewWordsAndPhrases": "Sie können Wörter und Sätze, die Sie als Karteikarten gespeichert haben, überprüfen und auch neue Wörter lernen.",
  "underActiveDevelopment": "Dieses Projekt befindet sich in aktiver Entwicklung. Um eine Funktion vorzuschlagen oder ein Problem zu melden, besuchen Sie bitte unser Forum.",
  "writeToUs": "Bei weiteren Fragen schreiben Sie uns einfach.",
  "setupComplete": "Einrichtung abgeschlossen",
  "clickWordDictionary": "Klicken Sie auf ein Wort, um dessen Definition anzuzeigen. Rechtsklicken Sie, um es zu speichern.",
  "autopauseEverySubtitle": "Automatische Pause nach jedem Untertitel.",
  "machineAndHumanTranslations": "In den Einstellungen können Sie zwischen der Anzeige von zwei unterschiedlichen Übersetzungsarten wählen: maschinell und menschlich. Maschinelle Übersetzungen tendieren dazu, sehr wörtlich zu sein, helfen jedoch dabei, die Satzstruktur in der gerade zu erlernenden Sprache zu verstehen. Sie kann jedoch gelegentlich Fehler beinhalten. Von Menschen angefertigte Übersetzungen sind meist sehr nützlich, da auch allgemeine Ausdrücke und Sprichwörter korrekt übersetzt werden.",
  "keyboardKeys": "Sie können zur Wiedergabesteuerung die Tastatur verwenden.",
  "aKey": "Vorheriger Untertitel",
  "sKey": "Untertitel wiederholen",
  "dKey": "Nächster Untertitel",
  "spaceKey": "Abspielen/Pause",
  "settingsForMoreShortcuts": "Weitere Tastaturkürzel finden Sie in den Einstellungen.",
  "weCreatedNetflixCatalogue": "Wir haben einen besonderen Katalog erstellt, um Ihnen dabei zu helfen, Netflix-Titel mit hochwertigen Untertiteln in der Sprache zu finden, die Sie lernen.",
  "youtubeHasAnyTopic": "Auf YouTube finden Sie Videos zu allen Themen in jeder wichtigen Sprache. YouTube versucht jedoch, fremdsprachige Inhalte vor Ihnen zu verbergen.",
  "pageNotFound": "Seite nicht gefunden.",
  "videosNoLongerAvailable": "Einige der gelisteten Videos sind eventuell in Ihrem Land nicht mehr verfügbar.",
  "votes_text": "<text> Stimmen",
  "countries_text": "<text> Länder",
  "watch": "Ansehen",
  "tryAgain": "Erneut versuchen",
  "videoUnavailablePleaseContinue": "Dieses Video ist nicht verfügbar. Bitte rufen Sie das nächste Video auf.",
  "nextPage": "Nächste Seite",
  "prevPage": "Vorherige Seite",
  "videos": "Videos",
  "selectPlaylist": "Wählen Sie eine Playlist aus.",
  "flashcardTooltipProposal": "Anzahl neuer Elemente, die in dieser Sitzung in den Lernzyklus aufgenommen werden",
  "flashcardTooltipExposure": "Anzahl der Übungselemente für diese Sitzung",
  "flashcardTooltipTest": "Anzahl der Fragen für das Quiz dieser Sitzung",
  "flashcardExposureTooltip": "Übungskarten zeigen verschiedene Beispielsätze mit gespeicherten Wörtern, damit Sie deren unterschiedliche Verwendungen besser verstehen.",
  "flashcardExposure": "Sprachkontakt",
  "flashcardTestTooltip": "Testkarten prüfen Ihre Kenntnisse von Wörtern und Sätzen",
  "flashcardTest": "Test",
  "lastPracticed_text": "Zuletzt geübt: <text>",
  "itemsDueForPractice_text": "<text> Übungen stehen zur Wiederholung an.",
  "startPractice": "Übung beginnen",
  "betterWaitTillTomorrow": "Es ist besser, mit der nächsten Übungsrunde bis morgen zu warten.",
  "practiceMore": "Mehr üben",
  "savedWordsAppearHere": "Tipp: Wenn Sie Worte und Formulierungen speichern, werden diese hier angezeigt, wenn es an der Zeit ist, sie zu üben.",
  "showAnswer": "Antwort zeigen",
  "fail": "Falsch",
  "hard": "Schwierig",
  "easy": "Einfach",
  "success": "Richtig",
  "ok": "Verstanden",
  "extraButtonsSearchBar": "Wir haben diese zusätzlichen Buttons neben der YouTube-Suchleiste hinzugefügt:",
  "leftTranslateRightSearch": "Der Button links übersetzt den Text im Textfeld, damit Sie leichter Videos in der Sprache finden, die Sie lernen. Der Button auf der rechten Seite sucht nach Videos mit Untertiteln.",
  "youtubeInterfaceLanguageMoreVideos": "Sie können die YouTube-Benutzeroberfläche auf die Sprache ändern, die Sie lernen. YouTube zeigt Ihnen dann mehr Videos in dieser Sprache an.",
  "howToChangeYoutubeInterfaceLanguage": "So ändern Sie die Sprache der YouTube-Oberfläche",
  "clickButtonTopRight": "Klicken Sie diesen Button oben rechts am Bildschirm an:",
  "lookForLanguageSetting": "Finden Sie die Spracheinstellung:",
  "whenChangeMoreResults": "Wenn Sie die Sprache ändern, werden Ihnen mehr Suchergebnisse in der Sprache angezeigt, die Sie lernen.",
  "onlyDesktopCheckBack": "Language Reactor ist aktuell nur für Desktop-Computer verfügbar. Bitte schauen Sie bald wieder vorbei!",
  "open": "Öffnen",
  "word": "Wort",
  "phrase": "Formulierung",
  "translation": "Übersetzung",
  "context": "Kontext",
  "source": "Quelle",
  "actions": "Aktionen",
  "accountInformation": "Konto-Informationen",
  "quickSettings": "Schnelleinstellungen",
  "fullSettings": "Vollständige Einstellungen",
  "gettingStarted": "Erste Schritte",
  "exportHelp": "Exportanleitung",
  "studyTips": "Lerntipps",
  "howToImportWebpage": "So importieren Sie eine Webseite",
  "importWithRightClick": "Über das Rechtsklick-Menü kann eine Webseite in Language Reactor importiert werden.",
  "extensionInstalledForThisFeature": "Für diese Funktion muss die Browsererweiterung installiert sein.",
  "importText": "Text importieren",
  "goToReaderMode": "Zum Lese-Modus",
  "edit": "BEARBEITEN",
  "read": "LESEN",
  "posADJ_UD": "Adj.",
  "posADP_UD": "Adp.",
  "posADV_UD": "Adv.",
  "posAUX_UD": "Aux.",
  "posNOU_UD": "Noun",
  "posPRO_UD": "Pronoun",
  "posVER_UD": "Verb",
  "posDET_UD": "Det.",
  "posSYM_UD": "Symbol",
  "posINT_UD": "Int.",
  "posCCO_UD": "Coord. Conj.",
  "posPUN_UD": "Punct.",
  "posNUM_UD": "Numerical",
  "posPAR_UD": "Particle",
  "posSCO_UD": "Sub. Conj.",
  "posX_UD": "Foreign",
  "posCONJ": "Conj.",
  "posPREP": "Prep.",
  "ok2": "OK",
  "pleaseWait": "Bitte warten...",
  "ohNoPleaseAddPermissionLRLogin": "Oh nein! Bitte erteilen Sie der Language Reactor Browser-Erweiterung die Erlaubnis, auf languagereactor.com zu operieren, um ein erfolgreiches Einloggen zu ermöglichen!",
  "recommended$Videos$": "Empfohlen",
  "$videos$WithSubtitles": "Mit Untertiteln",
  "$videosWith$MostSubscribers": "Die meisten Abonnenten",
  "sortBy": "Sortieren nach",
  "$video$Rating": "Bewertung",
  "yearReleased": "Erscheinungsjahr",
  "type$OfVideo$": "Typ",
  "any$TypeOfVideo$": "Alle",
  "movies": "Filme",
  "series": "Serien",
  "genres": "Genres",
  "all$Genres$": "Alle",
  "goToIMDB": "Auf IMDB ansehen",
  "availableIn": "Verfügbar in:",
  "errorLoadingVideo": "Fehler beim Laden des Videos",
  "goBack": "Zurück",
  "sorryThisPlaylistIsMissing": "Diese Wiedergabeliste ist leider nicht verfügbar.",
  "sorryThisVideoIsMissing": "Dieses Video ist leider nicht verfügbar.",
  "videoList": "Videoliste",
  "studyLanguage": "Lernsprache",
  "iAmLearning": "Ich lerne",
  "playAll": "Alle abspielen",
  "bigUpdate": "Großes Update!",
  "readMore": "Mehr darüber lesen",
  "iGotIt": "Ich kenne es bereits",
  "allWords": "Alle Wörter",
  "savedWords": "Gespeicherte Wörter",
  "savedPhrases": "Gespeicherte Ausdrücke",
  "setVocabLevel_short": "Vokabelniveau wählen",
  "setVocabLevel": "Wortschatzebene festlegen",
  "changeVocabLevelConfirmation_GT": "Möchten Sie das Vokabelniveau von <text> auf <text> ändern?",
  "changeStudyLevel": "Lernniveau ändern",
  "currentStudyLevel": "Aktuelles Lernniveau",
  "change": "Ändern",
  "pleaseSelectYourStudyLevelToContinue": "Bitte wählen Sie Ihr Lernniveau, um fortzufahren",
  "frequency": "Häufigkeit",
  "alphabetical": "Alphabetisch",
  "LEARNING": "Wird gelernt",
  "KNOWN": "Bekannt",
  "SKIPPED": "Nicht lernen",
  "SKIPPED_short": "Nicht lernen",
  "knownWords_GT": "Bekannte Wörter",
  "tag": "Tags",
  "errorLoadingList": "Fehler beim Laden der Liste",
  "pleaseSelectLanguageOnTop_GT": "Wählen Sie oben eine Sprache",
  "xSelected": "<text> ausgewählt",
  "setLearningStage": "Lernstatus festlegen",
  "thisWillAffectXItemsAreYouSure": "Dies betrifft <text> Elemente. Sind Sie sicher?",
  "yes": "Ja",
  "no": "Nein",
  "removeItems": "Elemente entfernen",
  "setTag": "Tag setzen",
  "selectAllOrNone": "Alle auswählen / keine",
  "logIn": "Einloggen",
  "noItemsFound": "Keine Elemente gefunden",
  "upgrade": "Abonnieren",
  "transliterationsJapanese": "Japanische Umschriften",
  "transliterationsVisibility_GT": "Umschrift anzeigen",
  "alwaysShow_GT": "Immer",
  "hideForKnownWords_GT": "Bei bekannten Wörtern ausblenden",
  "hideForMarkedAndKnownWords_GT": "Für markierte und bekannte Wörter ausblenden",
  "specialWords_GT": "Spezielle Wörter",
  "specialWords_info_GT": "Namen, Orte, Zahlen usw.",
  "markedWords_GT": "Markierte Wörter",
  "markWord_GT": "Wort markieren",
  "savedWordsMarkingTooltipDesc_GT": "Markierte Wörter behalten ihren Status, wenn Sie das Vokabelniveau ändern. Sie erscheinen mit einer Umrandung.",
  "wordStatus_desc_GT": "Der Status ergibt sich aus dem Vokabelniveau oder individueller Markierung.",
  "wordColors_desc_GT": "Diese Einstellungen steuern das Erscheinungsbild der Wörter in Untertiteln und Texten. In der Ansicht 'Gespeicherte Elemente' wird immer die vollständige Farbgebung der Wörter verwendet.",
  "suggestedWords_desc_GT": "Die nützlichsten Wörter für Ihren nächsten Lernschritt.",
  "showKnownWordsInGreen": "Bekannte Wörter in Grün anzeigen",
  "showMarkedLearningWordsInOrange_GT": "Markierte Lernwörter in Orange anzeigen",
  "showSuggestedWordsInOrange_GT": "Vorgeschlagene Wörter in Orange anzeigen",
  "showRareWordsInGrey_GT": "Seltene Wörter ausblenden",
  "outline_GT": "Umrandung",
  "outlineMarkedWordsInText": "Markierte Wörter im Text hervorheben",
  "showTagsInText": "Tags im Text anzeigen",
  "showLearningStageButtonsInMiniDictionary": "Schaltflächen des Lernstatus bei Mausberührung anzeigen",
  "switchLearningStage_GT": "Bekannte / zu lernende Wörter umschalten",
  "switchTags": "Tags umschalten",
  "switchLanguage_GT": "Sprache wechseln",
  "dictionary": "Wörterbuch",
  "speakWordOnClick": "Wort bei Klick aussprechen",
  "basicSettings": "Grundeinstellungen",
  "machineTranslationsAvailable": "Maschinelle Übersetzungen verfügbar",
  "belowAreWordsOfIncreasingDifficultyDesc": "Nachfolgend sind Wörter mit steigendem Schwierigkeitsgrad aufgeführt. Klicken Sie auf die letzte Zeile, die Sie vollständig verstehen (scrollen Sie weiter, um alle zu sehen).",
  "iDontKnowAnyWordsYet": "Ich kenne noch keine Wörter.",
  "exampleText": "Beispieltext:",
  "wordColors_GT": "Wortfarben",
  "reset_GT": "Zurücksetzen",
  "newChat_GT": "Neuer Chat",
  "autoCorrectGrammar_GT": "Grammatik automatisch korrigieren",
  "estimatedNumberOfKnownWords": "Geschätzte Anzahl bekannter Wörter",
  "article": "Artikel",
  "fullText": "Vollständiger Text",
  "textMode": "Text",
  "myText_GT": "Mein Text",
  "myTexts_GT": "Meine Texte",
  "books_GT": "Bücher",
  "pasteAnyTextYouWishToStudyHere": "Fügen Sie hier den Text ein, den Sie lernen möchten",
  "videoFile": "Videodatei",
  "selectVideo": "Video auswählen",
  "selectVideoFile": "Videodatei auswählen",
  "selectSubtitles": "Untertitel auswählen",
  "subtitlesLanguage": "Untertitelsprache",
  "save": "Speichern",
  "copy": "Kopieren",
  "copyCurrentSentence": "Aktuellen Satz kopieren",
  "wordNotFound": "Wort nicht gefunden",
  "markWhetherYouKnowThisWordDesc": "Markieren Sie, ob Sie dieses Wort kennen. Wenn Sie Wörter orange markieren (Lernphase), werden sie zu Ihren Lernkarten hinzugefügt.",
  "shortcutRightClick": "Rechtsklick",
  "shortcutMiddleClick": "Mittlerer Mausklick",
  "addTagToAWordDesc": "Mit Tags können Sie Wortgruppen bilden. Markierte Wörter können separat exportiert werden. Tags können als farbige Unterstreichungen angezeigt werden, dies kann in den Einstellungen gesteuert werden.",
  "markAsKnown": "Als bekannt markieren",
  "markAsLearning": "Zum Lernen markieren",
  "markedKnown_GT": "Als bekannt markiert",
  "markedToLearn": "Zum Lernen markiert",
  "learningNow": "Aktuell am Lernen",
  "learnt": "Erlernt",
  "learn": "Lernen",
  "remove": "Entfernen",
  "noTag": "Kein Tag",
  "examplesSavedItems": "Beispiele: Gespeicherte Elemente",
  "examplesCurrentText": "Beispiele: Aktueller Text",
  "examples": "Beispiele:",
  "pleaseSignInToUseThisFeature": "Bitte melden Sie sich an, um diese Funktion zu nutzen.",
  "pleaseSignInToUseThisFreeFeature": "Bitte melden Sie sich an, um diese kostenlose Funktion zu nutzen.",
  "soThatWeCanSaveYourProgress": "(damit wir Ihren Fortschritt speichern können)",
  "phrasepumpInfoTooltipShort": "PhrasePump bietet Ihnen viele Sätze, die Sie größtenteils verstehen sollten. Dies verbessert Ihren Wortschatz, Ihr Hörverständnis und Ihre Grammatikkenntnisse.",
  "phrasepumpInfoTooltip": "PhrasePump bietet Ihnen viele Sätze, die Sie größtenteils verstehen sollten. Dies verbessert Ihren Wortschatz, Ihr Hörverständnis und Ihre Grammatikkenntnisse. Es werden Sätze mit Wörtern ausgewählt, die zum Einüben anstehen oder die neue Wörter zum Lernen enthalten.",
  "fumingRiver": "Lassen Sie die Sprache wie einen rauschenden Fluss durch sich hindurchfließen, lassen Sie sie ihre Kanäle in Ihr Innerstes bahnen.",
  "itemsDueForReview": "Elemente zur Überprüfung fällig",
  "noCardsToStudy": "Keine Karten zum Lernen.",
  "tryEnablingMoreStudyModes": "Versuchen Sie, mehr Lernmodi zu aktivieren.",
  "pleaseMarkMoreItemsOrWait": "Bitte markieren Sie weitere Elemente zum Lernen oder warten Sie, bis die vorhandenen Elemente anstehen.",
  "statistics": "Statistiken",
  "xCards": "<text> Karten",
  "cards": "Karten",
  "cardsPracticedToday": "Heute geübte Karten",
  "showLast": "Anzeigen für:",
  "day": "Tag",
  "week": "Woche",
  "month": "Monat",
  "threeMonths": "3 Monate",
  "markedToLearnDesc": "Wörter und Sätze, die Sie gespeichert haben und die sich noch in der Warteschlange zum Einüben befinden.",
  "suggestions": "Vorschläge",
  "suggestionsDesc": "Nachdem Sie Ihre gespeicherten Elemente eingeübt haben, kann PhrasePump Ihnen Wörter zum Lernen vorschlagen.",
  "suggestionsDesc_noMoreLeft": "Es gibt keine weiteren Vorschläge.",
  "suggestionsDesc_noSuggestionsForLang": "Vorschläge werden für diese Sprache nicht unterstützt.",
  "inTheLastXDaysYouStartedToPracticeYItems": "In den letzten <text> Tagen haben Sie begonnen, <text> neue \"Zum Lernen markiert\"-Wörter und -Sätze zu üben.",
  "inTheLastXDaysYouStartedToPracticeYSuggestedWords": "In den letzten <text> Tagen haben Sie begonnen, <text> neue Wortvorschläge zu üben.",
  "youArePracticingXItems": "Sie üben derzeit <text> Wörter und Sätze aktiv ein.",
  "inTheLastXDaysYouHaveLearntYItems": "In den letzten <text> Tagen haben Sie <text> Wörter und Sätze erlernt.",
  "inTheLastXDaysYouHavePracticedYItems": "In den letzten <text> Tagen haben Sie <text> Wörter und Sätze geübt.",
  "learntDescLearntXItems": "Wörter und Sätze, an die Sie sich wahrscheinlich mindestens sechs Wochen lang erinnern werden. Sie haben <text> Elemente erlernt.",
  "halflifeDays_GT": "Halbwertszeit (Tage)",
  "languageSelector": "Sprachauswahl",
  "addLanguage": "Sprache hinzufügen",
  "dueItems": "Fällige Einträge:",
  "chooseALanguage": "Eine Sprache wählen",
  "showContext_GT": "Kontext anzeigen",
  "add": "Hinzufügen",
  "forgot": "Vergessen",
  "okay": "Richtig",
  "quizzes": "Quizze",
  "suggestedWords": "Vorgeschlagene Wörter",
  "practice": "Üben",
  "thisIsTheFirstTimeYouArePracticingThisItem": "Dies ist das erste Mal, dass Sie dieses Element üben.",
  "quiz": "Quiz",
  "whatShouldGoInTheGap": "Was gehört in die Lücke?",
  "useTranslationForHelp": "Nutzen Sie die Übersetzung als Hilfe.",
  "suggestedWord": "Vorgeschlagenes Wort",
  "wouldYouLikeToLearnThisWord": "Möchten Sie dieses neue Wort lernen?",
  "listeningPractice": "Hörverständnis üben",
  "tryToUnderstandBeforeYouRevealTheText": "Versuchen Sie zu verstehen, bevor Sie den Text aufdecken.",
  "newItems": "Neue Elemente",
  "newWordsTooltip": "Der maximale Prozentsatz der Karten, die für die Präsentation neuer Elemente (\"Zum Lernen markiert\" und \"Vorschläge\") verwendet werden. Reduzieren Sie diesen, um mehr Übung mit den bereits erlernten Elementen zu gewinnen. Wenn viele Elemente zur Durchsicht anstehen, wird der Umfang der neuen Inhalte reduziert.",
  "sessionSize": "Sitzungsgröße",
  "sessionSizeTooltip": "Anzahl der Karten in der Sitzung.",
  "reveal": "Antwort anzeigen",
  "savePhrase": "Satz speichern",
  "learningStage": "Lernphase",
  "savingWords": "Wörter speichern",
  "oldSystem": "Altes System:",
  "newSystem": "Neues System:",
  "greenKnownOrSuggestedWords": "weiß: Bekannte und vorgeschlagene Wörter",
  "orangeMarkedWords": "orange: Zum Lernen markierte Wörter",
  "dictStageTagsPickerDesc": "Hier können Sie markieren, ob Sie das Wort kennen (grün), es erlernen (orange) oder nicht erlernen wollen (grau). Sie können auch Tags hinzufügen, die als farbige Unterstreichungen angezeigt werden.",
  "exportFromLanguageReactor": "Aus dem Language Reactor exportieren...",
  "viewAll": "Alle anzeigen",
  "wordViewNotSupported": "Diese Funktion wird für diese Sprache derzeit nicht unterstützt.",
  "green": "grün",
  "yellow": "gelb",
  "red": "rot",
  "blue": "blau",
  "lastSaved": "Zuletzt gespeichert",
  "rank": "Rang",
  "wordList": "Wortliste",
  "up1": "Bisher haben Sie Wörter gespeichert, indem Sie sie mit einer Farbe markiert haben (rot, grün, gelb, blau). Diese Funktionalität ist weiterhin verfügbar (jetzt „Tags“ genannt), aber die Farben werden als Unterstreichungen unter dem Wort angezeigt. Standardmäßig ändert ein Rechtsklick auf ein Wort nicht mehr dessen Tag-Farbe, aber Sie können dies in den Einstellungen konfigurieren.",
  "up2": "In diesem Update kann Language Reactor jetzt für Sie nachverfolgen, welche Wörter Sie kennen, und für die Wörter, die Sie nicht kennen, schlägt es vor, ob Sie sie lernen sollten oder nicht. Dadurch kann die Software einige nützliche Dinge tun. Es funktioniert für etwa 40 Sprachen.",
  "up3": "Wörter, die Sie kennen oder auf die Sie achten sollten, werden in WEISS angezeigt.",
  "up4": "Wörter, die Sie zum Lernen markiert haben, werden in ORANGE angezeigt.",
  "up5": "Seltene Wörter, die Sie jetzt nicht lernen müssen, sind GRAU gefärbt.",
  "up6": "Diese Kategorien nennen wir „Lernphasen“.",
  "up7": "Sie können Ihre ungefähre Wortschatzgröße schnell festlegen, indem Sie im Wörterbuch auf das Einstellungssymbol klicken. Sie müssen nicht jedes Wort einzeln markieren.",
  "up8": "Wenn Sie bereits viele Wörter mit Farben gespeichert haben, können Sie sie mit einer Lernphase stapelweise markieren:",
  "up9": "Klicken Sie auf die Registerkarte „Gespeicherte Elemente“.",
  "up10": "Klicken Sie auf „Gespeicherte Wörter“.",
  "up11": "Wählen Sie die Tag-Farbe in der Dropdown-Liste aus.",
  "up12": "Klicken Sie auf das Kontrollkästchen „Alle auswählen“.",
  "up13": "Wählen Sie die „Lernstufe“, die Sie diesen Wörtern zuweisen möchten.",
  "up14": "Sobald Sie dies getan haben, möchten Sie möglicherweise farbige Unterstreichungen für Tags auf der Registerkarte \"Einstellungen\" deaktivieren, um visuelles Rauschen beim Ansehen von Filmen usw. zu reduzieren.",
  "up15": "Wenn Sie möchten, müssen Sie dieses Farbsystem nicht verwenden. In den Einstellungen können Sie das Einfärben von Wörtern nach Lernstatus deaktivieren:",
  "clickToReadMore": "Klicken Sie hier, um mehr zu lesen",
  "layout_GT": "Layout",
  "videoSize_GT": "Videogröße",
  "youAreLearning_GT": "Lernsprache",
  "start_screen": "Start",
  "theTextSeemsToBeIn_lang_GT": "Dieser Text scheint in <text> zu sein.",
  "changeSourceLanguageTo_lang_GT": "Zu <text> wechseln?",
  "clearAllHistoryConfirmation_GT": "Möchten Sie den gesamten <text>-Verlauf löschen?",
  "chatHomescreenText_1_GT": "Chatten Sie mit KI - weil, na ja, Sie gerade niemand Besseren zum Reden haben?",
  "chatHomescreenText_2_GT": "Wir haben es aber unterhaltsam gestaltet.",
  "chatPreprompt_label_GT": "Anweisungen für den Chat",
  "chatPreprompt_tooltip_GT": "Anweisungen an die KI vor jedem Chat",
  "typeTheTextToTranslate_GT": "Geben Sie Text zum Übersetzen ein",
  "showMiniDictionary_GT": "Mini-Wörterbuch anzeigen",
  "yourMessage_GT": "Ihre Nachricht",
  "other_GT": "Weitere",
  "pressAndHoldToRecordVoice_GT": "Gedrückt halten zum Aufnehmen",
  "recording_GT": "Aufnahme läuft...",
  "switchBetweenShortcutsAndInputMode_GT": "Tastenkürzel/Eingabemodus umschalten",
  "pressTabToswitchBetweenShortcutsAndInputMode_GT": "Drücken Sie [ESC], um zwischen Tastaturkürzeln und Eingabemodus zu wechseln",
  "preferredAudioSource_GT": "Bevorzugte Audioquelle",
  "originalAudioWhenAvailable_GT": "Originalton (wenn verfügbar)",
  "computerAudioTTS_GT": "Text-zu-Sprache",
  "include_GT": "Einbeziehen",
  "noItemsForThisLanguage_GT": "Keine Einträge in dieser Sprache",
  "startReading_GT": "Lesen beginnen",
  "numberOfPages_GT": "Seitenanzahl",
  "nextDocument_GT": "Nächstes Dokument",
  "prevDocument_GT": "Vorheriges Dokument",
  "noVerticalView_GT": "Keine vertikale Ansicht",
  "playbackRate_GT": "Wiedergabegeschwindigkeit",
  "numPages_GT": "<text> Seiten",
  "chapters_GT": "Kapitel",
  "book_GT": "Buch",
  "audioTrack_GT": "Tonspur",
  "simplifiedVersion_GT": "Vereinfachte Version",
  "dubbedAudio_GT": "Synchronisierte Tonspur",
  "dubbedAudioDesc_GT": "Dieses Video war ursprünglich in einer anderen Sprache. Verwenden Sie Spracherkennung für Untertitel, die dem Ton entsprechen.",
  "rewindForward5s_GT": "5s vorwärts",
  "rewindBack5s_GT": "5s zurück",
  "readTheForumPost_GT": "Forumsbeitrag lesen",
  "youtubeChannels_GT": "YouTube-Kanäle",
  "channels_GT": "Kanäle",
  "thisFeatureIsUnderDevelopmentWillBeImprovedSoon_GT": "Diese Funktion befindet sich in der Entwicklung und wird bald verbessert.",
  "loadingAudio_GT": "Audio wird geladen...",
  "media_GT": "Medien",
  "useOurDesktopBrowserExtension_GT": "Nutzen Sie unsere Desktop-Browser-Erweiterung beim Ansehen dieser Videos für zusätzliche Funktionen.",
  "holdDictButtonToRecordVoice_GT": "Halten Sie die Wörterbuch-Taste gedrückt, um Ihre Stimme aufzunehmen",
  "showDictRecord_GT": "Wörterbuch / Aufnahme",
  "text_GT": "Text",
  "words_GT": "Wörter",
  "viewLessFrequentWordsLink_GT": "Seltener verwendete Wörter auf der Seite 'Markierte Wörter' anzeigen",
  "newText_GT": "Neuer Text",
  "untitledText_GT": "Unbenannter Text",
  "title_GT": "Titel",
  "pleaseEnterSomeText_GT": "Geben Sie Text ein, um fortzufahren",
  "saving_GT": "Wird gespeichert...",
  "theTextSeemsToBeIn_lang_whileYourLangIs_GT": "Der Text scheint in <text> zu sein, während Ihre aktuelle Lernsprache <text> ist.",
  "hideSubtitle_GT": "Untertitel ausblenden",
  "translationThenSubtitle_GT": "Übersetzung dann Untertitel",
  "subtitleThenTranslation_GT": "Untertitel, dann Übersetzung",
  "vocabLevel_GT": "Wortschatzniveau",
  "selection_GT": "Auswahl",
  "preview_GT": "Vorschau",
  "noTextWasSelected_GT": "Kein Text ausgewählt",
  "nViews_GT": "<text> Aufrufe",
  "viewCount_GT": "Aufrufe",
  "date_GT": "Datum",
  "areYouTheOwnerYoutube_GT": "Sind Sie der Inhaber dieses YouTube-Kanals?",
  "nVideos_GT": "<text> Videos",
  "clearFilters_GT": "Filter löschen",
  "recommendedChannels_GT": "Empfohlen",
  "popularChannels_GT": "Beliebt",
  "allChannels_GT": "Alle Kanäle",
  "channel_GT": "Kanal",
  "lexaAiAssistantPrompts_placeholder_example_GT": "Erklärung: Erläutern Sie bitte die Verwendung des Wortes <WORD> in diesem Satz: <CONTEXT>\nBeispiele: Geben Sie bitte weitere Beispiele mit dem Wort <WORD>, wie es in diesem Satz verwendet wird: <CONTEXT>",
  "updateHistory_GT": "Aktualisierungsverlauf",
  "recentAppUpdates_GT": "Aktuelle Neuerungen",
  "moreInfo_GT": "Weitere Informationen",
  "continue_GT": "Weiter",
  "podcasts_GT": "Podcasts",
  "allPodcasts_GT": "Alle Podcasts",
  "podcast_GT": "Podcast",
  "hidden_GT": "Ausgeblendet",
  "lexaAiAssistant_GT": "Lexa KI-Assistent",
  "lexaAiAssistantInfo_GT": "Lexa kann Fragen zu Wörtern und Sätzen in Ihrem Lernmaterial beantworten.\n\nSie können die Eingabeaufforderungen (Fragen) in den Einstellungen von Language Reactor bearbeiten.\n\nDer Pro-Modus verwendet ein intelligenteres Modell, das möglicherweise bessere Antworten liefert.",
  "lexaAiAssistantPrompts_GT": "Lexa KI-Assistent Aufforderungen",
  "lexaAiAssistantPrompts_tooltip_GT": "Sie können diese Eingabeaufforderungen (Fragen) bearbeiten, müssen aber das Format respektieren:\n\n[Tab-Titel]: [Eingabeaufforderung]\n[Tab-Titel]: [Eingabeaufforderung]\nusw.\n\n[Eingabeaufforderung] kann die speziellen Platzhalter <WORD> und <CONTEXT> enthalten.\n\nSie können beim Schreiben der Eingabeaufforderung jede beliebige Sprache verwenden. Wenn eine Frage an Lexa gesendet wird, wird dieser Text am Anfang hinzugefügt: Beantworten Sie Fragen für einen Schüler, der [Lernsprache] lernt. Schreiben Sie Ihre Antwort auf [Übersetzungssprache].",
  "hold_GT": "Halten",
  "invalidFormat_GT": "Ungültiges Format",
  "howToUseTouch_GT": "Anleitung für Berührungssteuerung",
  "removeThisMessageAndFollowingOnes_GT": "Diese und folgende Nachrichten entfernen",
  "install_GT": "Installieren",
  "refresh_GT": "Aktualisieren",
  "lexaAiAssistantPrompts_tooltip_intro_GT": "Lexa erscheint über dem Wörterbuch, wenn Sie auf ein Wort klicken",
  "homepage_blurb": "🚀 Eine Schatzkiste zum Entdecken, Verstehen und Lernen mit authentischen Materialien. ✨ Erleben Sie einen immersiven Ansatz, der nicht nur effektiv, sondern auch begeisternd ist! 🔥",
  "homepage_formerly_lln": "Früher bekannt als Language Learning with Netflix",
  "homepage_cardBodyNetflix": "Die Browser-Erweiterung verwandelt Ihre Lieblingsserien in Sprachlektionen! 🍿 Der Pro-Modus ermöglicht Spracherkennung und maschinelle Übersetzung für ein nahtloses Verständnis. 🌍",
  "homepage_cardBodyYoutube": "Tausende von YouTube-Kanälen zu jedem erdenklichen Thema! 🧠 Verbessern Sie Ihr Sprachverständnis mit authentischer Sprache im Kontext. Entdecken Sie unseren sorgfältig ausgewählten Katalog! 🎧",
  "homepage_cardBodyFSI": "Fordern Sie sich selbst mit bewährten staatlichen Trainingsprogrammen heraus. Folgen Sie strukturierten Sprechübungen, die echte Sprachkompetenz aufbauen. 💪 Bringen Sie diese klassischen Methoden mit den modernen Werkzeugen von Language Reactor auf die nächste Stufe.",
  "homepage_cardTitleWhatToLearn": "Was Sie lernen",
  "homepage_cardBodyWhatToLearn": "Lernen Sie klüger, nicht härter! 🏃‍♂️ Language Reactor empfiehlt Ihnen die wichtigsten Wörter für Ihren Lernweg und hilft Ihnen, sich auf das Wesentliche zu konzentrieren.",
  "homepage_cardBodyPhrasePump": "PhrasePump ist in erster Linie eine Hörübung. 🎧 Es werden Sätze ausgewählt, die gespeicherte Wörter verstärken, die wiederholt werden müssen, und neue Vokabeln werden eingeführt. Gleichermaßen geeignet für Anfänger und Fortgeschrittene.",
  "homepage_cardBodyAria": "Lernen Sie Aria kennen: Ihre schlagfertige Sprachlernpartnerin. Sie ist teils Tutorin, teils Entertainerin und hat stets eine clevere Antwort parat. 💬 Erhalten Sie sofortige Korrekturen, erkunden Sie vielfältige Themen und bauen Sie Ihr Selbstvertrauen in Ihrem eigenen Tempo auf! 💡",
  "homepage_cardTitleProMode": "Pro Mode - Freiwillig!",
  "homepage_cardBodyProMode": "Language Reactor bietet bereits viele großartige kostenlose Funktionen. Pro Mode verleiht Ihrem Lernerlebnis einen zusätzlichen Zauber. ✨",
  "homepage_cardTitleBooksAndWebsites": "Bücher & Webseiten",
  "homepage_cardBodyBooksAndWebsite": "Importieren Sie jede Webseite in Language Reactor. Oder laden Sie Ihre Lieblingsbücher hoch! Hören Sie mit Text-zu-Sprache mit. 🎯",
  "clickHereToUseKeyboardControls": "Klicken Sie hier, um die Tastatursteuerung zu verwenden",
  "uiLanguage_GT": "Anzeigesprache",
  "videoFileIntro_GT": "Sie können eine Videodatei und eine Untertiteldatei (SRT) hochladen, Language Reactor erstellt dann eine Übersetzung für Sie. Derzeit unterstützt diese Funktion nur Videoformate, die von Ihrem Browser unterstützt werden, bei anderen Formaten wird möglicherweise kein Bild angezeigt.",
  "powerfulToolbox": "Language Reactor ist eine leistungsstarke Toolbox zum Erlernen von Sprachen.",
  "discoverUnderstandLearn": "Es hilft Ihnen, native Materialien zu entdecken, zu verstehen und daraus zu lernen.",
  "effectiveInterestingEnjoyable": "Das Studium wird effektiver, interessanter und macht mehr Spaß!",
  "extensionAddsNetflixFeatures": "Die Erweiterung fügt zweisprachige Untertitel, ein Popup-Wörterbuch, präzise Videowiedergabesteuerungen und viele weitere Funktionen hinzu, wenn Sie Filme und Serien auf der Netflix-Website ansehen!",
  "thousandsOfChannels": "Tausende von Kanälen zum Anschauen zu jedem Thema, das Sie sich vorstellen können! Entwickeln Sie Ihr Verständnis mit authentischer Sprache im Kontext.",
  "booksAndWebsites": "Bücher und Websites",
  "importTextTranslationTTS": "Importieren Sie einen Text. Language Reactor fügt dann eine maschinelle Übersetzung in Ihre Sprache hinzu und liest den Text mit superrealistischer Text-zu-Sprache. (kommt bald)",
  "intelligentFeeding": "Automatisierte, intelligente Zuführung von Sprachinhalten. Wählen Sie einfach Ihr Sprachniveau und genießen Sie die Reise.",
  "whatToLearn": "Was Sie lernen können",
  "suggestVocab": "Language Reactor kann vorschlagen, auf welches Vokabular Sie sich konzentrieren und was Sie überspringen sollten, damit Sie Ihren Fortschritt beschleunigen können!",
  "highlightWhenAppear": "Speichern Sie Wörter, die Sie lernen möchten, sie werden hervorgehoben, wenn sie erscheinen.",
  "homepage_sectionTitleLearn": "Lernen Sie durch das, was Sie lieben",
  "homepage_sectionSubtitleLearn": "Language Reactor hilft Ihnen, Inhalte für Ihr Niveau und Ihre Interessen zu finden",
  "homepage_cardTitleYoutube": "YouTube & Podcasts",
  "homepage_sectionTitleSuperpowers": "Sprachliche Fähigkeiten",
  "homepage_sectionSubtitleSuperpowers": "Machen Sie jeden Inhalt verständlich",
  "homepage_cardTitleBilingualSubs": "Zweisprachige Untertitel",
  "homepage_cardBodyBilingualSubs": "Schulen Sie Ihr Gehör mit authentischer Sprache und sehen Sie dabei beide Sprachen. Entdecken Sie, wie die Bedeutungen einander entsprechen. 👂",
  "homepage_cardTitlePlayback": "Präzise Wiedergabesteuerung",
  "homepage_cardBodyPlayback": "⚡ Zeitpause. Wiedergabegeschwindigkeit steuern. 🎮 Videos mit Tastenkombinationen und Gesten navigieren. Automatische Pause nach jedem Untertitel und Wiederholung bis zum Klick. 🖱️",
  "homepage_cardTitleDictionary": "Wörterbuch & Lexa AI",
  "homepage_cardBodyDictionary": "🔍 Tippen Sie auf ein Wort für sofortige Übersetzungen. Authentische Beispielsätze mit zugehörigen Audiodateien. 🎧 KI-gestützte kontextbezogene Erklärungen zur Wortverwendung. 🌱 Passen Sie die Anzeige zusätzlicher Informationen an!",
  "homepage_sectionSubtitleMaster": "Ein komplettes Wortschatz-Werkzeug",
  "homepage_cardTitleSmartHighlighting": "Intelligente Markierung",
  "homepage_cardBodySmartHighlighting": "Speichern Sie ein Wort einmal und sehen Sie es überall—in jeder Form. Language Reactor erkennt Pluralformen, Verbkonjugationen und verwandte Wortformen. Vertiefen Sie Ihr Lernen ganz natürlich über alle Inhalte hinweg.",
  "homepage_cardTitleExportAnki": "Nach Anki exportieren",
  "homepage_cardBodyExportAnki": "Nutzen Sie bereits Anki? 📤 Exportieren Sie schöne Lernkarten mit Bildschirmfotos und Audiodateien nach Anki.",
  "homepage_sectionTitlePractice": "Übung macht den Meister",
  "homepage_sectionSubtitlePractice": "Entwickeln Sie Ihr Lernen vom Verstehen zum aktiven Anwenden",
  "homepage_cardBodyPhoneTablet": "Language Reactor funktioniert auch auf Ihrem Smartphone und Tablet. Wir verbessern die App kontinuierlich.",
  "homepage_cardTitlePhoneTablet": "Handy & Tablet",
  "homepage_sectionTitleMaster": "Beherrschen Sie jedes Wort & jede Redewendung",
  "homepage_cardTitleExtension": "Browser-Erweiterung",
  "homepage_cardBodyExtension": "Installieren Sie auf Desktop-Computern die Browser-Erweiterung, um Language Reactor-Funktionen beim Ansehen von Videos auf Netflix und YouTube zu aktivieren und Webseiten zu importieren!",
  "pleaseRefreshAfterChanges": "Bitte nach Änderungen aktualisieren:",
  "pdfsInThisCourseOnlyOnDesktop": "Die PDFs in diesem Kurs können nur auf dem Desktop angezeigt werden.",
  "noAudioFiles": "Keine Audiodateien",
  "proFeatures_intro": "Entfalten Sie das volle Potenzial Ihrer Sprachlernreise mit Language Reactor Pro! 🚀📚",
  "proFeatures_netflixTitle": "Spracherkennung und maschinelle Übersetzung (Netflix)",
  "proFeatures_netflixFree": "Verwenden Sie die von Netflix bereitgestellten Untertitel. 🍿",
  "proFeatures_netflixPro": "🎤 Nutzen Sie Spracherkennung für alle Audiospuren. Präzise Untertitel für synchronisierte Audios in Ihren Lieblingsserien! 🎬 Maschinelle Übersetzungen sind wortgetreuer, um das Originalmaterial besser zu verstehen. 🌍",
  "proFeatures_saveWordsTitle": "Wörter und Redewendungen speichern",
  "proFeatures_saveWordsFree": "Speichern Sie Wörter und Redewendungen während der Nutzung der PhrasePump-Funktion. 📝",
  "proFeatures_saveWordsPro": "Speichern Sie Wörter und Redewendungen über alle Language Reactor Funktionen hinweg. Passen Sie Ihr Lernen an Ihre persönlichen Interessen und Wortschatzlücken an. Markierte Wörter werden in allen Language Reactor Funktionen hervorgehoben und können nach Anki exportiert werden! 📈✨",
  "proFeatures_lexaTitle": "Lexa AI Wörterbuch",
  "proFeatures_lexaFree": "Erhalten Sie Erklärungen mit einem einfachen Sprachassistenten. 🤖",
  "proFeatures_lexaPro": "Profitieren Sie von einem verbesserten KI-Modell mit umfangreicherem Wissen, das komplexere Anfragen effektiv beantworten kann! 🧠🌐",
  "proFeatures_supportTitle": "Unterstützen Sie die Entwickler",
  "proFeatures_supportDetails": "Ihre Unterstützung ermöglicht es uns, Language Reactor kontinuierlich zu verbessern und Ihnen neue Funktionen anzubieten! ❤️",
  "youCanSubscribeAgainAfterTheEndOfThisPeriod": "Sie können sich nach Ablauf dieser Periode erneut anmelden.",
  "tipHoldTheDictionaryButtonToRecordVoice": "Tipp: Halten Sie die Wörterbuch-Taste gedrückt, um Sprache aufzunehmen",
  "sentenceOrTextSource": "Quelle",
  "homepage_cardTitleLanguageSupport": "🌍 Umfangreiche Sprachunterstützung",
  "homepage_cardBodyLanguageSupport": "Lernen Sie mit Inhalten in über 40 Sprachen! 🔤 Sehen Sie Transliterationen für Sprachen mit unterschiedlichen Schriftsystemen. 👀 Ausblenden der Untertitel bis zum Überfahren mit der Maus – ideal zum Trainieren Ihres Hörverstehens.",
  "additional15DiscountUntil5thJanuary2025": "Zusätzlich 15% Rabatt bis zum 5. Januar 2025. Verwenden Sie den Gutscheincode 'turtle' beim Bezahlvorgang. 🎅",
  "includeDubbedAudioNF": "Synchronisierte Audiofassung einbeziehen",
  "phrasepumpNeedsImprovementForLang": "PhrasePump benötigt noch Verbesserungen für die Sprache:",
  "addToHomeScreen": "Zum Startbildschirm hinzufügen",
  "textToSpeechVoiceNotAvailableForThisLangError": "Sprachausgabe für diese Sprache nicht verfügbar. Installieren Sie zusätzliche Sprachpakete für Ihr System (falls verfügbar).",
  "textToSpeechInSafariNotGreatTryEdgeOrChrome": "Die Sprachausgabe im Safari-Browser ist nicht optimal. Installieren Sie Microsoft Edge oder Chrome für bessere Stimmen.",
  "dueForReview": "Zur Wiederholung fällig",
  "signInWithGoogle": "Mit Google anmelden",
  "allServersRunningNormally": "Alle Server funktionieren normal.",
  "clearHistory": "Löschen",
  "copiedText": "Kopiert:",
  "loadingText": "Text wird geladen...",
  "installChromeExtension": "Chrome-Erweiterung installieren",
  "itemsRemoved": "Einträge entfernt",
  "removingItemsFailed": "Entfernen der Einträge fehlgeschlagen.",
  "itemsUpdated": "Einträge aktualisiert",
  "autopauseNotAvailableOnYoutube": "Automatische Pause ist bei YouTube nicht verfügbar.",
  "sideBySideLayout": "Nebeneinander",
  "overAndUnderLayout": "Übereinander",
  "youAlsoHaveItemsInOtherLanguages": "Sie haben auch gespeicherte Einträge in anderen Sprachen. Wechseln Sie die Sprache in den Einstellungen, um diese anzuzeigen.",
  "otherLanguages": "Weitere Sprachen",
  "paymentsAreCurrentlyNotSupportedInYourCountry": "Zahlungen sind derzeit in Ihrem Land nicht verfügbar.",
  "titles_header": "Titel",
  "sources_header": "Quellen",
  "holdTheButtonToRecord": "Halten Sie die Taste zum Aufnehmen gedrückt",
  "noOption": "Keine Option",
  "learningResources": "Lernmaterial",
  "deleteMyData": "Meine Daten löschen",
  "deleteMyData_confirmationMessage": "Dies wird unwiderruflich alle Ihre Einstellungen, gespeicherten Elemente, Übungschronik, gespeicherten Medien und Texte löschen. Sind Sie sicher?",
  "advancedActions": "Erweiterte Funktionen",
  "successDone": "Erfolgreich!",
  "qKey": "Auto-Pause umschalten",
  "rKey": "Untertitel speichern",
  "copyKey": "Aktuellen Satz kopieren",
  "unknownRank": "Unbekannter Rang",
  "mostFrequentWord": "häufigstes Wort",
  "studyStore_errorSavingCardStats": "Fehler beim Speichern der Karteikartenstatistik.",
  "studyStore_errorSavingCardRating": "Fehler beim Speichern der Kartenbewertung.",
  "studyStore_loginNoLongerValid": "Anmeldung ist nicht mehr gültig, laden Sie diese Seite neu.",
  "studyStore_tooltip_extraPracticeSentence": "Dieser Satz wird nicht wegen eines bestimmten gespeicherten Wortes angezeigt. Es handelt sich um zusätzliche Übung zur Verbesserung Ihrer Hör- und Grammatikkenntnisse.",
  "studyStore_tooltip_savedInYoutube": "Gespeichert im YouTube-Video: ",
  "studyStore_tooltip_savedInNetflix": "Gespeichert in Netflix-Video: ",
  "studyStore_extraPracticeIndicator": "[Zusatzübung]",
  "studyStore_errorLoadFlashcardMetadataFailed": "Laden der Karteikarten-Metadaten fehlgeschlagen.",
  "studyStore_errorLoadPracticeItemsFailed": "Übungselemente konnten nicht geladen werden.",
  "studyStore_errorLoadAudioFailed": "Audio konnte nicht geladen werden.",
  "studyStore_errorGettingAudio": "Fehler beim Abrufen der Audio-Datei: ",
  "savedItemsStore_errorTooManyItems": "Sie haben zu viele Einträge",
  "savedItemsStore_errorSavingItem": "Fehler beim Speichern des Elements.",
  "savedItemsStore_errorUpdatingItemsFailed": "Aktualisierung der Einträge fehlgeschlagen.",
  "savedItemsStore_errorFailedToRemoveItem": "Element konnte nicht entfernt werden.",
  "savedItemsStore_devError_itemNotFoundForSetStudied": "Gespeichertes Element existiert nicht: ",
  "mediaStore_errorFailedToGetPlaylistInfo": "Wiedergabelisteninformationen konnten nicht abgerufen werden.",
  "mediaStore_errorFailedToGetDocumentInfo": "Die Dokumentinformationen konnten nicht abgerufen werden.",
  "mediaStore_errorDocNotFoundInPlaylist": "Dokument wurde in der Wiedergabeliste nicht gefunden.",
  "userDataStore_errorFailedToSaveUserData": "Die Einstellungen konnten nicht gespeichert werden.",
  "userDataStore_errorUpdatingSavedItemKeys": "Gespeicherte Einträge konnten nicht abgerufen werden.",
  "chatStore_errorNannyRefusedMessage": "Der Chat-Service konnte Ihre Nachricht nicht verarbeiten. Formulieren Sie Ihre Nachricht bitte anders.",
  "chatStore_errorQuotaExceededPro": "Chat-Kontingent ausgeschöpft, versuchen Sie es morgen wieder.",
  "chatStore_errorAsrFailed": "Ihre Nachricht konnte nicht verarbeitet werden, versuchen Sie es erneut.",
  "chatStore_errorGettingChatMessages": "Fehler beim Abrufen der Chat-Nachrichten.",
  "chatStore_errorQuotaExceededMachine": "Chat-Kontingent überschritten. Überprüfen Sie Ihr Abonnement oder versuchen Sie es später erneut.",
  "chatStore_errorQueueFull": "Entschuldigung, die Server sind derzeit voll ausgelastet. Wir arbeiten an einer Lösung.",
  "chatStore_infoProUsersPriorityAccess": "Pro-Nutzer erhalten bevorzugten Zugang.",
  "chatStore_errorLoadingConversationLangMismatch": "Fehler beim Laden der Konversation: Spracheinstellungen stimmen nicht überein.",
  "chatStore_placeholderEnterWordsHere": "[Wörter hier eingeben]",
  "notifications_prefixNetworkError": "Netzwerkfehler, überprüfen Sie Ihre WLAN-Verbindung. ",
  "notifications_prefixNotFound": "Fehler: Nicht gefunden. ",
  "notifications_prefixBadRequest": "Softwarefehler, versuchen Sie es später erneut. ",
  "notifications_prefixTokenError": "Anmeldefehler, melden Sie sich erneut an. ",
  "notifications_prefixServerError": "Serverfehler, versuchen Sie es später erneut. ",
  "notifications_prefixNotProUser": "Pro-Funktionen sind nicht mehr verfügbar. ",
  "notifications_prefixRateLimitExceeded": "Anfragelimit überschritten. Versuchen Sie es später. ",
  "mediaDocPodcast_errorTimeoutDownloadingAudio": "Zeitüberschreitung beim Herunterladen der Audiodatei von URL.",
  "media_errorLoadingMediaTranslations": "Fehler beim Laden der Medienübersetzungen.",
  "media_errorAsrQuotaExceeded": "Sie haben das tägliche Limit für die Audioverarbeitung erreicht. Versuchen Sie es morgen erneut.",
  "media_errorAsrQueueFull": "Der Audio-Verarbeitungsserver ist ausgelastet. Versuchen Sie es später erneut.",
  "media_errorLoadingAsr": "Fehler beim Laden der automatischen Spracherkennung.",
  "media_errorAsrTooLong": "Die Spracherkennung dauert zu lange. Versuchen Sie es später erneut.",
  "media_errorLoadingNlpData": "Fehler beim Laden der NLP-Daten.",
  "mediaDocText_errorFetchingPageTranslations": "Fehler beim Abrufen der Seitenübersetzungen.",
  "mediaDocText_errorFetchingTextInfo": "Fehler beim Abrufen der Textinformationen.",
  "mediaDocText_errorFetchingPageNlp": "Fehler beim Abrufen der NLP-Seite.",
  "mediaDocText_errorFetchingPageTts": "Fehler beim Abrufen der Vorlesefunktion.",
  "media_errorLoadingMediaMetadata": "Fehler beim Laden der Mediendaten.",
  "media_errorFetchingSubtitlesForVideo": "Fehler beim Abrufen der Untertitel für das Video.",
  "media_errorAsrNotAvailableForVideo": "Automatische Spracherkennung ist für dieses Video leider nicht verfügbar.",
  "media_errorFetchingVideoTranslations": "Fehler beim Abrufen der Videoübersetzungen."
}