{
  "langCode": "es",
  "appNameTr": "Language Reactor",
  "appName": "Language Reactor",
  "appDesc": "Mejore sus habilidades por su cuenta, de manera efectiva y agradable, viendo películas y series en el idioma que estudia.",
  "catalogue": "Catálogo",
  "catalogue_tooltip": "Encuentre películas y series compatibles con Language Reactor.",
  "help": "Ayuda",
  "help_tooltip": "Instrucciones de uso, consejos.",
  "feedback": "Enviar comentarios",
  "feedback_tooltip": "¿Algo va mal? ¿Solicitud de función?",
  "facebook": "Facebook",
  "facebook_tooltip": "Dale \"Me gusta\" a nuestra página y consulta las últimas noticias.",
  "originalLanguage_label": "Idioma original:",
  "originalLanguage_tooltip": "El idioma original de esta película de Netflix.",
  "noDictionary_error": "La extensión Language Reactor aún no admite el uso del diccionario para <text>. ¡Esta característica estará disponible en breve!",
  "subtitleLanguage_label": "Idioma de subtítulos de Netflix",
  "subtitleLanguage_tooltip": "Este es el idioma de los subtítulos de Netflix seleccionados.",
  "subtitlesNotLoaded_error": "Los subtítulos de Netflix no se han cargado. ¿Se ha seleccionado un idioma de subtítulos en el menú de reproducción de Netflix?",
  "subtitlesNoMatchAudio_error": "Los subtítulos de Netflix seleccionados (<text>) no coinciden con el audio. Intente configurarlos en el idioma original del título (<text>) en los controles de reproducción de Netflix, o busque en el catálogo de Language Reactor los títulos sugeridos para el idioma que estudia.",
  "subtitlesNoMatchAudio_ASR_error_GT": "Los subtítulos en <text> no coinciden con el audio. Cambie a los subtítulos en el idioma original (<text>) en los controles de reproducción de Netflix, o busque un título sugerido para su idioma objetivo en el catálogo de Language Reactor. Como alternativa, use la pista de reconocimiento de voz (ASR).",
  "audioNoMatchSubtitles_error": "Es probable que la pista de audio de Netflix seleccionada (<text>) no coincida con los subtítulos. Intente configurarlo en el idioma original del título (<text>) en los controles de reproducción de Netflix, o busque en el catálogo de Language Reactor los títulos sugeridos para el idioma que estudia.",
  "audioLanguage_label": "Idioma del audio de Netflix",
  "audioLanguage_tooltip": "Este es el idioma de la pista de audio de Netflix seleccionada.",
  "pleaseSelectSubtitles": "- Seleccione los subtítulos en el reproductor de Netflix -",
  "pleaseSelectSubtitlesYoutube": "- Seleccione los subtítulos en el reproductor de Youtube -",
  "loadingSubtitles": "- Cargando subtítulos. Por favor, espere... -",
  "loadingTranslations": "Cargando traducciones...",
  "firstSubtitleNotReached": "- Primer subtítulo aún no empezó. -",
  "errorApology_OLD": "Language Reactor ha detectado que se ha producido un error. Los desarrolladores han sido notificados. Intente volver a cargar la página, o inténtelo nuevamente en 24 horas. Disculpe las molestias. Consulte nuestra página de Facebook para actualizaciones. Mensaje de error: <text>",
  "openClose_tooltip": "Abrir / cerrar Language Reactor.",
  "vocabHighlight_label": "Destacar vocabulario",
  "levelWithNumber": "Nivel <text>: <text> palabras",
  "levelDisable": "Nivel <text>: deshabilitar",
  "translationLanguage_label": "Idioma de traducción",
  "translationLanguage_tooltip": "Este es el idioma de la(s) traducción(es). Establézcalo como su idioma nativo.",
  "showMachineTranslation_label": "Mostrar traducción automática",
  "showMachineTranslation_tooltip": "Mostrar una traducción automática de los subtítulos de origen en su idioma.",
  "showHumanTranslation_label": "Mostrar traducción humana",
  "showHumanTranslation_tooltip": "Mostrar una traducción humana de los subtítulos de origen en su idioma, si está disponible.",
  "slowSpeechSegments": "Ralentizar segmentos de audio",
  "slowSpeechSegments_tooltip": "Reducir la velocidad de reproducción del vídeo cuando un subtítulo está activo (0.8x), para que sea más fácil de entender.",
  "keyboardShortcuts": "Atajos de teclado:",
  "previous": "Anterior",
  "next": "Siguiente",
  "previousSub": "Subtítulo anterior",
  "nextSub": "Subtítulo siguiente",
  "play": "Reproducir",
  "playPause": "Reproducir/Pausar",
  "repeat": "Repetir",
  "infiniteRepeat": "Repetición infinita",
  "alsoUseASD": "Teclas alternativas: A, S, D, Espacio",
  "autoPause": "Pausa automática",
  "autoPause_tooltip": "Pausar automáticamente la reproducción al final de cada subtítulo.",
  "none": "Ninguno",
  "nms_tip": "¿Está aprendiendo un idioma? Pruebe nuestra nueva extensión para estudiar un idioma con Netflix.",
  "welcomeModal_line1_string": "Estimados usuarios,",
  "welcomeModal_line2_string": "Hemos realizado una actualización importante de la extensión. Esperamos que disfrute de las nuevas características:",
  "welcomeModal_line3_string": "Los subtítulos ahora se pueden mostrar en la parte superior del vídeo.",
  "welcomeModal_line4_string": "Panel lateral adicional para ver todos los subtítulos.",
  "welcomeModal_line5_string": "Mejor soporte para idiomas asiáticos.",
  "proFeatures_line1_string": "El modo \"Pro\" habilita funciones adicionales:",
  "proFeatures_line2_string": "Traducciones automáticas",
  "proFeatures_tt2_string": "Las traducciones tienen un significado más cercano a los subtítulos originales. Son más útiles para los estudiantes de idiomas.",
  "proFeatures_line3_string": "Guardar palabras y frases",
  "proFeatures_tt3_string": "Cualquier palabra que guarde se resaltará en todos los subtítulos. Esto ayuda a organizar su aprendizaje. Las palabras y frases guardadas se pueden exportar a Anki (programa de tarjetas de memoria).",
  "proFeatures_line4_string": "Subtítulos para películas dobladas",
  "proFeatures_tt4_string_GT": "Muchas series en Netflix tienen pistas de audio adicionales en otros idiomas (audio doblado), pero Netflix no tiene subtítulos correctos para estas pistas de audio. Language Reactor puede crear subtítulos a partir del audio, así que puede estudiar, por ejemplo, alemán con Breaking Bad.",
  "proFeatures_line5_string": "Apoya a los desarrolladores",
  "proFeatures_tt5_string": "Estamos trabajando arduamente para mejorar la extensión y ofrecerle nuevas funciones.",
  "price_string": "El precio por mes es:",
  "welcomeModal_line6_string": "La traducción automática solía ser gratuita, pero este es un servicio costoso de proporcionar. Esperamos que lo entienda.",
  "useForFree_line_string": "Puede usar estas funciones gratis durante una semana.",
  "useForFree_twoWeeks_line_string": "Puede usar estas funciones gratis durante dos semanas.",
  "useProForFreeTwoWeeks_string": "Puede utilizar las funciones Pro de forma gratuita durante dos semanas.",
  "notNow_btn_string": "Ahora no",
  "continueWithGoogle_btn_string": "Continuar con Google",
  "trialBegunModal_body_string": "¡Las funciones \"Pro\" se han habilitado!",
  "ok_btn_string": "Aceptar",
  "prePaymentModal_line1_string": "Suscríbase para seguir utilizando las funciones \"Pro\".",
  "choosePaymentProvider_line_string": "Por favor, elija una forma de pago:",
  "payWithGoogle_btn_string": "Se aceptan tarjetas de crédito.",
  "payWithPaddle_btn_string": "Se aceptan tarjetas de crédito y PayPal.",
  "christmasSale_GT": "20% de descuento hasta el 1 de enero",
  "youPayEveryMonth_GT": "Pago mensual:",
  "or_GT": "o",
  "youPayEvery3Months_GT": "Pago trimestral:",
  "youPayEveryYear_GT": "Pago anual:",
  "oneMonth_GT": "1 mes",
  "threeMonths_GT": "3 meses",
  "oneYear_GT": "1 año",
  "subscriptionLabel_GT": "Suscripción. Puede cancelar después del pago si no desea la renovación automática.",
  "choose_GT": "Seleccionar",
  "paymentSuccessful_line1_string": "¡Pago realizado con éxito! Gracias por apoyar nuestro proyecto.",
  "paymentSuccessful_line2_string": "Puede cancelar su suscripción en cualquier momento desde la configuración.",
  "paymentSuccessfulPaddleMessage_line_string": "Nota: si su pago necesita ser verificado manualmente, espere unas horas. Entonces el modo ‘Pro’ debe activarse automáticamente. ¡Disculpe el retraso!",
  "cancelGoogle_line_string": "Nota: el modo ‘Pro’ permanecerá activo durante 30 días después de su último pago.",
  "cancelSubscription_btn_string": "Cancelar suscripción",
  "problemWithPayment_line1_string": "Se ha producido un problema con el pago de su suscripción.",
  "problemWithPayment_line2_string": "Después de actualizar su información de pago, vuelva a cargar esta ventana.",
  "updatePayment_btn_string": "Actualizar información de pago",
  "alreadyUserPleaseSignIn": "¿Ya es usuario? Por favor, inicie sesión.",
  "pleaseSignIn": "Por favor, inicie sesión.",
  "pleaseSignInOrRegister": "Inicie sesión o regístrese para acceder a funciones adicionales.",
  "noCreditCardInfoNoChargeAfterTrial": "No se requieren los datos de una tarjeta de crédito. No se le cobrará al acabar la prueba, salvo si elige adquirir una suscripción en ese momento.",
  "signIn": "Iniciar sesión",
  "signOut": "Cerrar sesión",
  "options": "Opciones",
  "mode": "Modo:",
  "manageSubscription": "Administrar suscripción",
  "mode_free": "Gratis",
  "mode_basic": "Modo básico",
  "mode_pro": "Pro",
  "signInStatus": "Estado de inicio de sesión:",
  "signedIn": "Sesión iniciada",
  "notSignedIn": "Sesión no iniciada",
  "fix": "Solucionar",
  "featureComingSoon": "Función disponible en breve.",
  "showTransliterations": "Mostrar transliteraciones",
  "noTransliterations": "Sin transliteraciones",
  "romaji": "Original + Romaji",
  "hiragana": "Original + Hiragana",
  "romajiOnly": "Romaji",
  "hiraganaOnly": "Hiragana",
  "withOriginalForm": "Con la forma original",
  "transliterationsOnly": "Solo transliteraciones",
  "hideTransliterationsForKnownWords_GT": "Ocultar transliteraciones de palabras conocidas",
  "playbackSpeed": "Velocidad de reproducción",
  "normal": "Normal",
  "notAvailable": "No disponible.",
  "noHTAvailable": "No hay traducción humana disponible para el idioma de traducción seleccionado.",
  "noMTAvailable": "Las traducciones automáticas solo están disponibles para los subtítulos originales de la película.",
  "proFeature": "Función Premium",
  "saveCurrentSubtitle": "Guardar subtítulo actual",
  "toggleAutoPause": "Activar/desactivar pausa automática",
  "exportToAnki": "Exportar a Anki",
  "pleaseSelectItemsToExport": "Por favor, seleccione artículos para exportar:",
  "allItems": "Todos los elementos",
  "download": "Descargar",
  "subtitles": "Subtítulos",
  "words": "Palabras",
  "savedItems_short": "Guardados",
  "savedItems": "Elementos guardados",
  "saved": "Guardado",
  "allLanguages": "Todos los idiomas",
  "allTypes": "Todos los tipos",
  "yellowWords": "Palabras amarillas",
  "blueWords": "Palabras azules",
  "greenWords": "Palabras verdes",
  "purpleWords": "Palabras moradas",
  "redWords": "Palabras rojas",
  "phrases": "Frases",
  "noSavedItems": "No hay elementos guardados.",
  "clickAStar": "Haga clic en una estrella para guardar un subtítulo o en los botones de colores del diccionario para guardar una palabra.",
  "loadingDotDotDot": "Cargando...",
  "showMore": "Mostrar más",
  "openCloseBottomPanel": "Abrir/cerrar el panel inferior",
  "openCloseVerticalView": "Abrir/cerrar vista vertical",
  "close": "Cerrar",
  "autoPaused": "PAUSA AUTOMÁTICA",
  "pressSpaceToContinue": "(Presione ESPACIO para continuar)",
  "saveWordTooltip": "Guardar palabra. También puede hacer clic con el botón derecho en una palabra para guardarla.",
  "subscriptionToProFeatures": "Suscripción a las funciones \"Pro\".",
  "tryForFree": "Pruébelo gratis",
  "noCreditCardRequired": "No se requiere tarjeta de crédito.",
  "noCharge": "A diferencia de otros, no le cobraremos durante su versión de evaluación ni actualizaremos su suscripción automáticamente.",
  "subscriptionActive": "Su plan está activo.",
  "speedUpPlayback": "Acelerar la reproducción",
  "slowDownPlayback": "Desacelerar la reproducción",
  "highlightSavedWords_label": "Resaltar palabras guardadas",
  "onRightClick_label": "Clic derecho",
  "onLongPress_label_GT": "Acción de pulsación larga",
  "suggestedToKnownWordsRatio_label_GT": "Proporción entre palabras sugeridas y conocidas",
  "showVV_label": "Mostrar vista de lista de subtítulos",
  "showSubsBelowVideo_label": "Mostrar subtítulos debajo del vídeo",
  "otherPossibleTranslations": "Otras posibles traducciones",
  "doNothing_option": "No hacer nada",
  "showDict_option": "Mostrar diccionario",
  "showDictSpeak_option": "Mostrar diccionario y pronunciar la palabra",
  "speakWord_option": "Pronunciar palabra",
  "saveWord_option": "Guardar la palabra",
  "removeAllItems": "Eliminar todos los elementos",
  "areYouSure": "¿Está seguro?",
  "hideTranslation": "Ocultar traducción",
  "hideTranslation_tt": "Ocultar la traducción cuando se reproduzca el vídeo. Hacer clic en el texto o presionar [e] para mostrar la traducción.",
  "littlePracticeEveryDay": "Aprender un idioma requiere un poco de práctica todos los días.",
  "enableLln": "Habilitar Language Reactor",
  "doYouLikeOurExtension": "¿Le gusta Language Reactor?",
  "reportBug": "Informar de un error",
  "translationNotFound": "No se encuentra la traducción.",
  "usageExamples": "Ejemplos de uso",
  "userDefinedExternalDict_label": "URLs del diccionario del usuario",
  "turnOnOff": "Encender/apagar",
  "fontSize_label": "Tamaño de la fuente",
  "extraSmall": "Extra pequeño",
  "small": "Pequeño",
  "large": "Grande",
  "extraLarge": "Extra grande",
  "removeSubtitle": "Eliminar",
  "settings": "Configuración",
  "subtitleLanguage_label_yt": "Idioma de subtítulos de Youtube",
  "subtitleLanguage_tooltip_yt": "Este es el idioma de los subtítulos de Youtube seleccionados.",
  "subtitlesNotLoaded_error_yt": "Los subtítulos de Youtube no se han cargado. ¿Se ha seleccionado un idioma de subtítulos en el menú de reproducción de Youtube?",
  "exportAsJson": "Exportar a JSON",
  "exportAsCsv": "Exportar a CSV",
  "exportAsExcel": "Exportar a Excel",
  "overrideArrowKeys_label": "Redefinir teclas de dirección",
  "overrideArrowKeys_tt": "Las teclas de flecha funcionarán igual que las teclas A, S y D",
  "changelist": "Lista de cambios",
  "print": "Imprimir",
  "export": "Exportar",
  "appDescYoutube": "Mejore sus habilidades lingüísticas de forma efectiva y amena viendo videos en el idioma que desea aprender.",
  "externalDictsMessage": "Diccionarios externos. Puede abrir el último diccionario externo usado directamente presionando la tecla Shift mientras hace clic en una palabra.",
  "userDefinedExternalDict_tooltip": "Diccionarios personalizados que aparecerán junto a otros diccionarios externos en la ventana emergente del diccionario (se nombrarán U1, U2...). La URL debe contener 'WORD' (en mayúsculas) - que se reemplazará automáticamente con cualquier palabra que busque. Puede insertar múltiples URLs en líneas separadas.",
  "pleaseLeaveReviewMessage": "¿Le gusta Language Reactor? Ayúdenos dejando una reseña en la Chrome Web Store.",
  "writeReview": "Escribir una reseña",
  "saveSubtitle": "Guardar",
  "translate": "Traducir",
  "selectLang": "Seleccionar el idioma",
  "searchVidsWithSubs": "Buscar vídeos con subtítulos (CC)",
  "searchSettings": "Configuración de búsqueda",
  "sourceLang": "Idioma de origen:",
  "chatWithOtherUsers": "Chatee con otros usuarios de Language Reactor",
  "forum": "Foro",
  "tip": "Consejo:",
  "considerChangingYoutubeLanguage": "Para obtener mejores resultados de búsqueda, considere cambiar su idioma en la configuración de Youtube.",
  "seeHow": "Aprenda cómo",
  "helloPleaseSelectYourNativeLanguage": "Hola. Por favor, seleccione su lengua materna:",
  "yourNativeLanguage_GT": "Su idioma nativo:",
  "autoHideYoutubePlaybackBarRecommended": "Ocultar automáticamente la barra de reproducción de Youtube (recomendado)",
  "dontChangeTheInterface": "No cambiar la interfaz",
  "hidePlaybackBar": "Ocultar barra de reproducción",
  "font": "Fuente",
  "defaultRecommended": "Predeterminado (recomendado)",
  "subtitlesHidden": "Subtítulos (ocultos)",
  "noSubsForThisVideo": "¡No hay subtítulos para este vídeo!",
  "forceOriginalTracks": "Forzar pistas originales",
  "forceOriginalTracks_desc": "Si se activa, esta opción cambiará el vídeo al audio y los subtítulos del idioma original cuando la extensión esté activada.",
  "hideSubtitles": "Ocultar subtítulos",
  "disabled": "Desactivado",
  "hideTranslations": "Ocultar traducciones",
  "hideBoth": "Ocultar ambos",
  "showSubtitleControls": "Mostrar controles de subtítulos",
  "moveToggleControls": "Mover / conmutar controles",
  "netflixTestsMessage": "Netflix a veces realiza pruebas que pueden hacer que Language Reactor no funcione correctamente. Para evitar problemas, le recomendamos que desactive la participación en las pruebas de Netflix. Es fácil:",
  "disableTesting": "Desactivar las pruebas",
  "nextBillingDate": "Próxima fecha de facturación",
  "youCanUseProForXXDays": "Puede seguir usando las funciones Pro durante <text> días.",
  "youCanUseFreeForXXDays": "Puede usar las funciones gratuitas durante <text> días.",
  "subtitlesCouldNotBeLoaded": "No se han podido cargar los subtítulos.",
  "adIsPlaying": "Se está reproduciendo un anuncio.",
  "yourSubscriptionHasExpired": "Su suscripción ha caducado.",
  "youHaveCanceledYourSubscription": "Ha cancelado su suscripción.",
  "nowYouCanStudyWithYoutubeToo": "¡Ahora también puede estudiar idiomas con YouTube!",
  "machineTranslations": "Traducción automática",
  "humanTranslations": "Traducción humana",
  "belowAreWordsFromTheCurrentVideo_GT": "Palabras de este video, ordenadas por frecuencia",
  "rightClickWordToSaveIt_GT": "Haga clic derecho para marcar una palabra",
  "leftClickToOpenDict": "Haga clic izquierdo para abrir el diccionario.",
  "selectVocabLevelToMarkPurple": "Seleccione un nivel de vocabulario en la configuración para marcar las palabras menos comunes en morado.",
  "aboveCurrentLevel": "Por encima del nivel actual",
  "unsavedWords": "Palabras no guardadas",
  "levelX": "Nivel <text>",
  "tips": "Consejos",
  "emptyTemplate": "",
  "thisExportHasMultipleParts": "Esta exportación tiene varias partes.",
  "downloadPartXX": "Descargar la parte <text>",
  "thisItemWasSavedInAnotherVideo": "Este artículo se ha guardado en otro vídeo.",
  "cancel": "Cancelar",
  "openVideo": "Abrir el vídeo",
  "format": "Formato",
  "printHtml": "Imprimir (HTML)",
  "mustReadHowToImportToAnki": "Lectura importante: Cómo importar a Anki",
  "infoAboutCsvExport": "Información sobre la exportación a CSV",
  "jsonDataSchema": "Esquema de datos JSON",
  "language": "Idioma",
  "itemType": "Tipo de artículo",
  "includeTimestamps": "Incluir marcas de tiempo",
  "youCanChangeTranslitsOptionsInSettings": "Puede cambiar las opciones de transliteración en los ajustes.",
  "preferredTranslations": "Traducciones preferidas",
  "onlyNewItemsSinceLastExport": "Solo artículos nuevos desde la última exportación",
  "includeMedia": "Incluir contenido multimedia",
  "langName_is": "Islandés",
  "langName_ga": "Irlandés",
  "langName_az": "Azerbaiyano",
  "langName_af": "Afrikáans",
  "langName_am": "Amárico",
  "langName_ar": "Árabe",
  "langName_sq": "Albanés",
  "langName_hy": "Armenio",
  "langName_it": "Italiano",
  "langName_yi": "Yidis",
  "langName_ig": "Igbo",
  "langName_id": "Indonesio",
  "langName_ug": "Uigur",
  "langName_cy": "Galés",
  "langName_uk": "Ucraniano",
  "langName_uz": "Uzbeko",
  "langName_ur": "Urdu",
  "langName_et": "Estonio",
  "langName_eo": "Esperanto",
  "langName_or": "Oriya",
  "langName_nl": "Neerlandés",
  "langName_kk": "Kazajo",
  "langName_ca": "Catalán",
  "langName_gl": "Gallego",
  "langName_kn": "Canarés",
  "langName_rw": "Kinyarwanda",
  "langName_el": "Griego",
  "langName_ky": "Kirguís",
  "langName_gu": "Gurayatí",
  "langName_km": "Jemer",
  "langName_ku": "Kurdo",
  "langName_hr": "Croata",
  "langName_xh": "Xhosa",
  "langName_co": "Corso",
  "langName_sm": "Samoano",
  "langName_jv": "Javanés",
  "langName_ka": "Georgiano",
  "langName_sn": "Shona",
  "langName_sd": "Sindhi",
  "langName_si": "Cingalés",
  "langName_sv": "Sueco",
  "langName_zu": "Zulú",
  "langName_gd": "Gaélico Escocés",
  "langName_es": "Español",
  "langName_sk": "Eslovaco",
  "langName_sl": "Esloveno",
  "langName_sw": "Swahili",
  "langName_su": "Sundanés",
  "langName_ceb": "Cebuano",
  "langName_sr": "Serbio",
  "langName_so": "Somalí",
  "langName_th": "Tailandés",
  "langName_tg": "Tayiko",
  "langName_tt": "Tártaro",
  "langName_ta": "Tamil",
  "langName_cs": "Checo",
  "langName_te": "Telugu",
  "langName_da": "Danés",
  "langName_de": "Alemán",
  "langName_tk": "Turcomano",
  "langName_tr": "Turco",
  "langName_ny": "Nyanja",
  "langName_ne": "Nepalí",
  "langName_no": "Noruego",
  "langName_ht": "Criollo Haitiano",
  "langName_ha": "Hausa",
  "langName_ps": "Pastún",
  "langName_eu": "Euskera",
  "langName_haw": "Hawaiano",
  "langName_hu": "Húngaro",
  "langName_pa": "Panyabí",
  "langName_hi": "Hindi",
  "langName_tl": "Filipino",
  "langName_fi": "Finés",
  "langName_hmn": "Hmong",
  "langName_fr": "Francés",
  "langName_bg": "Búlgaro",
  "langName_vi": "Vietnamita",
  "langName_iw": "Hebreo",
  "langName_be": "Bielorruso",
  "langName_fa": "Persa",
  "langName_bn": "Bengalí",
  "langName_pl": "Polaco",
  "langName_bs": "Bosnio",
  "langName_pt": "Portugués",
  "langName_mi": "Maorí",
  "langName_mk": "Macedonio",
  "langName_mg": "Malgache",
  "langName_mr": "Maratí",
  "langName_ml": "Malayalam",
  "langName_mt": "Maltés",
  "langName_ms": "Malayo",
  "langName_my": "Birmano",
  "langName_mn": "Mongol",
  "langName_yo": "Yoruba",
  "langName_lo": "Lao",
  "langName_la": "Latín",
  "langName_lv": "Letón",
  "langName_lt": "Lituano",
  "langName_ro": "Rumano",
  "langName_lb": "Luxemburgués",
  "langName_ru": "Ruso",
  "langName_en": "Inglés",
  "langName_ko": "Coreano",
  "langName_fy": "Frisón Occidental",
  "langName_zh-CN": "Chino (Simplificado)",
  "langName_zh-TW": "Chino (Tradicional)",
  "langName_st": "Sesotho Meridional",
  "langName_ja": "Japonés",
  "netflixCatalogue": "Catálogo de Netflix",
  "notAllTitlesAllCountries": "Como no todos los títulos están disponibles en todos los países, debe seleccionar el país en el que Netflix detecta que se encuentra.",
  "catalogueByOriginalLanguage": "El catálogo enumera los títulos según el idioma original. Permite encontrar películas francesas para estudiar francés y alemanas para estudiar alemán, etc.",
  "goodSubtitlesForOriginal": "Netflix tiene buenos subtítulos en el idioma original de un título que coinciden con la pista de audio.",
  "oftenDontMatch": "Los subtítulos no suelen coincidir con el audio en las películas dobladas.",
  "yourCountry": "Su país",
  "allCountries": "Todos los países",
  "numberFound_colon": "Encontrados:",
  "genre_colon": "Género:",
  "released_colon": "Estreno:",
  "runtime_colon": "Duración:",
  "drama": "Drama",
  "action": "Acción",
  "crime": "Crimen",
  "thriller": "Suspense",
  "adventure": "Aventura",
  "scifi": "Ciencia ficción",
  "romance": "Romance",
  "fantasy": "Fantasía",
  "mystery": "Misterio",
  "war": "Guerra",
  "biography": "Biografía",
  "history": "Historia",
  "clearHistory_GT": "Borrar historial",
  "comedy": "Comedia",
  "horror": "Terror",
  "sport": "Deporte",
  "music": "Música",
  "animation": "Animación",
  "musical": "Musical",
  "noMoviesFoundForThisSearch": "No se encontraron películas para esta búsqueda.",
  "youtubeCatalogue": "Catálogo de YouTube",
  "installExtensionForEnhancedFeatures": "Consejo: Instale la extensión para obtener funciones mejoradas mientras ve Netflix y YouTube.",
  "weCreatedYTCatalogue": "Hemos creado este catálogo para ayudarle a encontrar buenos canales para estudiar.",
  "errorLoadingData": "Error al cargar los datos.",
  "search": "Buscar",
  "subscribers_colon": "Suscriptores:",
  "withSubtitles_colon": "Con subtítulos:",
  "score_colon": "Puntuación:",
  "installExtensionForBetterExperience": "Instale la extensión del navegador para una mejor experiencia.",
  "translationSameAsSource_text_text": "El idioma de la traducción (<text>) es el mismo que el del idioma de origen (<text>). Considere cambiar el idioma de traducción en ajustes.",
  "translationNotSupported_text_text": "Actualmente, no se admite la traducción de <text> a <text>.",
  "selectDifferentTranslationLanguage": "Seleccione un idioma de traducción diferente.",
  "nextVideo": "Siguiente vídeo",
  "prevVideo": "Vídeo anterior",
  "smallVideo": "Video pequeño",
  "bigVideo": "Video grande",
  "showTranslation": "Mostrar la traducción (si está disponible)",
  "watchingVideos": "Ver videos",
  "afterInstallingAdditionalFeatures": "Después de instalar la extensión del navegador, dispondrá de funciones adicionales para el aprendizaje de idiomas cuando vea vídeos en los sitios web de Netflix y YouTube.",
  "whatToWatch": "Qué ver",
  "weCreatedNetflixAndYoutubeCatalogue": "Para ayudarle a encontrar vídeos, hemos creado un catálogo de Netflix y YouTube. Puede abrir el catálogo en el menú de la izquierda de esta página.",
  "alreadyOpenPleaseReload": "Si ya tiene abierto Netflix o YouTube, recargue la ventana.",
  "clickToOpenSettings": "Haga clic aquí para abrir los ajustes.",
  "clickEnableExtraFeatures": "Haga clic aquí para activar o desactivar las funciones adicionales.",
  "formerlyCalled": "(anteriormente llamado \"Language Learning with Netflix\")",
  "startInstallExtension": "Para comenzar, instale la extensión del navegador.",
  "saveAndReview": "Guardar y repasar",
  "reviewWordsAndPhrases": "Puede repasar las palabras y frases que haya guardado como fichas, así como aprender palabras nuevas.",
  "underActiveDevelopment": "Este proyecto está en desarrollo activo. Para sugerir una función o informar de un problema, visite nuestro foro.",
  "writeToUs": "Escríbanos para hacer otras preguntas.",
  "setupComplete": "Instalación completa",
  "clickWordDictionary": "Haga clic en una palabra para ver el diccionario. Haga clic con el botón derecho en una palabra para guardarla.",
  "autopauseEverySubtitle": "Pausar automáticamente después de cada subtítulo.",
  "machineAndHumanTranslations": "En la configuración, puede elegir mostrar dos tipos de traducciones: automática y humana. La traducción automática es muy literal y le ayuda a entender la estructura de la frase en el idioma que está estudiando. A veces puede contener errores. La traducción humana suele ser útil, ya que traduce correctamente expresiones y modismos.",
  "keyboardKeys": "Puede usar las teclas del teclado para controlar al reproductor.",
  "aKey": "Subtítulo anterior",
  "sKey": "Repetir subtítulo",
  "dKey": "Siguiente subtítulo",
  "spaceKey": "Reproducir/Pausar",
  "settingsForMoreShortcuts": "Consulte los ajustes para descubrir más atajos del teclado.",
  "weCreatedNetflixCatalogue": "Hemos creado un catálogo especial para ayudarle a encontrar títulos de Netflix con subtítulos de alta calidad en el idioma que estudia.",
  "youtubeHasAnyTopic": "YouTube tiene vídeos sobre cualquier tema, en todos los idiomas principales. No obstante, YouTube intenta ocultarle contenido extranjero.",
  "pageNotFound": "No se encontró la página.",
  "videosNoLongerAvailable": "Es probable que algunos de los vídeos de la lista ya no estén disponibles en su país.",
  "votes_text": "<text> votos",
  "countries_text": "<text> países",
  "watch": "Ver",
  "tryAgain": "Intentar de nuevo",
  "videoUnavailablePleaseContinue": "Este vídeo no está disponible, continúe con el siguiente vídeo.",
  "nextPage": "Página siguiente",
  "prevPage": "Página anterior",
  "videos": "Videos",
  "selectPlaylist": "Seleccione una lista de reproducción.",
  "flashcardTooltipProposal": "Cantidad de elementos nuevos que entran al ciclo de estudio en esta sesión",
  "flashcardTooltipExposure": "Número de elementos para repasar en esta sesión",
  "flashcardTooltipTest": "Cantidad de elementos para el Quiz de esta sesión",
  "flashcardExposureTooltip": "Las tarjetas de exposición muestran diferentes oraciones de ejemplo usando palabras guardadas para ayudarle a comprender sus diversos usos.",
  "flashcardExposure": "Exposición",
  "flashcardTestTooltip": "Las tarjetas de prueba evalúan su conocimiento de palabras y oraciones",
  "flashcardTest": "Prueba",
  "lastPracticed_text": "Última práctica: <text>",
  "itemsDueForPractice_text": "<text> elementos pendientes de práctica.",
  "startPractice": "Iniciar práctica",
  "betterWaitTillTomorrow": "Es mejor esperar hasta mañana para la próxima sesión de práctica.",
  "practiceMore": "Practicar más",
  "savedWordsAppearHere": "Sugerencia: cuando guarde palabras y frases, aparecerán aquí cuando deba practicarlas.",
  "showAnswer": "Mostrar respuesta",
  "fail": "Incorrecto",
  "hard": "Difícil",
  "easy": "Fácil",
  "success": "Correcto",
  "ok": "Entendido",
  "extraButtonsSearchBar": "Creamos estos botones adicionales al lado de la barra de búsqueda en YouTube:",
  "leftTranslateRightSearch": "El botón de la izquierda traduce el texto en el cuadro de búsqueda, para que pueda encontrar videos con más facilidad en el idioma que estudia. El botón de la derecha busca videos con subtítulos.",
  "youtubeInterfaceLanguageMoreVideos": "Puede cambiar el idioma de la interfaz de usuario de YouTube al idioma que está estudiando. YouTube le mostrará más videos en ese idioma.",
  "howToChangeYoutubeInterfaceLanguage": "Cómo cambiar el idioma de la interfaz de YouTube",
  "clickButtonTopRight": "Haga clic en este botón en la parte superior derecha de su pantalla:",
  "lookForLanguageSetting": "Busque la configuración de \"Idioma\":",
  "whenChangeMoreResults": "Cuando cambie el idioma, habrá más resultados de búsqueda en el idioma que estudia.",
  "onlyDesktopCheckBack": "Language Reactor solo está disponible en computadoras de escritorio por ahora. ¡Vuelva pronto!",
  "open": "Abrir",
  "word": "Palabra",
  "phrase": "Frase",
  "translation": "Traducción",
  "context": "Contexto",
  "source": "Fuente",
  "actions": "Acciones",
  "accountInformation": "Información de la cuenta",
  "quickSettings": "Configuración rápida",
  "fullSettings": "Configuración completa",
  "gettingStarted": "Comenzar",
  "exportHelp": "Guía de exportación",
  "studyTips": "Consejos para estudiar",
  "howToImportWebpage": "Cómo importar una página web",
  "importWithRightClick": "Puede importar una página web en Language Reactor desde el menú del botón derecho.",
  "extensionInstalledForThisFeature": "Debe tener instalada la extensión del navegador para esta función.",
  "importText": "Importar texto",
  "goToReaderMode": "Ir al modo de Lectura",
  "edit": "EDITAR",
  "read": "LEER",
  "posADJ_UD": "Adj.",
  "posADP_UD": "Adp.",
  "posADV_UD": "Adv.",
  "posAUX_UD": "Aux.",
  "posNOU_UD": "Noun",
  "posPRO_UD": "Pronoun",
  "posVER_UD": "Verb",
  "posDET_UD": "Det.",
  "posSYM_UD": "Symbol",
  "posINT_UD": "Int.",
  "posCCO_UD": "Coord. Conj.",
  "posPUN_UD": "Punct.",
  "posNUM_UD": "Numerical",
  "posPAR_UD": "Particle",
  "posSCO_UD": "Sub. Conj.",
  "posX_UD": "Foreign",
  "posCONJ": "Conj.",
  "posPREP": "Prep.",
  "ok2": "Aceptar",
  "pleaseWait": "Por favor, espere...",
  "ohNoPleaseAddPermissionLRLogin": "¡Oh no! ¡Otorgue permiso para que la extensión del navegador Language Reactor se ejecute en languagereactor.com y permitir iniciar la sesión con éxito!",
  "recommended$Videos$": "Recomendados",
  "$videos$WithSubtitles": "Con subtítulos",
  "$videosWith$MostSubscribers": "Mayor cantidad de suscriptores",
  "sortBy": "Ordenar por",
  "$video$Rating": "Calificación",
  "yearReleased": "Año de lanzamiento",
  "type$OfVideo$": "Tipo",
  "any$TypeOfVideo$": "Todos",
  "movies": "Películas",
  "series": "Series",
  "genres": "Géneros",
  "all$Genres$": "Todo",
  "goToIMDB": "Ir a IMDB",
  "availableIn": "Disponible en:",
  "errorLoadingVideo": "Error al cargar el video",
  "goBack": "Volver",
  "sorryThisPlaylistIsMissing": "Lo sentimos, esta lista de reproducción ha desaparecido.",
  "sorryThisVideoIsMissing": "Lo sentimos, este video no está disponible.",
  "videoList": "Lista de videos",
  "studyLanguage": "Idioma de estudio",
  "iAmLearning": "Estoy aprendiendo",
  "playAll": "Reproducir todo",
  "bigUpdate": "¡Gran actualización!",
  "readMore": "Leer más",
  "iGotIt": "Ya lo sé",
  "allWords": "Todas las palabras",
  "savedWords": "Palabras guardadas",
  "savedPhrases": "Frases guardadas",
  "setVocabLevel_short": "Nivel de vocabulario",
  "setVocabLevel": "Establecer nivel de vocabulario",
  "changeVocabLevelConfirmation_GT": "¿Cambiar el nivel de vocabulario de <text> a <text>?",
  "changeStudyLevel": "Cambiar el nivel de vocabulario",
  "currentStudyLevel": "Nivel de vocabulario actual",
  "change": "Cambiar",
  "pleaseSelectYourStudyLevelToContinue": "Seleccione su nivel de vocabulario para continuar",
  "frequency": "Frecuencia",
  "alphabetical": "Alfabético",
  "LEARNING": "Aprendiendo",
  "KNOWN": "Conocido",
  "SKIPPED": "No estudiar",
  "SKIPPED_short": "No estudiar",
  "knownWords_GT": "Palabras conocidas",
  "tag": "Etiquetas",
  "errorLoadingList": "Error al cargar las palabras",
  "pleaseSelectLanguageOnTop_GT": "Seleccione un idioma arriba",
  "xSelected": "<text> seleccionadas",
  "setLearningStage": "Establecer etapa de aprendizaje",
  "thisWillAffectXItemsAreYouSure": "Esto afectará <text> elementos. ¿Está seguro?",
  "yes": "Sí",
  "no": "No",
  "removeItems": "Eliminar elementos",
  "setTag": "Establecer etiqueta",
  "selectAllOrNone": "Seleccionar todo / nada",
  "logIn": "Iniciar sesión",
  "noItemsFound": "No se encontraron elementos",
  "upgrade": "Suscribirse",
  "transliterationsJapanese": "Transliteraciones japonesas",
  "transliterationsVisibility_GT": "Mostrar transcripciones",
  "alwaysShow_GT": "Siempre",
  "hideForKnownWords_GT": "Ocultar para palabras conocidas",
  "hideForMarkedAndKnownWords_GT": "Ocultar para palabras marcadas y conocidas",
  "specialWords_GT": "Palabras especiales",
  "specialWords_info_GT": "Nombres, lugares, números, etc.",
  "markedWords_GT": "Palabras marcadas",
  "markWord_GT": "Marcar palabra",
  "savedWordsMarkingTooltipDesc_GT": "Las palabras marcadas mantienen su estado cuando cambia el nivel de vocabulario. Aparecen con un contorno.",
  "wordStatus_desc_GT": "El estado proviene del nivel de vocabulario o marcado individual.",
  "wordColors_desc_GT": "Estas configuraciones controlan la apariencia de las palabras en los subtítulos y textos. En la vista de 'Elementos guardados', siempre se usa el coloreado completo de las palabras.",
  "suggestedWords_desc_GT": "Las palabras más útiles para su próximo aprendizaje",
  "showKnownWordsInGreen": "Mostrar palabras conocidas en verde",
  "showMarkedLearningWordsInOrange_GT": "Mostrar palabras marcadas como Aprendizaje en naranja",
  "showSuggestedWordsInOrange_GT": "Mostrar palabras sugeridas en naranja",
  "showRareWordsInGrey_GT": "Atenuar palabras poco frecuentes",
  "outline_GT": "Contorno",
  "outlineMarkedWordsInText": "Resaltar palabras marcadas en el texto",
  "showTagsInText": "Mostrar etiquetas en el texto",
  "showLearningStageButtonsInMiniDictionary": "Mostrar botones de la etapa de aprendizaje al pasar el mouse por encima",
  "switchLearningStage_GT": "Alternar conocidas / aprendiendo",
  "switchTags": "Alternar etiquetas",
  "switchLanguage_GT": "Cambiar idioma",
  "dictionary": "Diccionario",
  "speakWordOnClick": "Decir la palabra al hacer clic",
  "basicSettings": "Configuraciones básicas",
  "machineTranslationsAvailable": "Traducciones automáticas disponibles",
  "belowAreWordsOfIncreasingDifficultyDesc": "A continuación se presentan palabras de dificultad creciente. Haga clic en la última fila donde pueda entender todas las palabras (desplácese para ver todo).",
  "iDontKnowAnyWordsYet": "Todavía no conozco ninguna palabra.",
  "exampleText": "Texto de ejemplo:",
  "wordColors_GT": "Colores de palabras",
  "reset_GT": "Restablecer",
  "newChat_GT": "Nuevo chat",
  "autoCorrectGrammar_GT": "Corregir gramática automáticamente",
  "estimatedNumberOfKnownWords": "Cantidad estimada de palabras conocidas",
  "article": "Artículo",
  "fullText": "Texto completo",
  "textMode": "Texto",
  "myText_GT": "Mi texto",
  "myTexts_GT": "Mis textos",
  "books_GT": "Libros",
  "pasteAnyTextYouWishToStudyHere": "Pegue aquí el texto que desea estudiar",
  "videoFile": "Archivo de video",
  "selectVideo": "Seleccionar video",
  "selectVideoFile": "Seleccionar archivo de video",
  "selectSubtitles": "Seleccionar subtítulos",
  "subtitlesLanguage": "Idioma de los subtítulos",
  "save": "Guardar",
  "copy": "Copiar",
  "copyCurrentSentence": "Copiar la oración actual",
  "wordNotFound": "Palabra no encontrada",
  "markWhetherYouKnowThisWordDesc": "Indique si conoce o no esta palabra. Marcar las palabras en naranja (en aprendizaje) las agregará a sus tarjetas didácticas.",
  "shortcutRightClick": "Clic derecho del mouse",
  "shortcutMiddleClick": "Clic medio del mouse",
  "addTagToAWordDesc": "Puede usar etiquetas para formar grupos de palabras. Las palabras etiquetadas pueden exportarse por separado. Las etiquetas se pueden mostrar como subrayados de colores; esto se puede controlar en la configuración.",
  "markAsKnown": "Marcar como conocida",
  "markAsLearning": "Marcar como en aprendizaje",
  "markedKnown_GT": "Marcado como conocido",
  "markedToLearn": "Marcadas para aprender",
  "learningNow": "En aprendizaje ahora",
  "learnt": "Aprendidas",
  "learn": "Aprender",
  "remove": "Eliminar",
  "noTag": "Sin etiqueta",
  "examplesSavedItems": "Ejemplos: elementos guardados",
  "examplesCurrentText": "Ejemplos: texto actual",
  "examples": "Ejemplos:",
  "pleaseSignInToUseThisFeature": "Inicie sesión para utilizar esta función.",
  "pleaseSignInToUseThisFreeFeature": "Inicie sesión para utilizar esta función gratuita.",
  "soThatWeCanSaveYourProgress": "(para que podamos guardar su progreso)",
  "phrasepumpInfoTooltipShort": "PhrasePump le ofrece un conjunto de frases que debería poder entender en su mayoría. Mejora el vocabulario, las habilidades auditivas y los conocimientos gramaticales.",
  "phrasepumpInfoTooltip": "PhrasePump le ofrece un conjunto de frases que debería poder entender en su mayoría. Mejora el vocabulario, las habilidades auditivas y los conocimientos gramaticales. Se seleccionan oraciones con palabras que se deben practicar o que contienen palabras nuevas para aprender.",
  "fumingRiver": "Deje que el idioma fluya a través de usted como un río, tallando nuevos caminos en su mente.",
  "itemsDueForReview": "Elementos pendientes de revisión",
  "noCardsToStudy": "No hay tarjetas para estudiar.",
  "tryEnablingMoreStudyModes": "Intente habilitar más modos de estudio.",
  "pleaseMarkMoreItemsOrWait": "Marque más elementos para estudiar o espere a que los elementos existentes estén listos.",
  "statistics": "Estadísticas",
  "xCards": "<text> tarjetas",
  "cards": "Tarjetas",
  "cardsPracticedToday": "Tarjetas practicadas hoy",
  "showLast": "Mostrar últimos:",
  "day": "Día",
  "week": "Semana",
  "month": "Mes",
  "threeMonths": "3 meses",
  "markedToLearnDesc": "Las palabras y frases que ha guardado y que aún están en la cola para practicar.",
  "suggestions": "Sugerencias",
  "suggestionsDesc": "Una vez que haya practicado sus elementos guardados, PhrasePump puede sugerirle palabras para aprender.",
  "suggestionsDesc_noMoreLeft": "No hay más sugerencias para mostrar.",
  "suggestionsDesc_noSuggestionsForLang": "No se admiten sugerencias para este idioma.",
  "inTheLastXDaysYouStartedToPracticeYItems": "En los últimos <text> días, ha empezado a practicar <text> palabras y frases nuevas “marcadas para aprender”.",
  "inTheLastXDaysYouStartedToPracticeYSuggestedWords": "En los últimos <text> días, ha empezado a practicar <text> palabras nuevas sugeridas.",
  "youArePracticingXItems": "Está practicando activamente <text> palabras y frases.",
  "inTheLastXDaysYouHaveLearntYItems": "En los últimos <text> días, ha aprendido <text> palabras y frases.",
  "inTheLastXDaysYouHavePracticedYItems": "En los últimos <text> días, ha practicado <text> palabras y frases.",
  "learntDescLearntXItems": "Palabras y frases que probablemente recordará durante al menos seis semanas. Ha aprendido <text> elementos.",
  "halflifeDays_GT": "Vida media (días)",
  "languageSelector": "Selector de idioma",
  "addLanguage": "Agregar idioma",
  "dueItems": "Elementos pendientes:",
  "chooseALanguage": "Elija un idioma",
  "showContext_GT": "Mostrar contexto",
  "add": "Agregar",
  "forgot": "Olvidé",
  "okay": "Correcto",
  "quizzes": "Cuestionarios",
  "suggestedWords": "Palabras sugeridas",
  "practice": "Práctica",
  "thisIsTheFirstTimeYouArePracticingThisItem": "Esta es la primera vez que practica este elemento.",
  "quiz": "Cuestionario",
  "whatShouldGoInTheGap": "¿Qué debe ir en el espacio?",
  "useTranslationForHelp": "Utilice la traducción para ayudarse.",
  "suggestedWord": "Palabra sugerida",
  "wouldYouLikeToLearnThisWord": "¿Le gustaría aprender esta palabra nueva?",
  "listeningPractice": "Práctica de audición",
  "tryToUnderstandBeforeYouRevealTheText": "Intente entender antes de revelar el texto.",
  "newItems": "Elementos nuevos",
  "newWordsTooltip": "El porcentaje máximo de tarjetas a usar para presentar elementos nuevos (“Marcadas para aprender” y “Sugerencias”). Reduzca esto para conseguir más práctica con los elementos que ya está aprendiendo. Si hay muchos elementos pendientes de revisión, se reducirá la cantidad de material nuevo presentado.",
  "sessionSize": "Tamaño de sesión",
  "sessionSizeTooltip": "Cantidad de tarjetas en la sesión.",
  "reveal": "Mostrar respuesta",
  "savePhrase": "Guardar frase",
  "learningStage": "Etapa de aprendizaje",
  "savingWords": "Cómo guardar palabras",
  "oldSystem": "Sistema antiguo:",
  "newSystem": "Sistema nuevo:",
  "greenKnownOrSuggestedWords": "blanco: palabras conocidas y sugeridas",
  "orangeMarkedWords": "naranja: palabras marcadas para aprender",
  "dictStageTagsPickerDesc": "Aquí puede marcar si conoce la palabra (verde), si la está aprendiendo (naranja) o si no quiere aprenderla (gris). También puede agregar etiquetas; estas se muestran como subrayados de color.",
  "exportFromLanguageReactor": "Exportar desde Language Reactor...",
  "viewAll": "Ver todo",
  "wordViewNotSupported": "Esta función no está disponible para este idioma actualmente.",
  "green": "verde",
  "yellow": "amarillo",
  "red": "rojo",
  "blue": "azul",
  "lastSaved": "Último guardado",
  "rank": "rango",
  "wordList": "Lista de palabras",
  "up1": "Anteriormente, guardaba palabras marcándolas con un color (rojo, verde, amarillo, azul). Esta funcionalidad todavía está disponible (ahora se llama \"etiquetas\"), pero los colores se muestran subrayados debajo de la palabra. De forma predeterminada, hacer clic con el botón derecho en una palabra ya no cambia el color de la etiqueta, pero puede configurarlo en la configuración.",
  "up2": "En esta actualización, Language Reactor ahora puede realizar un seguimiento de las palabras que conoce y, para las palabras que no conoce, sugiere si debe aprenderlas o no. Esto permite que el software haga algunas cosas útiles. Funciona para unos 40 idiomas.",
  "up3": "Las palabras que conoce o a las que debe prestar atención se muestran en BLANCO.",
  "up4": "Las palabras que marcó para aprender se muestran en NARANJA.",
  "up5": "Las palabras poco frecuentes que no necesita aprender ahora están coloreadas en GRIS.",
  "up6": "A estas categorías las llamamos \"Etapas de aprendizaje\".",
  "up7": "Puede configurar rápidamente el tamaño aproximado de su vocabulario haciendo clic en el ícono de configuración en el diccionario. No es necesario marcar cada palabra individualmente.",
  "up8": "Si ya tiene muchas palabras guardadas con colores, puede marcarlas en bloque con una etapa de aprendizaje:",
  "up9": "Haga clic en la pestaña 'Elementos guardados'.",
  "up10": "Haga clic en 'Palabras guardadas'.",
  "up11": "Seleccione el color de la etiqueta en el menú desplegable.",
  "up12": "Haga clic en la casilla de verificación 'seleccionar todo'.",
  "up13": "Seleccione la 'Etapa de aprendizaje' que desea asignar a estas palabras.",
  "up14": "Una vez que haya hecho esto, es posible que desee deshabilitar los subrayados de colores para las etiquetas, en la pestaña de configuración, para reducir el ruido visual al ver películas, etc.",
  "up15": "Si lo prefiere, no necesita usar este sistema de coloración. En la configuración, puede desactivar la coloración de las palabras según el estado de aprendizaje:",
  "clickToReadMore": "Haga clic para leer más",
  "layout_GT": "Diseño",
  "videoSize_GT": "Tamaño del video",
  "youAreLearning_GT": "Idioma de estudio",
  "start_screen": "Comenzar",
  "theTextSeemsToBeIn_lang_GT": "Este texto parece estar en <text>.",
  "changeSourceLanguageTo_lang_GT": "¿Cambiar a <text>?",
  "clearAllHistoryConfirmation_GT": "¿Borrar todo el historial de <text>?",
  "chatHomescreenText_1_GT": "Charle con la IA, porque, bueno, ¿no tiene a nadie mejor con quien hablar?",
  "chatHomescreenText_2_GT": "Lo hicimos divertido, sin embargo.",
  "chatPreprompt_label_GT": "Instrucciones de chat",
  "chatPreprompt_tooltip_GT": "Instrucciones enviadas a la IA antes de cada conversación",
  "typeTheTextToTranslate_GT": "Ingrese el texto a traducir",
  "showMiniDictionary_GT": "Mostrar mini diccionario",
  "yourMessage_GT": "Su mensaje",
  "other_GT": "Otros",
  "pressAndHoldToRecordVoice_GT": "Mantenga presionado para grabar",
  "recording_GT": "Grabando...",
  "switchBetweenShortcutsAndInputMode_GT": "Cambiar entre atajos y modo de entrada",
  "pressTabToswitchBetweenShortcutsAndInputMode_GT": "Pulse [ESC] para alternar entre atajos y modo de entrada",
  "preferredAudioSource_GT": "Fuente de audio preferida",
  "originalAudioWhenAvailable_GT": "Audio original (cuando esté disponible)",
  "computerAudioTTS_GT": "Texto a voz",
  "include_GT": "Incluir",
  "noItemsForThisLanguage_GT": "No hay elementos en este idioma",
  "startReading_GT": "Comenzar lectura",
  "numberOfPages_GT": "Número de páginas",
  "nextDocument_GT": "Siguiente documento",
  "prevDocument_GT": "Documento anterior",
  "noVerticalView_GT": "Sin vista vertical",
  "playbackRate_GT": "Velocidad de reproducción",
  "numPages_GT": "<text> páginas",
  "chapters_GT": "Capítulos",
  "book_GT": "Libro",
  "audioTrack_GT": "Pista de audio",
  "simplifiedVersion_GT": "Versión simplificada",
  "dubbedAudio_GT": "Audio doblado",
  "dubbedAudioDesc_GT": "Este video estaba originalmente en otro idioma. Use el reconocimiento de voz para obtener subtítulos que coincidan con el audio.",
  "rewindForward5s_GT": "Avanzar 5s",
  "rewindBack5s_GT": "Retroceder 5s",
  "readTheForumPost_GT": "Leer publicación del foro",
  "youtubeChannels_GT": "Canales de YouTube",
  "channels_GT": "Canales",
  "thisFeatureIsUnderDevelopmentWillBeImprovedSoon_GT": "Esta función está en desarrollo y se mejorará pronto.",
  "loadingAudio_GT": "Cargando audio...",
  "media_GT": "Contenido",
  "useOurDesktopBrowserExtension_GT": "Use nuestra extensión de navegador para escritorio al ver estos videos para obtener funciones adicionales.",
  "holdDictButtonToRecordVoice_GT": "Mantenga presionado el botón del diccionario para grabar su voz",
  "showDictRecord_GT": "Diccionario / Grabar",
  "text_GT": "Texto",
  "words_GT": "Palabras",
  "viewLessFrequentWordsLink_GT": "Ver palabras menos comunes en la página de Palabras Marcadas",
  "newText_GT": "Nuevo texto",
  "untitledText_GT": "Texto sin título",
  "title_GT": "Título",
  "pleaseEnterSomeText_GT": "Ingrese texto para continuar",
  "saving_GT": "Guardando...",
  "theTextSeemsToBeIn_lang_whileYourLangIs_GT": "El texto parece estar en <text>, mientras que su idioma de estudio actual es <text>.",
  "hideSubtitle_GT": "Ocultar subtítulos",
  "translationThenSubtitle_GT": "Traducción y luego subtítulo",
  "subtitleThenTranslation_GT": "Subtítulo y luego traducción",
  "vocabLevel_GT": "Nivel de vocabulario",
  "selection_GT": "Selección",
  "preview_GT": "Vista previa",
  "noTextWasSelected_GT": "No se seleccionó ningún texto",
  "nViews_GT": "<text> visualizaciones",
  "viewCount_GT": "Visualizaciones",
  "date_GT": "Fecha",
  "areYouTheOwnerYoutube_GT": "¿Es usted el propietario de este canal de YouTube?",
  "nVideos_GT": "<text> vídeos",
  "clearFilters_GT": "Borrar filtros",
  "recommendedChannels_GT": "Recomendado",
  "popularChannels_GT": "Popular",
  "allChannels_GT": "Todos los canales",
  "channel_GT": "Canal",
  "lexaAiAssistantPrompts_placeholder_example_GT": "Explicar: Por favor, explique el uso de la palabra <WORD> en esta frase: <CONTEXT>\nEjemplos: Por favor, dé más ejemplos con la palabra <WORD> como se usa en esta frase: <CONTEXT>",
  "updateHistory_GT": "Historial de actualizaciones",
  "recentAppUpdates_GT": "Actualizaciones recientes",
  "moreInfo_GT": "Más información",
  "continue_GT": "Continuar",
  "podcasts_GT": "Podcasts",
  "allPodcasts_GT": "Todos los podcasts",
  "podcast_GT": "Pódcast",
  "hidden_GT": "Oculto",
  "lexaAiAssistant_GT": "Asistente de IA Lexa",
  "lexaAiAssistantInfo_GT": "Lexa puede responder preguntas sobre palabras y frases en el material que está estudiando.\n\nPuede editar las preguntas en la configuración de Language Reactor.\n\nEl modo Pro utiliza un modelo más inteligente que puede ofrecer mejores respuestas.",
  "lexaAiAssistantPrompts_GT": "Indicaciones del Asistente IA Lexa",
  "lexaAiAssistantPrompts_tooltip_GT": "Puede editar estas indicaciones (preguntas), pero debe respetar el formato:\n\n[Título de la pestaña]: [Indicación]\n[Título de la pestaña]: [Indicación]\netc.\n\nLa [Indicación] puede contener los marcadores especiales <WORD> y <CONTEXT>.\n\nPuede usar cualquier idioma al escribir la indicación. Cuando se envíe una pregunta a Lexa, este texto se añadirá al principio: Responda preguntas para un estudiante que está aprendiendo [idioma de estudio]. Escriba su respuesta en [idioma de traducción].",
  "hold_GT": "Mantener pulsado",
  "invalidFormat_GT": "Formato no válido",
  "howToUseTouch_GT": "Guía de controles táctiles",
  "removeThisMessageAndFollowingOnes_GT": "Eliminar este y los siguientes mensajes",
  "install_GT": "Instalar",
  "refresh_GT": "Actualizar",
  "lexaAiAssistantPrompts_tooltip_intro_GT": "Lexa aparece sobre el diccionario cuando hace clic en una palabra",
  "homepage_blurb": "🚀 Un conjunto de herramientas para descubrir, comprender y aprender con materiales nativos. ✨ Disfrute de un método inmersivo que no solo es efectivo, ¡sino apasionante! 🔥",
  "homepage_formerly_lln": "Anteriormente conocido como Language Learning with Netflix",
  "homepage_cardBodyNetflix": "La extensión del navegador convierte sus programas favoritos en lecciones de idiomas 🍿 El modo Pro activa el reconocimiento de voz y la traducción automática para una comprensión fluida 🌍",
  "homepage_cardBodyYoutube": "¡Miles de canales sobre cualquier tema que pueda imaginar! 🧠 Desarrolle su comprensión con lenguaje auténtico en contexto. Explore nuestro catálogo seleccionado. 🎧",
  "homepage_cardBodyFSI": "Póngase a prueba con programas de entrenamiento probados por el gobierno. Siga ejercicios y prácticas estructuradas de conversación que desarrollan fluidez real. 💪 Potencie estos métodos clásicos con las herramientas modernas de Language Reactor.",
  "homepage_cardTitleWhatToLearn": "Qué Aprender",
  "homepage_cardBodyWhatToLearn": "Aprenda de manera inteligente, no agotadora 🏃‍♂️ Language Reactor le sugiere las palabras fundamentales para su camino de aprendizaje, ayudándole a concentrarse en lo más importante.",
  "homepage_cardBodyPhrasePump": "PhrasePump es principalmente un ejercicio de comprensión auditiva. 🎧 Se seleccionan oraciones que refuerzan las palabras guardadas que necesitan repaso, y se introduce nuevo vocabulario. Ideal tanto para principiantes como para estudiantes avanzados.",
  "homepage_cardBodyAria": "Conozca a Aria: Su compañera de idiomas ingeniosa. Es parte tutora, parte comediante, y siempre lista con una respuesta brillante. 💬 Reciba correcciones instantáneas, explore temas sin límites y desarrolle confianza a su propio ritmo. 💡",
  "homepage_cardTitleProMode": "Modo Pro - ¡Opcional!",
  "homepage_cardBodyProMode": "Language Reactor ya viene con excelentes funciones gratuitas. El modo Pro añade un toque especial a su experiencia. ✨",
  "homepage_cardTitleBooksAndWebsites": "Libros y sitios web",
  "homepage_cardBodyBooksAndWebsite": "Importe cualquier página web a Language Reactor. O suba sus libros favoritos. Escuche con texto a voz. 🎯",
  "clickHereToUseKeyboardControls": "Haga clic aquí para utilizar los controles del teclado",
  "uiLanguage_GT": "Idioma de la interfaz",
  "videoFileIntro_GT": "Puede cargar un archivo de video y un archivo de subtítulos (SRT), y Language Reactor creará una traducción para usted. Por ahora, esta función solo admite formatos de video compatibles con su navegador, otros formatos pueden no mostrar una imagen.",
  "powerfulToolbox": "Language Reactor es una caja de herramientas potente para aprender idiomas.",
  "discoverUnderstandLearn": "Te ayuda a descubrir, comprender y aprender de los materiales en idioma origen.",
  "effectiveInterestingEnjoyable": "Estudiar será más eficaz, interesante y agradable.",
  "extensionAddsNetflixFeatures": "¡La extensión añade subtítulos en dos idiomas, un diccionario emergente, controles precisos de reproducción de vídeo y muchas más funciones al ver películas y series en la página web de Netflix!",
  "thousandsOfChannels": "¡Miles de canales para que veas cualquier tema que puedas imaginar! Desarrolla tu comprensión con idioma auténtico en contexto.",
  "booksAndWebsites": "Libros y páginas web",
  "importTextTranslationTTS": "Importa un texto, Language Reactor añadirá una traducción automática en tu idioma y leerá el texto con una conversión de texto a voz superrealista (próximamente).",
  "intelligentFeeding": "Presentación automática e inteligente de contenidos lingüísticos. Solo tienes que seleccionar tu nivel de idioma y disfrutar del viaje.",
  "whatToLearn": "Qué aprender",
  "suggestVocab": "¡Language Reactor puede sugerirte en qué vocabulario debes centrarte y qué debes omitir, para que puedas acelerar tu progreso!",
  "highlightWhenAppear": "Guarda las palabras que quieras aprender, se resaltarán cada vez que aparezcan.",
  "homepage_sectionTitleLearn": "Aprenda de lo que le gusta",
  "homepage_sectionSubtitleLearn": "Language Reactor le ayuda a encontrar contenido según su nivel e intereses",
  "homepage_cardTitleYoutube": "YouTube y podcasts",
  "homepage_sectionTitleSuperpowers": "Poderes Lingüísticos",
  "homepage_sectionSubtitleSuperpowers": "Haga comprensible cualquier contenido",
  "homepage_cardTitleBilingualSubs": "Subtítulos bilingües",
  "homepage_cardBodyBilingualSubs": "Entrene su oído al habla natural mientras ve ambos idiomas. Descubra cómo se relacionan los significados. 👂",
  "homepage_cardTitlePlayback": "Controles precisos de reproducción",
  "homepage_cardBodyPlayback": "⚡ Pause el tiempo. Controle la velocidad de reproducción. 🎮 Navegue los videos usando atajos de teclado y gestos. Pausa automática después de cada subtítulo y repite hasta que haga clic. 🖱️",
  "homepage_cardTitleDictionary": "Diccionario y Lexa AI",
  "homepage_cardBodyDictionary": "🔍 Pulse cualquier palabra para obtener traducciones instantáneas. Oraciones reales con audio incluido. 🎧 Explicaciones contextuales del uso de palabras mediante IA. 🌱 Personalice para mostrar información adicional.",
  "homepage_sectionSubtitleMaster": "Un completo conjunto de herramientas de vocabulario",
  "homepage_cardTitleSmartHighlighting": "Resaltado inteligente",
  "homepage_cardBodySmartHighlighting": "Guarde una palabra una vez y véala en todas partes, en todas sus formas. Language Reactor reconoce plurales, conjugaciones verbales y formas relacionadas. Refuerce su aprendizaje de manera natural a través de todo el contenido.",
  "homepage_cardTitleExportAnki": "Exportar a Anki",
  "homepage_cardBodyExportAnki": "¿Ya usa Anki? 📤 Exporte tarjetas de memoria a Anki con capturas de pantalla y archivos de audio.",
  "homepage_sectionTitlePractice": "La práctica hace al maestro",
  "homepage_sectionSubtitlePractice": "Lleve su aprendizaje de la teoría a la práctica",
  "homepage_cardBodyPhoneTablet": "Language Reactor funciona en su teléfono y tableta también. Estamos realizando mejoras constantemente.",
  "homepage_cardTitlePhoneTablet": "Teléfono y tableta",
  "homepage_sectionTitleMaster": "Domine Cada Palabra y Frase",
  "homepage_cardTitleExtension": "Extensión del Navegador",
  "homepage_cardBodyExtension": "En computadoras de escritorio, instale la extensión del navegador para activar las funciones de Language Reactor mientras ve videos en los sitios web de Netflix y YouTube, y para importar páginas web!",
  "pleaseRefreshAfterChanges": "Por favor actualice después de los cambios:",
  "pdfsInThisCourseOnlyOnDesktop": "Los PDF de este curso solo pueden visualizarse en computadora de escritorio.",
  "noAudioFiles": "No hay archivos de audio",
  "proFeatures_intro": "¡Potencie al máximo su aprendizaje de idiomas con las funciones de Language Reactor Pro! 🚀📚",
  "proFeatures_netflixTitle": "Reconocimiento de voz y Traducción automática (Netflix)",
  "proFeatures_netflixFree": "Use los subtítulos proporcionados por Netflix. 🍿",
  "proFeatures_netflixPro": "🎤 Disfrute del reconocimiento de voz para todas las pistas de audio. ¡Subtítulos precisos para el audio doblado en sus series favoritas! 🎬 Las traducciones automáticas son más literales, para comprender mejor el material original. 🌍",
  "proFeatures_saveWordsTitle": "Guardar palabras y frases",
  "proFeatures_saveWordsFree": "Guarde palabras y frases mientras usa la función PhrasePump. 📝",
  "proFeatures_saveWordsPro": "Guarde palabras y frases en todas las funciones de Language Reactor. Personalice su aprendizaje según sus intereses y carencias de vocabulario. ¡Las palabras marcadas se resaltan en todas las funciones de Language Reactor y pueden exportarse a Anki! 📈✨",
  "proFeatures_lexaTitle": "Diccionario Lexa AI",
  "proFeatures_lexaFree": "Obtenga explicaciones con un modelo básico de inteligencia artificial. 🤖",
  "proFeatures_lexaPro": "Benefíciese de un modelo de IA mejorado con conocimientos más amplios, capaz de responder consultas más complejas de manera efectiva 🧠🌐",
  "proFeatures_supportTitle": "Apoye a los desarrolladores",
  "proFeatures_supportDetails": "Su apoyo nos permite seguir mejorando Language Reactor y desarrollando nuevas funciones para usted ❤️",
  "youCanSubscribeAgainAfterTheEndOfThisPeriod": "Puede suscribirse nuevamente al final de este período.",
  "tipHoldTheDictionaryButtonToRecordVoice": "Consejo: Mantenga presionado el botón del diccionario para grabar voz",
  "sentenceOrTextSource": "Fuente",
  "homepage_cardTitleLanguageSupport": "🌍 Amplio soporte de idiomas",
  "homepage_cardBodyLanguageSupport": "Aprenda con contenido en más de 40 idiomas. 🔤 Vea transliteraciones para idiomas con diferentes sistemas de escritura. 👀 Oculte los subtítulos hasta pasar el cursor—perfecto para mejorar sus habilidades auditivas.",
  "additional15DiscountUntil5thJanuary2025": "Descuento adicional del 15% hasta el 5 de enero de 2025. Use el código 'turtle' durante el pago. 🎅",
  "includeDubbedAudioNF": "Incluir audio doblado",
  "phrasepumpNeedsImprovementForLang": "PhrasePump aún necesita mejoras para el idioma:",
  "addToHomeScreen": "Añadir a pantalla inicial",
  "textToSpeechVoiceNotAvailableForThisLangError": "La voz de texto a voz no está disponible para este idioma. Intente instalar paquetes de idioma adicionales para su sistema (si están disponibles).",
  "textToSpeechInSafariNotGreatTryEdgeOrChrome": "La función texto a voz en el navegador Safari no es óptima. Para obtener mejores voces, pruebe instalar Microsoft Edge o Chrome.",
  "dueForReview": "Pendiente de repaso",
  "signInWithGoogle": "Iniciar sesión con Google",
  "allServersRunningNormally": "Todos los servidores funcionan normalmente.",
  "clearHistory": "Borrar",
  "copiedText": "Copiado:",
  "loadingText": "Cargando texto...",
  "installChromeExtension": "Instalar extensión de Chrome",
  "itemsRemoved": "Elementos eliminados",
  "removingItemsFailed": "Error al eliminar elementos.",
  "itemsUpdated": "Elementos actualizados",
  "autopauseNotAvailableOnYoutube": "La pausa automática no está disponible en YouTube.",
  "sideBySideLayout": "Lado a lado",
  "overAndUnderLayout": "Arriba y abajo",
  "youAlsoHaveItemsInOtherLanguages": "También tiene elementos guardados en otros idiomas. Cambie el idioma en la configuración para verlos.",
  "otherLanguages": "Otros idiomas",
  "paymentsAreCurrentlyNotSupportedInYourCountry": "Las transacciones no están disponibles en su país.",
  "titles_header": "Títulos",
  "sources_header": "Fuentes",
  "holdTheButtonToRecord": "Mantenga presionado el botón para grabar",
  "noOption": "Sin resultados",
  "learningResources": "Recursos",
  "deleteMyData": "Eliminar mis datos",
  "deleteMyData_confirmationMessage": "Esto eliminará de forma irreversible toda su configuración, elementos guardados, historial de práctica, archivos multimedia y textos. ¿Está seguro?",
  "advancedActions": "Acciones avanzadas",
  "successDone": "¡Éxito!",
  "qKey": "Alternar pausa automática",
  "rKey": "Guardar subtítulo actual",
  "copyKey": "Copiar frase actual",
  "unknownRank": "Rango desconocido",
  "mostFrequentWord": "palabra más frecuente",
  "studyStore_errorSavingCardStats": "Error al guardar las estadísticas de la tarjeta.",
  "studyStore_errorSavingCardRating": "Error al guardar la calificación de la tarjeta.",
  "studyStore_loginNoLongerValid": "El inicio de sesión ya no es válido, por favor vuelva a cargar esta página.",
  "studyStore_tooltip_extraPracticeSentence": "Esta oración no se muestra por ninguna palabra específica que haya guardado. Es práctica adicional para mejorar su comprensión auditiva y conocimiento gramatical.",
  "studyStore_tooltip_savedInYoutube": "Guardado en video de YouTube: ",
  "studyStore_tooltip_savedInNetflix": "Guardado en video de Netflix: ",
  "studyStore_extraPracticeIndicator": "[práctica adicional]",
  "studyStore_errorLoadFlashcardMetadataFailed": "Error al cargar los metadatos de las tarjetas de estudio.",
  "studyStore_errorLoadPracticeItemsFailed": "Error al cargar los elementos de práctica.",
  "studyStore_errorLoadAudioFailed": "Error al cargar el audio.",
  "studyStore_errorGettingAudio": "Error al obtener el audio: ",
  "savedItemsStore_errorTooManyItems": "Ha excedido el límite de elementos permitidos",
  "savedItemsStore_errorSavingItem": "Error al guardar el elemento.",
  "savedItemsStore_errorUpdatingItemsFailed": "No se pudieron actualizar los elementos.",
  "savedItemsStore_errorFailedToRemoveItem": "No se pudo eliminar el elemento.",
  "savedItemsStore_devError_itemNotFoundForSetStudied": "El elemento guardado no existe: ",
  "mediaStore_errorFailedToGetPlaylistInfo": "No se pudo obtener la información de la lista de reproducción.",
  "mediaStore_errorFailedToGetDocumentInfo": "No se pudo obtener la información del documento.",
  "mediaStore_errorDocNotFoundInPlaylist": "El documento no se encuentra en la lista de reproducción.",
  "userDataStore_errorFailedToSaveUserData": "No se pudieron actualizar los ajustes guardados.",
  "userDataStore_errorUpdatingSavedItemKeys": "No se pudieron obtener las claves de elementos guardados.",
  "chatStore_errorNannyRefusedMessage": "El servicio de chat no pudo procesar su mensaje. Por favor, intente expresarlo de otra manera.",
  "chatStore_errorQuotaExceededPro": "Cuota de chat excedida, por favor intente de nuevo mañana.",
  "chatStore_errorAsrFailed": "No se pudo procesar su mensaje, por favor inténtelo de nuevo.",
  "chatStore_errorGettingChatMessages": "Error al obtener los mensajes del chat.",
  "chatStore_errorQuotaExceededMachine": "Cuota de chat excedida. Por favor, verifique su suscripción o intente más tarde.",
  "chatStore_errorQueueFull": "Lo sentimos, los servidores están a máxima capacidad en este momento, estamos trabajando en ello.",
  "chatStore_infoProUsersPriorityAccess": "Los usuarios Pro tienen acceso prioritario.",
  "chatStore_errorLoadingConversationLangMismatch": "Error al cargar la conversación: La configuración de idioma no coincide.",
  "chatStore_placeholderEnterWordsHere": "[escriba las palabras aquí]",
  "notifications_prefixNetworkError": "Error de red, por favor verifique su WiFi. ",
  "notifications_prefixNotFound": "Error: No encontrado. ",
  "notifications_prefixBadRequest": "Error del sistema, por favor intente más tarde. ",
  "notifications_prefixTokenError": "Error de inicio de sesión, por favor inicie sesión nuevamente. ",
  "notifications_prefixServerError": "Error del servidor, por favor intente más tarde. ",
  "notifications_prefixNotProUser": "Las funciones Pro ya no están disponibles. ",
  "notifications_prefixRateLimitExceeded": "Límite de intentos excedido. Intente más tarde. ",
  "mediaDocPodcast_errorTimeoutDownloadingAudio": "Se agotó el tiempo al descargar el audio desde la URL.",
  "media_errorLoadingMediaTranslations": "Error al cargar las traducciones del contenido multimedia.",
  "media_errorAsrQuotaExceeded": "Ha superado el límite diario de procesamiento de audio. Por favor, inténtelo de nuevo mañana.",
  "media_errorAsrQueueFull": "El servidor de procesamiento de audio está ocupado. Por favor, inténtelo más tarde.",
  "media_errorLoadingAsr": "Error al cargar el reconocimiento de voz.",
  "media_errorAsrTooLong": "El reconocimiento de voz está tardando demasiado. Por favor, inténtelo más tarde.",
  "media_errorLoadingNlpData": "Error al cargar los datos de PLN.",
  "mediaDocText_errorFetchingPageTranslations": "Error al obtener las traducciones de la página.",
  "mediaDocText_errorFetchingTextInfo": "Error al obtener información del texto.",
  "mediaDocText_errorFetchingPageNlp": "Error al obtener la página NLP.",
  "mediaDocText_errorFetchingPageTts": "Error al obtener el audio de la página.",
  "media_errorLoadingMediaMetadata": "Error al cargar los metadatos del contenido.",
  "media_errorFetchingSubtitlesForVideo": "Error al obtener los subtítulos del video.",
  "media_errorAsrNotAvailableForVideo": "El reconocimiento de voz no está disponible para este video.",
  "media_errorFetchingVideoTranslations": "Error al obtener las traducciones del video."
}