{
  "langCode": "fil",
  "appNameTr": "Language Reactor",
  "appName": "Language Reactor",
  "appDesc": "Matutong epektibo sa pamamagitan ng panonood ng mga pelikula at serye sa iyong target na wika.",
  "catalogue": "Katalogo",
  "catalogue_tooltip": "Maghanap ng mga pelikula at serye na angkop para sa paggamit ng Language Reactor.",
  "help": "Tulong",
  "help_tooltip": "Mga gabay sa paggamit at mga tip.",
  "feedback": "Magbigay ng Feedback",
  "feedback_tooltip": "May problema po ba? May suhestiyon po ba para sa mga tampok?",
  "facebook": "Facebook",
  "facebook_tooltip": "Sundan kami para sa mga update.",
  "originalLanguage_label": "Orihinal na wika:",
  "originalLanguage_tooltip": "Orihinal na wika ng pelikulang ito sa Netflix.",
  "noDictionary_error": "Ang suporta sa diksyunaryo para sa <text> ay darating na.",
  "subtitleLanguage_label": "Wika ng mga subtitle ng Netflix",
  "subtitleLanguage_tooltip": "Kasalukuyang napiling wika ng mga subtitle sa Netflix.",
  "subtitlesNotLoaded_error": "Walang na-load na mga subtitle. Pumili ng wika ng subtitle sa mga setting ng playback ng Netflix.",
  "subtitlesNoMatchAudio_error": "Ang mga napiling Netflix subtitles (<text>) ay hindi tumutugma sa audio. Pumili ng orihinal na wika ng titulo (<text>) sa mga kontrol ng playback ng Netflix, o maghanap ng inirerekomendang titulo para sa iyong target na wika sa katalogo ng Language Reactor.",
  "subtitlesNoMatchAudio_ASR_error_GT": "Ang mga <text> subtitle ay hindi tumutugma sa audio. Lumipat sa mga subtitle sa orihinal na wika (<text>) sa mga kontrol ng playback ng Netflix, o maghanap ng inirerekomendang pamagat para sa iyong target na wika sa katalogo ng Language Reactor. Bilang alternatibo, gamitin ang speech recognition (ASR) track.",
  "audioNoMatchSubtitles_error": "Maaaring hindi tumutugma ang napiling audio track ng Netflix (<text>) sa mga subtitle. I-switch ito sa orihinal na wika ng audio (<text>) sa mga kontrol ng playback ng Netflix, o maghanap ng inirerekomendang pamagat para sa iyong target na wika sa katalogo ng Language Reactor.",
  "audioLanguage_label": "Wika ng audio ng Netflix",
  "audioLanguage_tooltip": "Kasalukuyang napiling wika ng audio track ng Netflix.",
  "pleaseSelectSubtitles": "- Pumili ng mga subtitle sa mga kontrol ng Netflix -",
  "pleaseSelectSubtitlesYoutube": "- Pumili ng mga subtitle sa mga kontrol ng Youtube -",
  "loadingSubtitles": "- Naglo-load ng mga subtitle, pakihintay po... -",
  "loadingTranslations": "Naglo-load ng mga pagsasalin...",
  "firstSubtitleNotReached": "- Ang unang subtitle ay hindi pa nagsimula. -",
  "errorApology_OLD": "Nakatuklas ang Language Reactor ng isang error. Naipaalam na sa mga developer. Subukan muling i-reload ang pahina, o kaya'y subukan muli sa loob ng 24 na oras. Pasensya na sa abala. Tingnan ang aming Facebook page para sa mga update. Mensahe ng error: <text>",
  "openClose_tooltip": "Buksan / isara ang Language Reactor.",
  "vocabHighlight_label": "Pag-highlight ng bokabularyo",
  "levelWithNumber": "Antas <text>: <text> salita",
  "levelDisable": "Antas <text>: i-disable",
  "translationLanguage_label": "Wika ng pagsasalin",
  "translationLanguage_tooltip": "Ito ang wika para sa pagsasalin - itakda ito sa iyong katutubong wika.",
  "showMachineTranslation_label": "Ipakita ang pagsasalin ng makina",
  "showMachineTranslation_tooltip": "Ipakita ang isang awtomatikong pagsasalin ng mga orihinal na subtitle sa iyong wika.",
  "showHumanTranslation_label": "Ipakita ang pagsasalin ng tao",
  "showHumanTranslation_tooltip": "Ipakita ang isang propesyonal na pagsasalin kapag available.",
  "slowSpeechSegments": "Pabagalin ang mga segment ng pagsasalita",
  "slowSpeechSegments_tooltip": "Pabagalin ang playback sa 0.8x na bilis habang may mga subtitle para sa mas mahusay na pag-unawa.",
  "keyboardShortcuts": "Mga shortcut sa keyboard:",
  "previous": "Nakaraan",
  "next": "Magpatuloy",
  "previousSub": "Nakaraang subtitle",
  "nextSub": "Susunod na subtitle",
  "play": "Maglaro",
  "playPause": "Maglaro / Pahinto",
  "repeat": "Ulitin",
  "infiniteRepeat": "Walang hanggan na ulit",
  "alsoUseASD": "Mga alternatibong susi: A, S, D, Space",
  "autoPause": "Awtomatikong paghinto",
  "autoPause_tooltip": "Awtomatikong ihinto ang playback sa dulo ng bawat subtitle.",
  "none": "Wala",
  "nms_tip": "Nagtuturo ka ba ng wika? Subukan ang aming bagong extension para mag-aral ng wika gamit ang Netflix.",
  "welcomeModal_line1_string": "Maligayang pagdating sa bagong Language Reactor",
  "welcomeModal_line2_string": "Nagdagdag kami ng ilang mga pagpapabuti: ",
  "welcomeModal_line3_string": "Ang mga subtitle ay maaari nang lumitaw sa ibabaw ng video.",
  "welcomeModal_line4_string": "Bagong side panel para ipakita ang lahat ng mga subtitle.",
  "welcomeModal_line5_string": "Mas mahusay na suporta para sa mga wikang Asyano.",
  "proFeatures_line1_string": "Kasama sa \"Pro\" mode ang mga sumusunod:",
  "proFeatures_line2_string": "Mga pagsasalin ng makina",
  "proFeatures_tt2_string": "Mas tumpak na mga pagsasalin na mas mahusay na nahuhuli ang orihinal na kahulugan.",
  "proFeatures_line3_string": "I-save ang mga salita at parirala",
  "proFeatures_tt3_string": "Subaybayan ang iyong progreso sa bokabularyo sa pamamagitan ng awtomatikong pag-highlight. Maari itong i-export sa Anki na mga flashcard.",
  "proFeatures_line4_string": "Mga subtitle para sa mga pelikulang may dobleng boses",
  "proFeatures_tt4_string_GT": "Maraming serye sa Netflix ang may karagdagang audio track sa ibang wika (dubbed audio), ngunit walang tamang subtitle ang Netflix para sa mga audio track na ito. Ang Language Reactor ay makakagawa ng mga subtitle mula sa audio, kaya maaari kang mag-aral, halimbawa, ng Aleman gamit ang Breaking Bad.",
  "proFeatures_line5_string": "Suportahan ang mga developer",
  "proFeatures_tt5_string": "Kami po ay nagtatrabaho nang mabuti upang mapabuti ang extension at maihatid sa inyo ang mga bagong tampok.",
  "price_string": "Ang presyo bawat buwan ay:",
  "welcomeModal_line6_string": "Ang machine translation ay dati nang libre, ngunit ito ay isang mahal na serbisyo na ibinibigay. Umaasa kami na inyong nauunawaan.",
  "useForFree_line_string": "Maaari mong gamitin ang mga tampok na ito nang libre sa loob ng isang linggo.",
  "useForFree_twoWeeks_line_string": "Maaari mong gamitin ang mga tampok na ito nang libre sa loob ng dalawang linggo.",
  "useProForFreeTwoWeeks_string": "Maaari mong gamitin ang mga Pro na tampok nang libre sa loob ng dalawang linggo.",
  "notNow_btn_string": "Hindi ngayon",
  "continueWithGoogle_btn_string": "Magpatuloy gamit ang Google",
  "trialBegunModal_body_string": "Na-activate na ang mga Pro na tampok.",
  "ok_btn_string": "Sige",
  "prePaymentModal_line1_string": "Mag-subscribe upang magpatuloy sa paggamit ng mga tampok na \"Pro\".",
  "choosePaymentProvider_line_string": "Pumili ng paraan ng pagbabayad:",
  "payWithGoogle_btn_string": "Magbayad gamit ang credit card.",
  "payWithPaddle_btn_string": "Magbayad gamit ang credit card o PayPal.",
  "christmasSale_GT": "20% na diskwento hanggang Enero 1",
  "youPayEveryMonth_GT": "Buwanang bayad:",
  "or_GT": "o",
  "youPayEvery3Months_GT": "Kwartal na bayad:",
  "youPayEveryYear_GT": "Taunang bayad:",
  "oneMonth_GT": "1 buwan",
  "threeMonths_GT": "3 buwan",
  "oneYear_GT": "1 taon",
  "subscriptionLabel_GT": "Subscription. Maaari mong kanselahin pagkatapos magbayad kung ayaw mo ng awtomatikong pag-renew.",
  "choose_GT": "Pumili",
  "paymentSuccessful_line1_string": "Kumpleto na ang bayad. Salamat po sa inyong suporta.",
  "paymentSuccessful_line2_string": "Maaari mong kanselahin ang iyong subscription anumang oras sa mga setting.",
  "paymentSuccessfulPaddleMessage_line_string": "Tandaan: Kung ang iyong bayad ay kailangang suriin nang manu-mano, mangyaring maghintay ng ilang oras. Ang Pro mode ay awtomatikong mag-aactivate.",
  "cancelGoogle_line_string": "Tandaan: ang Pro mode ay mananatiling aktibo sa loob ng 30 araw pagkatapos ng iyong huling bayad.",
  "cancelSubscription_btn_string": "Kanselahin ang Subscription",
  "problemWithPayment_line1_string": "May problema sa pagbabayad ng iyong subscription.",
  "problemWithPayment_line2_string": "Mag-reload pagkatapos i-update ang mga detalye ng pagbabayad.",
  "updatePayment_btn_string": "I-update ang Impormasyon sa Pagbabayad",
  "alreadyUserPleaseSignIn": "May account ka na ba? Mag-sign in po",
  "pleaseSignIn": "Mag-sign in po upang magpatuloy.",
  "pleaseSignInOrRegister": "Mag-sign in o gumawa ng account para sa mga karagdagang tampok.",
  "noCreditCardInfoNoChargeAfterTrial": "Walang kinakailangang impormasyon ng credit card. Hindi kami maniningil sa iyo pagkatapos ng pagsubok maliban kung pipiliin mong mag-subscribe.",
  "signIn": "Mag-sign in",
  "signOut": "Mag-sign out",
  "options": "Mga Setting",
  "mode": "Mode:",
  "manageSubscription": "Pamahalaan ang Subscription",
  "mode_free": "Libre",
  "mode_basic": "Pangunahing mode",
  "mode_pro": "Pro",
  "signInStatus": "Katayuan ng pag-sign in:",
  "signedIn": "Nakalogin na po",
  "notSignedIn": "Hindi naka-sign in",
  "fix": "Ayusin",
  "featureComingSoon": "Malapit nang dumating",
  "showTransliterations": "Ipakita ang mga transliteration",
  "noTransliterations": "Walang transliterasyon",
  "romaji": "Orihinal + Romaji",
  "hiragana": "Orihinal + Hiragana",
  "romajiOnly": "Romaji lamang",
  "hiraganaOnly": "Hiragana lamang",
  "withOriginalForm": "Sa orihinal na anyo",
  "transliterationsOnly": "Mga transliterasyon lamang",
  "hideTransliterationsForKnownWords_GT": "Itago ang mga transliteration para sa mga kilalang salita",
  "playbackSpeed": "Bilis ng pag-playback",
  "normal": "Normal",
  "notAvailable": "Hindi available.",
  "noHTAvailable": "Walang available na tao na pagsasalin para sa napiling wika.",
  "noMTAvailable": "Ang machine translation ay gumagana lamang sa orihinal na mga subtitle ng pelikula.",
  "proFeature": "Pro na Tampok",
  "saveCurrentSubtitle": "I-save ang kasalukuyang subtitle",
  "toggleAutoPause": "I-toggle ang auto-pause",
  "exportToAnki": "I-export sa Anki",
  "pleaseSelectItemsToExport": "Pumili ng mga item na ie-export:",
  "allItems": "Lahat ng Item",
  "download": "I-download",
  "subtitles": "Mga Subtitle",
  "words": "Mga Salita",
  "savedItems_short": "Naka-save",
  "savedItems": "Mga Naka-save na Item",
  "saved": "Naka-save",
  "allLanguages": "Lahat ng wika",
  "allTypes": "Lahat ng uri",
  "yellowWords": "Mga dilaw na salita",
  "blueWords": "Mga asul na salita",
  "greenWords": "Mga berdeng salita",
  "purpleWords": "Mga lilang salita",
  "redWords": "Pulang mga salita",
  "phrases": "Mga Phrases",
  "noSavedItems": "Walang mga na-save na item.",
  "clickAStar": "I-save ang mga subtitle gamit ang icon ng bituin, i-save ang mga salita gamit ang mga kulay na button sa diksyunaryo.",
  "loadingDotDotDot": "Naglo-load...",
  "showMore": "Ipakita pa",
  "openCloseBottomPanel": "Buksan/sarado ang ibabang panel",
  "openCloseVerticalView": "Buksan/sarado ang patayong tanawin",
  "close": "Isara",
  "autoPaused": "AWTOMATIKONG NAPAUPO",
  "pressSpaceToContinue": "(Pindutin ang SPACE para magpatuloy)",
  "saveWordTooltip": "I-save ang salita (available din sa pamamagitan ng pag-right click)",
  "subscriptionToProFeatures": "Subscription para sa mga tampok na \"Pro\".",
  "tryForFree": "Subukan nang libre",
  "noCreditCardRequired": "Walang kinakailangang credit card.",
  "noCharge": "Hindi kami mag-a-auto-charge o mag-sasubscribe sa iyo nang awtomatiko pagkatapos ng iyong trial.",
  "subscriptionActive": "Aktibo ang iyong subscription.",
  "speedUpPlayback": "Pabilisin ang pag-play",
  "slowDownPlayback": "Pabagalin ang pag-play",
  "highlightSavedWords_label": "I-highlight ang mga na-save na salita",
  "onRightClick_label": "Kumilos sa pamamagitan ng pag-right click",
  "onLongPress_label_GT": "Pindutin nang matagal ang salita",
  "suggestedToKnownWordsRatio_label_GT": "Suhestiyon sa ratio ng mga kilalang salita",
  "showVV_label": "Ipakita ang listahan ng mga subtitle",
  "showSubsBelowVideo_label": "Ipakita ang mga subtitle sa ilalim ng video",
  "otherPossibleTranslations": "Ibang posibleng pagsasalin",
  "doNothing_option": "Walang gawin",
  "showDict_option": "Ipakita ang diksyunaryo",
  "showDictSpeak_option": "Ipakita ang diksyunaryo at bigkasin ang salita",
  "speakWord_option": "Bigkasin ang salita",
  "saveWord_option": "I-save ang salita",
  "removeAllItems": "Alisin ang lahat ng item",
  "areYouSure": "Sigurado ka po?",
  "hideTranslation": "Itago ang pagsasalin",
  "hideTranslation_tt": "Itago ang pagsasalin habang nagpe-playback. I-click ang teksto o pindutin ang [e] para ipakita.",
  "littlePracticeEveryDay": "Ang regular na pagsasanay ay susi sa pag-aaral ng wika.",
  "enableLln": "I-enable ang Language Reactor",
  "doYouLikeOurExtension": "Kamusta ang karanasan mo sa Language Reactor?",
  "reportBug": "Mag-ulat ng problema",
  "translationNotFound": "Walang nakuhang pagsasalin.",
  "usageExamples": "Mga halimbawa",
  "userDefinedExternalDict_label": "Mga URL ng pasadyang diksyunaryo",
  "turnOnOff": "I-on/I-off",
  "fontSize_label": "Sukat ng font",
  "extraSmall": "Napakaliit",
  "small": "Maliit",
  "large": "Malaki",
  "extraLarge": "Sobrang laki",
  "removeSubtitle": "Alisin",
  "settings": "Mga Setting",
  "subtitleLanguage_label_yt": "Wika ng mga subtitle sa YouTube",
  "subtitleLanguage_tooltip_yt": "Ito ang wika ng napiling mga subtitle sa YouTube.",
  "subtitlesNotLoaded_error_yt": "Walang na-load na mga subtitle. Suriin kung napili ang mga subtitle sa menu ng playback ng YouTube.",
  "exportAsJson": "I-export bilang JSON",
  "exportAsCsv": "I-export bilang CSV",
  "exportAsExcel": "I-export bilang Excel",
  "overrideArrowKeys_label": "Gamitin ang mga arrow key para sa pag-navigate ng subtitle",
  "overrideArrowKeys_tt": "Ang mga arrow key ay gagana tulad ng mga key na A, S, at D",
  "changelist": "Mga kamakailang pagbabago",
  "print": "I-print",
  "export": "I-export",
  "appDescYoutube": "Matutong magp ng mga wika nang natural sa pamamagitan ng panonood ng mga video sa iyong target na wika.",
  "externalDictsMessage": "Mga external na diksyunaryo. Maaari mong buksan ang huli mong ginamit na external na diksyunaryo sa pamamagitan ng pagpindot sa Shift habang nagki-click sa isang salita.",
  "userDefinedExternalDict_tooltip": "Magdagdag ng mga pasadyang URL ng diksyunaryo na lalabas sa diksyunaryo kasama ng iba pang mga button ng external na diksyunaryo (na may label na U1, U2...). Isama ang \"WORD\" sa malaking titik - papalitan ito ng salitang hinahanap mo. Maglagay ng bawat URL sa bagong linya.",
  "pleaseLeaveReviewMessage": "Gusto mo ba ang Language Reactor? Pakiusap, tulungan kami sa pamamagitan ng pag-iwan ng pagsusuri sa Chrome webstore.",
  "writeReview": "Sumulat ng pagsusuri",
  "saveSubtitle": "I-save",
  "translate": "Isalin",
  "selectLang": "Pumili ng wika",
  "searchVidsWithSubs": "Maghanap ng mga video na may mga subtitle (CC)",
  "searchSettings": "Mga setting ng paghahanap",
  "sourceLang": "Pinagmulan na wika:",
  "chatWithOtherUsers": "Makipag-chat sa ibang mga gumagamit ng Language Reactor",
  "forum": "Pahina ng Talakayan",
  "tip": "Tip: ",
  "considerChangingYoutubeLanguage": "Para sa mas magandang resulta sa paghahanap, isaalang-alang ang pagbabago ng iyong mga setting ng wika sa YouTube.",
  "seeHow": "Alamin kung paano",
  "helloPleaseSelectYourNativeLanguage": "Pakiusap, piliin ang inyong katutubong wika:",
  "yourNativeLanguage_GT": "Ang iyong katutubong wika:",
  "autoHideYoutubePlaybackBarRecommended": "Awtomatikong itago ang YouTube playback bar (inirerekomenda)",
  "dontChangeTheInterface": "Huwag baguhin ang interface",
  "hidePlaybackBar": "Itago ang playback bar",
  "font": "Font:",
  "defaultRecommended": "Default (inirerekomenda)",
  "subtitlesHidden": "Mga subtitle (nakatago)",
  "noSubsForThisVideo": "Walang mga subtitle para sa video na ito.",
  "forceOriginalTracks": "Puwersahin ang mga orihinal na track",
  "forceOriginalTracks_desc": "Kung naka-enable ito, ang opsyong ito ay magpapalit ng video sa orihinal na audio at mga subtitle kapag naka-enable ang extension.",
  "hideSubtitles": "Itago ang mga subtitle",
  "disabled": "Hindi pinagana",
  "hideTranslations": "Itago ang mga pagsasalin",
  "hideBoth": "Itago ang pareho",
  "showSubtitleControls": "Ipakita ang mga kontrol ng subtitle",
  "moveToggleControls": "Ilipat/itoggle ang mga kontrol",
  "netflixTestsMessage": "Upang matiyak na maayos ang pag-andar ng Language Reactor, i-off ang pakikilahok sa mga pagsubok ng Netflix:",
  "disableTesting": "I-off ang pagsusuri",
  "nextBillingDate": "Susunod na petsa ng pagbabayad",
  "youCanUseProForXXDays": "Maaari mong gamitin ang mga Pro na tampok sa loob ng <text> araw pa.",
  "youCanUseFreeForXXDays": "Maaari mong gamitin ang mga libreng tampok sa loob ng <text> araw.",
  "subtitlesCouldNotBeLoaded": "Hindi ma-load ang mga subtitle.",
  "adIsPlaying": "Naglalaro ang patalastas.",
  "yourSubscriptionHasExpired": "Natapos na po ang inyong subscription.",
  "youHaveCanceledYourSubscription": "Nakansela na po ang inyong subscription.",
  "nowYouCanStudyWithYoutubeToo": "Ngayon ay maaari ka nang matuto gamit ang mga YouTube videos din!",
  "machineTranslations": "Pagsasalin ng makina",
  "humanTranslations": "Pagsasalin ng tao",
  "belowAreWordsFromTheCurrentVideo_GT": "Mga salita mula sa video na ito, inayos ayon sa dalas",
  "rightClickWordToSaveIt_GT": "I-right click para markahan ang isang salita",
  "leftClickToOpenDict": "I-click ang kaliwang bahagi para sa diksyunaryo at mga halimbawa.",
  "selectVocabLevelToMarkPurple": "I-set ang iyong antas ng bokabularyo sa mga setting upang markahan ang mga hindi karaniwang salita sa kulay purple.",
  "aboveCurrentLevel": "Nasa itaas ng kasalukuyang antas",
  "unsavedWords": "Mga hindi nasave na salita",
  "levelX": "Antas <text>",
  "tips": "Mga Tip",
  "emptyTemplate": "",
  "thisExportHasMultipleParts": "Ang export na ito ay naglalaman ng maraming bahagi.",
  "downloadPartXX": "I-download ang bahagi <text>",
  "thisItemWasSavedInAnotherVideo": "Nai-save mula sa ibang video.",
  "cancel": "Kanselahin",
  "openVideo": "Buksan ang video",
  "format": "Format",
  "printHtml": "I-print (HTML)",
  "mustReadHowToImportToAnki": "Mahalagang basahin: Paano i-import sa Anki.",
  "infoAboutCsvExport": "Tungkol sa pag-export sa CSV",
  "jsonDataSchema": "JSON schema",
  "language": "Wika",
  "itemType": "Uri ng item",
  "includeTimestamps": "Isama ang mga timestamp",
  "youCanChangeTranslitsOptionsInSettings": "Maaari mong ayusin ang mga opsyon sa transliterasyon sa mga setting.",
  "preferredTranslations": "Mga piniling pagsasalin",
  "onlyNewItemsSinceLastExport": "Mga bagong item lamang mula sa huling pag-export",
  "includeMedia": "Isama ang media",
  "langName_is": "Islandes",
  "langName_ga": "Irish",
  "langName_az": "Aserbayan",
  "langName_af": "Afrikáans",
  "langName_am": "Amharic",
  "langName_ar": "Arabe",
  "langName_sq": "Albanian",
  "langName_hy": "Armenian",
  "langName_it": "Italyano",
  "langName_yi": "Yidis",
  "langName_ig": "Igbo",
  "langName_id": "Indonesian",
  "langName_ug": "Uyghur",
  "langName_cy": "Wales",
  "langName_uk": "Ukrainian",
  "langName_uz": "Uzbek",
  "langName_ur": "Urdu",
  "langName_et": "Estoniano",
  "langName_eo": "Esperanto",
  "langName_or": "Odia",
  "langName_nl": "Olandes",
  "langName_kk": "Kazako",
  "langName_ca": "Katalan",
  "langName_gl": "Galisyano",
  "langName_kn": "Kannada",
  "langName_rw": "Kinyarwanda",
  "langName_el": "Griyego",
  "langName_ky": "Kirgistan",
  "langName_gu": "Gujarat",
  "langName_km": "Khmer",
  "langName_ku": "Kurdish",
  "langName_hr": "Kroatian",
  "langName_xh": "Xhosa",
  "langName_co": "Korsika",
  "langName_sm": "Samoano",
  "langName_jv": "Javanese",
  "langName_ka": "Giorgiano",
  "langName_sn": "Shona",
  "langName_sd": "Sindhi",
  "langName_si": "Singhalese",
  "langName_sv": "Suwedes",
  "langName_zu": "Zulu",
  "langName_gd": "Gaelic ng Scotland",
  "langName_es": "Espanyol",
  "langName_sk": "Slovak",
  "langName_sl": "Slovenian",
  "langName_sw": "Swahili",
  "langName_su": "Sundanese",
  "langName_ceb": "Cebuano",
  "langName_sr": "Serbiano",
  "langName_so": "Somali",
  "langName_th": "Thai",
  "langName_tg": "Tajik",
  "langName_tt": "Tatar",
  "langName_ta": "Tamil",
  "langName_cs": "Tshek",
  "langName_te": "Telugu",
  "langName_da": "Danish",
  "langName_de": "Alemán",
  "langName_tk": "Turkmen",
  "langName_tr": "Turko",
  "langName_ny": "Nyanja",
  "langName_ne": "Nepal",
  "langName_no": "Norwegiang",
  "langName_ht": "Kreol ng Haiti",
  "langName_ha": "Hausa",
  "langName_ps": "Pashto",
  "langName_eu": "Bask",
  "langName_haw": "Hawaiian",
  "langName_hu": "Hungarian",
  "langName_pa": "Punjabi",
  "langName_hi": "Hindi",
  "langName_tl": "Filipino",
  "langName_fi": "Finnish",
  "langName_hmn": "Hmong",
  "langName_fr": "Pranses",
  "langName_bg": "Bulgarian",
  "langName_vi": "Biyetnames",
  "langName_iw": "Hebreo",
  "langName_be": "Belarusian",
  "langName_fa": "Persiano",
  "langName_bn": "Bengali",
  "langName_pl": "Polako",
  "langName_bs": "Bosnyano",
  "langName_pt": "Portuges",
  "langName_mi": "Maori",
  "langName_mk": "Macedonian",
  "langName_mg": "Malgasy",
  "langName_mr": "Marathi",
  "langName_ml": "Malayalam",
  "langName_mt": "Maltese",
  "langName_ms": "Malay",
  "langName_my": "Burmese",
  "langName_mn": "Mongol",
  "langName_yo": "Yoruba",
  "langName_lo": "Lao",
  "langName_la": "Latin",
  "langName_lv": "Latbiyan",
  "langName_lt": "Lituano",
  "langName_ro": "Rumenyo",
  "langName_lb": "Luxemburgués",
  "langName_ru": "Ruso",
  "langName_en": "Ingles",
  "langName_ko": "Koreano",
  "langName_fy": "Kanlurang Frisian",
  "langName_zh-CN": "Tsino (Pinadali)",
  "langName_zh-TW": "Tsino (Tradisyonal)",
  "langName_st": "Timog Sotho",
  "langName_ja": "Hapones",
  "netflixCatalogue": "Katalogo ng Netflix",
  "notAllTitlesAllCountries": "Dahil hindi lahat ng pamagat ay available sa lahat ng bansa, dapat mong piliin ang bansa kung saan nakikita ng Netflix na ikaw ay naroroon.",
  "catalogueByOriginalLanguage": "Ang katalogo ay naglilista ng mga pamagat ayon sa kanilang orihinal na wika. Pinapayagan ka nitong makahanap ng mga pelikulang Pranses para pag-aralan ang Pranses, at mga pelikulang Aleman para pag-aralan ang Aleman, atbp.",
  "goodSubtitlesForOriginal": "Ang Netflix ay may magagandang subtitle para sa orihinal na wika ng isang pamagat, na tumutugma sa audio track.",
  "oftenDontMatch": "Madalas na hindi nagtutugma ang mga subtitle sa audio para sa mga pelikulang may dobleng boses.",
  "yourCountry": "Ang iyong Bansa",
  "allCountries": "Lahat ng Bansa",
  "numberFound_colon": "Nahanap na:",
  "genre_colon": "Uri:",
  "released_colon": "Nailabas na:",
  "runtime_colon": "Oras ng pagpapatakbo:",
  "drama": "Dramang",
  "action": "Aksyon",
  "crime": "Krimen",
  "thriller": "Thriller",
  "adventure": "Pakikipagsapalaran",
  "scifi": "Agham-Pantasya",
  "romance": "Romansa",
  "fantasy": "Pantasya",
  "mystery": "Misteryo",
  "war": "Digmaan",
  "biography": "Talambuhay",
  "history": "Kasaysayan",
  "clearHistory_GT": "I-clear ang kasaysayan",
  "comedy": "Komedi",
  "horror": "Takot",
  "sport": "Isports",
  "music": "Musika",
  "animation": "Animasyon",
  "musical": "Musikal",
  "noMoviesFoundForThisSearch": "Walang natagpuang pamagat para sa paghahanap na ito.",
  "youtubeCatalogue": "Katalogo ng YouTube",
  "installExtensionForEnhancedFeatures": "Tip: I-install ang extension para makakuha ng mas maraming tampok habang nanonood ng Netflix at YouTube.",
  "weCreatedYTCatalogue": "Nilikha namin ang katalogong ito upang matulungan kayong makahanap ng magagandang channel para sa pag-aaral ng wika.",
  "errorLoadingData": "Hindi ma-load ang data.",
  "search": "Maghanap",
  "subscribers_colon": "Mga tagasubscribe:",
  "withSubtitles_colon": "May mga subtitle:",
  "score_colon": "Iskor:",
  "installExtensionForBetterExperience": "Mag-install ng aming browser extension para sa mas magandang karanasan.",
  "translationSameAsSource_text_text": "Ang wika ng iyong pagsasalin (<text>) ay kapareho ng wika ng pinagmulan (<text>). Isaalang-alang ang pagbabago ng wika ng pagsasalin sa mga setting.",
  "translationNotSupported_text_text": "Sa kasalukuyan, hindi pa available ang pagsasalin mula <text> patungong <text>.",
  "selectDifferentTranslationLanguage": "Pumili ng ibang wika para sa pagsasalin.",
  "nextVideo": "Susunod na Video",
  "prevVideo": "Nakaraang Video",
  "smallVideo": "Maliit na Video",
  "bigVideo": "Malaking Video",
  "showTranslation": "Ipakita ang pagsasalin (kung available)",
  "watchingVideos": "Paano Manood ng mga Video:",
  "afterInstallingAdditionalFeatures": "Ang aming browser extension ay nagdadagdag ng mga kasangkapan sa pag-aaral ng wika sa mga website ng Netflix at YouTube.",
  "whatToWatch": "Ano ang Panoorin?",
  "weCreatedNetflixAndYoutubeCatalogue": "Para matulungan kayong makahanap ng mga video, gumawa kami ng katalogo para sa Netflix at YouTube. Maaari ninyong buksan ang katalogo sa menu sa kaliwang bahagi ng pahinang ito.",
  "alreadyOpenPleaseReload": "I-reload ang Netflix o YouTube kung bukas na ito.",
  "clickToOpenSettings": "I-click dito para buksan ang mga setting.",
  "clickEnableExtraFeatures": "I-enable o i-disable ang mga karagdagang tampok.",
  "formerlyCalled": "(dating tinatawag na \"Language Learning with Netflix\")",
  "startInstallExtension": "I-install ang aming browser extension upang makapagsimula.",
  "saveAndReview": "I-save at Suriin",
  "reviewWordsAndPhrases": "Maaari mong repasuhin ang mga salitang at parirala na iyong na-save, at matuto ng mga bagong bokabularyo.",
  "underActiveDevelopment": "Ang proyektong ito ay kasalukuyang nasa aktibong pag-unlad. Para magmungkahi ng isang tampok o mag-ulat ng isang isyu, mangyaring bisitahin ang aming forum.",
  "writeToUs": "Mangyaring sumulat sa amin para sa iba pang mga katanungan.",
  "setupComplete": "Tapos na ang setup",
  "clickWordDictionary": "I-click ang isang salita para sa kahulugan nito. I-right-click ito para i-save.",
  "autopauseEverySubtitle": "Awtomatikong huminto pagkatapos ng bawat subtitle.",
  "machineAndHumanTranslations": "Sa mga setting, maaari kang pumili sa pagitan ng dalawang uri ng pagsasalin: makina at tao. Ang pagsasalin ng makina ay napaka-literal at nakakatulong sa pag-unawa sa estruktura ng pangungusap sa wikang iyong pinag-aaralan. Minsan, maaari itong maglaman ng mga pagkakamali. Ang pagsasalin ng tao ay kadalasang kapaki-pakinabang, dahil mas mahusay nitong naisasalin ang mga idyoma at ekspresyon.",
  "keyboardKeys": "Maaari mong kontrolin ang playback gamit ang mga shortcut sa keyboard:",
  "aKey": "Naunang subtitle",
  "sKey": "Ulitin ang subtitle",
  "dKey": "Susunod na subtitle",
  "spaceKey": "Play/Pause",
  "settingsForMoreShortcuts": "Tingnan ang mga setting para makahanap ng iba pang mga shortcut.",
  "weCreatedNetflixCatalogue": "Nagawa po namin ang isang espesyal na katalogo upang matulungan kayong makahanap ng mga pamagat sa Netflix na may mataas na kalidad na mga subtitle sa wikang inyong pinag-aaralan.",
  "youtubeHasAnyTopic": "Ang YouTube ay may mga nilalaman sa anumang paksa, sa lahat ng pangunahing wika, ngunit maaaring itinatago nito ang mga banyagang nilalaman bilang default.",
  "pageNotFound": "Hindi natagpuan ang pahina.",
  "videosNoLongerAvailable": "Maaaring hindi na available ang ilan sa mga nakalistang video sa inyong bansa.",
  "votes_text": "<text> boto",
  "countries_text": "<text> mga bansa",
  "watch": "Manood",
  "tryAgain": "Subukan muli",
  "videoUnavailablePleaseContinue": "Ang video na ito ay hindi available. Magpatuloy sa susunod na video.",
  "nextPage": "Susunod na pahina",
  "prevPage": "Nakaraang pahina",
  "videos": "Mga Video",
  "selectPlaylist": "Pakiusap, pumili ng playlist.",
  "flashcardTooltipProposal": "Bilang ng mga bagong item na pumapasok sa siklo ng pag-aaral sa sesyon na ito",
  "flashcardTooltipExposure": "Bilang ng mga item para sa Pagsusuri sa sesyon na ito",
  "flashcardTooltipTest": "Bilang ng mga item para sa Quiz sa sesyon na ito",
  "flashcardExposureTooltip": "Ang mga exposure card ay nagpapakita ng iba't ibang halimbawa ng mga pangungusap gamit ang mga na-save na salita upang matulungan kang maunawaan ang kanilang iba't ibang gamit.",
  "flashcardExposure": "Pagpapakita",
  "flashcardTestTooltip": "Ang mga test card ay sumusuri sa iyong kaalaman sa mga salita at pangungusap",
  "flashcardTest": "Pagsusulit",
  "lastPracticed_text": "Huling sinanay: <text>",
  "itemsDueForPractice_text": "<text> mga item na dapat pag-praktisan.",
  "startPractice": "Simulan ang pagsasanay",
  "betterWaitTillTomorrow": "Mas mabuting maghintay hanggang bukas para sa susunod na sesyon ng pagsasanay.",
  "practiceMore": "Magpatuloy sa pagsasanay",
  "savedWordsAppearHere": "Mga salita at parirala na iyong sine-save ay lilitaw dito kapag handa na para sa pagsusuri.",
  "showAnswer": "Ipakita ang sagot",
  "fail": "Mali",
  "hard": "Mahirap",
  "easy": "Madali",
  "success": "Tama",
  "ok": "Sige po",
  "extraButtonsSearchBar": "Gumawa kami ng mga karagdagang button sa tabi ng YouTube search bar:",
  "leftTranslateRightSearch": "Ang kaliwang button ay nagsasalin ng iyong hinahanap na teksto. Ang kanang button ay naghahanap ng mga video na may mga subtitle.",
  "youtubeInterfaceLanguageMoreVideos": "Maaari mong baguhin ang wika ng interface ng YouTube sa wika na iyong pinag-aaralan. Magpapakita ang YouTube ng mas maraming video sa wikang iyon.",
  "howToChangeYoutubeInterfaceLanguage": "Paano baguhin ang wika ng interface ng YouTube",
  "clickButtonTopRight": "I-click ang button sa kanang itaas ng iyong screen:",
  "lookForLanguageSetting": "Hanapin ang mga setting ng \"Wika\":",
  "whenChangeMoreResults": "Kapag binago mo ang wika, makikita mo ang mas maraming resulta sa wika na iyong pinag-aaralan.",
  "onlyDesktopCheckBack": "Ang Language Reactor ay kasalukuyang available sa desktop lamang. Mangyaring bumalik muli sa lalong madaling panahon.",
  "open": "Buksan",
  "word": "Salita",
  "phrase": "Pahayag",
  "translation": "Pagsasalin",
  "context": "Konteksto",
  "source": "Pinagmulan",
  "actions": "Mga Aksyon",
  "accountInformation": "Impormasyon ng Account",
  "quickSettings": "Mabilis na Mga Setting",
  "fullSettings": "Mga setting",
  "gettingStarted": "Magsimula",
  "exportHelp": "Gabay sa pag-export",
  "studyTips": "Mga Tip sa Pag-aaral",
  "howToImportWebpage": "Paano mag-import ng isang webpage",
  "importWithRightClick": "Maaari mong i-import ang mga webpage sa Language Reactor gamit ang menu ng right-click.",
  "extensionInstalledForThisFeature": "Kailangan ng browser extension para sa tampok na ito.",
  "importText": "Mag-import ng Teksto",
  "goToReaderMode": "Lumipat sa Reader",
  "edit": "I-EDIT",
  "read": "MAGBASA",
  "posADJ_UD": "Pang-uri",
  "posADP_UD": "Adp.",
  "posADV_UD": "Pagsusuri.",
  "posAUX_UD": "Aux.",
  "posNOU_UD": "Pangngalan",
  "posPRO_UD": "Panghalip",
  "posVER_UD": "Pandiwa",
  "posDET_UD": "Det.",
  "posSYM_UD": "Simbolo",
  "posINT_UD": "Int.",
  "posCCO_UD": "Pagsasama ng mga Pang-ugnay",
  "posPUN_UD": "Punct.",
  "posNUM_UD": "Numerikal",
  "posPAR_UD": "Partikulo",
  "posSCO_UD": "Sub. Conj.",
  "posX_UD": "Ibang Wika",
  "posCONJ": "Pagsasama",
  "posPREP": "Paghahanda.",
  "ok2": "Sige",
  "pleaseWait": "Mangyaring maghintay...",
  "ohNoPleaseAddPermissionLRLogin": "Pakiusap, bigyan ng pahintulot ang Language Reactor browser extension na tumakbo sa languagereactor.com upang payagan ang matagumpay na pag-login.",
  "recommended$Videos$": "Inirerekomenda",
  "$videos$WithSubtitles": "May mga subtitle",
  "$videosWith$MostSubscribers": "Karamihan sa mga subscriber",
  "sortBy": "Ayusin ayon sa",
  "$video$Rating": "Rating",
  "yearReleased": "Taon",
  "type$OfVideo$": "Pumili",
  "any$TypeOfVideo$": "Lahat",
  "movies": "Mga Pelikula",
  "series": "Serye",
  "genres": "Mga Genre",
  "all$Genres$": "Lahat",
  "goToIMDB": "Tumingin sa IMDB",
  "availableIn": "Available sa:",
  "errorLoadingVideo": "Hindi ma-load ang video",
  "goBack": "Bumalik",
  "sorryThisPlaylistIsMissing": "Paumanhin, hindi natagpuan ang playlist na ito.",
  "sorryThisVideoIsMissing": "Paumanhin, hindi natagpuan ang video na ito.",
  "videoList": "Listahan ng mga video",
  "studyLanguage": "Pag-aralan ang wika",
  "iAmLearning": "Nag-aaral ako",
  "playAll": "I-play lahat",
  "bigUpdate": "Bagong Update",
  "readMore": "Magbasa pa",
  "iGotIt": "Naiintindihan ko na po",
  "allWords": "Lahat ng mga salita",
  "savedWords": "Naka-save na mga salita",
  "savedPhrases": "Mga Naka-save na Parirala",
  "setVocabLevel_short": "Itakda ang antas ng bokabularyo",
  "setVocabLevel": "Itakda ang antas ng bokabularyo",
  "changeVocabLevelConfirmation_GT": "Gusto mo bang baguhin ang antas ng bokabularyo mula <text> hanggang <text>?",
  "changeStudyLevel": "Palitan ang Antas",
  "currentStudyLevel": "Kasalukuyang antas ng bokabularyo",
  "change": "Palitan",
  "pleaseSelectYourStudyLevelToContinue": "Pumili ng iyong antas ng bokabularyo upang magpatuloy",
  "frequency": "Dalas",
  "alphabetical": "Alpabetikal",
  "LEARNING": "Nag-aaral",
  "KNOWN": "Kilalang",
  "SKIPPED": "Huwag mag-aral",
  "SKIPPED_short": "Huwag matuto",
  "knownWords_GT": "Mga kilalang salita",
  "tag": "Mga Tag",
  "errorLoadingList": "Hindi ma-load ang mga salita",
  "pleaseSelectLanguageOnTop_GT": "Pumili ng wika sa itaas",
  "xSelected": "<text> ay napili",
  "setLearningStage": "Itakda ang yugto ng pagkatuto",
  "thisWillAffectXItemsAreYouSure": "Ito ay magbabago ng <text> mga item. Magpatuloy po ba?",
  "yes": "Oo",
  "no": "Hindi",
  "removeItems": "Alisin ang mga item",
  "setTag": "Itakda ang tag",
  "selectAllOrNone": "Pumili ng lahat / wala",
  "logIn": "Mag-log in",
  "noItemsFound": "Walang nahanap na item",
  "upgrade": "Mag-upgrade",
  "transliterationsJapanese": "Mga transliterasyon ng Hapon",
  "transliterationsVisibility_GT": "Ipakita ang mga transliteration",
  "alwaysShow_GT": "Palagi",
  "hideForKnownWords_GT": "Itago para sa mga kilalang salita",
  "hideForMarkedAndKnownWords_GT": "Itago para sa mga nakamarkang at kilalang salita",
  "specialWords_GT": "Mga espesyal na salita",
  "specialWords_info_GT": "Mga pangalan, lugar, numero, atbp.",
  "markedWords_GT": "Mga nakamarkang salita",
  "markWord_GT": "Markahan ang salita",
  "savedWordsMarkingTooltipDesc_GT": "Ang mga nakamarkang salita ay nananatili ang kanilang estado kapag binago mo ang antas ng bokabularyo. Lumalabas sila na may outline.",
  "wordStatus_desc_GT": "Ang estado ay nagmumula sa antas ng bokabularyo o sa indibidwal na pagmamarka.",
  "wordColors_desc_GT": "Ang mga setting na ito ay nagkokontrol sa hitsura ng mga salita sa mga subtitle at teksto. Sa 'Naka-save na mga Item' na view, palaging ginagamit ang buong kulay ng mga salita.",
  "suggestedWords_desc_GT": "Ang mga pinaka-kapaki-pakinabang na salita para sa susunod mong pag-aaral.",
  "showKnownWordsInGreen": "Ipakita ang mga kilalang salita sa berde",
  "showMarkedLearningWordsInOrange_GT": "Ipakita ang mga nakamarkang salita sa Pagkatuto sa kulay kahel",
  "showSuggestedWordsInOrange_GT": "Ipakita ang mga mungkahing salita sa kahel",
  "showRareWordsInGrey_GT": "Itago ang mga bihirang salita",
  "outline_GT": "Balangkas",
  "outlineMarkedWordsInText": "I-highlight ang mga salitang may marka",
  "showTagsInText": "Ipakita ang mga tag sa teksto",
  "showLearningStageButtonsInMiniDictionary": "Ipakita ang mga button ng yugto ng pagkatuto kapag nag-hover",
  "switchLearningStage_GT": "I-toggle ang mga kilala / natutunan",
  "switchTags": "I-toggle ang mga tag",
  "switchLanguage_GT": "Palitan ang wika",
  "dictionary": "Diksiyonaryo",
  "speakWordOnClick": "Banggitin ang salita kapag nag-click",
  "basicSettings": "Mga pangunahing setting",
  "machineTranslationsAvailable": "Available ang mga machine translation po",
  "belowAreWordsOfIncreasingDifficultyDesc": "Narito ang mga salita na unti-unting tumataas ang hirap. I-click ang huling hilera kung saan alam mo ang lahat ng mga salita. Mag-scroll para makita ang iba.",
  "iDontKnowAnyWordsYet": "Nagsisimula pa lang ako.",
  "exampleText": "Halimbawa ng teksto:",
  "wordColors_GT": "Mga kulay ng salita",
  "reset_GT": "I-reset",
  "newChat_GT": "Bagong chat",
  "autoCorrectGrammar_GT": "Awtomatikong ituwid ang gramatika",
  "estimatedNumberOfKnownWords": "Tinatayang bilang ng mga kilalang salita",
  "article": "Artikulo",
  "fullText": "Buong teksto",
  "textMode": "Teksto",
  "myText_GT": "Aking teksto",
  "myTexts_GT": "Aking mga teksto",
  "books_GT": "Mga Aklat",
  "pasteAnyTextYouWishToStudyHere": "I-paste ang iyong teksto sa pag-aaral dito",
  "videoFile": "File ng video",
  "selectVideo": "Pumili ng video",
  "selectVideoFile": "Pumili ng video file",
  "selectSubtitles": "Pumili ng mga subtitle",
  "subtitlesLanguage": "Wika ng mga subtitle",
  "save": "I-save",
  "copy": "Kopyahin",
  "copyCurrentSentence": "Kopyahin ang kasalukuyang pangungusap",
  "wordNotFound": "Walang natagpuang salita",
  "markWhetherYouKnowThisWordDesc": "Markahan kung alam mo ang salitang ito. Ang pagmarka sa mga salita ng kahel (Nasa proseso ng pagkatuto) ay idaragdag ang mga ito sa iyong mga flashcard.",
  "shortcutRightClick": "I-right click",
  "shortcutMiddleClick": "Gitnang click",
  "addTagToAWordDesc": "Maaari kang gumamit ng mga tag upang makabuo ng mga grupo ng salita. Ang mga salitang may tag ay maaaring i-export nang hiwalay. Ang mga tag ay maaaring ipakita bilang may kulay na mga underline; ito ay maaaring kontrolin sa mga setting.",
  "markAsKnown": "Tandaan bilang Alam",
  "markAsLearning": "Markahan bilang Natutunan",
  "markedKnown_GT": "Minarkahan bilang Kilala",
  "markedToLearn": "Minarkahan para matutunan",
  "learningNow": "Kasalukuyan sa pag-aaral",
  "learnt": "Natutunan",
  "learn": "Matuto",
  "remove": "Alisin",
  "noTag": "Walang tag",
  "examplesSavedItems": "Mga halimbawa: Naka-save na mga item",
  "examplesCurrentText": "Mga halimbawa: Kasalukuyang teksto",
  "examples": "Mga Halimbawa:",
  "pleaseSignInToUseThisFeature": "Mag-sign in po para magamit ang tampok na ito.",
  "pleaseSignInToUseThisFreeFeature": "Mag-sign in po para magamit ang libreng tampok na ito.",
  "soThatWeCanSaveYourProgress": "(para ma-save ang iyong progreso)",
  "phrasepumpInfoTooltipShort": "Ang PhrasePump ay tumutulong sa iyo na matuto sa pamamagitan ng mga pangungusap na dapat mong maunawaan, na nagpapabuti sa bokabularyo, pakikinig, at gramatika.",
  "phrasepumpInfoTooltip": "Ipinapakita ng PhrasePump ang mga pangungusap na maaari mong maunawaan, na tumutulong sa iyong magsanay ng mga salitang dapat pagtuunan at matuto ng mga bago. Pinapalakas nito ang bokabularyo, kasanayan sa pakikinig, at kaalaman sa gramatika.",
  "fumingRiver": "Hayaan mong dumaloy ang wika sa iyo tulad ng isang ilog, na humuhubog ng mga bagong landas sa iyong isipan.",
  "itemsDueForReview": "mga item na dapat agad na suriin",
  "noCardsToStudy": "Walang mga card na pag-aaralan.",
  "tryEnablingMoreStudyModes": "Subukan mong i-enable ang mas maraming mode ng pag-aaral.",
  "pleaseMarkMoreItemsOrWait": "Markahan ang higit pang mga item na pag-aaralan o maghintay na maging takdang panahon ang mga umiiral na item.",
  "statistics": "Estadistika",
  "xCards": "<text> mga kard",
  "cards": "Mga Kard",
  "cardsPracticedToday": "Pagsasanay ngayon",
  "showLast": "Ipakita ang huli:",
  "day": "Araw",
  "week": "Linggo",
  "month": "Buwan",
  "threeMonths": "3 buwan",
  "markedToLearnDesc": "Mga na-save na salita at parirala na nasa pila pa para sanayin.",
  "suggestions": "Mga mungkahi",
  "suggestionsDesc": "Pagkatapos mong magpraktis ng iyong mga na-save na item, makakakuha ka ng mga suhestiyon para sa mga bagong salita na matutunan.",
  "suggestionsDesc_noMoreLeft": "Wala nang mga suhestiyon na available.",
  "suggestionsDesc_noSuggestionsForLang": "Walang mga suhestiyon na available para sa wikang ito.",
  "inTheLastXDaysYouStartedToPracticeYItems": "Nagsimula ka nang magpraktis ng <text> bagong mga salitang at parirala na \"minarkahan para matutunan\" sa nakaraang <text> araw.",
  "inTheLastXDaysYouStartedToPracticeYSuggestedWords": "Nagsimula ka nang magpraktis ng <text> mga inirekomendang salita sa nakaraang <text> araw.",
  "youArePracticingXItems": "Aktibong nag-eensayo ka ng <text> mga salita at parirala.",
  "inTheLastXDaysYouHaveLearntYItems": "Sa nakaraang <text> araw, natutunan mo na ang <text> mga salita at parirala.",
  "inTheLastXDaysYouHavePracticedYItems": "Sa nakaraang <text> araw, nakapagpraktis ka ng <text> mga salita at parirala.",
  "learntDescLearntXItems": "Natutunan mo na ang <text> na mga item. Ito ay mga salita at parirala na malamang na maaalala mo ng hindi bababa sa anim na linggo.",
  "halflifeDays_GT": "Kalahating buhay (araw)",
  "languageSelector": "Pumili ng Wika",
  "addLanguage": "Magdagdag ng wika",
  "dueItems": "Mga nakabinbing item:",
  "chooseALanguage": "Pumili ng wika",
  "showContext_GT": "Ipakita ang konteksto",
  "add": "Magdagdag",
  "forgot": "Nakalimutan",
  "okay": "Tama",
  "quizzes": "Mga pagsusulit",
  "suggestedWords": "Mga inirerekomendang salita",
  "practice": "Magpraktis",
  "thisIsTheFirstTimeYouArePracticingThisItem": "Ito ang unang pagkakataon na nag-eensayo ka sa item na ito.",
  "quiz": "Kuwiz",
  "whatShouldGoInTheGap": "Ano ang dapat ilagay sa puwang?",
  "useTranslationForHelp": "Suriin ang pagsasalin para sa tulong.",
  "suggestedWord": "Inirerekomendang Salita",
  "wouldYouLikeToLearnThisWord": "Gusto mo bang matutunan ang bagong salitang ito?",
  "listeningPractice": "Pagsasanay sa pakikinig",
  "tryToUnderstandBeforeYouRevealTheText": "Subukan mong intidihin bago ipakita ang teksto.",
  "newItems": "Mga bagong item",
  "newWordsTooltip": "Maksimum na porsyento ng mga kard na gagamitin para sa pagpapakita ng mga bagong item ('Markado para Matutunan' at 'Mga Suhestiyon'). Bawasan ito upang mas makapagpokus sa pagsusuri. Kapag marami nang mga item ang dapat suriin, awtomatikong nababawasan ang mga bagong item na ipinapakita.",
  "sessionSize": "Laki ng sesyon",
  "sessionSizeTooltip": "Bilang ng mga card sa bawat sesyon ng pagsasanay.",
  "reveal": "Ipakita ang Sagot",
  "savePhrase": "I-save ang Parirala",
  "learningStage": "Antas ng Pagkatuto",
  "savingWords": "Paano mag-save ng mga salita",
  "oldSystem": "Nakaraang sistema:",
  "newSystem": "Kasalukuyang sistema:",
  "greenKnownOrSuggestedWords": "Puti: Mga kilalang salita at inirerekomenda",
  "orangeMarkedWords": "Kahel: Mga salitang itinalaga para sa pag-aaral",
  "dictStageTagsPickerDesc": "Dito maaari mong markahan kung alam mo ang salita (puti), nasa proseso ng pagkatuto (kahel), o hindi mo nais itong matutunan (abo). Maaari ka ring magdagdag ng mga tag na ipapakita bilang may kulay na mga underline.",
  "exportFromLanguageReactor": "I-export mula sa Language Reactor...",
  "viewAll": "Tingnan Lahat",
  "wordViewNotSupported": "Sa kasalukuyan, hindi suportado ang tampok na ito para sa wikang ito.",
  "green": "berde",
  "yellow": "dilaw",
  "red": "pula",
  "blue": "asul",
  "lastSaved": "Huling nai-save",
  "rank": "ranggo",
  "wordList": "Listahan ng mga salita",
  "up1": "Noong una, nag-save ka ng mga salita gamit ang mga kulay (pula, berde, dilaw, asul). Ngayon ay tinatawag na itong \"tags\" at ipinapakita bilang mga underlines. Ang behavior ng right-click ay maaaring i-customize sa mga setting.",
  "up2": "Sa update na ito, ang Language Reactor ay maaari nang subaybayan ang mga salitang alam mo, at para sa mga salitang hindi mo alam, inirerekomenda nito kung dapat mo itong pag-aralan o hindi. Ito ay nagbibigay-daan sa software na gumawa ng mga kapaki-pakinabang na bagay. Gumagana ito para sa humigit-kumulang 40 na wika.",
  "up3": "Ang mga salitang PUTI ay mga alam mo na o dapat mong bigyang-pansin.",
  "up4": "Ang mga salitang NARANJA ay minarkahan para sa pag-aaral.",
  "up5": "Ang mga salitang hindi gaanong karaniwan na hindi mo kailangang matutunan ngayon ay kulay GRAY.",
  "up6": "Ang mga kategoryang ito ay tinatawag na \"Mga Yugto ng Pagkatuto\".",
  "up7": "Maaari mong mabilis na itakda ang laki ng iyong bokabularyo sa mga setting ng diksyunaryo sa halip na markahan ang mga salita nang paisa-isa.",
  "up8": "Upang i-update ang iyong mga umiiral na kulay-kodigong salita:",
  "up9": "1. Buksan ang tab na \"Mga Naka-save na Item\"",
  "up10": "2. I-click ang \"Naka-save na mga Salita\"",
  "up11": "3. Pumili ng kulay ng tag",
  "up12": "4. Gamitin ang checkbox na \"pumili ng lahat\"",
  "up13": "5. Pumili ng Antas ng Pagkatuto",
  "up14": "Kapag nagawa mo na ito, maaaring gusto mong i-disable ang mga colored underline para sa mga label sa mga setting upang mabawasan ang visual clutter habang nanonood ng mga pelikula, atbp.",
  "up15": "Ang sistema ng kulay ay opsyonal - maaari mong i-disable ang pag-kulay ng mga salita ayon sa estado ng pagkatuto sa mga setting:",
  "clickToReadMore": "Magbasa pa",
  "layout_GT": "Ihuhulma",
  "videoSize_GT": "Sukat ng video",
  "youAreLearning_GT": "Pag-aralan ang wika",
  "start_screen": "Simulan",
  "theTextSeemsToBeIn_lang_GT": "Ang tekstong ito ay tila nasa <text>.",
  "changeSourceLanguageTo_lang_GT": "Mag-switch sa <text> po?",
  "clearAllHistoryConfirmation_GT": "I-clear ang lahat ng <text> na kasaysayan?",
  "chatHomescreenText_1_GT": "Makipag-chat sa AI, kasi, eh, wala ka namang mas magandang kausap?",
  "chatHomescreenText_2_GT": "Ginawa naming masaya ito, gayunpaman.",
  "chatPreprompt_label_GT": "Mga tagubilin sa chat",
  "chatPreprompt_tooltip_GT": "Mga tagubilin na ipinadala sa AI bago ang bawat pag-uusap",
  "typeTheTextToTranslate_GT": "Ilagay ang teksto na isasalin",
  "showMiniDictionary_GT": "Ipakita ang mini diksyunaryo",
  "yourMessage_GT": "Ang iyong mensahe",
  "other_GT": "Iba pang mga pagpipilian",
  "pressAndHoldToRecordVoice_GT": "Hawakan para mag-record",
  "recording_GT": "Nagre-record...",
  "switchBetweenShortcutsAndInputMode_GT": "I-toggle ang mga shortcut/mode ng input",
  "pressTabToswitchBetweenShortcutsAndInputMode_GT": "Pindutin ang [ESC] para i-toggle ang mga shortcut at input mode",
  "preferredAudioSource_GT": "Piniling pinagkukunan ng audio",
  "originalAudioWhenAvailable_GT": "Orihinal na audio (kung available)",
  "computerAudioTTS_GT": "Teksto sa Boses",
  "include_GT": "Isama",
  "noItemsForThisLanguage_GT": "Walang mga item sa wikang ito",
  "startReading_GT": "Simulan ang pagbabasa",
  "numberOfPages_GT": "Bilang ng mga pahina",
  "nextDocument_GT": "Susunod na dokumento",
  "prevDocument_GT": "Nakaraang dokumento",
  "noVerticalView_GT": "Walang vertical na view",
  "playbackRate_GT": "Bilis ng pag-play",
  "numPages_GT": "<text> pahina",
  "chapters_GT": "Mga Kabanata",
  "book_GT": "Aklat",
  "audioTrack_GT": "Audio track",
  "simplifiedVersion_GT": "Pinadaling bersyon",
  "dubbedAudio_GT": "Naka-dub na audio",
  "dubbedAudioDesc_GT": "Ang video na ito ay orihinal na nasa ibang wika. Gamitin ang pagkilala sa boses para sa mga subtitle na tumutugma sa audio.",
  "rewindForward5s_GT": "Mag-forward ng 5s",
  "rewindBack5s_GT": "Balik 5s",
  "readTheForumPost_GT": "Basahin ang post sa forum",
  "youtubeChannels_GT": "Mga Channel sa YouTube",
  "channels_GT": "Mga Channel",
  "thisFeatureIsUnderDevelopmentWillBeImprovedSoon_GT": "Ang tampok na ito ay nasa ilalim ng pag-unlad at ito ay mapapabuti sa lalong madaling panahon.",
  "loadingAudio_GT": "Naglo-load ng audio...",
  "media_GT": "Media",
  "useOurDesktopBrowserExtension_GT": "Gamitin ang aming desktop browser extension kapag nanonood ng mga video na ito para sa karagdagang mga tampok.",
  "holdDictButtonToRecordVoice_GT": "Hawakan ang button ng diksyunaryo para i-record ang iyong boses",
  "showDictRecord_GT": "Diksiyonaryo / Mag-record",
  "text_GT": "Teksto",
  "words_GT": "Mga Salita",
  "viewLessFrequentWordsLink_GT": "Tingnan ang mga hindi karaniwang salita sa pahina ng Markadong Salita",
  "newText_GT": "Bagong Teksto",
  "untitledText_GT": "Walang Pamagat na Teksto",
  "title_GT": "Pamagat",
  "pleaseEnterSomeText_GT": "Maglagay ng teksto upang magpatuloy",
  "saving_GT": "Nagsasave...",
  "theTextSeemsToBeIn_lang_whileYourLangIs_GT": "Ang teksto ay tila nasa <text>, habang ang kasalukuyan mong wika sa pag-aaral ay <text>.",
  "hideSubtitle_GT": "Itago ang mga subtitle",
  "translationThenSubtitle_GT": "Pagsasalin at pagkatapos ay subtitle",
  "subtitleThenTranslation_GT": "Subtitle at pagkatapos ay pagsasalin",
  "vocabLevel_GT": "Antas ng bokabularyo:",
  "selection_GT": "Piliin",
  "preview_GT": "Pagsusuri",
  "noTextWasSelected_GT": "Walang napiling teksto",
  "nViews_GT": "<text> mga pagtingin",
  "viewCount_GT": "Mga B views",
  "date_GT": "Petsa",
  "areYouTheOwnerYoutube_GT": "Ikaw po ba ang may-ari ng channel na ito sa YouTube?",
  "nVideos_GT": "<text> mga video",
  "clearFilters_GT": "I-clear ang mga filter",
  "recommendedChannels_GT": "Inirerekomenda",
  "popularChannels_GT": "Sikat",
  "allChannels_GT": "Lahat ng channel",
  "channel_GT": "Kanal",
  "lexaAiAssistantPrompts_placeholder_example_GT": "Ipaliwanag: Pakipaliwanag ang paggamit ng salitang <WORD> sa pangungusap na ito: <CONTEXT>\nMga halimbawa: Pakibigay ng higit pang mga halimbawa gamit ang salitang <WORD> tulad ng ginamit sa pangungusap na ito: <CONTEXT>",
  "updateHistory_GT": "Kasaysayan ng mga update",
  "recentAppUpdates_GT": "Mga kamakailang update",
  "moreInfo_GT": "Karagdagang impormasyon",
  "continue_GT": "Magpatuloy",
  "podcasts_GT": "Mga Podcast",
  "allPodcasts_GT": "Lahat ng podcasts",
  "podcast_GT": "Pódcast",
  "hidden_GT": "Nakatago",
  "lexaAiAssistant_GT": "Lexa AI Katulong",
  "lexaAiAssistantInfo_GT": "Si Lexa ay makakasagot ng mga tanong tungkol sa mga salita at pangungusap sa materyal na iyong pinag-aaralan.\n\nMaaari mong i-edit ang mga prompt (mga tanong) sa mga setting ng Language Reactor.\n\nAng Pro mode ay gumagamit ng mas matalinong modelo na maaaring magbigay ng mas mahusay na mga sagot.",
  "lexaAiAssistantPrompts_GT": "Mga Paanyaya ng AI Assistant Lexa",
  "lexaAiAssistantPrompts_tooltip_GT": "Maaari mong i-edit ang mga prompt (mga tanong) na ito, ngunit kailangan mong igalang ang format:\n\n[Pamagat ng Tab]: [Prompt]\n[Pamagat ng Tab]: [Prompt]\netc.\n\nAng [Prompt] ay maaaring maglaman ng mga espesyal na placeholder na <WORD> at <CONTEXT>.\n\nMaaari kang gumamit ng anumang wika sa pagsusulat ng prompt. Kapag ang isang tanong ay ipinadala kay Lexa, ang tekstong ito ay idaragdag sa simula: Sagutin ang mga tanong para sa isang estudyanteng nag-aaral ng [wika sa pag-aaral]. Isulat ang iyong sagot sa [wika ng pagsasalin].",
  "hold_GT": "Hawakan",
  "invalidFormat_GT": "Hindi wastong format",
  "howToUseTouch_GT": "Gabay sa mga kontrol na pang-tap",
  "removeThisMessageAndFollowingOnes_GT": "Alisin ito at ang mga sumusunod na mensahe",
  "install_GT": "I-install",
  "refresh_GT": "I-refresh",
  "lexaAiAssistantPrompts_tooltip_intro_GT": "Lumalabas si Lexa sa itaas ng diksyunaryo kapag nag-click ka sa isang salita",
  "homepage_blurb": "🚀 Isang toolbox para matuklasan, maunawaan, at matuto mula sa mga katutubong materyales. ✨ Maranasan ang isang nakaka-engganyong paraan na hindi lamang epektibo, kundi nakakatuwa rin 🔥",
  "homepage_formerly_lln": "Dati itong kilala bilang Language Learning with Netflix",
  "homepage_cardBodyNetflix": "Ang browser extension ay ginagawang mga leksyon sa wika ang iyong mga paboritong palabas. Ang Pro mode ay nagbibigay-daan sa pagkilala ng boses at machine translation para sa tuloy-tuloy na pag-unawa. 🌍",
  "homepage_cardBodyYoutube": "Libu-libong YouTube channels sa anumang paksa na maaari mong isipin. Paunlarin ang iyong pag-unawa gamit ang tunay na wika sa konteksto. Tingnan ang aming piniling koleksyon. 🎧",
  "homepage_cardBodyFSI": "Subukan ang iyong sarili sa mga napatunayang programa ng pagsasanay mula sa gobyerno. Sundan ang mga nakabalangkas na pagsasanay sa pagsasalita at mga ehersisyo na bumubuo ng tunay na kahusayan. 💪 Palakasin ang mga klasikong pamamaraang ito gamit ang mga modernong tool ng Language Reactor.",
  "homepage_cardTitleWhatToLearn": "Ano ang Matutunan",
  "homepage_cardBodyWhatToLearn": "Mag-aral ng mas matalino, hindi mas mahirap! 🏃‍♂️ Ang Language Reactor ay nagmumungkahi ng mga mahahalagang salita para sa iyong paglalakbay sa pag-aaral, na tumutulong sa iyo na magpokus sa mga bagay na pinakamahalaga.",
  "homepage_cardBodyPhrasePump": "Ang PhrasePump ay pangunahing isang ehersisyo sa pakikinig. 🎧 Ang mga pangungusap ay pinipili upang palakasin ang mga nakasave na salita na kailangan ng pagsusuri, at ipinapakilala ang bagong bokabularyo. Magandang gamitin para sa mga baguhan at advanced na mag-aaral.",
  "homepage_cardBodyAria": "Kilalanin si Aria: Ang iyong mabilis mag-isip na kasosyo sa wika. Siya ay bahagi guro, bahagi komedyante, at laging handa sa isang matalino at nakakatawang sagot. 💬 Makakuha ng agarang mga pagwawasto, tuklasin ang walang katapusang mga paksa, at bumuo ng kumpiyansa sa iyong sariling bilis. 💡",
  "homepage_cardTitleProMode": "Pro Mode - Opsyonal",
  "homepage_cardBodyProMode": "Ang Language Reactor ay puno na ng magagandang libreng tampok. Ang Pro Mode ay nagdadagdag ng kaunting mahika sa iyong karanasan. ✨",
  "homepage_cardTitleBooksAndWebsites": "Mga Libro at Website",
  "homepage_cardBodyBooksAndWebsite": "I-import ang anumang webpage sa Language Reactor o i-upload ang iyong mga paboritong libro. Makinig kasama ang Text-to-Speech. 🎯",
  "clickHereToUseKeyboardControls": "I-click dito para gamitin ang mga kontrol ng keyboard",
  "uiLanguage_GT": "Wika ng UI",
  "videoFileIntro_GT": "Maaari kang mag-upload ng isang video file at mga subtitle (SRT), at kami ay gagawa ng isang pagsasalin para sa iyo. Sa kasalukuyan, ang tampok na ito ay gumagana lamang sa mga format ng video na sinusuportahan ng iyong browser.",
  "powerfulToolbox": "Ang Language Reactor ay isang makapangyarihang toolbox para sa pag-aaral ng mga wika.",
  "discoverUnderstandLearn": "Nakakatulong ito sa iyo na matuklasan, maunawaan, at matuto mula sa mga katutubong materyales.",
  "effectiveInterestingEnjoyable": "Ang pag-aaral ay magiging mas epektibo, kawili-wili, at kasiya-siya!",
  "extensionAddsNetflixFeatures": "Ang extension ay nagdadagdag ng mga subtitle sa dalawang wika, isang popup na diksyunaryo, tumpak na mga kontrol sa pag-play ng video at marami pang ibang mga tampok kapag nanonood ng mga pelikula at serye sa website ng Netflix.",
  "thousandsOfChannels": "Libu-libong mga channel na maaari mong panoorin sa anumang paksa na maaari mong isipin! Paunlarin ang iyong pag-unawa gamit ang tunay na wika sa konteksto.",
  "booksAndWebsites": "Mga libro at mga website",
  "importTextTranslationTTS": "Mag-import ng teksto, idaragdag ng Language Reactor ang isang machine translation sa iyong wika at babasahin ang teksto gamit ang napaka-realistiko na text-to-speech. (darating na)",
  "intelligentFeeding": "Automatikong matalino na pagpapakain ng nilalaman sa wika. Pumili lamang ng iyong antas ng wika at mag-enjoy sa biyahe.",
  "whatToLearn": "Ano ang dapat pag-aralan?",
  "suggestVocab": "Maaaring magmungkahi ang Language Reactor kung aling bokabularyo ang dapat mong pagtuunan ng pansin at kung ano ang maaari mong laktawan, upang mapabilis mo ang iyong pag-unlad.",
  "highlightWhenAppear": "I-save ang mga salitang nais mong matutunan, ito ay magiging naka-highlight tuwing lalabas ito.",
  "homepage_sectionTitleLearn": "Matuto mula sa mga bagay na mahal mo",
  "homepage_sectionSubtitleLearn": "Ang Language Reactor ay tumutulong sa iyo na makahanap ng nilalaman ayon sa iyong antas at interes",
  "homepage_cardTitleYoutube": "YouTube at mga podcast",
  "homepage_sectionTitleSuperpowers": "Mga Kapangyarihan sa Wika",
  "homepage_sectionSubtitleSuperpowers": "Gawing nauunawaan ang anumang nilalaman",
  "homepage_cardTitleBilingualSubs": "Mga Bilinggwal na Subtitle",
  "homepage_cardBodyBilingualSubs": "I-tune ang iyong pandinig sa natural na pagsasalita habang nakikita ang parehong wika. Tuklasin kung paano nag-uugnay ang mga kahulugan sa isa't isa. 👂",
  "homepage_cardTitlePlayback": "Tumpak na mga kontrol sa pag-playback",
  "homepage_cardBodyPlayback": "⚡ Itigil ang oras. Kontrolin ang bilis ng pag-play. 🎮 Gamitin ang mga shortcut sa keyboard at mga galaw para mag-navigate sa mga video. Awtomatikong huminto pagkatapos ng bawat subtitle hanggang sa magpatuloy ka. 🖱️",
  "homepage_cardTitleDictionary": "Diksyunaryo at Lexa AI",
  "homepage_cardBodyDictionary": "🔍 I-click ang kahit anong salita para sa mabilisang pagsasalin. Mga tunay na halimbawang pangungusap na may kasamang audio. 🎧 AI-powered na mga paliwanag sa tamang paggamit ng salita. 🌱 I-customize upang makakita ng karagdagang impormasyon!",
  "homepage_sectionSubtitleMaster": "Isang kumpletong toolkit para sa bokabularyo",
  "homepage_cardTitleSmartHighlighting": "Matalinong Pagsusuri",
  "homepage_cardBodySmartHighlighting": "I-save ang isang salita nang isang beses at makikita mo ito sa lahat ng dako—sa lahat ng anyo. Kilala ng Language Reactor ang mga plural, mga anyo ng pandiwa, at mga kaugnay na anyo. Natural na palakasin ang iyong pagkatuto sa lahat ng nilalaman.",
  "homepage_cardTitleExportAnki": "I-export sa Anki",
  "homepage_cardBodyExportAnki": "Gumagamit ka na ba ng Anki? 📤 I-export ang magagandang flashcard sa Anki kasama ang mga screenshot at audio clip.",
  "homepage_sectionTitlePractice": "Ang pagsasanay ay nagiging perpekto",
  "homepage_sectionSubtitlePractice": "Dalhin ang iyong pag-aaral mula sa pasibo patungo sa aktibo",
  "homepage_cardBodyPhoneTablet": "Ang Language Reactor ay gumagana sa iyong telepono at tablet din. Patuloy kaming nag-iimprove.",
  "homepage_cardTitlePhoneTablet": "Telepono at Tablet",
  "homepage_sectionTitleMaster": "Masterin ang Bawat Salita at Parirala",
  "homepage_cardTitleExtension": "Pagsasama ng Browser",
  "homepage_cardBodyExtension": "Sa mga desktop computer po, i-install ang browser extension para magamit ang mga feature ng Language Reactor habang nanonood ng mga video sa Netflix at YouTube websites, at para mag-import ng mga web page.",
  "pleaseRefreshAfterChanges": "Pakisariwa pagkatapos ng mga pagbabago:",
  "pdfsInThisCourseOnlyOnDesktop": "Ang mga PDF sa kursong ito ay maaari lamang tingnan sa desktop.",
  "noAudioFiles": "Walang audio files",
  "proFeatures_intro": "Buksan ang buong kakayahan ng inyong paglalakbay sa pag-aaral ng wika gamit ang Language Reactor Pro! 🚀📚",
  "proFeatures_netflixTitle": "Pagkilala ng Pananalita at Makinaryang Pagsasalin (Netflix)",
  "proFeatures_netflixFree": "Gamitin ang mga subtitle na galing sa Netflix. 🍿",
  "proFeatures_netflixPro": "🎤 I-enjoy ang speech recognition para sa lahat ng audio tracks. Tiyak na subtitles para sa dubbed audio ng inyong mga paboritong series! 🎬 Ang machine translations ay mas literal, para mas maintindihan ang orihinal na materyal. 🌍",
  "proFeatures_saveWordsTitle": "I-save ang mga Salita at Parirala",
  "proFeatures_saveWordsFree": "Mag-save ng mga salita at parirala habang ginagamit ang PhrasePump feature. 📝",
  "proFeatures_saveWordsPro": "I-save ang mga salita at parirala sa lahat ng features ng Language Reactor. I-customize ang iyong pag-aaral batay sa personal na interes at mga kakulangan sa bokabularyo. Ang mga minarkahang salita ay naka-highlight sa lahat ng features ng Language Reactor at maaaring i-export sa Anki! 📈✨",
  "proFeatures_lexaTitle": "Lexa AI Diksyunaryo",
  "proFeatures_lexaFree": "Kumuha ng mga paliwanag gamit ang basic na AI. 🤖",
  "proFeatures_lexaPro": "Makinabang sa mas pinaunlad na AI model na may mas malawak na kaalaman, na kayang sumagot ng mas komplikadong mga katanungan nang epektibo! 🧠🌐",
  "proFeatures_supportTitle": "Suportahan po ang mga Developer",
  "proFeatures_supportDetails": "Ang inyong suporta ang nagbibigay-daan para sa aming patuloy na pagpapahusay ng Language Reactor at paghahatid ng mga bagong feature para sa inyo! ❤️",
  "youCanSubscribeAgainAfterTheEndOfThisPeriod": "Maaari po kayong mag-subscribe muli pagkatapos ng panahong ito.",
  "tipHoldTheDictionaryButtonToRecordVoice": "Payo: Pindutin nang matagal ang dictionary button para mag-record ng boses",
  "sentenceOrTextSource": "Pinagmulan",
  "homepage_cardTitleLanguageSupport": "🌍 Malawak na Language Support",
  "homepage_cardBodyLanguageSupport": "Matuto mula sa content sa mahigit 40 wika! 🔤 Tingnan ang mga transliteration para sa mga wikang may ibang writing system. 👀 Itago ang mga subtitle hangga't hindi mo ito hino-hover—perpekto para sa pagpapahusay ng iyong listening skills.",
  "additional15DiscountUntil5thJanuary2025": "Karagdagang 15% na diskwento hanggang Enero 5, 2025. Gamitin po ang coupon code na 'turtle' sa checkout. 🎅",
  "includeDubbedAudioNF": "Isama ang mga dubbed audio",
  "phrasepumpNeedsImprovementForLang": "Kailangan pa po ng pagpapahusay ang PhrasePump para sa wika:",
  "addToHomeScreen": "Idagdag sa Home Screen",
  "textToSpeechVoiceNotAvailableForThisLangError": "Hindi available ang text-to-speech voice para sa wikang ito. Subukan po ang pag-install ng karagdagang language packs sa inyong system (kung available).",
  "textToSpeechInSafariNotGreatTryEdgeOrChrome": "Hindi po maganda ang text-to-speech sa Safari browser. Subukan pong mag-install ng Microsoft Edge o Chrome para sa mas magandang boses.",
  "dueForReview": "Para sa pagbabalik-aral",
  "signInWithGoogle": "Mag-sign in gamit ang Google",
  "allServersRunningNormally": "Maayos po ang takbo ng lahat ng server.",
  "clearHistory": "Burahin",
  "copiedText": "Kinopya:",
  "loadingText": "Naglo-load ang text...",
  "installChromeExtension": "I-install ang Chrome extension",
  "itemsRemoved": "Mga item na tinanggal",
  "removingItemsFailed": "Hindi nagtagumpay ang pag-alis ng mga item.",
  "itemsUpdated": "Na-update ang mga item",
  "autopauseNotAvailableOnYoutube": "Hindi magagamit ang autopause sa YouTube.",
  "sideBySideLayout": "Magkatabi",
  "overAndUnderLayout": "Nasa itaas at ibaba",
  "youAlsoHaveItemsInOtherLanguages": "Mayroon ka ring mga naka-save na items sa ibang wika. Pumunta po sa settings para makita ang mga ito.",
  "otherLanguages": "Iba pang mga wika",
  "paymentsAreCurrentlyNotSupportedInYourCountry": "Kasalukuyang hindi sinusuportahan ang mga pagbabayad sa iyong bansa.",
  "titles_header": "Mga Titulo",
  "sources_header": "Mga Pinagmulan",
  "holdTheButtonToRecord": "Pindutin at hawakan po ang button para mag-record",
  "noOption": "Walang opsyon",
  "learningResources": "Mga Sanggunian",
  "deleteMyData": "Burahin ang aking data",
  "deleteMyData_confirmationMessage": "Permanente pong mabubura ang lahat ng inyong mga setting, mga naka-save na item, kasaysayan ng pagsasanay, mga naka-save na media at texto. Sigurado po ba kayo?",
  "advancedActions": "Mga advanced na aksyon",
  "successDone": "Tagumpay!",
  "qKey": "I-toggle ang auto-pause",
  "rKey": "I-save ang subtitle",
  "copyKey": "Kopyahin ang kasalukuyang pangungusap",
  "unknownRank": "Hindi alam na ranggo",
  "mostFrequentWord": "pinakamadalas na salita",
  "studyStore_errorSavingCardStats": "Hindi ma-save ang card stats.",
  "studyStore_errorSavingCardRating": "Hindi ma-save ang rating ng card.",
  "studyStore_loginNoLongerValid": "Hindi na po valid ang inyong login, pakireload ang page na ito.",
  "studyStore_tooltip_extraPracticeSentence": "Hindi po ipinakita ang pangungusap na ito dahil sa anumang partikular na salitang na-save. Ito ay karagdagang pagsasanay upang mapahusay ang inyong kakayahan sa pakikinig at kaalaman sa gramatika.",
  "studyStore_tooltip_savedInYoutube": "Na-save sa Youtube video: ",
  "studyStore_tooltip_savedInNetflix": "Na-save sa Netflix video: ",
  "studyStore_extraPracticeIndicator": "[karagdagang pagsasanay]",
  "studyStore_errorLoadFlashcardMetadataFailed": "Hindi na-load ang metadata ng flashcard.",
  "studyStore_errorLoadPracticeItemsFailed": "Hindi matagumpay ang pag-load ng mga practice items.",
  "studyStore_errorLoadAudioFailed": "Hindi na-load ang audio.",
  "studyStore_errorGettingAudio": "Hindi makuha ang audio: ",
  "savedItemsStore_errorTooManyItems": "Masyadong marami na po ang inyong mga item",
  "savedItemsStore_errorSavingItem": "Hindi ma-save ang item.",
  "savedItemsStore_errorUpdatingItemsFailed": "Hindi nagtagumpay ang pag-update ng mga item.",
  "savedItemsStore_errorFailedToRemoveItem": "Hindi maalis ang item.",
  "savedItemsStore_devError_itemNotFoundForSetStudied": "Hindi matagpuan ang naka-save na item: ",
  "mediaStore_errorFailedToGetPlaylistInfo": "Hindi makuha ang impormasyon ng playlist.",
  "mediaStore_errorFailedToGetDocumentInfo": "Hindi makuha ang impormasyon ng dokumento.",
  "mediaStore_errorDocNotFoundInPlaylist": "Hindi po matagpuan ang dokumento sa playlist.",
  "userDataStore_errorFailedToSaveUserData": "Hindi na-save ang mga pagbabago sa settings.",
  "userDataStore_errorUpdatingSavedItemKeys": "Hindi ma-fetch ang mga saved items keys po.",
  "chatStore_errorNannyRefusedMessage": "Hindi matanggap ng chat service ang inyong mensahe, pakisubukang baguhin po ang pagkakasabi.",
  "chatStore_errorQuotaExceededPro": "Naubos na po ang inyong chat quota, subukan muli bukas.",
  "chatStore_errorAsrFailed": "Hindi ma-process ang iyong mensahe, pakiulit po.",
  "chatStore_errorGettingChatMessages": "May error po sa pagkuha ng mga Chat messages.",
  "chatStore_errorQuotaExceededMachine": "Naabot na po ang chat quota. Pakisuri ang inyong subscription o subukan muli mamaya.",
  "chatStore_errorQueueFull": "Paumanhin po, puno na ang aming mga server ngayon, ginagawan na namin ito ng paraan.",
  "chatStore_infoProUsersPriorityAccess": "Ang mga Pro user po ay may prayoridad na access.",
  "chatStore_errorLoadingConversationLangMismatch": "Hindi ma-load ang conversation: Hindi tugma ang mga language settings.",
  "chatStore_placeholderEnterWordsHere": "[maglagay ng mga salita dito]",
  "notifications_prefixNetworkError": "May problema po sa network, pakicheck ang inyong WiFi. ",
  "notifications_prefixNotFound": "Error: Hindi nahanap. ",
  "notifications_prefixBadRequest": "May error po sa system, pakisubukan ulit mamaya. ",
  "notifications_prefixTokenError": "May error sa login, mangyaring mag-login po muli.",
  "notifications_prefixServerError": "May error po sa server, pakisubukan ulit mamaya.",
  "notifications_prefixNotProUser": "Hindi na available ang mga Pro feature po. ",
  "notifications_prefixRateLimitExceeded": "Lumampas na po sa limitasyon. Subukan muli mamaya. ",
  "mediaDocPodcast_errorTimeoutDownloadingAudio": "Hindi ma-download ang audio mula sa URL dahil sa timeout.",
  "media_errorLoadingMediaTranslations": "Hindi ma-load ang mga translation ng media.",
  "media_errorAsrQuotaExceeded": "Naabot na po ninyo ang limitasyon sa audio processing para sa araw na ito. Subukan po ulit bukas.",
  "media_errorAsrQueueFull": "Abala po ang audio processing server. Pakisubukan muli mamaya.",
  "media_errorLoadingAsr": "Hindi ma-load ang ASR.",
  "media_errorAsrTooLong": "Masyadong matagal ang pagproseso ng ASR. Pakisubukan po ulit mamaya.",
  "media_errorLoadingNlpData": "May error sa pag-load ng NLP data.",
  "mediaDocText_errorFetchingPageTranslations": "Hindi makuha ang mga pagsasalin ng pahina.",
  "mediaDocText_errorFetchingTextInfo": "Hindi makuha ang impormasyon ng text.",
  "mediaDocText_errorFetchingPageNlp": "Hindi makuha ang NLP ng pahina.",
  "mediaDocText_errorFetchingPageTts": "Hindi makuha ang TTS ng pahina.",
  "media_errorLoadingMediaMetadata": "Hindi ma-load ang metadata ng media.",
  "media_errorFetchingSubtitlesForVideo": "Hindi makuha ang subtitle ng video.",
  "media_errorAsrNotAvailableForVideo": "Hindi available ang ASR para sa video na ito, pasensya po.",
  "media_errorFetchingVideoTranslations": "Hindi makuha ang mga translation ng video."
}