{
  "langCode": "fr",
  "appNameTr": "Language Reactor",
  "appName": "Language Reactor",
  "appDesc": "Améliorez vos connaissances par vous-même, efficacement et avec plaisir, en regardant des films et des séries dans la langue que vous étudiez.",
  "catalogue": "Catalogue",
  "catalogue_tooltip": "Trouvez des films et des séries adaptés à l'utilisation avec Language Reactor.",
  "help": "Aide",
  "help_tooltip": "Instructions d'utilisation, astuces.",
  "feedback": "Donner votre avis",
  "feedback_tooltip": "Un problème? Demande de fonctionnalité?",
  "facebook": "Facebook",
  "facebook_tooltip": "Aimez notre page et consultez les dernières nouvelles.",
  "originalLanguage_label": "Langue d'origine :",
  "originalLanguage_tooltip": "La langue d'origine de ce film Netflix.",
  "noDictionary_error": "L'extension Language Reactor ne supporte pas encore l'utilisation du dictionnaire pour la langue <text>. Cette fonctionnalité sera bientôt disponible!",
  "subtitleLanguage_label": "Langue des sous-titres Netflix",
  "subtitleLanguage_tooltip": "Ceci est la langue des sous-titres Netflix sélectionnés.",
  "subtitlesNotLoaded_error": "Les sous-titres Netflix n'étaient pas chargés. Une langue de sous-titrage est-elle sélectionnée dans le menu de lecture Netflix?",
  "subtitlesNoMatchAudio_error": "Les sous-titres Netflix sélectionnés (<text>) ne correspondent pas à l'audio. Sélectionnez la langue d'origine du titre (<text>) dans le menu de lecture Netflix ou recherchez dans le catalogue Language Reactor les titres suggérés pour la langue que vous étudiez.",
  "subtitlesNoMatchAudio_ASR_error_GT": "Les sous-titres <text> ne correspondent pas à l'audio. Passez aux sous-titres en langue originale (<text>) dans les paramètres de lecture Netflix, ou trouvez un titre suggéré pour votre langue cible dans le catalogue Language Reactor. Vous pouvez aussi utiliser la piste de reconnaissance vocale (ASR).",
  "audioNoMatchSubtitles_error": "La piste audio Netflix sélectionnée (<text>) ne correspond probablement pas aux sous-titres. Sélectionnez la langue d'origine du titre (<text>) dans le menu de lecture Netflix ou recherchez dans le catalogue Language Reactor les titres suggérés pour la langue que vous étudiez.",
  "audioLanguage_label": "Langue audio Netflix",
  "audioLanguage_tooltip": "Ceci est la langue de la piste audio Netflix sélectionnée.",
  "pleaseSelectSubtitles": "- Sélectionnez les sous-titres dans le lecteur Netflix -",
  "pleaseSelectSubtitlesYoutube": "- Sélectionnez des sous-titres dans le lecteur Youtube -",
  "loadingSubtitles": "- Chargement des sous-titres, veuillez patienter... -",
  "loadingTranslations": "Chargement des traductions...",
  "firstSubtitleNotReached": "- Premier sous-titre pas encore atteint. -",
  "errorApology_OLD": "Language Reactor a détecté qu'une erreur s'est produite. Les développeurs ont été notifiés. Essayez de recharger la page ou réessayez dans 24 heures. Désolé pour le dérangement. Consultez notre page Facebook pour des mises à jour. Message d'erreur: <text>",
  "openClose_tooltip": "Ouvrir / fermer Language Reactor.",
  "vocabHighlight_label": "Mise en évidence du vocabulaire",
  "levelWithNumber": "Niveau <text> : <text> mots",
  "levelDisable": "Niveau <text>: désactiver",
  "translationLanguage_label": "Langue de traduction",
  "translationLanguage_tooltip": "Ceci est la langue de la traduction. Sélectionnez votre langue maternelle.",
  "showMachineTranslation_label": "Afficher la traduction automatique",
  "showMachineTranslation_tooltip": "Montrer une traduction automatique des sous-titres source dans votre langue.",
  "showHumanTranslation_label": "Afficher la traduction humaine",
  "showHumanTranslation_tooltip": "Montrer une traduction humaine des sous-titres source dans votre langue, si disponible.",
  "slowSpeechSegments": "Ralentir les segments audio",
  "slowSpeechSegments_tooltip": "Réduisez la vitesse de lecture de la vidéo (0,8x) lorsqu'un sous-titre est actif, afin de faciliter la compréhension.",
  "keyboardShortcuts": "Raccourcis clavier :",
  "previous": "Précédent",
  "next": "Suivant",
  "previousSub": "Sous-titre précédent",
  "nextSub": "Sous-titre suivant",
  "play": "Lire",
  "playPause": "Lire / Pause",
  "repeat": "Répéter",
  "infiniteRepeat": "Répétition infinie",
  "alsoUseASD": "Vous pouvez également utiliser : A, S, D, barre d'espace",
  "autoPause": "Pause automatique",
  "autoPause_tooltip": "Mettre automatiquement en pause la lecture à la fin de chaque sous-titre.",
  "none": "Aucun",
  "nms_tip": "Apprenez-vous une langue ? Essayez notre nouvelle extension pour étudier une langue avec Netflix.",
  "welcomeModal_line1_string": "Chers utilisateurs,",
  "welcomeModal_line2_string": "Une mise à jour majeure de l'extension vient d'être effectuée. Nous espérons que vous apprécierez les nouvelles fonctionnalités :",
  "welcomeModal_line3_string": "Les sous-titres peuvent maintenant apparaître en haut de la vidéo.",
  "welcomeModal_line4_string": "Panneau latéral supplémentaire pour afficher tous les sous-titres.",
  "welcomeModal_line5_string": "Meilleur support pour les langues asiatiques.",
  "proFeatures_line1_string": "Le mode \"Pro\" offre des fonctionnalités supplémentaires :",
  "proFeatures_line2_string": "Traductions automatiques",
  "proFeatures_tt2_string": "Les traductions sont plus proches des sous-titres originaux. Elles seront plus efficaces pour les étudiants en langues.",
  "proFeatures_line3_string": "Enregistrez des mots et des expressions",
  "proFeatures_tt3_string": "Tous les mots que vous enregistrez sont mis en surbrillance dans tous les sous-titres. Cela aide à organiser votre apprentissage. Les mots et les phrases sauvegardés peuvent être exportés vers Anki (programme flashcard).",
  "proFeatures_line4_string": "Sous-titres pour films doublés",
  "proFeatures_tt4_string_GT": "De nombreuses séries sur Netflix proposent des pistes audio supplémentaires dans d'autres langues (audio doublé), mais Netflix ne dispose pas de sous-titres adaptés pour ces pistes audio. Language Reactor peut créer des sous-titres à partir de l'audio, vous permettant ainsi d'étudier, par exemple, l'allemand avec Breaking Bad.",
  "proFeatures_line5_string": "Soutenir les développeurs",
  "proFeatures_tt5_string": "Nous travaillons dur pour améliorer l'extension et vous apporter de nouvelles fonctionnalités.",
  "price_string": "Le prix par mois est de :",
  "welcomeModal_line6_string": "La traduction automatique était gratuite auparavant, mais c'est un service coûteux à fournir. Nous espérons que vous comprenez.",
  "useForFree_line_string": "Vous pouvez utiliser ces fonctionnalités gratuitement pendant une semaine.",
  "useForFree_twoWeeks_line_string": "Vous pouvez utiliser ces fonctionnalités gratuitement pendant deux semaines.",
  "useProForFreeTwoWeeks_string": "Vous pouvez utiliser les fonctions Pro gratuitement pendant deux semaines.",
  "notNow_btn_string": "Pas maintenant",
  "continueWithGoogle_btn_string": "Continuer avec Google",
  "trialBegunModal_body_string": "Les fonctionnalités «Pro» ont été activées !",
  "ok_btn_string": "OK",
  "prePaymentModal_line1_string": "Abonnez-vous pour continuer à utiliser les fonctionnalités «Pro».",
  "choosePaymentProvider_line_string": "Choisissez un mode de paiement :",
  "payWithGoogle_btn_string": "Cartes de crédit acceptées.",
  "payWithPaddle_btn_string": "Cartes de crédit et Paypal acceptés.",
  "christmasSale_GT": "20 % de réduction jusqu'au 1er janvier",
  "youPayEveryMonth_GT": "Paiement mensuel :",
  "or_GT": "ou",
  "youPayEvery3Months_GT": "Paiement trimestriel :",
  "youPayEveryYear_GT": "Paiement annuel :",
  "oneMonth_GT": "1 mois",
  "threeMonths_GT": "3 mois",
  "oneYear_GT": "1 an",
  "subscriptionLabel_GT": "Abonnement. Vous pouvez annuler après le paiement si vous ne souhaitez pas le renouvellement automatique.",
  "choose_GT": "Choisir",
  "paymentSuccessful_line1_string": "Paiement réussi ! Merci pour votre soutien !",
  "paymentSuccessful_line2_string": "Vous pouvez annuler votre abonnement à tout moment dans les paramètres.",
  "paymentSuccessfulPaddleMessage_line_string": "Note : Si votre paiement nécessite une vérification manuelle, veuillez patienter quelques heures. Le mode 'Pro' devrait s'activer automatiquement. Nous nous excusons pour le délai.",
  "cancelGoogle_line_string": "Remarque : le mode ‘Pro’ restera actif pendant 30 jours après votre dernier paiement.",
  "cancelSubscription_btn_string": "Annuler l'abonnement",
  "problemWithPayment_line1_string": "Un problème est survenu avec le paiement de votre abonnement.",
  "problemWithPayment_line2_string": "Après avoir mis à jour vos informations de paiement, veuillez rafraîchir cette fenêtre.",
  "updatePayment_btn_string": "Mettre à jour les informations de paiement",
  "alreadyUserPleaseSignIn": "Déjà utilisateur ? Veuillez vous connecter.",
  "pleaseSignIn": "Veuillez vous connecter.",
  "pleaseSignInOrRegister": "Veuillez vous connecter ou vous inscrire pour accéder à davantage de fonctionnalités",
  "noCreditCardInfoNoChargeAfterTrial": "Aucune information de carte bancaire n'est requise. Aucun frais ne vous sera facturé après la période d'essai, sauf si vous choisissez de souscrire à un abonnement à ce moment-là.",
  "signIn": "Se connecter",
  "signOut": "Se déconnecter",
  "options": "Options",
  "mode": "Mode :",
  "manageSubscription": "Gérer l'abonnement",
  "mode_free": "Gratuit",
  "mode_basic": "Mode basique",
  "mode_pro": "Pro",
  "signInStatus": "Statut de connexion :",
  "signedIn": "Connecté",
  "notSignedIn": "Pas connecté",
  "fix": "Réparer",
  "featureComingSoon": "Fonctionnalité à venir bientôt.",
  "showTransliterations": "Afficher les translittérations",
  "noTransliterations": "Aucune translittération",
  "romaji": "Original + Romaji",
  "hiragana": "Original + Hiragana",
  "romajiOnly": "Romaji",
  "hiraganaOnly": "Hiragana",
  "withOriginalForm": "Avec la forme originale",
  "transliterationsOnly": "Translittérations uniquement",
  "hideTransliterationsForKnownWords_GT": "Masquer la transcription des mots connus",
  "playbackSpeed": "Vitesse de lecture",
  "normal": "Normal",
  "notAvailable": "Indisponible.",
  "noHTAvailable": "Aucune traduction humaine n'est disponible pour la langue de traduction sélectionnée.",
  "noMTAvailable": "Les traductions automatiques ne sont disponibles que pour les sous-titres originaux du film.",
  "proFeature": "Fonctionnalité Pro",
  "saveCurrentSubtitle": "Enregistrer le sous-titre actuel",
  "toggleAutoPause": "Activer/désactiver la pause automatique",
  "exportToAnki": "Exporter vers Anki",
  "pleaseSelectItemsToExport": "Veuillez sélectionner les éléments à exporter :",
  "allItems": "Tous les éléments",
  "download": "Télécharger",
  "subtitles": "Sous-titres",
  "words": "Mots",
  "savedItems_short": "Enregistrés",
  "savedItems": "Éléments enregistrés",
  "saved": "Enregistré",
  "allLanguages": "Toutes les langues",
  "allTypes": "Tous les types",
  "yellowWords": "Mots jaunes",
  "blueWords": "Mots bleus",
  "greenWords": "Mots verts",
  "purpleWords": "Mots violets",
  "redWords": "Mots rouges",
  "phrases": "Phrases",
  "noSavedItems": "Aucun élément enregistré.",
  "clickAStar": "Cliquez sur une étoile pour enregistrer un sous-titre ou sur les boutons de couleur du dictionnaire pour enregistrer un mot.",
  "loadingDotDotDot": "Chargement...",
  "showMore": "Afficher plus",
  "openCloseBottomPanel": "Ouvrir/fermer le panneau inférieur",
  "openCloseVerticalView": "Ouvrir/fermer la vue verticale",
  "close": "Fermer",
  "autoPaused": "PAUSE AUTOMATIQUE",
  "pressSpaceToContinue": "(Appuyez sur ESPACE pour continuer)",
  "saveWordTooltip": "Enregistrer le mot. Vous pouvez également cliquer avec le bouton droit sur un mot pour le sauvegarder.",
  "subscriptionToProFeatures": "Abonnement aux fonctionnalités \"Pro\".",
  "tryForFree": "Essayez gratuitement",
  "noCreditCardRequired": "Aucune carte de crédit nécessaire.",
  "noCharge": "Contrairement à d'autres, nous ne vous facturerons rien durant la période d'évaluation, ni ne mettrons automatiquement à niveau votre abonnement.",
  "subscriptionActive": "Votre abonnement est actif.",
  "speedUpPlayback": "Accélérer la lecture",
  "slowDownPlayback": "Ralentir la lecture",
  "highlightSavedWords_label": "Surligner les mots enregistrés",
  "onRightClick_label": "Au clic droit",
  "onLongPress_label_GT": "Action appui long",
  "suggestedToKnownWordsRatio_label_GT": "Ratio mots suggérés/mots connus",
  "showVV_label": "Afficher la liste des sous-titres",
  "showSubsBelowVideo_label": "Afficher les sous-titres sous la vidéo",
  "otherPossibleTranslations": "Autres traductions possibles",
  "doNothing_option": "Ne rien faire",
  "showDict_option": "Afficher le dictionnaire",
  "showDictSpeak_option": "Afficher le dictionnaire et prononcer le mot",
  "speakWord_option": "Prononcer le mot",
  "saveWord_option": "Enregistrer le mot",
  "removeAllItems": "Supprimer tous les éléments",
  "areYouSure": "Voulez-vous continuer ?",
  "hideTranslation": "Masquer la traduction",
  "hideTranslation_tt": "Cache la traduction pendant la lecture de la vidéo. Cliquez sur le texte ou appuyez sur [e] pour montrer la traduction.",
  "littlePracticeEveryDay": "Il faut s'entraîner un peu chaque jour pour apprendre une nouvelle langue.",
  "enableLln": "Activer Language Reactor",
  "doYouLikeOurExtension": "Aimez-vous Language Reactor ?",
  "reportBug": "Signaler un bogue",
  "translationNotFound": "Traduction non trouvée.",
  "usageExamples": "Exemples d'utilisation",
  "userDefinedExternalDict_label": "URL du dictionnaire utilisateur",
  "turnOnOff": "Activer / Désactiver",
  "fontSize_label": "Taille de la police",
  "extraSmall": "Très petit",
  "small": "Petite",
  "large": "Grande",
  "extraLarge": "Très grand",
  "removeSubtitle": "Supprimer",
  "settings": "Paramètres",
  "subtitleLanguage_label_yt": "Langue des sous-titres YouTube",
  "subtitleLanguage_tooltip_yt": "Ceci est la langue des sous-titres YouTube sélectionnés.",
  "subtitlesNotLoaded_error_yt": "Les sous-titres YouTube n'ont pas été chargés. Une langue de sous-titrage est-elle sélectionnée dans le menu de lecture YouTube ?",
  "exportAsJson": "Exporter au format JSON",
  "exportAsCsv": "Exporter au format CSV",
  "exportAsExcel": "Exporter au format Excel",
  "overrideArrowKeys_label": "Remplacer les touches fléchées",
  "overrideArrowKeys_tt": "Les touches fléchées du clavier se comportent comme les touches A, S et D",
  "changelist": "Liste de modifications",
  "print": "Imprimer",
  "export": "Exporter",
  "appDescYoutube": "Améliorez vos compétences linguistiques de manière efficace et agréable en regardant des vidéos dans la langue que vous souhaitez apprendre.",
  "externalDictsMessage": "Dictionnaires externes. Vous pouvez ouvrir directement le dernier dictionnaire externe utilisé en maintenant la touche Maj enfoncée tout en cliquant sur un mot.",
  "userDefinedExternalDict_tooltip": "Dictionnaires personnalisés qui s'afficheront avec d'autres dictionnaires externes dans la fenêtre du dictionnaire (ils seront nommés U1, U2...). L'URL doit contenir 'WORD' (en majuscules) - qui sera automatiquement remplacé par le mot recherché. Vous pouvez insérer plusieurs URLs sur des lignes séparées.",
  "pleaseLeaveReviewMessage": "Vous aimez Language Reactor ? Aidez-nous en laissant un avis sur le Chrome Web Store.",
  "writeReview": "Écrire un avis",
  "saveSubtitle": "Sauvegarder",
  "translate": "Traduire",
  "selectLang": "Sélectionner la langue",
  "searchVidsWithSubs": "Rechercher des vidéos sous-titrées (CC)",
  "searchSettings": "Paramètres de recherche",
  "sourceLang": "Langue de départ :",
  "chatWithOtherUsers": "Discuter avec d'autres utilisateurs de Language Reactor",
  "forum": "Forum",
  "tip": "Conseil :",
  "considerChangingYoutubeLanguage": "Pour de meilleurs résultats, envisagez de modifier la langue dans les paramètres YouTube.",
  "seeHow": "Apprendre comment",
  "helloPleaseSelectYourNativeLanguage": "Bonjour, veuillez sélectionner votre langue maternelle :",
  "yourNativeLanguage_GT": "Votre langue maternelle :",
  "autoHideYoutubePlaybackBarRecommended": "Masquer automatiquement la barre de lecture YouTube (recommandé)",
  "dontChangeTheInterface": "Ne pas modifier l'interface",
  "hidePlaybackBar": "Cacher la barre de lecture",
  "font": "Police",
  "defaultRecommended": "Par défaut (recommandé)",
  "subtitlesHidden": "Sous-titres (cachés)",
  "noSubsForThisVideo": "Pas de sous-titres pour cette vidéo !",
  "forceOriginalTracks": "Forcer les pistes d'origine",
  "forceOriginalTracks_desc": "Si activée, cette option basculera l'audio et les sous-titres de la vidéo dans la langue d'origine lorsque l'extension est activée.",
  "hideSubtitles": "Cacher les sous-titres",
  "disabled": "Désactivé",
  "hideTranslations": "Cacher les traductions",
  "hideBoth": "Cacher les deux",
  "showSubtitleControls": "Afficher les commandes de sous-titres",
  "moveToggleControls": "Déplacer/activer les contrôles",
  "netflixTestsMessage": "Netflix effectue parfois des tests qui peuvent empêcher Language Reactor de fonctionner correctement. Pour éviter les problèmes, nous vous recommandons de désactiver la participation aux tests Netflix. C'est facile :",
  "disableTesting": "Désactiver les tests",
  "nextBillingDate": "Prochaine date de facturation",
  "youCanUseProForXXDays": "Vous pouvez continuer à utiliser les fonctionnalités Pro pendant <text> jours.",
  "youCanUseFreeForXXDays": "Vous pouvez utiliser les fonctionnalités gratuites pendant <text> jours.",
  "subtitlesCouldNotBeLoaded": "Les sous-titres n'ont pas pu être chargés.",
  "adIsPlaying": "La publicité est en cours de lecture.",
  "yourSubscriptionHasExpired": "Votre abonnement a expiré.",
  "youHaveCanceledYourSubscription": "Vous avez annulé votre abonnement.",
  "nowYouCanStudyWithYoutubeToo": "Vous pouvez désormais aussi étudier les langues avec YouTube !",
  "machineTranslations": "Traduction automatique",
  "humanTranslations": "Traduction humaine",
  "belowAreWordsFromTheCurrentVideo_GT": "Mots de cette vidéo, classés par fréquence",
  "rightClickWordToSaveIt_GT": "Faites un clic droit pour marquer un mot",
  "leftClickToOpenDict": "Cliquez gauche pour ouvrir le dictionnaire.",
  "selectVocabLevelToMarkPurple": "Sélectionnez un niveau de vocabulaire dans les paramètres pour marquer les mots moins courants en violet.",
  "aboveCurrentLevel": "au-dessus du niveau actuel",
  "unsavedWords": "Mots non sauvegardés",
  "levelX": "Niveau <text>",
  "tips": "Astuces",
  "emptyTemplate": "",
  "thisExportHasMultipleParts": "Cette exportation comporte plusieurs parties.",
  "downloadPartXX": "Télécharger la partie <text>",
  "thisItemWasSavedInAnotherVideo": "Cet élément a été enregistré dans une autre vidéo.",
  "cancel": "Annuler",
  "openVideo": "Ouvrir la vidéo",
  "format": "Format",
  "printHtml": "Imprimer (HTML)",
  "mustReadHowToImportToAnki": "À lire : Comment importer dans Anki.",
  "infoAboutCsvExport": "Informations sur l'exportation en CSV",
  "jsonDataSchema": "Schéma de données JSON",
  "language": "Langue",
  "itemType": "Type d'élément",
  "includeTimestamps": "Inclure les horodatages",
  "youCanChangeTranslitsOptionsInSettings": "Vous pouvez modifier les options de translittération dans les paramètres.",
  "preferredTranslations": "Traductions préférées",
  "onlyNewItemsSinceLastExport": "Uniquement les nouveaux éléments depuis la dernière exportation",
  "includeMedia": "Inclure les médias",
  "langName_is": "Islandais",
  "langName_ga": "Irlandais",
  "langName_az": "Azéri",
  "langName_af": "Afrikaans",
  "langName_am": "Amharique",
  "langName_ar": "Arabe",
  "langName_sq": "Albanais",
  "langName_hy": "Arménien",
  "langName_it": "Italien",
  "langName_yi": "Yiddish",
  "langName_ig": "Igbo",
  "langName_id": "Indonésien",
  "langName_ug": "Ouïghour",
  "langName_cy": "Gallois",
  "langName_uk": "Ukrainien",
  "langName_uz": "Ouzbek",
  "langName_ur": "Ourdou",
  "langName_et": "Estonien",
  "langName_eo": "Espéranto",
  "langName_or": "Odia",
  "langName_nl": "Néerlandais",
  "langName_kk": "Kazakh",
  "langName_ca": "Catalan",
  "langName_gl": "Galicien",
  "langName_kn": "Kannada",
  "langName_rw": "Kinyarwanda",
  "langName_el": "Grec",
  "langName_ky": "Kirghize",
  "langName_gu": "Goudjerati",
  "langName_km": "Khmer",
  "langName_ku": "Kurde",
  "langName_hr": "Croate",
  "langName_xh": "Xhosa",
  "langName_co": "Corse",
  "langName_sm": "Samoan",
  "langName_jv": "Javanais",
  "langName_ka": "Géorgien",
  "langName_sn": "Shona",
  "langName_sd": "Sindhi",
  "langName_si": "Cingalais",
  "langName_sv": "Suédois",
  "langName_zu": "Zoulou",
  "langName_gd": "Gaélique Écossais",
  "langName_es": "Espagnol",
  "langName_sk": "Slovaque",
  "langName_sl": "Slovène",
  "langName_sw": "Swahili",
  "langName_su": "Soundanais",
  "langName_ceb": "Cebuano",
  "langName_sr": "Serbe",
  "langName_so": "Somali",
  "langName_th": "Thaï",
  "langName_tg": "Tadjik",
  "langName_tt": "Tatar",
  "langName_ta": "Tamoul",
  "langName_cs": "Tchèque",
  "langName_te": "Télougou",
  "langName_da": "Danois",
  "langName_de": "Allemand",
  "langName_tk": "Turkmène",
  "langName_tr": "Turc",
  "langName_ny": "Chewa",
  "langName_ne": "Népalais",
  "langName_no": "Norvégien",
  "langName_ht": "Créole Haïtien",
  "langName_ha": "Haoussa",
  "langName_ps": "Pachto",
  "langName_eu": "Basque",
  "langName_haw": "Hawaïen",
  "langName_hu": "Hongrois",
  "langName_pa": "Pendjabi",
  "langName_hi": "Hindi",
  "langName_tl": "Filipino",
  "langName_fi": "Finnois",
  "langName_hmn": "Hmong",
  "langName_fr": "Français",
  "langName_bg": "Bulgare",
  "langName_vi": "Vietnamien",
  "langName_iw": "Hébreu",
  "langName_be": "Biélorusse",
  "langName_fa": "Persan",
  "langName_bn": "Bengali",
  "langName_pl": "Polonais",
  "langName_bs": "Bosniaque",
  "langName_pt": "Portugais",
  "langName_mi": "Maori",
  "langName_mk": "Macédonien",
  "langName_mg": "Malgache",
  "langName_mr": "Marathi",
  "langName_ml": "Malayalam",
  "langName_mt": "Maltais",
  "langName_ms": "Malais",
  "langName_my": "Birman",
  "langName_mn": "Mongol",
  "langName_yo": "Yoruba",
  "langName_lo": "Lao",
  "langName_la": "Latin",
  "langName_lv": "Letton",
  "langName_lt": "Lituanien",
  "langName_ro": "Roumain",
  "langName_lb": "Luxembourgeois",
  "langName_ru": "Russe",
  "langName_en": "Anglais",
  "langName_ko": "Coréen",
  "langName_fy": "Frison Occidental",
  "langName_zh-CN": "Chinois (Simplifié)",
  "langName_zh-TW": "Chinois (Traditionnel)",
  "langName_st": "Sotho Du Sud",
  "langName_ja": "Japonais",
  "netflixCatalogue": "Catalogue Netflix",
  "notAllTitlesAllCountries": "Comme tous les titres ne sont pas disponibles dans tous les pays, vous devez sélectionner le pays dans lequel Netflix détecte que vous vous situez.",
  "catalogueByOriginalLanguage": "Le catalogue répertorie les titres en fonction de leur langue d'origine. Il vous permet de trouver des films français, pour étudier le français, et des films allemands pour étudier l'allemand, etc.",
  "goodSubtitlesForOriginal": "Netflix propose de bons sous-titres pour la langue originale d'un titre, qui correspondent à la piste audio.",
  "oftenDontMatch": "Souvent, les sous-titres ne correspondent pas à la piste audio pour les films en version doublée.",
  "yourCountry": "Votre pays",
  "allCountries": "Tous les pays",
  "numberFound_colon": "Trouvé :",
  "genre_colon": "Genre :",
  "released_colon": "Sortie :",
  "runtime_colon": "Durée :",
  "drama": "Drame",
  "action": "Action",
  "crime": "Crime",
  "thriller": "Thriller",
  "adventure": "Aventure",
  "scifi": "Science-fiction",
  "romance": "Romance",
  "fantasy": "Fantaisie",
  "mystery": "Mystère",
  "war": "Guerre",
  "biography": "Biographie",
  "history": "Histoire",
  "clearHistory_GT": "Effacer l'historique",
  "comedy": "Comédie",
  "horror": "Horreur",
  "sport": "Sport",
  "music": "Musique",
  "animation": "Animation",
  "musical": "Comédie musicale",
  "noMoviesFoundForThisSearch": "Aucun film ne correspond à cette recherche.",
  "youtubeCatalogue": "Catalogue YouTube",
  "installExtensionForEnhancedFeatures": "Conseil : Installez l'extension pour bénéficier de fonctionnalités améliorées lorsque vous regardez Netflix et YouTube !",
  "weCreatedYTCatalogue": "Nous avons créé ce catalogue pour vous aider à trouver de bonnes chaînes pour étudier.",
  "errorLoadingData": "Erreur de chargement des données.",
  "search": "Recherche",
  "subscribers_colon": "Abonnés :",
  "withSubtitles_colon": "Avec sous-titres :",
  "score_colon": "Score :",
  "installExtensionForBetterExperience": "Installez l'extension du navigateur pour une meilleure expérience !",
  "translationSameAsSource_text_text": "La langue de traduction (<text>) est la même que la langue source (<text>). Pensez à changer votre langue de traduction dans les paramètres.",
  "translationNotSupported_text_text": "La traduction de <text> à <text> n'est pas prise en charge actuellement.",
  "selectDifferentTranslationLanguage": "Veuillez sélectionner une autre langue de traduction.",
  "nextVideo": "Vidéo suivante",
  "prevVideo": "Vidéo précédente",
  "smallVideo": "Réduire la vidéo",
  "bigVideo": "Agrandir la vidéo",
  "showTranslation": "Afficher la traduction (si disponible)",
  "watchingVideos": "Regarder des vidéos",
  "afterInstallingAdditionalFeatures": "Après avoir installé l'extension de navigateur, vous disposerez de fonctionnalités supplémentaires pour l'apprentissage des langues lorsque vous regarderez des vidéos sur les sites Web de Netflix et de YouTube.",
  "whatToWatch": "Que regarder ?",
  "weCreatedNetflixAndYoutubeCatalogue": "Pour vous aider à trouver des vidéos, nous avons créé un catalogue pour Netflix et YouTube. Vous pouvez ouvrir ce catalogue dans le menu situé à gauche sur cette page.",
  "alreadyOpenPleaseReload": "Si vous avez déjà ouvert Netflix ou YouTube, veuillez recharger la fenêtre.",
  "clickToOpenSettings": "Cliquez ici pour ouvrir les paramètres.",
  "clickEnableExtraFeatures": "Cliquez ici pour activer ou désactiver les fonctions supplémentaires.",
  "formerlyCalled": "(anciennement appelé « Language Learning with Netflix »)",
  "startInstallExtension": "Pour commencer, installez l'extension de navigateur.",
  "saveAndReview": "Sauvegarder et réviser",
  "reviewWordsAndPhrases": "Vous pouvez réviser les mots et les phrases que vous avez sauvegardés sous forme de cartes-éclair, et aussi apprendre de nouveaux mots.",
  "underActiveDevelopment": "Ce projet est en cours de développement. Pour suggérer une fonctionnalité ou signaler un problème, veuillez visiter notre forum.",
  "writeToUs": "N'hésitez pas à nous écrire pour toute autre question.",
  "setupComplete": "Configuration terminée",
  "clickWordDictionary": "Cliquez sur un mot pour voir le dictionnaire. Cliquez avec le bouton droit de la souris sur un mot pour l'enregistrer.",
  "autopauseEverySubtitle": "Pause automatique de la lecture à la fin de chaque sous-titre.",
  "machineAndHumanTranslations": "Dans les paramètres, vous pouvez choisir d'afficher deux types de traductions : automatique et humaine. La traduction automatique est très littérale, elle vous aide à comprendre la structure de la phrase dans la langue que vous étudiez. Elle peut parfois contenir des erreurs. La traduction humaine est souvent utile, car elle traduit correctement les expressions et les expressions idiomatiques.",
  "keyboardKeys": "Vous pouvez utiliser les touches du clavier pour contrôler le lecteur.",
  "aKey": "Sous-titre précédent",
  "sKey": "Rejouer le sous-titre",
  "dKey": "Sous-titre suivant",
  "spaceKey": "Lecture/Pause",
  "settingsForMoreShortcuts": "Regardez dans les paramètres pour trouver d'autres raccourcis clavier.",
  "weCreatedNetflixCatalogue": "Nous avons créé un catalogue spécial pour vous aider à trouver des titres Netflix avec des sous-titres de haute qualité dans la langue que vous étudiez.",
  "youtubeHasAnyTopic": "YouTube propose des vidéos sur tous les sujets, dans toutes les langues majeures. Toutefois, YouTube essaie de vous masquer les contenus étrangers.",
  "pageNotFound": "Page introuvable.",
  "videosNoLongerAvailable": "Certaines des vidéos répertoriées peuvent être inaccessibles depuis votre pays.",
  "votes_text": "<text> votes",
  "countries_text": "<text> pays",
  "watch": "Regarder",
  "tryAgain": "Réessayer",
  "videoUnavailablePleaseContinue": "Cette vidéo est inaccessible, veuillez passer à la vidéo suivante.",
  "nextPage": "Page suivante",
  "prevPage": "Page précédente",
  "videos": "Vidéos",
  "selectPlaylist": "Veuillez sélectionner une liste de lecture.",
  "flashcardTooltipProposal": "Nombre de nouveaux éléments entrant dans votre cycle d'étude pour cette session",
  "flashcardTooltipExposure": "Nombre d'éléments à réviser pour cette session",
  "flashcardTooltipTest": "Nombre d'éléments pour le quiz de cette session",
  "flashcardExposureTooltip": "Les cartes d'exposition présentent différentes phrases d'exemple utilisant vos mots enregistrés pour vous aider à comprendre leurs divers usages.",
  "flashcardExposure": "Exposition",
  "flashcardTestTooltip": "Les cartes de test évaluent votre connaissance des mots et des phrases",
  "flashcardTest": "Test",
  "lastPracticed_text": "Dernière révision : <text>",
  "itemsDueForPractice_text": "<text> éléments à réviser.",
  "startPractice": "Commencer la pratique",
  "betterWaitTillTomorrow": "Il vaut mieux attendre demain pour la prochaine séance de révision.",
  "practiceMore": "Réviser davantage",
  "savedWordsAppearHere": "Astuce : Lorsque vous enregistrez des mots et des phrases, ils apparaîtront ici au moment où vous devrez les réviser.",
  "showAnswer": "Afficher la réponse",
  "fail": "Incorrect",
  "hard": "Difficile",
  "easy": "Facile",
  "success": "Correct",
  "ok": "Compris",
  "extraButtonsSearchBar": "Nous avons ajouté ces boutons à côté de la barre de recherche sur YouTube :",
  "leftTranslateRightSearch": "Le bouton de gauche traduit le texte dans le champ de recherche, pour que vous puissiez trouver plus facilement des vidéos dans la langue que vous étudiez. Le bouton de droite cherche les vidéos comportant des sous-titres.",
  "youtubeInterfaceLanguageMoreVideos": "Vous pouvez changer la langue de votre interface utilisateur YouTube vers la langue que vous étudiez. YouTube affichera alors davantage de vidéos dans cette langue.",
  "howToChangeYoutubeInterfaceLanguage": "Comment changer la langue de l'interface YouTube",
  "clickButtonTopRight": "Cliquez sur ce bouton dans le coin supérieur droit de votre écran :",
  "lookForLanguageSetting": "Cherchez le paramètre « Langue » :",
  "whenChangeMoreResults": "Si vous changez de langue, vous verrez davantage de résultats de recherche dans la langue que vous étudiez.",
  "onlyDesktopCheckBack": "Actuellement, Language Reactor est uniquement disponible sur les ordinateurs de bureau, veuillez revenir très bientôt !",
  "open": "Ouvrir",
  "word": "Mot",
  "phrase": "Phrase",
  "translation": "Traduction",
  "context": "Contexte",
  "source": "Source",
  "actions": "Actions",
  "accountInformation": "Informations du compte",
  "quickSettings": "Réglages rapides",
  "fullSettings": "Réglages complets",
  "gettingStarted": "Commencer",
  "exportHelp": "Guide d'exportation",
  "studyTips": "Astuces d'apprentissage",
  "howToImportWebpage": "Comment importer une page Web",
  "importWithRightClick": "Vous pouvez importer une page Web vers Language Reactor à l'aide du menu bouton droit de la souris.",
  "extensionInstalledForThisFeature": "L'extension du navigateur doit être installée pour utiliser cette fonctionnalité.",
  "importText": "Importer du texte",
  "goToReaderMode": "Passer en mode Lecture",
  "edit": "ÉDITER",
  "read": "LIRE",
  "posADJ_UD": "Adj.",
  "posADP_UD": "Adp.",
  "posADV_UD": "Adv.",
  "posAUX_UD": "Aux.",
  "posNOU_UD": "Noun",
  "posPRO_UD": "Pronoun",
  "posVER_UD": "Verb",
  "posDET_UD": "Det.",
  "posSYM_UD": "Symbol",
  "posINT_UD": "Int.",
  "posCCO_UD": "Coord. Conj.",
  "posPUN_UD": "Punct.",
  "posNUM_UD": "Numerical",
  "posPAR_UD": "Particle",
  "posSCO_UD": "Sub. Conj.",
  "posX_UD": "Foreign",
  "posCONJ": "Conj.",
  "posPREP": "Prep.",
  "ok2": "OK",
  "pleaseWait": "Veuillez patienter...",
  "ohNoPleaseAddPermissionLRLogin": "Oh non ! Veuillez autoriser l'extension du navigateur Language Reactor à fonctionner sur languagereactor.com pour permettre une connexion réussie !",
  "recommended$Videos$": "Recommandé",
  "$videos$WithSubtitles": "Avec sous-titres",
  "$videosWith$MostSubscribers": "Le plus d'abonnés",
  "sortBy": "Trier par",
  "$video$Rating": "Évaluation",
  "yearReleased": "Année de sortie",
  "type$OfVideo$": "Type",
  "any$TypeOfVideo$": "Tous",
  "movies": "Films",
  "series": "Séries",
  "genres": "Genres",
  "all$Genres$": "Tout",
  "goToIMDB": "Aller sur IMDB",
  "availableIn": "Disponible dans :",
  "errorLoadingVideo": "Erreur lors du chargement de la vidéo",
  "goBack": "Retour",
  "sorryThisPlaylistIsMissing": "Désolé, cette liste de lecture est introuvable.",
  "sorryThisVideoIsMissing": "Désolé, cette vidéo est introuvable.",
  "videoList": "Liste des vidéos",
  "studyLanguage": "Langue d'étude",
  "iAmLearning": "J'apprends",
  "playAll": "Lire tout",
  "bigUpdate": "Grande mise à jour !",
  "readMore": "Lire la suite",
  "iGotIt": "Je comprends",
  "allWords": "Tous les mots",
  "savedWords": "Mots enregistrés",
  "savedPhrases": "Phrases enregistrées",
  "setVocabLevel_short": "Niveau de vocabulaire",
  "setVocabLevel": "Définir le niveau de vocabulaire",
  "changeVocabLevelConfirmation_GT": "Voulez-vous changer le niveau de vocabulaire de <text> à <text> ?",
  "changeStudyLevel": "Modifier le niveau d'étude",
  "currentStudyLevel": "Niveau d'étude actuel",
  "change": "Modifier",
  "pleaseSelectYourStudyLevelToContinue": "Veuillez sélectionner votre niveau d'étude pour continuer",
  "frequency": "Fréquence",
  "alphabetical": "Alphabétique",
  "LEARNING": "En cours d'apprentissage",
  "KNOWN": "Connu",
  "SKIPPED": "Ne pas étudier",
  "SKIPPED_short": "Ne pas étudier",
  "knownWords_GT": "Mots connus",
  "tag": "Étiquette",
  "errorLoadingList": "Erreur lors du chargement de la liste",
  "pleaseSelectLanguageOnTop_GT": "Sélectionnez une langue ci-dessus",
  "xSelected": "<text> sélectionné(s)",
  "setLearningStage": "Définir le stade d'apprentissage",
  "thisWillAffectXItemsAreYouSure": "Cela affectera <text> éléments. Êtes-vous sûr ?",
  "yes": "Oui",
  "no": "Non",
  "removeItems": "Supprimer les éléments",
  "setTag": "Définir l'étiquette",
  "selectAllOrNone": "Tout sélectionner / désélectionner",
  "logIn": "Se connecter",
  "noItemsFound": "Aucun élément trouvé",
  "upgrade": "S'abonner",
  "transliterationsJapanese": "Transcriptions japonaises",
  "transliterationsVisibility_GT": "Afficher les translittérations",
  "alwaysShow_GT": "Toujours",
  "hideForKnownWords_GT": "Masquer pour les mots connus",
  "hideForMarkedAndKnownWords_GT": "Masquer pour les mots marqués et connus",
  "specialWords_GT": "Mots spéciaux",
  "specialWords_info_GT": "Noms, lieux, nombres, etc.",
  "markedWords_GT": "Mots marqués",
  "markWord_GT": "Marquer le mot",
  "savedWordsMarkingTooltipDesc_GT": "Les mots marqués conservent leur statut lorsque vous changez de niveau de vocabulaire. Ils apparaissent avec un contour.",
  "wordStatus_desc_GT": "Le statut dépend du niveau de vocabulaire ou du marquage individuel.",
  "wordColors_desc_GT": "Ces paramètres contrôlent l'apparence des mots dans les sous-titres et les textes. Dans la vue 'Éléments sauvegardés', le coloriage complet des mots est toujours utilisé.",
  "suggestedWords_desc_GT": "Les mots les plus utiles à apprendre pour la suite.",
  "showKnownWordsInGreen": "Afficher les mots connus en vert",
  "showMarkedLearningWordsInOrange_GT": "Afficher les mots d'apprentissage marqués en orange",
  "showSuggestedWordsInOrange_GT": "Afficher les mots suggérés en orange",
  "showRareWordsInGrey_GT": "Masquer les mots rares",
  "outline_GT": "Contour",
  "outlineMarkedWordsInText": "Souligner les mots marqués dans le texte",
  "showTagsInText": "Afficher les étiquettes dans le texte",
  "showLearningStageButtonsInMiniDictionary": "Afficher les boutons de niveau d'apprentissage dans le mini-dictionnaire",
  "switchLearningStage_GT": "Basculer entre connu / en apprentissage",
  "switchTags": "Activer/désactiver les étiquettes",
  "switchLanguage_GT": "Changer de langue",
  "dictionary": "Dictionnaire",
  "speakWordOnClick": "Prononcer le mot au clic",
  "basicSettings": "Paramètres de base",
  "machineTranslationsAvailable": "Traductions automatiques disponibles",
  "belowAreWordsOfIncreasingDifficultyDesc": "Ci-dessous, des mots de difficulté croissante. Cliquez sur la dernière ligne où vous comprenez tous les mots (faites défiler pour tout voir).",
  "iDontKnowAnyWordsYet": "Je ne connais aucun mot pour l'instant.",
  "exampleText": "Exemple de texte :",
  "wordColors_GT": "Couleurs des mots",
  "reset_GT": "Réinitialiser",
  "newChat_GT": "Nouvelle conversation",
  "autoCorrectGrammar_GT": "Corriger automatiquement la grammaire",
  "estimatedNumberOfKnownWords": "Nombre estimé de mots connus",
  "article": "Article",
  "fullText": "Texte intégral",
  "textMode": "Texte",
  "myText_GT": "Mon texte",
  "myTexts_GT": "Mes textes",
  "books_GT": "Livres",
  "pasteAnyTextYouWishToStudyHere": "Collez le texte que vous souhaitez étudier ici",
  "videoFile": "Fichier vidéo",
  "selectVideo": "Sélectionner la vidéo",
  "selectVideoFile": "Sélectionner le fichier vidéo",
  "selectSubtitles": "Sélectionner les sous-titres",
  "subtitlesLanguage": "Langue des sous-titres",
  "save": "Enregistrer",
  "copy": "Copier",
  "copyCurrentSentence": "Copier la phrase actuelle",
  "wordNotFound": "Mot introuvable",
  "markWhetherYouKnowThisWordDesc": "Indiquez si vous connaissez ce mot. Marquer les mots en orange (À apprendre) les ajoutera à vos cartes mémoire.",
  "shortcutRightClick": "Clic droit",
  "shortcutMiddleClick": "Clic milieu",
  "addTagToAWordDesc": "Utilisez des étiquettes pour créer des groupes de mots. Les mots étiquetés peuvent être exportés séparément. Les étiquettes peuvent être affichées sous forme de soulignement coloré, contrôlable dans les paramètres.",
  "markAsKnown": "Marquer comme connu",
  "markAsLearning": "Marquer comme à apprendre",
  "markedKnown_GT": "Marqué comme connu",
  "markedToLearn": "Marqué pour apprendre",
  "learningNow": "En cours d'apprentissage",
  "learnt": "Appris",
  "learn": "Apprendre",
  "remove": "Supprimer",
  "noTag": "Aucune étiquette",
  "examplesSavedItems": "Exemples : Éléments enregistrés",
  "examplesCurrentText": "Exemples : Texte actuel",
  "examples": "Exemples :",
  "pleaseSignInToUseThisFeature": "Veuillez vous connecter pour utiliser cette fonctionnalité.",
  "pleaseSignInToUseThisFreeFeature": "Veuillez vous connecter pour utiliser cette fonctionnalité gratuite.",
  "soThatWeCanSaveYourProgress": "(pour que nous puissions enregistrer vos progrès)",
  "phrasepumpInfoTooltipShort": "PhrasePump vous propose de nombreuses phrases que vous devriez comprendre. Il améliore votre vocabulaire, vos capacités d'écoute et vos connaissances grammaticales.",
  "phrasepumpInfoTooltip": "PhrasePump vous propose de nombreuses phrases que vous devriez comprendre. Il améliore votre vocabulaire, vos capacités d'écoute et vos connaissances grammaticales. Des phrases sont sélectionnées avec des mots à pratiquer ou contenant de nouveaux mots à apprendre.",
  "fumingRiver": "Laissez la langue couler en vous comme une rivière, creusant de nouveaux chemins dans votre esprit.",
  "itemsDueForReview": "Éléments à réviser",
  "noCardsToStudy": "Aucune carte à étudier.",
  "tryEnablingMoreStudyModes": "Essayez d'activer plus de modes d'étude.",
  "pleaseMarkMoreItemsOrWait": "Veuillez marquer d'autres éléments à étudier ou attendre que les éléments existants arrivent à échéance.",
  "statistics": "Statistiques",
  "xCards": "<text> cartes",
  "cards": "Cartes",
  "cardsPracticedToday": "Cartes révisées aujourd'hui",
  "showLast": "Afficher les derniers :",
  "day": "Jour",
  "week": "Semaine",
  "month": "Mois",
  "threeMonths": "3 mois",
  "markedToLearnDesc": "Les mots et phrases que vous avez enregistrés et qui sont encore en attente de pratique.",
  "suggestions": "Propositions",
  "suggestionsDesc": "Après avoir révisé les termes enregistrés, PhrasePump peut vous proposer des mots à apprendre.",
  "suggestionsDesc_noMoreLeft": "Aucune autre proposition à afficher.",
  "suggestionsDesc_noSuggestionsForLang": "Les propositions ne sont pas disponibles pour cette langue.",
  "inTheLastXDaysYouStartedToPracticeYItems": "Au cours des <text> derniers jours, vous avez commencé à pratiquer <text> nouveaux mots et phrases « marqués à apprendre ».",
  "inTheLastXDaysYouStartedToPracticeYSuggestedWords": "Au cours des <text> derniers jours, vous avez commencé à pratiquer <text> nouveaux mots proposés.",
  "youArePracticingXItems": "Vous pratiquez activement <text> mots et phrases.",
  "inTheLastXDaysYouHaveLearntYItems": "Au cours des <text> derniers jours, vous avez appris <text> mots et phrases.",
  "inTheLastXDaysYouHavePracticedYItems": "Au cours des <text> derniers jours, vous avez pratiqué <text> mots et phrases.",
  "learntDescLearntXItems": "Des mots et phrases dont vous vous souviendrez probablement pendant au moins six semaines. Vous avez appris <text> éléments.",
  "halflifeDays_GT": "Demi-vie (jours)",
  "languageSelector": "Sélecteur de langue",
  "addLanguage": "Ajouter une langue",
  "dueItems": "Éléments à réviser :",
  "chooseALanguage": "Choisir une langue",
  "showContext_GT": "Afficher le contexte",
  "add": "Ajouter",
  "forgot": "Oublié",
  "okay": "Valider",
  "quizzes": "Questionnaires",
  "suggestedWords": "Mots proposés",
  "practice": "Réviser",
  "thisIsTheFirstTimeYouArePracticingThisItem": "C'est la première fois que vous pratiquez cet élément.",
  "quiz": "Quiz",
  "whatShouldGoInTheGap": "Que doit-on mettre dans l'espace ?",
  "useTranslationForHelp": "Utilisez la traduction pour vous aider.",
  "suggestedWord": "Mot proposé",
  "wouldYouLikeToLearnThisWord": "Souhaitez-vous apprendre ce mot ?",
  "listeningPractice": "Entraînement à l'écoute",
  "tryToUnderstandBeforeYouRevealTheText": "Essayez de comprendre avant de révéler le texte.",
  "newItems": "Nouveaux articles",
  "newWordsTooltip": "Pourcentage maximal de cartes utilisées pour présenter de nouveaux éléments ('Marqués à apprendre' et 'Suggestions'). Réduisez ce pourcentage pour vous concentrer davantage sur la révision. Lorsque de nombreux éléments sont à revoir, la quantité de nouveaux éléments est automatiquement réduite.",
  "sessionSize": "Taille de la session",
  "sessionSizeTooltip": "Nombre de cartes dans la session.",
  "reveal": "Afficher la réponse",
  "savePhrase": "Enregistrer la phrase",
  "learningStage": "Niveau d'apprentissage",
  "savingWords": "Enregistrer des mots",
  "oldSystem": "Ancien système :",
  "newSystem": "Nouveau système :",
  "greenKnownOrSuggestedWords": "blanc : Mots connus et suggérés",
  "orangeMarkedWords": "orange : Mots marqués pour l'apprentissage",
  "dictStageTagsPickerDesc": "Vous pouvez indiquer ici si vous connaissez le mot (vert), si vous êtes en train de l'apprendre (orange) ou si vous ne souhaitez pas l'apprendre (gris). Vous pouvez aussi ajouter des étiquettes, qui sont soulignées en couleur.",
  "exportFromLanguageReactor": "Exporter depuis Language Reactor...",
  "viewAll": "Afficher tout",
  "wordViewNotSupported": "Cette fonction n'est pas disponible pour cette langue actuellement.",
  "green": "vert",
  "yellow": "jaune",
  "red": "rouge",
  "blue": "bleu",
  "lastSaved": "Dernière sauvegarde",
  "rank": "rang",
  "wordList": "Liste de mots",
  "up1": "Auparavant, vous enregistriez les mots en les marquant d'une couleur (rouge, vert, jaune, bleu). Cette fonctionnalité est toujours disponible (maintenant appelée \"tags\"), mais les couleurs sont affichées sous forme de soulignements sous le mot. Par défaut, un clic droit sur un mot ne change plus la couleur de sa balise, mais vous pouvez configurer cela dans les paramètres.",
  "up2": "Dans cette mise à jour, Language Reactor peut désormais suivre pour vous les mots que vous connaissez, et pour les mots que vous ne connaissez pas, il vous suggère si vous devez les apprendre ou non. Cela permet au logiciel de faire des choses utiles. Il fonctionne pour environ 40 langues.",
  "up3": "Les mots que vous connaissez ou auxquels vous devez prêter attention sont affichés en BLANC.",
  "up4": "Les mots que vous avez marqués pour l'apprentissage sont affichés en ORANGE.",
  "up5": "Les mots peu fréquents que vous n'avez pas besoin d'apprendre maintenant sont colorés en GRIS.",
  "up6": "Nous appelons ces catégories les « étapes d'apprentissage ».",
  "up7": "Vous pouvez définir rapidement la taille approximative de votre vocabulaire en cliquant sur l'icône de réglage dans le dictionnaire. Vous n'avez pas besoin de marquer chaque mot individuellement.",
  "up8": "Si vous avez déjà beaucoup de mots enregistrés avec des couleurs, vous pouvez les marquer en bloc avec une phase d'apprentissage :",
  "up9": "Cliquez sur l'onglet \"Éléments enregistrés\".",
  "up10": "Cliquez sur \"Mots enregistrés\".",
  "up11": "Sélectionnez la couleur de la balise dans la liste déroulante.",
  "up12": "Cochez la case \"tout sélectionner\".",
  "up13": "Sélectionnez l'« étape d'apprentissage » que vous souhaitez attribuer à ces mots.",
  "up14": "Une fois que vous avez fait cela, vous voudrez peut-être désactiver les soulignements colorés pour les balises, dans l'onglet Paramètres, pour réduire le bruit visuel lorsque vous regardez des films, etc.",
  "up15": "Si vous préférez, vous n'avez pas besoin d'utiliser ce système de coloration. Dans les paramètres, vous pouvez désactiver la coloration des mots par état d'apprentissage :",
  "clickToReadMore": "Cliquez pour en savoir plus",
  "layout_GT": "Mise en page",
  "videoSize_GT": "Taille de la vidéo",
  "youAreLearning_GT": "Langue d'étude",
  "start_screen": "Démarrer",
  "theTextSeemsToBeIn_lang_GT": "Ce texte semble être en <text>.",
  "changeSourceLanguageTo_lang_GT": "Passer à <text> ?",
  "clearAllHistoryConfirmation_GT": "Effacer tout l'historique de <text> ?",
  "chatHomescreenText_1_GT": "Discutez avec l'IA, parce que, bon, vous n'avez personne de mieux à qui parler ?",
  "chatHomescreenText_2_GT": "Nous l'avons rendu amusant cependant.",
  "chatPreprompt_label_GT": "Instructions de conversation",
  "chatPreprompt_tooltip_GT": "Instructions envoyées à l'IA avant chaque conversation",
  "typeTheTextToTranslate_GT": "Saisissez le texte à traduire",
  "showMiniDictionary_GT": "Afficher le mini-dictionnaire",
  "yourMessage_GT": "Votre message",
  "other_GT": "Autres options",
  "pressAndHoldToRecordVoice_GT": "Maintenez pour enregistrer",
  "recording_GT": "Enregistrement en cours",
  "switchBetweenShortcutsAndInputMode_GT": "Basculer entre raccourcis et saisie",
  "pressTabToswitchBetweenShortcutsAndInputMode_GT": "Appuyez sur [ESC] pour basculer entre les raccourcis et le mode de saisie",
  "preferredAudioSource_GT": "Source audio préférée",
  "originalAudioWhenAvailable_GT": "Audio original (si disponible)",
  "computerAudioTTS_GT": "Synthèse vocale",
  "include_GT": "Inclure",
  "noItemsForThisLanguage_GT": "Aucun élément dans cette langue",
  "startReading_GT": "Commencer la lecture",
  "numberOfPages_GT": "Nombre de pages",
  "nextDocument_GT": "Document suivant",
  "prevDocument_GT": "Document précédent",
  "noVerticalView_GT": "Pas de vue verticale",
  "playbackRate_GT": "Vitesse de lecture",
  "numPages_GT": "<text> pages",
  "chapters_GT": "Chapitres",
  "book_GT": "Livre",
  "audioTrack_GT": "Piste audio",
  "simplifiedVersion_GT": "Version simplifiée",
  "dubbedAudio_GT": "Audio doublé",
  "dubbedAudioDesc_GT": "Cette vidéo était initialement dans une autre langue. Utilisez la reconnaissance vocale pour obtenir des sous-titres correspondant à l'audio.",
  "rewindForward5s_GT": "Avancer de 5s",
  "rewindBack5s_GT": "Reculer 5s",
  "readTheForumPost_GT": "Lire le message du forum",
  "youtubeChannels_GT": "Chaînes YouTube",
  "channels_GT": "Chaînes",
  "thisFeatureIsUnderDevelopmentWillBeImprovedSoon_GT": "Cette fonctionnalité est en cours de développement et sera bientôt améliorée.",
  "loadingAudio_GT": "Chargement de l'audio...",
  "media_GT": "Contenu",
  "useOurDesktopBrowserExtension_GT": "Utilisez notre extension pour navigateur de bureau lors du visionnage de ces vidéos pour des fonctionnalités supplémentaires.",
  "holdDictButtonToRecordVoice_GT": "Maintenez le bouton du dictionnaire pour enregistrer votre voix",
  "showDictRecord_GT": "Dictionnaire / Enregistrer",
  "text_GT": "Texte",
  "words_GT": "Vocabulaire",
  "viewLessFrequentWordsLink_GT": "Voir les mots moins courants sur la page Mots marqués",
  "newText_GT": "Nouveau texte",
  "untitledText_GT": "Texte sans titre",
  "title_GT": "Titre",
  "pleaseEnterSomeText_GT": "Saisissez du texte pour continuer",
  "saving_GT": "Enregistrement en cours...",
  "theTextSeemsToBeIn_lang_whileYourLangIs_GT": "Le texte semble être en <text>, tandis que votre langue d'étude actuelle est <text>.",
  "hideSubtitle_GT": "Masquer les sous-titres",
  "translationThenSubtitle_GT": "Traduction puis sous-titre",
  "subtitleThenTranslation_GT": "Sous-titre puis traduction",
  "vocabLevel_GT": "Niveau de vocabulaire",
  "selection_GT": "Sélection",
  "preview_GT": "Aperçu",
  "noTextWasSelected_GT": "Aucun texte sélectionné",
  "nViews_GT": "<text> vues",
  "viewCount_GT": "Vues",
  "date_GT": "Date",
  "areYouTheOwnerYoutube_GT": "Êtes-vous le propriétaire de cette chaîne YouTube ?",
  "nVideos_GT": "<text> vidéos",
  "clearFilters_GT": "Effacer les filtres",
  "recommendedChannels_GT": "Recommandé",
  "popularChannels_GT": "Populaire",
  "allChannels_GT": "Toutes les chaînes",
  "channel_GT": "Chaîne",
  "lexaAiAssistantPrompts_placeholder_example_GT": "Expliquer : Veuillez expliquer l'utilisation du mot <WORD> dans cette phrase : <CONTEXT>\nExemples : Veuillez donner plus d'exemples avec le mot <WORD> tel qu'utilisé dans cette phrase : <CONTEXT>",
  "updateHistory_GT": "Historique des mises à jour",
  "recentAppUpdates_GT": "Mises à jour récentes",
  "moreInfo_GT": "Plus d'informations",
  "continue_GT": "Continuer",
  "podcasts_GT": "Podcasts",
  "allPodcasts_GT": "Tous les podcasts",
  "podcast_GT": "Balado",
  "hidden_GT": "Masqué",
  "lexaAiAssistant_GT": "Assistant IA Lexa",
  "lexaAiAssistantInfo_GT": "Lexa peut répondre à vos questions sur les mots et les phrases du contenu que vous étudiez.\n\nVous pouvez modifier les invites (questions) dans les paramètres de Language Reactor.\n\nLe mode Pro utilise un modèle plus intelligent qui peut fournir de meilleures réponses.",
  "lexaAiAssistantPrompts_GT": "Invites pour l'assistant IA Lexa",
  "lexaAiAssistantPrompts_tooltip_GT": "Vous pouvez modifier ces instructions (questions), mais vous devez respecter le format suivant :\n\n[Titre de l'onglet] : [Instruction]\n[Titre de l'onglet] : [Instruction]\netc.\n\n[Instruction] peut contenir les marqueurs spéciaux <WORD> et <CONTEXT>.\n\nVous pouvez rédiger l'instruction dans n'importe quelle langue. Lorsqu'une question sera envoyée à Lexa, ce texte sera ajouté au début : Répondez aux questions pour un étudiant apprenant [langue d'étude]. Rédigez votre réponse en [langue de traduction].",
  "hold_GT": "Maintenez",
  "invalidFormat_GT": "Format invalide",
  "howToUseTouch_GT": "Guide des commandes tactiles",
  "removeThisMessageAndFollowingOnes_GT": "Supprimer ce message et les suivants",
  "install_GT": "Installer",
  "refresh_GT": "Actualiser",
  "lexaAiAssistantPrompts_tooltip_intro_GT": "Lexa apparaît au-dessus du dictionnaire lorsque vous cliquez sur un mot",
  "homepage_blurb": "🚀 Un ensemble d'outils pour découvrir, comprendre et apprendre avec des contenus authentiques. ✨ Vivez une approche immersive qui n'est pas seulement efficace, mais passionnante ! 🔥",
  "homepage_formerly_lln": "Auparavant connu sous le nom de Language Learning with Netflix",
  "homepage_cardBodyNetflix": "L'extension pour navigateur transforme vos émissions préférées en leçons de langue 🍿 Le mode Pro active la reconnaissance vocale et la traduction automatique pour une compréhension fluide 🌍",
  "homepage_cardBodyYoutube": "Des milliers de chaînes sur tous les sujets imaginables 🧠 Développez votre compréhension avec un langage authentique en contexte. Découvrez notre catalogue sélectionné avec soin 🎧",
  "homepage_cardBodyFSI": "Relevez le défi avec des programmes de formation éprouvés du gouvernement. Suivez des exercices structurés de conversation qui développent une vraie maîtrise. 💪 Décuplez leur efficacité avec les outils modernes de Language Reactor.",
  "homepage_cardTitleWhatToLearn": "Que Apprendre",
  "homepage_cardBodyWhatToLearn": "Apprenez plus efficacement 🏃‍♂️ Language Reactor vous suggère les mots essentiels pour votre parcours d'apprentissage, vous permettant de vous concentrer sur l'essentiel.",
  "homepage_cardBodyPhrasePump": "PhrasePump est principalement un exercice d'écoute. 🎧 Les phrases sélectionnées renforcent les mots enregistrés à réviser, et du nouveau vocabulaire est introduit. Parfait pour les débutants comme pour les apprenants confirmés.",
  "homepage_cardBodyAria": "Découvrez Aria : votre partenaire linguistique à l'esprit vif. À la fois professeure et humoriste, elle a toujours le mot juste. 💬 Recevez des corrections instantanées, explorez des sujets variés et développez votre assurance à votre rythme. 💡",
  "homepage_cardTitleProMode": "Mode Pro - Facultatif",
  "homepage_cardBodyProMode": "Language Reactor propose déjà de nombreuses fonctionnalités gratuites. Le mode Pro ajoute une touche d'enchantement à votre expérience. ✨",
  "homepage_cardTitleBooksAndWebsites": "Livres et sites web",
  "homepage_cardBodyBooksAndWebsite": "Importez n'importe quelle page web dans Language Reactor. Ou téléchargez vos livres préférés ! Écoutez avec la synthèse vocale. 🎯",
  "clickHereToUseKeyboardControls": "Cliquez ici pour utiliser les commandes du clavier",
  "uiLanguage_GT": "Langue de l'interface",
  "videoFileIntro_GT": "Vous pouvez charger un fichier vidéo et un fichier de sous-titres (SRT), Language Reactor créera une traduction pour vous. Pour le moment, cette fonction ne prend en charge que les formats vidéo compatibles avec votre navigateur, les autres formats risquent de ne pas afficher d'image.",
  "powerfulToolbox": "Language Reactor est un outil puissant pour l'apprentissage des langues.",
  "discoverUnderstandLearn": "Il vous aide à découvrir, comprendre et apprendre à partir de matériaux en langue originale.",
  "effectiveInterestingEnjoyable": "L'étude deviendra plus efficace, plus intéressante et plus agréable !",
  "extensionAddsNetflixFeatures": "L'extension ajoute des sous-titres en deux langues, un dictionnaire contextuel, des contrôles précis de la lecture vidéo et bien d'autres fonctionnalités lorsque vous regardez des films et des séries sur le site Web de Netflix !",
  "thousandsOfChannels": "Des milliers de chaînes à regarder sur tous les sujets que vous pouvez imaginer ! Développez votre compréhension grâce à un langage authentique dans son contexte.",
  "booksAndWebsites": "Livres et sites Web",
  "importTextTranslationTTS": "Importez du texte et Language Reactor ajoutera une traduction automatique dans votre langue et lira le texte avec une synthèse vocale super-réaliste. (bientôt disponible)",
  "intelligentFeeding": "Flux automatisé et intelligent de contenus linguistiques. Sélectionnez simplement votre niveau de langue et appréciez.",
  "whatToLearn": "Ce qu'il faut apprendre",
  "suggestVocab": "Language Reactor peut vous suggérer le vocabulaire sur lequel vous devez vous concentrer, et ce que vous pouvez ignorer, afin que vous puissiez accélérer vos progrès !",
  "highlightWhenAppear": "Enregistrez les mots que vous souhaitez apprendre, ils seront mis en évidence dès qu'ils apparaîtront.",
  "homepage_sectionTitleLearn": "Apprenez à partir de ce que vous aimez",
  "homepage_sectionSubtitleLearn": "Language Reactor vous aide à trouver du contenu adapté à votre niveau et vos centres d'intérêt",
  "homepage_cardTitleYoutube": "YouTube et baladodiffusions",
  "homepage_sectionTitleSuperpowers": "Maîtrise des Langues",
  "homepage_sectionSubtitleSuperpowers": "Rendez tout contenu compréhensible",
  "homepage_cardTitleBilingualSubs": "Sous-titres bilingues",
  "homepage_cardBodyBilingualSubs": "Familiarisez-vous avec la langue parlée authentique tout en voyant les deux langues. Découvrez comment les sens se correspondent entre elles. 👂",
  "homepage_cardTitlePlayback": "Commandes de lecture précises",
  "homepage_cardBodyPlayback": "⚡ Mettez en pause. Contrôlez la vitesse de lecture. 🎮 Naviguez dans les vidéos avec les raccourcis clavier et les gestes tactiles. Pause automatique après chaque sous-titre avec répétition jusqu'au clic. 🖱️",
  "homepage_cardTitleDictionary": "Dictionnaire & Lexa AI",
  "homepage_cardBodyDictionary": "🔍 Cliquez sur n'importe quel mot pour des traductions instantanées. Des phrases authentiques avec audio intégré. 🎧 Des explications contextuelles alimentées par l'IA. 🌱 Personnalisez l'affichage pour plus d'informations.",
  "homepage_sectionSubtitleMaster": "Une boîte à outils complète pour votre vocabulaire",
  "homepage_cardTitleSmartHighlighting": "Surlignage intelligent",
  "homepage_cardBodySmartHighlighting": "Enregistrez un mot une fois et retrouvez-le partout—sous toutes ses formes. Language Reactor reconnaît les pluriels, les conjugaisons et les formes dérivées. Renforcez naturellement votre apprentissage à travers tout le contenu.",
  "homepage_cardTitleExportAnki": "Exporter vers Anki",
  "homepage_cardBodyExportAnki": "Vous utilisez déjà Anki ? 📤 Exportez des fiches de révision vers Anki avec des captures d'écran et des fichiers audio.",
  "homepage_sectionTitlePractice": "C'est en forgeant qu'on devient forgeron",
  "homepage_sectionSubtitlePractice": "Passez de la compréhension à l'expression active",
  "homepage_cardBodyPhoneTablet": "Language Reactor fonctionne sur votre téléphone portable et votre tablette. Nous améliorons l'application en permanence.",
  "homepage_cardTitlePhoneTablet": "Téléphone & Tablette",
  "homepage_sectionTitleMaster": "Maîtrisez chaque mot et expression",
  "homepage_cardTitleExtension": "Extension de Navigateur",
  "homepage_cardBodyExtension": "Sur les ordinateurs de bureau, installez l'extension de navigateur pour activer les fonctionnalités de Language Reactor pendant le visionnage de vidéos sur les sites Netflix et YouTube, et pour importer des pages web!",
  "pleaseRefreshAfterChanges": "Veuillez actualiser après les modifications :",
  "pdfsInThisCourseOnlyOnDesktop": "Les fichiers PDF de ce cours ne peuvent être affichés que sur ordinateur.",
  "noAudioFiles": "Pas de fichiers audio",
  "proFeatures_intro": "Libérez tout le potentiel de votre parcours d'apprentissage avec les fonctionnalités Language Reactor Pro ! 🚀📚",
  "proFeatures_netflixTitle": "Reconnaissance vocale et traduction automatique (Netflix)",
  "proFeatures_netflixFree": "Utilisez les sous-titres fournis par Netflix. 🍿",
  "proFeatures_netflixPro": "🎤 Profitez de la reconnaissance vocale pour toutes les pistes audio. Des sous-titres précis pour l'audio doublé dans vos séries préférées ! 🎬 Les traductions automatiques sont plus littérales, pour mieux comprendre le contenu d'origine. 🌍",
  "proFeatures_saveWordsTitle": "Sauvegarder Mots et Expressions",
  "proFeatures_saveWordsFree": "Enregistrez des mots et des phrases en utilisant la fonction PhrasePump. 📝",
  "proFeatures_saveWordsPro": "Sauvegardez des mots et des expressions dans toutes les fonctionnalités de Language Reactor. Personnalisez votre apprentissage selon vos centres d'intérêt et vos lacunes lexicales. Les mots marqués sont mis en évidence dans toutes les fonctionnalités de Language Reactor et peuvent être exportés vers Anki! 📈✨",
  "proFeatures_lexaTitle": "Dictionnaire Lexa AI",
  "proFeatures_lexaFree": "Obtenez des explications avec un modèle d'intelligence artificielle basique. 🤖",
  "proFeatures_lexaPro": "Profitez d'un modèle d'intelligence artificielle amélioré aux connaissances étendues, capable de répondre efficacement à des questions plus complexes ! 🧠🌐",
  "proFeatures_supportTitle": "Soutenez les développeurs",
  "proFeatures_supportDetails": "Votre soutien nous permet de continuer à améliorer Language Reactor et de vous apporter de nouvelles fonctionnalités ! ❤️",
  "youCanSubscribeAgainAfterTheEndOfThisPeriod": "Vous pourrez vous réabonner à la fin de cette période.",
  "tipHoldTheDictionaryButtonToRecordVoice": "Conseil : Maintenez le bouton du dictionnaire pour enregistrer votre voix",
  "sentenceOrTextSource": "Source",
  "homepage_cardTitleLanguageSupport": "🌍 Prise en charge multilingue",
  "homepage_cardBodyLanguageSupport": "Apprenez à partir de contenus dans plus de 40 langues. 🔤 Consultez les transcriptions pour les langues utilisant différents systèmes d'écriture. 👀 Masquez les sous-titres jusqu'au survol de la souris—idéal pour perfectionner votre compréhension orale.",
  "additional15DiscountUntil5thJanuary2025": "Profitez de 15% de réduction supplémentaire jusqu'au 5 janvier 2025. Utilisez le code 'turtle' lors du paiement. 🎅",
  "includeDubbedAudioNF": "Inclure l'audio doublé",
  "phrasepumpNeedsImprovementForLang": "PhrasePump nécessite encore des améliorations pour la langue :",
  "addToHomeScreen": "Ajouter à l'écran d'accueil",
  "textToSpeechVoiceNotAvailableForThisLangError": "La voix de synthèse vocale n'est pas disponible pour cette langue. Essayez d'installer des packs de langue supplémentaires pour votre système (si disponibles).",
  "textToSpeechInSafariNotGreatTryEdgeOrChrome": "La synthèse vocale sur Safari n'est pas optimale. Installez Microsoft Edge ou Chrome pour une meilleure qualité vocale.",
  "dueForReview": "À réviser",
  "signInWithGoogle": "Se connecter avec Google",
  "allServersRunningNormally": "Tous les serveurs fonctionnent normalement.",
  "clearHistory": "Effacer",
  "copiedText": "Copié :",
  "loadingText": "Chargement du texte...",
  "installChromeExtension": "Installer l'extension Chrome",
  "itemsRemoved": "Éléments supprimés",
  "removingItemsFailed": "La suppression des éléments a échoué.",
  "itemsUpdated": "Éléments mis à jour",
  "autopauseNotAvailableOnYoutube": "La pause automatique n'est pas disponible sur YouTube.",
  "sideBySideLayout": "Côte à côte",
  "overAndUnderLayout": "Haut et bas",
  "youAlsoHaveItemsInOtherLanguages": "Vous avez également des éléments enregistrés dans d'autres langues. Changez la langue dans les paramètres pour les voir.",
  "otherLanguages": "Autres langues",
  "paymentsAreCurrentlyNotSupportedInYourCountry": "Les paiements ne sont pas actuellement disponibles dans votre pays.",
  "titles_header": "Titres",
  "sources_header": "Sources",
  "holdTheButtonToRecord": "Maintenez le bouton pour enregistrer",
  "noOption": "Aucune option",
  "learningResources": "Ressources",
  "deleteMyData": "Supprimer mes données",
  "deleteMyData_confirmationMessage": "Cette action supprimera définitivement tous vos paramètres, éléments sauvegardés, historique d'exercices, médias et textes enregistrés. Êtes-vous sûr ?",
  "advancedActions": "Actions avancées",
  "successDone": "Réussi !",
  "qKey": "Activer la pause automatique",
  "rKey": "Enregistrer le sous-titre",
  "copyKey": "Copier la phrase actuelle",
  "unknownRank": "Rang inconnu",
  "mostFrequentWord": "mot le plus fréquent",
  "studyStore_errorSavingCardStats": "Erreur lors de l'enregistrement des statistiques de la carte.",
  "studyStore_errorSavingCardRating": "Erreur lors de l'enregistrement de l'évaluation de la carte.",
  "studyStore_loginNoLongerValid": "La connexion n'est plus valide, veuillez recharger cette page.",
  "studyStore_tooltip_extraPracticeSentence": "Cette phrase n'est pas affichée en raison d'un mot particulier enregistré. C'est un exercice supplémentaire pour améliorer votre compréhension orale et vos connaissances grammaticales.",
  "studyStore_tooltip_savedInYoutube": "Enregistré dans la vidéo Youtube : ",
  "studyStore_tooltip_savedInNetflix": "Enregistré dans la vidéo Netflix : ",
  "studyStore_extraPracticeIndicator": "[pratique supplémentaire]",
  "studyStore_errorLoadFlashcardMetadataFailed": "Échec du chargement des métadonnées des cartes mémoire.",
  "studyStore_errorLoadPracticeItemsFailed": "Échec du chargement des exercices.",
  "studyStore_errorLoadAudioFailed": "Échec du chargement audio.",
  "studyStore_errorGettingAudio": "Erreur lors de l'obtention du son : ",
  "savedItemsStore_errorTooManyItems": "Vous avez trop d'éléments",
  "savedItemsStore_errorSavingItem": "Erreur lors de l'enregistrement.",
  "savedItemsStore_errorUpdatingItemsFailed": "La mise à jour des éléments a échoué.",
  "savedItemsStore_errorFailedToRemoveItem": "Échec de la suppression de l'élément.",
  "savedItemsStore_devError_itemNotFoundForSetStudied": "L'élément enregistré n'existe pas : ",
  "mediaStore_errorFailedToGetPlaylistInfo": "Impossible de récupérer les informations de la liste de lecture.",
  "mediaStore_errorFailedToGetDocumentInfo": "Impossible d'obtenir les informations du document.",
  "mediaStore_errorDocNotFoundInPlaylist": "Document introuvable dans la liste de lecture.",
  "userDataStore_errorFailedToSaveUserData": "Échec de la mise à jour des paramètres enregistrés.",
  "userDataStore_errorUpdatingSavedItemKeys": "Impossible de récupérer les éléments sauvegardés.",
  "chatStore_errorNannyRefusedMessage": "Le service de discussion n'a pas pu traiter votre message. Veuillez le reformuler.",
  "chatStore_errorQuotaExceededPro": "Quota de messages dépassé, veuillez réessayer demain.",
  "chatStore_errorAsrFailed": "Impossible de traiter votre message, veuillez réessayer.",
  "chatStore_errorGettingChatMessages": "Erreur lors de la récupération des messages.",
  "chatStore_errorQuotaExceededMachine": "Quota de discussion dépassé. Veuillez vérifier votre abonnement ou réessayer plus tard.",
  "chatStore_errorQueueFull": "Désolé, nos serveurs sont actuellement à pleine capacité, nous travaillons à résoudre la situation.",
  "chatStore_infoProUsersPriorityAccess": "Les utilisateurs Pro bénéficient d'un accès prioritaire.",
  "chatStore_errorLoadingConversationLangMismatch": "Erreur lors du chargement de la conversation : Les paramètres de langue ne correspondent pas.",
  "chatStore_placeholderEnterWordsHere": "[saisissez les mots ici]",
  "notifications_prefixNetworkError": "Erreur réseau, veuillez vérifier votre WiFi. ",
  "notifications_prefixNotFound": "Erreur : Introuvable. ",
  "notifications_prefixBadRequest": "Erreur système, veuillez réessayer plus tard. ",
  "notifications_prefixTokenError": "Erreur de connexion, veuillez vous reconnecter. ",
  "notifications_prefixServerError": "Erreur serveur, veuillez réessayer plus tard. ",
  "notifications_prefixNotProUser": "Les fonctionnalités Pro ne sont plus disponibles. ",
  "notifications_prefixRateLimitExceeded": "Limite de requêtes dépassée. Réessayez plus tard. ",
  "mediaDocPodcast_errorTimeoutDownloadingAudio": "Délai dépassé lors du téléchargement du fichier audio depuis l'URL.",
  "media_errorLoadingMediaTranslations": "Erreur lors du chargement des traductions média.",
  "media_errorAsrQuotaExceeded": "Vous avez atteint la limite quotidienne de traitement audio. Veuillez réessayer demain.",
  "media_errorAsrQueueFull": "Le serveur de traitement audio est occupé. Veuillez réessayer plus tard.",
  "media_errorLoadingAsr": "Erreur lors du chargement de la reconnaissance vocale.",
  "media_errorAsrTooLong": "La reconnaissance vocale prend trop de temps. Veuillez réessayer plus tard.",
  "media_errorLoadingNlpData": "Erreur lors du chargement des données TLN.",
  "mediaDocText_errorFetchingPageTranslations": "Erreur lors de la récupération des traductions de la page.",
  "mediaDocText_errorFetchingTextInfo": "Erreur lors de la récupération des informations du texte.",
  "mediaDocText_errorFetchingPageNlp": "Erreur lors de la récupération de la page TAL.",
  "mediaDocText_errorFetchingPageTts": "Erreur lors de la récupération de la synthèse vocale.",
  "media_errorLoadingMediaMetadata": "Erreur lors du chargement des métadonnées du média.",
  "media_errorFetchingSubtitlesForVideo": "Erreur lors de la récupération des sous-titres de la vidéo.",
  "media_errorAsrNotAvailableForVideo": "La reconnaissance vocale n'est pas disponible pour cette vidéo, désolé.",
  "media_errorFetchingVideoTranslations": "Erreur lors de la récupération des traductions de la vidéo."
}