{
  "langCode": "hu",
  "appNameTr": "Language Reactor",
  "appName": "Language Reactor",
  "appDesc": "Fejleszd nyelvtudásod hatékonyan és élvezetesen, miközben kedvenc filmjeid és sorozataid nézed a tanult nyelven.",
  "catalogue": "Katalógus",
  "catalogue_tooltip": "Keress az Language Reactor-nel használható filmeket és sorozatokat.",
  "help": "Segítség",
  "help_tooltip": "Használati utasítás, tippek.",
  "feedback": "Visszajelzés küldése",
  "feedback_tooltip": "Valami gond van? Funkcióbővítést szeretnél?",
  "facebook": "Facebook",
  "facebook_tooltip": "Like-old az oldalunkat és értesülj a legújabb hírekről.",
  "originalLanguage_label": "Eredeti nyelv:",
  "originalLanguage_tooltip": "A Netflix film eredeti nyelve.",
  "noDictionary_error": "Az Language Reactor bővítmény még nem támogatja a szótár használatát a <text>-hez. Ez a funkció hamarosan elérhető lesz!",
  "subtitleLanguage_label": "Netflix felirat nyelve",
  "subtitleLanguage_tooltip": "Ez a kiválasztott Netflix feliratok nyelve.",
  "subtitlesNotLoaded_error": "A Netflix feliratokat nem sikerült betölteni. Be van állítva a felirat nyelve a Netflix lejátszási menüben?",
  "subtitlesNoMatchAudio_error": "A kiválasztott Netflix felirat (<text>) nem egyezik a hanggal. Próbáld a feliratot a film eredeti nyelvére (<text>) beállítani a Netflix lejátszásvezérlőn, vagy keress az Language Reactor katalógusban az általad tanult nyelvhez ajánlott filmeket.",
  "subtitlesNoMatchAudio_ASR_error_GT": "A <text> feliratok nem egyeznek a hanganyaggal. Váltson át az eredeti nyelvű feliratokra (<text>) a Netflix lejátszásvezérlőiben, vagy keressen egy javasolt címet a célnyelvén a Language Reactor katalógusában. Másik lehetőségként használhatja a beszédfelismerési (ASR) sávot.",
  "audioNoMatchSubtitles_error": "A kiválasztott Netflix szinkron (<text>) valószínűleg nem egyezik pontosan a feliratnak. Próbáld a film eredeti nyelvére (<text>) állítani a Netflix lejátszásvezérlőn, vagy keress az Language Reactor katalógusban az általad tanult nyelvhez ajánlott filmeket.",
  "audioLanguage_label": "Netflix hang nyelve",
  "audioLanguage_tooltip": "Ez a kiválasztott Netflix hangsáv nyelve.",
  "pleaseSelectSubtitles": "- Kérjük, válaszd ki a feliratot a Netflix lejátszóban -",
  "pleaseSelectSubtitlesYoutube": "- Kérjük, válaszd ki a feliratot a Youtube lejátszóban -",
  "loadingSubtitles": "- Felirat betöltése, kérjük, várjon ... -",
  "loadingTranslations": "Fordítások betöltése ...",
  "firstSubtitleNotReached": "- Az első felirat még nem kezdődött el. -",
  "errorApology_OLD": "Az Language Reactor hibát észlelt. A fejlesztőket értesítettük. Próbáld frissíteni az oldalt, vagy próbáld újra 24 óra múlva. Elnézést a kellemetlenségért. Nézd meg Facebook oldalunkat a frissítésekért. Hibaüzenet: <text>",
  "openClose_tooltip": "Language Reactor megnyitása / bezárása.",
  "vocabHighlight_label": "Szókincs kiemelés",
  "levelWithNumber": "Szint <text>: <text> szavak",
  "levelDisable": "Szint <text>: tiltsa le",
  "translationLanguage_label": "Fordítási nyelv",
  "translationLanguage_tooltip": "Ez a fordítás(ok) nyelve. Ezt állítsd az anyanyelvedre.",
  "showMachineTranslation_label": "Gépi fordítás megjelenítése",
  "showMachineTranslation_tooltip": "Az eredeti felirat gépi fordításának megjelenítése a saját nyelveden.",
  "showHumanTranslation_label": "Emberi fordítás megjelenítése",
  "showHumanTranslation_tooltip": "Az eredeti felirat emberi fordításának megjelenítése a saját nyelveden, ha elérhető.",
  "slowSpeechSegments": "Lassú beszédszegmensek",
  "slowSpeechSegments_tooltip": "Csökkentsd a videó lejátszási sebességét mikor egy felirat aktív (0.8x), a könnyebb megértés érdekében.",
  "keyboardShortcuts": "Gyorsbillentyűk:",
  "previous": "Előző",
  "next": "Következő",
  "previousSub": "Előző felirat",
  "nextSub": "Következő felirat",
  "play": "Lejátszás",
  "playPause": "Lejátszás / Szünet",
  "repeat": "Ismétlés",
  "infiniteRepeat": "Végtelen ismétlés",
  "alsoUseASD": "Ezeket a billentyűket is használhatod: A, S, D, Szóköz (space)",
  "autoPause": "Auto-szünet",
  "autoPause_tooltip": "Automatikusan szünetelteti a lejátszást minden felirat végén.",
  "none": "Egyik sem",
  "nms_tip": "Tanulsz valamilyen nyelven? Próbáld ki új bővítményünket, hogy a Netflix segítségével fejleszthesd tudásod!",
  "welcomeModal_line1_string": "Kedves Felhasználók!",
  "welcomeModal_line2_string": "Bővítményünk legújabb verziója számos frissítést tartalmaz. Reméljük, hogy hasznosnak találjátok az új funkciókat:",
  "welcomeModal_line3_string": "Választhatsz, hogy a feliratok a videón átfedéssel, vagy az alsó panelen, külön jelenjenek meg. ",
  "welcomeModal_line4_string": "Oldalpanel, ahol az egész felirat egybefüggően olvasható. ",
  "welcomeModal_line5_string": "Az ázsiai nyelvek hatékonyabb támogatása.",
  "proFeatures_line1_string": "A „Pro” mód extra funkciókat tesz lehetővé:",
  "proFeatures_line2_string": "Gépi fordítások",
  "proFeatures_tt2_string": "Ezek a fordítások az eredeti feliratot sokkal hűebben, közelebb követik. Nyelvtanulásra hasznosabbnak találhatod ezeket.",
  "proFeatures_line3_string": "Szavak és kifejezések mentése",
  "proFeatures_tt3_string": "Az elmentett szavak minden feliratban kiemelve láthatók. Ez segít a tanulásban és a megtanult szavak rendszerezésében. A mentett szavak és kifejezések exportálhatók Anki-ba (flashcard program).",
  "proFeatures_line4_string": "Szinkronos filmek feliratai",
  "proFeatures_tt4_string_GT": "Sok Netflix-sorozatnak van más nyelvű hanganyaga (szinkronja), viszont a Netflixnek nincsenek megfelelő feliratok ezekhez a hanganyagokhoz. A Language Reactor képes feliratot készíteni a hanganyagból, így tanulhat például németül a Breaking Bad segítségével.",
  "proFeatures_line5_string": "Támogasd a fejlesztőket",
  "proFeatures_tt5_string": "Keményen dolgozunk annak érdekében, hogy folyamatosan frissítsük, javítsuk a bővítményt és új funkciókkal szolgálhassunk. ",
  "price_string": "A havi előfizetés ára:",
  "welcomeModal_line6_string": "Ugyan a gépi fordítás eddig ingyenes volt, de ez egy igen drága szolgáltatás. Megértéseteket köszönjük! ",
  "useForFree_line_string": "Ezeket a funkciókat egy hétig ingyen használhatja.",
  "useForFree_twoWeeks_line_string": "Ezeket a funkciókat két hétig ingyen használhatja.",
  "useProForFreeTwoWeeks_string": "A Pro funkciókat két hétig ingyenesen használhatja.",
  "notNow_btn_string": "Most nem, köszönöm",
  "continueWithGoogle_btn_string": "Folytatás Google-fiókkal",
  "trialBegunModal_body_string": "A „Pro” funkciók elérhetők!",
  "ok_btn_string": "Ok",
  "prePaymentModal_line1_string": "Fizess elő a „Pro” funkciók további használatához.",
  "choosePaymentProvider_line_string": "Kérjük, válassz egy fizetési módot:",
  "payWithGoogle_btn_string": "Bankkártyás fizetés elfogadott",
  "payWithPaddle_btn_string": "Bankkártyás és PayPal fizetés elfogadott",
  "christmasSale_GT": "20% kedvezmény január 1-ig",
  "youPayEveryMonth_GT": "Havi díj:",
  "or_GT": "vagy",
  "youPayEvery3Months_GT": "Negyedéves fizetés:",
  "youPayEveryYear_GT": "Éves előfizetés:",
  "oneMonth_GT": "1 hónap",
  "threeMonths_GT": "3 hónap",
  "oneYear_GT": "1 év",
  "subscriptionLabel_GT": "Előfizetés. Fizetés után lemondhatja, ha nem szeretne automatikus megújítást.",
  "choose_GT": "Kiválasztás",
  "paymentSuccessful_line1_string": "A fizetés sikeres volt! Köszönjük, hogy támogatod a projektünket!",
  "paymentSuccessful_line2_string": "Az előfizetést bármikor visszavonhatod a beállításokban.",
  "paymentSuccessfulPaddleMessage_line_string": "Megjegyzés: Ha a átutalást manuálisan ellenőrizni kell, egy néhány órás várakozás után a „Pro” mód automatikusan aktiválódik. Elnézést a késésért!",
  "cancelGoogle_line_string": "Megjegyzés: A „Pro” mód az utolsó befizetéstől számított 30 napig aktív.",
  "cancelSubscription_btn_string": "Előfizetés visszavonása",
  "problemWithPayment_line1_string": "Probléma akadt az előfizetés befizetésélvel.",
  "problemWithPayment_line2_string": "A fizetési információk frissítése után frissítsd az oldalt.",
  "updatePayment_btn_string": "Fizetési információk frissítése",
  "alreadyUserPleaseSignIn": "Már felhasználó vagy? Jelentkezz be!",
  "pleaseSignIn": "Jelentkezz be!",
  "pleaseSignInOrRegister": "A további funkciók eléréséhez kérjük, jelentkezz be vagy regisztrálj",
  "noCreditCardInfoNoChargeAfterTrial": "Hitelkártya-adatokat nem szükséges megadnod. A próbaverzió nem kerül kiszámlázásra, hacsak az ideje alatt nem vásárolsz előfizetést.",
  "signIn": "Bejelentkezés",
  "signOut": "Kijelentkezés",
  "options": "Opciók",
  "mode": "Mód:",
  "manageSubscription": "Előfizetés kezelése, beállítások",
  "mode_free": "Ingyenes",
  "mode_basic": "Alapvető mód",
  "mode_pro": "Pro",
  "signInStatus": "Bejelentkezés státusza:",
  "signedIn": "Bejelentkezve",
  "notSignedIn": "Nincs bejelentkezve",
  "fix": "Megjavít",
  "featureComingSoon": "Ez a funkció még fejlesztés alatt áll",
  "showTransliterations": "Átirat (transzkripció) megjelenítése",
  "noTransliterations": "Nincs átirat (transzkripció)",
  "romaji": "Original + Romaji",
  "hiragana": "Original + Hiragana",
  "romajiOnly": "Romaju",
  "hiraganaOnly": "Hiragana",
  "withOriginalForm": "Eredeti formával",
  "transliterationsOnly": "Csak átiratok",
  "hideTransliterationsForKnownWords_GT": "Ismert szavak átírásának elrejtése",
  "playbackSpeed": "Lejátszási sebesség",
  "normal": "Normál",
  "notAvailable": "Nem elérhető.",
  "noHTAvailable": "Emberi fordítás nem elérhető a kiválasztott nyelvhez.",
  "noMTAvailable": "A gépi fordítások csak a film eredeti feliratához érhetők el.",
  "proFeature": "Pro funkció",
  "saveCurrentSubtitle": "Feliratot mentése",
  "toggleAutoPause": "Automatikus leállítás be- és kikapcsolása",
  "exportToAnki": "Exportálás Anki-ba",
  "pleaseSelectItemsToExport": "Kérjük, válaszd ki az exportálni kívánt elemeket:",
  "allItems": "Összes elem",
  "download": "Letöltés",
  "subtitles": "Feliratok",
  "words": "Szavak",
  "savedItems_short": "Mentett elemek",
  "savedItems": "Mentett elemek",
  "saved": "Mentve",
  "allLanguages": "Összes nyelv",
  "allTypes": "Minden típus",
  "yellowWords": "Sárga szavak",
  "blueWords": "Kék szavak",
  "greenWords": "Zöld szavak",
  "purpleWords": "Lila szavak",
  "redWords": "Piros szavak",
  "phrases": "Kifejezések",
  "noSavedItems": "Nincsenek mentett elemek.",
  "clickAStar": "Kattints a csillagra a felirat elmentéséhez, vagy a szótárban található színes gombokra egy szó elmentéséhez.",
  "loadingDotDotDot": "Betöltés...",
  "showMore": "Mutass többet",
  "openCloseBottomPanel": "Alsó panel megnyitása/ lezárása",
  "openCloseVerticalView": "A függőleges nézet megnyitása / lezárása",
  "close": "Bezárás",
  "autoPaused": "AUTOMATIKUSAN LEÁLLÍTVA",
  "pressSpaceToContinue": "(Nyomd meg a SPACE-t a folytatáshoz)",
  "saveWordTooltip": "Szó mentése. A jobb egérgombbal kattints egy szóra, hogy elmentsd azt.",
  "subscriptionToProFeatures": "Előfizetés a „Pro” szolgáltatásokra.",
  "tryForFree": "Ingyenes próba",
  "noCreditCardRequired": "Hitelkártya nem szükséges.",
  "noCharge": "Másokkal ellentétben nem számítunk fel díjakat a próbaidőszak alatt, és nem váltjuk az előfizetést automatikusan magasabb szintűre.",
  "subscriptionActive": "Előfizetése aktív.",
  "speedUpPlayback": "Lejátszás gyorsítása",
  "slowDownPlayback": "Lejátszás lassítása",
  "highlightSavedWords_label": "Mentett szavak kiemelése",
  "onRightClick_label": "Jobb kattintás",
  "onLongPress_label_GT": "Hosszú érintés művelete",
  "suggestedToKnownWordsRatio_label_GT": "Javasolt és ismert szavak aránya",
  "showVV_label": "Feliratok listanézetének megjelenítése",
  "showSubsBelowVideo_label": "Videó alatti feliratok megjelenítése",
  "otherPossibleTranslations": "Egyéb lehetséges fordítások",
  "doNothing_option": "Nincs művelet",
  "showDict_option": "Szótár mutatása",
  "showDictSpeak_option": "Szótár mutatása és szó kiejtése",
  "speakWord_option": "Szó kimondása",
  "saveWord_option": "Szó mentése",
  "removeAllItems": "Összes eltávolítása",
  "areYouSure": "Biztos benne?",
  "hideTranslation": "Fordítás elrejtése",
  "hideTranslation_tt": "A fordítás elrejtése amíg megy a lejátszás. Kattints a szövegre, vagy nyomd meg az \"e\" gombot a fordítás megjelenítéséhez. ",
  "littlePracticeEveryDay": "A hatékony nyelvtanulás kulcsa egy kis gyakorlás minden nap. ",
  "enableLln": "Language Reactor bekapcsolása",
  "doYouLikeOurExtension": "Hogy tetszik az Language Reactor?",
  "reportBug": "Programhiba bejelentése",
  "translationNotFound": "A fordítás nem található.",
  "usageExamples": "Használati példák",
  "userDefinedExternalDict_label": "Felhasználói szótár URL-ek",
  "turnOnOff": "Bekapcsol/Kikapcsol",
  "fontSize_label": "Betűméret",
  "extraSmall": "Nagyon kicsi",
  "small": "Kicsi",
  "large": "Nagy",
  "extraLarge": "Extra nagy",
  "removeSubtitle": "Eltávolítás",
  "settings": "Beállítások",
  "subtitleLanguage_label_yt": "Youtube felirat nyelve",
  "subtitleLanguage_tooltip_yt": "Ez a kiválasztott Youtube feliratok nyelve.",
  "subtitlesNotLoaded_error_yt": "A Youtube feliratokat nem sikerült betölteni. Be van állítva a felirat nyelve a Youtube lejátszási menüben?",
  "exportAsJson": "Exportálás JSON-fájlként",
  "exportAsCsv": "Exportálás CSV-fájlként",
  "exportAsExcel": "Exportálás Excel-fájlként",
  "overrideArrowKeys_label": "Nyíl billentyűk felülírása",
  "overrideArrowKeys_tt": "Gondoskodjon róla, hogy a nyíl billentyűk ugyanúgy működjenek, mint az A, S, D gombok",
  "changelist": "Changelist",
  "print": "Nyomtatás",
  "export": "Exportálás",
  "appDescYoutube": "Fejlessze nyelvtudását hatékonyan és élvezetesen célnyelvi videók megtekintésével.",
  "externalDictsMessage": "Külső szótárak. A legutóbb használt külső szótárat közvetlenül megnyithatja, ha a Shift billentyű nyomva tartása közben kattint egy szóra.",
  "userDefinedExternalDict_tooltip": "Egyéni szótárak, amelyek más külső szótárakkal együtt jelennek meg a szótár felugró ablakában (U1, U2... néven). Az URL-nek tartalmaznia kell a 'WORD' szót (nagybetűvel) - ezt automatikusan helyettesíti a rendszer a keresett szóval. Több URL-t is megadhat külön sorokban.",
  "pleaseLeaveReviewMessage": "Tetszik Önnek a Language Reactor? Kérjük, segítsen nekünk egy értékeléssel a Chrome webáruházban.",
  "writeReview": "Írjon értékelést",
  "saveSubtitle": "Mentés",
  "translate": "Fordítás",
  "selectLang": "Nyelvválasztás",
  "searchVidsWithSubs": "Feliratos videók keresése (CC)",
  "searchSettings": "Keresési beállítások",
  "sourceLang": "Forrásnyelv:",
  "chatWithOtherUsers": "Csevegés más Language Reactor felhasználókkal",
  "forum": "Fórum",
  "tip": "Tipp:",
  "considerChangingYoutubeLanguage": "A legjobb találatokért érdemes módosítani a nyelvet a Youtube-beállításokban.",
  "seeHow": "Útmutató",
  "helloPleaseSelectYourNativeLanguage": "Üdvözöljük! Kérjük, válassza ki anyanyelvét:",
  "yourNativeLanguage_GT": "Az Ön anyanyelve:",
  "autoHideYoutubePlaybackBarRecommended": "Youtube lejátszási sáv automatikus elrejtése (ajánlott)",
  "dontChangeTheInterface": "Ne módosítsa a felületet",
  "hidePlaybackBar": "Lejátszó sáv elrejtése",
  "font": "Betűtípus",
  "defaultRecommended": "Alapértelmezett (ajánlott)",
  "subtitlesHidden": "Feliratok (rejtett)",
  "noSubsForThisVideo": "Ehhez a videóhoz nincs felirat!",
  "forceOriginalTracks": "Eredeti számok kényszerítése",
  "forceOriginalTracks_desc": "Ha ez az opció be van kapcsolva, a bővítmény engedélyezése esetén a videót az eredeti nyelv hangjára és feliratára kapcsolja.",
  "hideSubtitles": "Feliratok elrejtése",
  "disabled": "Kikapcsolva",
  "hideTranslations": "Fordítások elrejtése",
  "hideBoth": "Mindkettő elrejtése",
  "showSubtitleControls": "Feliratvezérlők megjelenítése",
  "moveToggleControls": "Vezérlők mozgatása/váltása",
  "netflixTestsMessage": "A Netflix néha teszteket futtat, amelyek miatt a Language Reactor nem működik megfelelően. A problémák elkerülése érdekében javasoljuk, hogy kapcsolja ki a Netflix tesztben való részvételt. Könnyű:",
  "disableTesting": "Tesztelés letiltása",
  "nextBillingDate": "Következő számla dátuma",
  "youCanUseProForXXDays": "A Pro funkciókat még <text> napig használhatod.",
  "youCanUseFreeForXXDays": "Az ingyenes funkciókat <text> napig használhatod.",
  "subtitlesCouldNotBeLoaded": "A feliratokat nem lehet betölteni.",
  "adIsPlaying": "Hirdetés lejátszás alatt.",
  "yourSubscriptionHasExpired": "Előfizetésed lejárt.",
  "youHaveCanceledYourSubscription": "Előfizetésedet visszamondtad.",
  "nowYouCanStudyWithYoutubeToo": "Mostantól a Youtube-on is tudsz nyelvet tanulni!",
  "machineTranslations": "Gépi fordítás",
  "humanTranslations": "Emberi fordítás",
  "belowAreWordsFromTheCurrentVideo_GT": "A videóból származó szavak gyakorisági sorrendben",
  "rightClickWordToSaveIt_GT": "Kattintson jobb gombbal a szó megjelöléséhez",
  "leftClickToOpenDict": "Bal kattintással meg tudod nyitni a szótárt.",
  "selectVocabLevelToMarkPurple": "Válaszd ki a szótár szintjét a beállításokban, ami a kevésbé gyakori szavakat lilára színezi.",
  "aboveCurrentLevel": "A jelenlegi szint feletti",
  "unsavedWords": "Nem mentett szavak",
  "levelX": "<text>. szint",
  "tips": "Tippek",
  "emptyTemplate": "",
  "thisExportHasMultipleParts": "Ez az export több résszel rendelkezik.",
  "downloadPartXX": "Rész letöltése <text>",
  "thisItemWasSavedInAnotherVideo": "Ez az elem egy másik videóban került mentésre.",
  "cancel": "Mégse",
  "openVideo": "Videó megnyitása",
  "format": "Formátum",
  "printHtml": "Nyomtatás (HTML)",
  "mustReadHowToImportToAnki": "Kötelezően elolvasandó: Hogyan importáljunk Ankiba.",
  "infoAboutCsvExport": "Infó a CSV exportálásról",
  "jsonDataSchema": "JSON adatséma",
  "language": "Nyelv",
  "itemType": "Elemtípus",
  "includeTimestamps": "Időbélyegzőket beleértve",
  "youCanChangeTranslitsOptionsInSettings": "Az átiratbeállítások a beállításokban módosíthatóak.",
  "preferredTranslations": "Kedvelt fordítások",
  "onlyNewItemsSinceLastExport": "Csak új elemek, a legutóbbi export óta",
  "includeMedia": "Médiát beleértve",
  "langName_is": "Izlandi",
  "langName_ga": "Ír",
  "langName_az": "Azerbajdzsáni",
  "langName_af": "Afrikaans",
  "langName_am": "Amhara",
  "langName_ar": "Arab",
  "langName_sq": "Albán",
  "langName_hy": "Örmény",
  "langName_it": "Olasz",
  "langName_yi": "Jiddis",
  "langName_ig": "Igbó",
  "langName_id": "Indonéz",
  "langName_ug": "Ujgur",
  "langName_cy": "Walesi",
  "langName_uk": "Ukrán",
  "langName_uz": "Üzbég",
  "langName_ur": "Urdu",
  "langName_et": "Észt",
  "langName_eo": "Eszperantó",
  "langName_or": "Odia",
  "langName_nl": "Holland",
  "langName_kk": "Kazah",
  "langName_ca": "Katalán",
  "langName_gl": "Gallego",
  "langName_kn": "Kannada",
  "langName_rw": "Kinyarvanda",
  "langName_el": "Görög",
  "langName_ky": "Kirgiz",
  "langName_gu": "Gudzsaráti",
  "langName_km": "Khmer",
  "langName_ku": "Kurd",
  "langName_hr": "Horvát",
  "langName_xh": "Xhosza",
  "langName_co": "Korzikai",
  "langName_sm": "Szamoai",
  "langName_jv": "Jávai",
  "langName_ka": "Grúz",
  "langName_sn": "Sona",
  "langName_sd": "Szindhi",
  "langName_si": "Szingaléz",
  "langName_sv": "Svéd",
  "langName_zu": "Zulu",
  "langName_gd": "Skóciai Kelta",
  "langName_es": "Spanyol",
  "langName_sk": "Szlovák",
  "langName_sl": "Szlovén",
  "langName_sw": "Szuahéli",
  "langName_su": "Szundanéz",
  "langName_ceb": "Szebuano",
  "langName_sr": "Szerb",
  "langName_so": "Szomáli",
  "langName_th": "Thai",
  "langName_tg": "Tadzsik",
  "langName_tt": "Tatár",
  "langName_ta": "Tamil",
  "langName_cs": "Cseh",
  "langName_te": "Telugu",
  "langName_da": "Dán",
  "langName_de": "Német",
  "langName_tk": "Türkmén",
  "langName_tr": "Török",
  "langName_ny": "Nyandzsa",
  "langName_ne": "Nepáli",
  "langName_no": "Norvég",
  "langName_ht": "Haiti Kreol",
  "langName_ha": "Hausza",
  "langName_ps": "Pastu",
  "langName_eu": "Baszk",
  "langName_haw": "Hawaii",
  "langName_hu": "Magyar",
  "langName_pa": "Pandzsábi",
  "langName_hi": "Hindi",
  "langName_tl": "Filippínó",
  "langName_fi": "Finn",
  "langName_hmn": "Hmong",
  "langName_fr": "Francia",
  "langName_bg": "Bolgár",
  "langName_vi": "Vietnámi",
  "langName_iw": "Héber",
  "langName_be": "Belarusz",
  "langName_fa": "Perzsa",
  "langName_bn": "Bangla",
  "langName_pl": "Lengyel",
  "langName_bs": "Bosnyák",
  "langName_pt": "Portugál",
  "langName_mi": "Maori",
  "langName_mk": "Macedón",
  "langName_mg": "Malgas",
  "langName_mr": "Maráthi",
  "langName_ml": "Malajálam",
  "langName_mt": "Máltai",
  "langName_ms": "Maláj",
  "langName_my": "Burmai",
  "langName_mn": "Mongol",
  "langName_yo": "Joruba",
  "langName_lo": "Lao",
  "langName_la": "Latin",
  "langName_lv": "Lett",
  "langName_lt": "Litván",
  "langName_ro": "Román",
  "langName_lb": "Luxemburgi",
  "langName_ru": "Orosz",
  "langName_en": "Angol",
  "langName_ko": "Koreai",
  "langName_fy": "Nyugati Fríz",
  "langName_zh-CN": "Kínai (Egyszerűsített)",
  "langName_zh-TW": "Kínai (Hagyományos)",
  "langName_st": "Déli Szeszotó",
  "langName_ja": "Japán",
  "netflixCatalogue": "Netflix Katalógus",
  "notAllTitlesAllCountries": "Mivel nem minden cím érhető el minden országban, Önnek ki kell választania azt az országot, amelyben Ön a Netflix észlelése szerint tartózkodik.",
  "catalogueByOriginalLanguage": "A katalógus a címeket az eredeti nyelvük alapján sorolja fel. Segít francia filmeket találni a franciául tanuláshoz, német filmeket a németül tanuláshoz stb.",
  "goodSubtitlesForOriginal": "A Netflix jó, az audiofelvételhez illő filmfeliratokat nyújt az eredeti nyelvű címekhez.",
  "oftenDontMatch": "Szinkronizált audiofelvételek esetében a filmfeliratok gyakran nem illenek hozzájuk.",
  "yourCountry": "Az Ön országa",
  "allCountries": "Minden ország",
  "numberFound_colon": "Találatok száma:",
  "genre_colon": "Műfaj:",
  "released_colon": "Megjelent:",
  "runtime_colon": "Hossz:",
  "drama": "Dráma",
  "action": "Akció",
  "crime": "Bűnügy",
  "thriller": "Krimi",
  "adventure": "Kalandfilm",
  "scifi": "Tudományos-fantasztikus",
  "romance": "Romantikus",
  "fantasy": "Fantázia",
  "mystery": "Misztériumfilm",
  "war": "Háborús",
  "biography": "Életrajzi",
  "history": "Történelmi",
  "clearHistory_GT": "Előzmények törlése",
  "comedy": "Vígjáték",
  "horror": "Horror",
  "sport": "Sport",
  "music": "Zenés film",
  "animation": "Animációs",
  "musical": "Musical",
  "noMoviesFoundForThisSearch": "Ehhez a kereséshez nem találtunk filmeket.",
  "youtubeCatalogue": "YouTube Katalógus",
  "installExtensionForEnhancedFeatures": "Tipp: A Netflix és a YouTube nézése közben telepítse az addicionális funkciókhoz szükséges bővítményt!",
  "weCreatedYTCatalogue": "Azért készítettük ezt a katalógust, hogy a tanuláshoz könnyebben találhasson jó csatornákat.",
  "errorLoadingData": "Hiba az adatok betöltése közben.",
  "search": "Keresés",
  "subscribers_colon": "Előfizetők:",
  "withSubtitles_colon": "Feliratosok:",
  "score_colon": "Eredmény:",
  "installExtensionForBetterExperience": "Jobb élmény érdekében telepítse a böngésző bővítményét!",
  "translationSameAsSource_text_text": "A fordítás nyelve (<text>), ami megegyezik a forrásnyelvvel (<text>). Gondolja át, hogy megváltoztatja-e a fordítási nyelvét a beállításokban.",
  "translationNotSupported_text_text": "Jelenleg nem támogatott a fordítás <text> nyelvről <text> nyelvre.",
  "selectDifferentTranslationLanguage": "Kérjük, válasszon másik fordítási nyelvet.",
  "nextVideo": "Következő videó",
  "prevVideo": "Előző videó",
  "smallVideo": "Kis videó",
  "bigVideo": "Nagy videó",
  "showTranslation": "Fordítás mutatása (ha van)",
  "watchingVideos": "Videók nézése",
  "afterInstallingAdditionalFeatures": "A böngésző bővítményének telepítése után további funkciók segítik a nyelvtanulásban, amikor a Netflix és a YouTube webhelyein néz videókat.",
  "whatToWatch": "Mit nézzen",
  "weCreatedNetflixAndYoutubeCatalogue": "Videók megtalálásának érdekében katalógust készítettünk a Netflix-hez és a YouTube-hoz. A katalógust ennek az oldalnak a baloldalon lévő menüjében tudja megnyitni.",
  "alreadyOpenPleaseReload": "Ha Önnél már nyitva van a Netflix vagy a YouTube, kérjük, töltse be újra az ablakot.",
  "clickToOpenSettings": "Kattintson ide a beállítások megnyitásához.",
  "clickEnableExtraFeatures": "Kattintson ide az extra funkciók be- vagy kikapcsolásához.",
  "formerlyCalled": "(korábbi elnevezése „Language Learning with Netflix\")",
  "startInstallExtension": "Az elinduláshoz telepítse a böngésző bővítményét.",
  "saveAndReview": "Mentés és átnézés",
  "reviewWordsAndPhrases": "A villámkártyaként elmentett szavakat és kifejezéseket újra átnézheti, és új szavakat is tanulhat.",
  "underActiveDevelopment": "Ez a projekt aktív fejlesztés alatt áll. Kérjük, látogasson el a fórumunkra, ha új funkciót akar javasolni, vagy problémáról kíván számot adni.",
  "writeToUs": "Kérjük, hogy egyéb kérdések esetén írjon nekünk.",
  "setupComplete": "A felállítás befejeződött",
  "clickWordDictionary": "Kattintson egy szóra, hogy lássa a szótárt. Egy szó elmentéséhez kattintson rá a jobb egérgombbal.",
  "autopauseEverySubtitle": "A visszajátszás automatikus szüneteltetése minden alcím végén.",
  "machineAndHumanTranslations": "A beállításokban lehet választani kétféle, azaz gépi vagy humán fordítás megjelenítése között. A gépi fordítás szó szerinti fordítás, segít megérteni a mondat szerkezetét az Ön által tanulmányozott nyelven. Időnként hibákat tartalmazhat. A humán fordítás gyakran hasznos, mert helyesen fordítja le a kifejezéseket és az idiómákat.",
  "keyboardKeys": "A lejátszót a billentyűk segítségével irányíthatja.",
  "aKey": "Előző felirat",
  "sKey": "Felirat ismétlése",
  "dKey": "Következő felirat",
  "spaceKey": "Lejátszás/Szünet",
  "settingsForMoreShortcuts": "A beállításokban további billentyűparancsokat találhat.",
  "weCreatedNetflixCatalogue": "Egy speciális katalógust készítettünk, amelyben a Netflix címekhez kiváló minőségű filmfeliratokat találhat az Ön által tanulmányozott nyelven.",
  "youtubeHasAnyTopic": "A YouTube bármely témáról rendelkezik videókkal az összes jelentős nyelven. Viszont a YouTube igyekszik elrejteni Ön elől az idegen nyelvű tartalmat.",
  "pageNotFound": "Oldal nem található.",
  "videosNoLongerAvailable": "A felsorolt videók némelyike már nem elérhető az országodban.",
  "votes_text": "<text> szavazat",
  "countries_text": "<text> ország",
  "watch": "Megtekintés",
  "tryAgain": "Próbáld újra",
  "videoUnavailablePleaseContinue": "Ez a videó nem elérhető, kérjük, folytasd a következő videóval",
  "nextPage": "Következő oldal",
  "prevPage": "Előző oldal",
  "videos": "Videók",
  "selectPlaylist": "Kérjük, válassz ki egy lejátszási listát.",
  "flashcardTooltipProposal": "Az ebben a gyakorlási körben újonnan tanulandó elemek száma",
  "flashcardTooltipExposure": "Az ismétlésre váró elemek száma ebben a gyakorlásban",
  "flashcardTooltipTest": "A kvízben szereplő elemek száma ebben a gyakorlásban",
  "flashcardExposureTooltip": "A gyakorlókártyák különböző példamondatokat mutatnak a mentett szavakkal, hogy jobban megértse azok különféle használatát.",
  "flashcardExposure": "Gyakorlás",
  "flashcardTestTooltip": "A tesztkártyák a szavak és mondatok tudását mérik fel",
  "flashcardTest": "Teszt",
  "lastPracticed_text": "Utolsó gyakorlás: <text>",
  "itemsDueForPractice_text": "<text> elem vár gyakorlásra.",
  "startPractice": "Gyakorlás elkezdése",
  "betterWaitTillTomorrow": "Inkább várj holnapig a következő gyakorlási időszakra.",
  "practiceMore": "Gyakorolj többet",
  "savedWordsAppearHere": "Tipp: Az elmentett szavak és kifejezések a következő gyakorlás idejében itt fognak megjelenni.",
  "showAnswer": "Válasz mutatása",
  "fail": "Hiba",
  "hard": "Nehéz",
  "easy": "Könnyű",
  "success": "Siker",
  "ok": "Ok",
  "extraButtonsSearchBar": "Szóval ezeket az extra gombokat adtuk hozzá a YouTube keresősávja mellé:",
  "leftTranslateRightSearch": "A baloldali gomb lefordítja a keresőmezőben szereplő szöveget, így könnyebben tudsz videókat találni a tanult nyelveden. A jobboldali gomb feliratos videókat keres.",
  "youtubeInterfaceLanguageMoreVideos": "Megváltoztathatod a YouTube felhasználói felületét az általad tanult nyelvre, a YouTube onnantól több videót fog mutatni neked azon a nyelven.",
  "howToChangeYoutubeInterfaceLanguage": "Hogyan lehet megváltoztatni a YouTube felületének nyelvét",
  "clickButtonTopRight": "Kattints a következő gombra a képernyő jobb felső részén:",
  "lookForLanguageSetting": "Keresd meg a \"Nyelv\" beállítást:",
  "whenChangeMoreResults": "Amint megváltoztatod a nyelvet, több keresési találatod lesz a tanult nyelven.",
  "onlyDesktopCheckBack": "A Language Reactor jelenleg csak asztali számítógépeken elérhető, kérjük, nézz vissza később!",
  "open": "Megnyitás",
  "word": "Szó",
  "phrase": "Kifejezés",
  "translation": "Fordítás",
  "context": "Szövegkörnyezet",
  "source": "Forrás",
  "actions": "Tevékenységek",
  "accountInformation": "Felhasználói információk",
  "quickSettings": "Gyors beállítások",
  "fullSettings": "Összes beállítás",
  "gettingStarted": "Első lépések",
  "exportHelp": "Segítség az exportáláshoz",
  "studyTips": "Tanulási tippek",
  "howToImportWebpage": "Hogyan importálj egy weboldalt",
  "importWithRightClick": "Weboldalt a Language Reactorba a jobb kattintással lenyíló menüből tudsz importálni.",
  "extensionInstalledForThisFeature": "Ehhez a funkcióhoz szükséges a böngészőbővítmény telepítésének megléte.",
  "importText": "Szöveg importálása",
  "goToReaderMode": "Lépés olvasó módba",
  "edit": "SZERKESZTÉS",
  "read": "OLVASÁS",
  "posADJ_UD": "Adj.",
  "posADP_UD": "Adp.",
  "posADV_UD": "Adv.",
  "posAUX_UD": "Aux.",
  "posNOU_UD": "Noun",
  "posPRO_UD": "Pronoun",
  "posVER_UD": "Verb",
  "posDET_UD": "Det.",
  "posSYM_UD": "Symbol",
  "posINT_UD": "Int.",
  "posCCO_UD": "Coord. Conj.",
  "posPUN_UD": "Punct.",
  "posNUM_UD": "Numerical",
  "posPAR_UD": "Particle",
  "posSCO_UD": "Sub. Conj.",
  "posX_UD": "Foreign",
  "posCONJ": "Conj.",
  "posPREP": "Prep.",
  "ok2": "Rendben",
  "pleaseWait": "Kérjük, várj...",
  "ohNoPleaseAddPermissionLRLogin": "Jaj, ne! A sikeres bejelentkezéshez, kérjük, adj engedélyt a Language Reactor böngészőkiegészítésnek a languagereactor.com címen történő futáshoz!",
  "recommended$Videos$": "Ajánlott",
  "$videos$WithSubtitles": "Felirattal",
  "$videosWith$MostSubscribers": "Legtöbb feliratkozó",
  "sortBy": "Rendezés módja:",
  "$video$Rating": "Értékelés",
  "yearReleased": "Kiadás éve",
  "type$OfVideo$": "Típus",
  "any$TypeOfVideo$": "Mind",
  "movies": "Filmek",
  "series": "Sorozatok",
  "genres": "Műfajok",
  "all$Genres$": "Mind",
  "goToIMDB": "Irány az IMDB",
  "availableIn": "Elérhető itt:",
  "errorLoadingVideo": "Hiba a videó betöltése során",
  "goBack": "Visszalépés",
  "sorryThisPlaylistIsMissing": "Sajnos ez a lejátszási lista hiányzik.",
  "sorryThisVideoIsMissing": "Sajnos ez a videó hiányzik.",
  "videoList": "Videólista",
  "studyLanguage": "Tanult nyelv",
  "iAmLearning": "Tanulok",
  "playAll": "Összes lejátszása",
  "bigUpdate": "Fontos újítás!",
  "readMore": "Olvasd tovább",
  "iGotIt": "Már ismerem",
  "allWords": "Minden szó",
  "savedWords": "Mentett szavak",
  "savedPhrases": "Mentett kifejezések",
  "setVocabLevel_short": "Szókincsméret",
  "setVocabLevel": "Szókincsméret kiválasztása",
  "changeVocabLevelConfirmation_GT": "Módosítja a szókincssszintet <text>-ról <text>-ra?",
  "changeStudyLevel": "Szókincsméret módosítása",
  "currentStudyLevel": "Jelenlegi szókincsméret",
  "change": "Módosít",
  "pleaseSelectYourStudyLevelToContinue": "A folytatáshoz, kérjük, add meg a szókincsed méretét",
  "frequency": "Gyakoriság",
  "alphabetical": "Betűrendben",
  "LEARNING": "Tanulás",
  "KNOWN": "Ismert",
  "SKIPPED": "Ne tanulja",
  "SKIPPED_short": "Ne tanuld",
  "knownWords_GT": "Ismert szavak",
  "tag": "Címkék",
  "errorLoadingList": "Hiba a szavak betöltése során",
  "pleaseSelectLanguageOnTop_GT": "Válasszon nyelvet fentebb",
  "xSelected": "<text> kiválasztva",
  "setLearningStage": "Tanulási fázis beállítása",
  "thisWillAffectXItemsAreYouSure": "Ez <text> elemet érint. Biztos vagy benne?",
  "yes": "Igen",
  "no": "Nem",
  "removeItems": "Elemek eltávolítása",
  "setTag": "Címke beállítása",
  "selectAllOrNone": "Mind kijelölése / Kijelölés megszüntetése",
  "logIn": "Bejelentkezés",
  "noItemsFound": "Nem található elem",
  "upgrade": "Előfizetés",
  "transliterationsJapanese": "Átirat (japán)",
  "transliterationsVisibility_GT": "Átírások megjelenítése",
  "alwaysShow_GT": "Mindig",
  "hideForKnownWords_GT": "Elrejtés ismert szavaknál",
  "hideForMarkedAndKnownWords_GT": "Elrejtés megjelölt és ismert szavaknál",
  "specialWords_GT": "Különleges szavak",
  "specialWords_info_GT": "Nevek, helyek, számok, stb.",
  "markedWords_GT": "Megjelölt szavak",
  "markWord_GT": "Szó megjelölése",
  "savedWordsMarkingTooltipDesc_GT": "A megjelölt szavak megtartják státuszukat, amikor szókincssszintet vált. Körvonallal jelennek meg.",
  "wordStatus_desc_GT": "A státusz a szókincssszintből vagy egyéni jelölésből származik.",
  "wordColors_desc_GT": "Ezek a beállítások szabályozzák a szavak megjelenését a feliratokban és szövegekben. A 'Mentett elemek' nézetben mindig a szavak teljes színezése látható.",
  "suggestedWords_desc_GT": "A következő leghasznosabb szavak, amiket megtanulhat.",
  "showKnownWordsInGreen": "Ismert szavak megjelenítése zölden",
  "showMarkedLearningWordsInOrange_GT": "A tanulásra megjelölt szavakat narancssárgával jelenítse meg",
  "showSuggestedWordsInOrange_GT": "A javasolt szavakat narancssárga színnel jelenítjük meg",
  "showRareWordsInGrey_GT": "Ritka szavak elhalványítása",
  "outline_GT": "Körvonal",
  "outlineMarkedWordsInText": "Megjelölt szavak kiemelése a szövegben",
  "showTagsInText": "Címkék megjelenítése a szövegben",
  "showLearningStageButtonsInMiniDictionary": "Tanulási fázis gombok megjelenítése a kurzor szöveg fölé mozgatásával",
  "switchLearningStage_GT": "Ismert / tanulandó váltása",
  "switchTags": "Címkék módosítása",
  "switchLanguage_GT": "Nyelvváltás",
  "dictionary": "Szótár",
  "speakWordOnClick": "Kattintásra a szó felolvasása",
  "basicSettings": "Alapbeállítások",
  "machineTranslationsAvailable": "Gépi fordítás elérhető",
  "belowAreWordsOfIncreasingDifficultyDesc": "Az alábbiakban nehézség szerint növekvő sorrendben látod a szavakat. Kérjük, kattints a legalsó olyan sorra, amelyben mindegyik szót érted (az összes megtekintéséhez görgess le).",
  "iDontKnowAnyWordsYet": "Még egyetlen szót sem ismerek.",
  "exampleText": "Példaszöveg:",
  "wordColors_GT": "Szavak színezése",
  "reset_GT": "Alaphelyzet",
  "newChat_GT": "Új beszélgetés",
  "autoCorrectGrammar_GT": "Nyelvtan automatikus javítása",
  "estimatedNumberOfKnownWords": "Ismert szavak becsült száma",
  "article": "Cikk",
  "fullText": "Teljes szöveg",
  "textMode": "Szöveg",
  "myText_GT": "Az Ön szövege",
  "myTexts_GT": "Szövegeim",
  "books_GT": "Könyvek",
  "pasteAnyTextYouWishToStudyHere": "Illeszd be ide a megtanulni kívánt szöveget",
  "videoFile": "Videófájl",
  "selectVideo": "Válassz videót",
  "selectVideoFile": "Válassz videófájlt",
  "selectSubtitles": "Válassz feliratot",
  "subtitlesLanguage": "Felirat nyelve",
  "save": "Mentés",
  "copy": "Másolás",
  "copyCurrentSentence": "Másolja az aktuális mondatot",
  "wordNotFound": "Szó nemtalálható",
  "markWhetherYouKnowThisWordDesc": "Jelöld be, hogy ismered-e a szót. A narancssárgával (Tanulás) jelölt szavak felkerülnek a szókártyáidra.",
  "shortcutRightClick": "Kattintás a jobb egérgombbal",
  "shortcutMiddleClick": "Kattintás a középső egérgombbal",
  "addTagToAWordDesc": "Címkék segítségével csoportosíthatod a szavakat. A címkézett szavak önállóan exportálhatók. A címkék színes aláírásként jelennek meg, amit a Beállítások között módosíthatsz.",
  "markAsKnown": "Megjelölés ismertként",
  "markAsLearning": "Megjelölés tanulás alattiként",
  "markedKnown_GT": "Ismertként megjelölve",
  "markedToLearn": "Megjelölve megtanulnivalóként",
  "learningNow": "Tanulás folyamatban",
  "learnt": "Megtanulva",
  "learn": "Tanulás",
  "remove": "Eltávolítás",
  "noTag": "Nincs címke",
  "examplesSavedItems": "Példák: Mentett elemek",
  "examplesCurrentText": "Példák: aktuális szöveg",
  "examples": "Példák:",
  "pleaseSignInToUseThisFeature": "Ennek a funkciónak a használatához, kérjük, jelentkezz be.",
  "pleaseSignInToUseThisFreeFeature": "Ennek az ingyenes funkciónak a használatához, kérjük, jelentkezz be.",
  "soThatWeCanSaveYourProgress": "(hogy elmenthessük az előrehaladásod)",
  "phrasepumpInfoTooltipShort": "A PhrasePump rengeteg olyan mondatot jelenít meg neked, amelyeket többnyire értened kell. Ezáltal bővíti a szókincsed, fejleszti a szövegértési készséged és nyelvtani tudásod.",
  "phrasepumpInfoTooltip": "A PhrasePump rengeteg olyan mondatot jelenít meg neked, amelyeket többnyire értened kell. Ezáltal bővíti a szókincsed, fejleszti a szövegértési készséged és nyelvtani tudásod. A mondatok ismert szavakat gyakoroltatnak és megtanulandó új szavakat is tartalmaznak.",
  "fumingRiver": "Hagyd, hogy a nyelv átfolyjon rajtad, mint egy hömpölygő folyó, engedd, hogy a részeddé váljon.",
  "itemsDueForReview": "Sürgős ellenőrzésre váró elemek",
  "noCardsToStudy": "Nincs megtanulásra váró kártya.",
  "tryEnablingMoreStudyModes": "Próbáld meg több tanulási mód bekapcsolását is.",
  "pleaseMarkMoreItemsOrWait": "Kérjük, jelölj be több megtanulandó elemet, vagy várj, amíg a korábban megjelölt elemek aktuálissá válnak.",
  "statistics": "Statisztika",
  "xCards": "<text> kártya",
  "cards": "Kártyák",
  "cardsPracticedToday": "Ma használt kártyák száma",
  "showLast": "Legutóbbi megjelenítése:",
  "day": "Nap",
  "week": "Hét",
  "month": "Hónap",
  "threeMonths": "3 hónap",
  "markedToLearnDesc": "Azok az elmentett szavak és kifejezések, amelyek még mindig a gyakorlásra várók sorában szerepelnek.",
  "suggestions": "Javaslatok",
  "suggestionsDesc": "Miután begyakorolta a mentett elemeket, a PhrasePump új megtanulandó szavakat javasol számodra.",
  "suggestionsDesc_noMoreLeft": "Nincs több megjeleníthető javaslat.",
  "suggestionsDesc_noSuggestionsForLang": "Ehhez a nyelvhez nem támogatottak a javaslatok.",
  "inTheLastXDaysYouStartedToPracticeYItems": "Az utóbbi <text> napon <text> új 'Tanulásra megjelölt' szó és kifejezés gyakorlását kezdted meg.",
  "inTheLastXDaysYouStartedToPracticeYSuggestedWords": "Az utóbbi <text> napon <text> új javasolt szó gyakorlását kezdted meg.",
  "youArePracticingXItems": "<text> szó és kifejezés gyakorlását folytatod aktívan.",
  "inTheLastXDaysYouHaveLearntYItems": "Az utóbbi <text> napon <text> szót és kifejezést tanultál meg.",
  "inTheLastXDaysYouHavePracticedYItems": "Az utóbbi <text> napon <text> szót és kifejezést gyakoroltál.",
  "learntDescLearntXItems": "Olyan szavak és kifejezések, amelyekre valószínűleg legalább hat hétig emlékezni fogsz. <text> elemet tanultál meg.",
  "halflifeDays_GT": "Felezési idő (napokban)",
  "languageSelector": "Nyelvválasztó",
  "addLanguage": "Nyelv hozzáadása",
  "dueItems": "Esedékes elemek:",
  "chooseALanguage": "Válassz nyelvet",
  "showContext_GT": "Környezet mutatása",
  "add": "Hozzáadás",
  "forgot": "Elfelejtettem",
  "okay": "Tudom",
  "quizzes": "Kvízek",
  "suggestedWords": "Javasolt szavak",
  "practice": "Gyakorlás",
  "thisIsTheFirstTimeYouArePracticingThisItem": "Ezt az elemet most gyakorlod először.",
  "quiz": "Kvíz",
  "whatShouldGoInTheGap": "Mi illik az üres helyre?",
  "useTranslationForHelp": "Ha segítség kell, használd a fordítást.",
  "suggestedWord": "Javasolt szó",
  "wouldYouLikeToLearnThisWord": "Szeretnéd megtanulni ezt az új szót?",
  "listeningPractice": "Szöveghallgatási gyakorlat",
  "tryToUnderstandBeforeYouRevealTheText": "Mielőtt felfednéd a szöveget, próbáld meg megérteni.",
  "newItems": "Új elemek",
  "newWordsTooltip": "Az új elemek bemutatására maximálisan használható kártyák százaléka ('Tanulásra kijelölve' és 'Javaslatok'). Csökkentsd ezt az arányt, ha olyan elemekkel szeretnél gyakorolni, amelyeknek a megtanulása folyamatban van. Ha sok elem vár ellenőrzésre, a bemutatásra kerülő új tananyag mennyisége kevesebb lesz.",
  "sessionSize": "Szakasz mérete",
  "sessionSizeTooltip": "Kártyák száma a szakaszban.",
  "reveal": "Felfedés",
  "savePhrase": "Kifejezés mentése",
  "learningStage": "Tanulási fázis",
  "savingWords": "Szavak mentése",
  "oldSystem": "Régi rendszer:",
  "newSystem": "Új rendszer:",
  "greenKnownOrSuggestedWords": "fehér: Ismert és javasolt szavak",
  "orangeMarkedWords": "narancs: Tanulásra jelölt szavak",
  "dictStageTagsPickerDesc": "Itt jelölheted, hogy az adott szót ismered (zöld), a tanulása folyamatban van (narancs), vagy nem szeretnéd megtanulni (szürke). Ezenkívül címkéket is hozzáadhatsz, amelyek színes aláhúzásként fognak megjelenni.",
  "exportFromLanguageReactor": "Exportálás a Language Reactorból...",
  "viewAll": "Összes megtekintése",
  "wordViewNotSupported": "Ez a funkció ehhez a nyelvhez jelenleg nem támogatott.",
  "green": "zöld",
  "yellow": "sárga",
  "red": "piros",
  "blue": "kék",
  "lastSaved": "Legutóbb elmentve",
  "rank": "gyakoriság",
  "wordList": "szólista",
  "up1": "Korábban a szavakat egy színnel (piros, zöld, sárga, kék) jelölte meg. Ez a funkció továbbra is elérhető (most „címkéknek” nevezik), de a színek aláhúzással jelennek meg a szó alatt. Alapértelmezés szerint, ha jobb gombbal kattint egy szóra, már nem változtatja meg a címke színét, de ezt a beállításokban konfigurálhatja.",
  "up2": "Ebben a frissítésben a Language Reactor mostantól nyomon tudja követni, hogy mely szavakat ismeri, a nem ismert szavak esetében pedig azt javasolja, hogy meg kell-e tanulnia őket vagy sem. Ez lehetővé teszi a szoftver számára, hogy néhány hasznos dolgot végezzen. Körülbelül 40 nyelven működik.",
  "up3": "Azok a szavak, amelyeket ismer, vagy amelyekre figyelnie kell, FEHÉR színnel jelennek meg.",
  "up4": "A tanulásra megjelölt szavak NARANCS színnel jelennek meg.",
  "up5": "A ritka szavak, amelyeket most nem kell megtanulnod, SZÜRKE színűek.",
  "up6": "Ezeket a kategóriákat „tanulási szakaszoknak” nevezzük.",
  "up7": "A szótárban a beállítás ikonra kattintva gyorsan beállíthatja hozzávetőleges szókincsméretét. Nem kell minden szót külön-külön megjelölnie.",
  "up8": "Ha már sok szó van elmentve színekkel, akkor tömegesen megjelölheti őket egy tanulási szakaszban:",
  "up9": "Kattintson a „Mentett elemek” fülre.",
  "up10": "Kattintson a „Mentett szavak” elemre.",
  "up11": "Válassza ki a címke színét a legördülő listából.",
  "up12": "Kattintson az „összes kijelölése” jelölőnégyzetre.",
  "up13": "Válassza ki a „Tanulási szakaszt”, amelyet hozzá kíván rendelni ezekhez a szavakhoz.",
  "up14": "Ha ezt megtette, érdemes lehet letiltani a színes aláhúzásokat a címkéknél a beállítások lapon, hogy csökkentse a vizuális zajt filmnézés közben stb.",
  "up15": "Ha úgy tetszik, nem kell ezt a színező rendszert használnia. A beállításokban letilthatja a szavak színezését tanulási állapot szerint:",
  "clickToReadMore": "Kattintson a további olvasáshoz",
  "layout_GT": "Elrendezés",
  "videoSize_GT": "Videó mérete",
  "youAreLearning_GT": "Tanulási nyelv",
  "start_screen": "kezdőképernyő",
  "theTextSeemsToBeIn_lang_GT": "Úgy tűnik, ez a szöveg <text> nyelven van.",
  "changeSourceLanguageTo_lang_GT": "Váltás erre: <text>?",
  "clearAllHistoryConfirmation_GT": "Törli az összes <text> előzményt?",
  "chatHomescreenText_1_GT": "Csevegjen az AI-val, mert hát, kivel mással tudna ilyen jót dumálni?",
  "chatHomescreenText_2_GT": "De azért szórakoztatóvá tettük.",
  "chatPreprompt_label_GT": "Csevegési útmutató",
  "chatPreprompt_tooltip_GT": "Az AI-nak küldött utasítások minden beszélgetés előtt",
  "typeTheTextToTranslate_GT": "Írja be a lefordítandó szöveget",
  "showMiniDictionary_GT": "Mini szótár mutatása",
  "yourMessage_GT": "Az Ön üzenete",
  "other_GT": "Egyéb",
  "pressAndHoldToRecordVoice_GT": "Tartsa nyomva a felvételhez",
  "recording_GT": "Felvétel folyamatban...",
  "switchBetweenShortcutsAndInputMode_GT": "Gyorsbillentyűk/beviteli mód váltása",
  "pressTabToswitchBetweenShortcutsAndInputMode_GT": "Nyomja meg az [ESC] billentyűt a gyorsbillentyűk/beviteli mód váltásához",
  "preferredAudioSource_GT": "Preferált hangforrás",
  "originalAudioWhenAvailable_GT": "Eredeti hang (ha elérhető)",
  "computerAudioTTS_GT": "Szövegfelolvasás",
  "include_GT": "Hozzáadás",
  "noItemsForThisLanguage_GT": "Nincsenek elemek ezen a nyelven",
  "startReading_GT": "Olvasás kezdése",
  "numberOfPages_GT": "Oldalak száma",
  "nextDocument_GT": "Következő dokumentum",
  "prevDocument_GT": "Előző dokumentum",
  "noVerticalView_GT": "Nincs függőleges nézet",
  "playbackRate_GT": "Lejátszási sebesség",
  "numPages_GT": "<text> oldal",
  "chapters_GT": "Fejezetek",
  "book_GT": "Könyv",
  "audioTrack_GT": "Hanganyag",
  "simplifiedVersion_GT": "Egyszerűsített változat",
  "dubbedAudio_GT": "Szinkronizált hang",
  "dubbedAudioDesc_GT": "Ez a videó eredetileg más nyelven készült. Használjon beszédfelismerést a hanghoz illeszkedő feliratokért.",
  "rewindForward5s_GT": "5 mp előre",
  "rewindBack5s_GT": "Vissza 5 mp",
  "readTheForumPost_GT": "Fórumbejegyzés olvasása",
  "youtubeChannels_GT": "YouTube-csatornák",
  "channels_GT": "Csatornák",
  "thisFeatureIsUnderDevelopmentWillBeImprovedSoon_GT": "Ez a funkció fejlesztés alatt áll, és hamarosan továbbfejlesztjük.",
  "loadingAudio_GT": "Hangfájl betöltése...",
  "media_GT": "Médiatartalom",
  "useOurDesktopBrowserExtension_GT": "Használja az asztali böngésző bővítményünket e videók megtekintésekor további funkciókért.",
  "holdDictButtonToRecordVoice_GT": "Tartsa nyomva a szótár gombot a hangfelvételhez",
  "showDictRecord_GT": "Szótár / Felvétel",
  "text_GT": "Szöveg",
  "words_GT": "Szavak",
  "viewLessFrequentWordsLink_GT": "Ritkább szavak megtekintése a Megjelölt szavak oldalon",
  "newText_GT": "Új szöveg",
  "untitledText_GT": "Új szöveg",
  "title_GT": "Cím",
  "pleaseEnterSomeText_GT": "Írjon be szöveget a folytatáshoz",
  "saving_GT": "Mentés...",
  "theTextSeemsToBeIn_lang_whileYourLangIs_GT": "Úgy tűnik, a szöveg <text> nyelvű, míg az Ön jelenlegi tanulási nyelve <text>.",
  "hideSubtitle_GT": "Felirat elrejtése",
  "translationThenSubtitle_GT": "Fordítás, majd felirat",
  "subtitleThenTranslation_GT": "Felirat, majd fordítás",
  "vocabLevel_GT": "Szókincssszint",
  "selection_GT": "Kijelölés",
  "preview_GT": "Előnézet",
  "noTextWasSelected_GT": "Nincs kijelölt szöveg",
  "nViews_GT": "<text> megtekintés",
  "viewCount_GT": "Megtekintések",
  "date_GT": "Dátum",
  "areYouTheOwnerYoutube_GT": "Ön ennek a YouTube-csatornának a tulajdonosa?",
  "nVideos_GT": "<text> videó",
  "clearFilters_GT": "Szűrők törlése",
  "recommendedChannels_GT": "Ajánlott",
  "popularChannels_GT": "Népszerű",
  "allChannels_GT": "Összes csatorna",
  "channel_GT": "Csatorna",
  "lexaAiAssistantPrompts_placeholder_example_GT": "Magyarázat: Kérjük, magyarázza el a(z) <WORD> szó használatát ebben a mondatban: <CONTEXT>\nPéldák: Kérjük, adjon több példát a(z) <WORD> szó használatára, ahogy ebben a mondatban szerepel: <CONTEXT>",
  "updateHistory_GT": "Frissítési előzmények",
  "recentAppUpdates_GT": "Legújabb frissítések",
  "moreInfo_GT": "További információ",
  "continue_GT": "Folytatás",
  "podcasts_GT": "Podcastok",
  "allPodcasts_GT": "Összes podcast",
  "podcast_GT": "Podcast",
  "hidden_GT": "Rejtett",
  "lexaAiAssistant_GT": "Lexa MI Asszisztens",
  "lexaAiAssistantInfo_GT": "Lexa válaszolhat a tananyagban szereplő szavakkal és mondatokkal kapcsolatos kérdésekre.\n\nA kérdéseket (promptokat) a Language Reactor beállításaiban szerkesztheti.\n\nA profi mód egy intelligensebb modellt használ, amely jobb válaszokat adhat.",
  "lexaAiAssistantPrompts_GT": "Lexa MI asszisztens promptok",
  "lexaAiAssistantPrompts_tooltip_GT": "Szerkesztheti ezeket a kérdéseket, de tartsa be a következő formátumot:\n\n[Fül címe]: [Kérdés]\n[Fül címe]: [Kérdés]\nstb.\n\nA [Kérdés] tartalmazhatja a speciális <WORD> és <CONTEXT> helyőrzőket.\n\nBármilyen nyelven írhatja a kérdést. Amikor egy kérdést elküldünk Lexának, ez a szöveg kerül a kérdés elejére: Válaszoljon a kérdésekre egy [tanulási nyelv] nyelvet tanuló diáknak. Írja válaszát [fordítási nyelv] nyelven.",
  "hold_GT": "Tartsa nyomva",
  "invalidFormat_GT": "Érvénytelen formátum",
  "howToUseTouch_GT": "Érintésvezérlési útmutató",
  "removeThisMessageAndFollowingOnes_GT": "Törölje ezt és a következő üzeneteket",
  "install_GT": "Telepítés",
  "refresh_GT": "Frissítés",
  "lexaAiAssistantPrompts_tooltip_intro_GT": "A Lexa megjelenik a szótár felett, amikor rákattint egy szóra",
  "homepage_blurb": "🚀 Eszköztár az anyanyelvi tartalmak felfedezéséhez, megértéséhez és elsajátításához. ✨ Tapasztalja meg ezt a magával ragadó és hatékony tanulási módszert! 🔥",
  "homepage_formerly_lln": "Korábban Language Learning with Netflix néven ismert",
  "homepage_cardBodyNetflix": "A böngészőbővítmény nyelvleckékké alakítja kedvenc műsorait! 🍿 A Pro mód beszédfelismerést és gépi fordítást kínál a zökkenőmentes megértéshez. 🌍",
  "homepage_cardBodyYoutube": "Több ezer csatorna bármilyen témában, amit csak el tud képzelni! 🧠 Fejlessze nyelvértését valódi, környezetbe helyezett nyelvhasználattal. Fedezze fel gondosan válogatott gyűjteményünket! 🎧",
  "homepage_cardBodyFSI": "Tegye próbára magát bevált kormányzati képzési programokkal. Kövesse a strukturált beszédgyakorlatokat, amelyek valódi nyelvtudást építenek. 💪 Turbózza fel ezeket a klasszikus módszereket a Language Reactor modern eszközeivel.",
  "homepage_cardTitleWhatToLearn": "Mit tanuljunk",
  "homepage_cardBodyWhatToLearn": "Tanuljon okosabban, ne keményebben! 🏃‍♂️ A Language Reactor a legfontosabb szavakat ajánlja tanulási útján, hogy a lényegre összpontosíthasson.",
  "homepage_cardBodyPhrasePump": "A PhrasePump elsősorban hallásgyakorlat. 🎧 A kiválasztott mondatok megerősítik az ismétlésre váró elmentett szavakat, és új szókincset is bemutatnak. Kezdők és haladók számára egyaránt hasznos.",
  "homepage_cardBodyAria": "Ismerje meg Ariát: az Ön szellemes nyelvi partnerét. Egyszerre tanár és humorista, aki mindig készen áll egy okos válasszal. 💬 Azonnali javításokat kap, számtalan témát fedezhet fel, és saját tempójában építheti önbizalmát! 💡",
  "homepage_cardTitleProMode": "Pro mód - Választható!",
  "homepage_cardBodyProMode": "A Language Reactor már alapból is tele van remek ingyenes funkciókkal. A Pro verzió még egy kis varázslatot ad a felhasználói élményhez. ✨",
  "homepage_cardTitleBooksAndWebsites": "Könyvek és weboldalak",
  "homepage_cardBodyBooksAndWebsite": "Importáljon bármilyen weboldalt a Language Reactor alkalmazásba. Vagy töltse fel kedvenc könyveit! Hallgassa szövegfelolvasással. 🎯",
  "clickHereToUseKeyboardControls": "Kattintson ide a billentyűzet vezérlőinek használatához",
  "uiLanguage_GT": "Felhasználói felület nyelve",
  "videoFileIntro_GT": "Betölthet egy videófájlt és egy feliratfájlt (SRT), és a Language Reactor elkészíti Önnek a fordítást. Egyelőre ez a funkció csak a böngészője által támogatott videoformátumokkal működik, más formátumok esetén előfordulhat, hogy nem jelenik meg a kép.",
  "powerfulToolbox": "A Language Reactor egy hasznos eszközkészlet a nyelvtanuláshoz.",
  "discoverUnderstandLearn": "Segít anyanyelvi anyagok felkutatásában, megértésében és a belőlük való tanulásban.",
  "effectiveInterestingEnjoyable": "A tanulás eredményesebbé, érdekesebbé és élvezhetőbbé válik!",
  "extensionAddsNetflixFeatures": "A bővítmény kétnyelvű feliratokat, egy felugró szótárat, precíz videóvezérlő-eszközöket és még annyi más funkciót nyújt filmek és sorozatok nézéshez a Netflix webhelyén!",
  "thousandsOfChannels": "Több ezer csatorna bármely olyan témakör nézéséhez, amit csak el tud képzelni! Fejlessze a szövegértést kontextushoz illeszkedő, autentikus nyelvezettel.",
  "booksAndWebsites": "Könyvek és webhelyek",
  "importTextTranslationTTS": "Importáljon szöveget, és a Language Reactor gépi fordítást ad hozzá az Ön nyelvén, és a szöveget rendkívül valósághűen beszélve olvassa fel. (hamarosan)",
  "intelligentFeeding": "A nyelvi tartalmat automatikusan és intelligensen érzi. Csak válassza a nyelvi szintjét és élvezze a menetet.",
  "whatToLearn": "Mit tanuljon",
  "suggestVocab": "A Language Reactor javaslatot tud tenni, hogy milyen szókincsre fókuszáljon, mit hagyjon ki, hogy gyorsítani tudja az előrehaladását!",
  "highlightWhenAppear": "Mentse el a megtanulni kívánt szavakat, ezek mindig ki lesznek emelve, amikor megjelennek.",
  "homepage_sectionTitleLearn": "Tanuljon abból, amit szeret",
  "homepage_sectionSubtitleLearn": "A Language Reactor segít megtalálni az Ön szintjének és érdeklődésének megfelelő tartalmakat",
  "homepage_cardTitleYoutube": "YouTube és podcastok",
  "homepage_sectionTitleSuperpowers": "Nyelvi szuperképességek",
  "homepage_sectionSubtitleSuperpowers": "Tegye érthetővé bármely tartalmat",
  "homepage_cardTitleBilingualSubs": "Kétnyelvű feliratok",
  "homepage_cardBodyBilingualSubs": "Gyakorolja a beszédértést valódi társalgások segítségével, miközben mindkét nyelvet látja. Fedezze fel, hogyan kapcsolódnak össze a jelentések. 👂",
  "homepage_cardTitlePlayback": "Pontos lejátszásvezérlők",
  "homepage_cardBodyPlayback": "⚡ Szüneteltesse az időt. Szabályozza a lejátszás sebességét. 🎮 Navigáljon a videókban billentyűparancsokkal és kézmozdulatokkal. Automatikus szüneteltetés minden felirat után, ismétlés a továbblépésig. 🖱️",
  "homepage_cardTitleDictionary": "Szótár és Lexa AI",
  "homepage_cardBodyDictionary": "🔍 Kattintson bármelyik szóra az azonnali fordításért. Valódi példamondatok hanganyaggal. 🎧 Mesterséges intelligencia által készített magyarázatok a szavak használatáról. 🌱 Testreszabható további információk megjelenítésével!",
  "homepage_sectionSubtitleMaster": "Teljes szókincsfejlesztő készlet",
  "homepage_cardTitleSmartHighlighting": "Intelligens kiemelés",
  "homepage_cardBodySmartHighlighting": "Mentsen el egy szót egyszer, és mindenhol látni fogja—minden alakjában. A Language Reactor felismeri a többes számokat, igei ragozásokat és kapcsolódó szóalakokat. Természetes módon erősítheti meg tanulását minden tartalomban.",
  "homepage_cardTitleExportAnki": "Exportálás Ankiba",
  "homepage_cardBodyExportAnki": "Már használja az Ankit? 📤 Exportáljon látványos tanulókártyákat az Ankiba képernyőképekkel és hangfájlokkal.",
  "homepage_sectionTitlePractice": "Gyakorlat teszi a mestert",
  "homepage_sectionSubtitlePractice": "Fejlessze tudását a befogadástól az aktív használatig",
  "homepage_cardBodyPhoneTablet": "A Language Reactor mobilon és táblagépen is működik. Folyamatosan fejlesztjük a szolgáltatást.",
  "homepage_cardTitlePhoneTablet": "Telefon és táblagép",
  "homepage_sectionTitleMaster": "Sajátítson el minden szót és kifejezést",
  "homepage_cardTitleExtension": "Böngésző Kiterjesztés",
  "homepage_cardBodyExtension": "Asztali számítógépeken telepítse a böngésző bővítményt, hogy használhassa a Language Reactor funkcióit Netflix és YouTube videók megtekintése közben, valamint weboldalak importálásához!",
  "pleaseRefreshAfterChanges": "Kérjük, frissítsen a változtatások után:",
  "pdfsInThisCourseOnlyOnDesktop": "A tanfolyam PDF fájljait csak asztali számítógépen lehet megtekinteni.",
  "noAudioFiles": "Nincsenek hangfájlok",
  "proFeatures_intro": "Bontakoztassa ki nyelvtanulási útjának teljes lehetőségeit a Language Reactor Pro funkcióival! 🚀📚",
  "proFeatures_netflixTitle": "Beszédfelismerés és Gépi Fordítás (Netflix)",
  "proFeatures_netflixFree": "Használja a Netflix által biztosított feliratokat. 🍿",
  "proFeatures_netflixPro": "🎤 Élvezze a beszédfelismerést minden hangsávhoz. Pontos feliratok a szinkronizált hanganyaghoz kedvenc sorozataiban! 🎬 A gépi fordítások szó szerintiek, hogy jobban megértse az eredeti tartalmat. 🌍",
  "proFeatures_saveWordsTitle": "Szavak és kifejezések mentése",
  "proFeatures_saveWordsFree": "Mentsen el szavakat és kifejezéseket a PhrasePump funkció használata közben. 📝",
  "proFeatures_saveWordsPro": "Mentsen el szavakat és kifejezéseket az összes Language Reactor funkcióban. Személyre szabhatja tanulását érdeklődési köre és szókincshiányai alapján. A megjelölt szavak kiemelve jelennek meg minden Language Reactor funkcióban, és exportálhatók Ankiba! 📈✨",
  "proFeatures_lexaTitle": "Lexa AI Szótár",
  "proFeatures_lexaFree": "Kapjon magyarázatokat egy alapszintű nyelvi modellel. 🤖",
  "proFeatures_lexaPro": "Használja ki a fejlettebb mesterséges intelligencia modell előnyeit, amely szélesebb körű tudással rendelkezik, és hatékonyan válaszol összetettebb kérdésekre is! 🧠🌐",
  "proFeatures_supportTitle": "Támogassa a fejlesztőket",
  "proFeatures_supportDetails": "Az Ön támogatásával továbbra is fejleszthetjük a Language Reactort és új funkciókat hozhatunk létre! ❤️",
  "youCanSubscribeAgainAfterTheEndOfThisPeriod": "Az időszak végén újra előfizethet.",
  "tipHoldTheDictionaryButtonToRecordVoice": "Tipp: Tartsa nyomva a szótár gombot a hangfelvételhez",
  "sentenceOrTextSource": "Forrás",
  "homepage_cardTitleLanguageSupport": "🌍 Széles körű nyelvi támogatás",
  "homepage_cardBodyLanguageSupport": "Tanuljon 40+ nyelv tartalmaiból! 🔤 Lássa az átírást az eltérő írásrendszerű nyelveknél. 👀 Az egérmutató ráhúzásáig rejtve maradnak a feliratok – tökéletes a hallásértés fejlesztéséhez.",
  "additional15DiscountUntil5thJanuary2025": "További 15% kedvezmény 2025. január 5-ig. Használja a 'turtle' kuponkódot a fizetéskor. 🎅",
  "includeDubbedAudioNF": "Szinkronizált hang hozzáadása",
  "phrasepumpNeedsImprovementForLang": "A PhrasePump még fejlesztésre szorul ehhez a nyelvhez:",
  "addToHomeScreen": "Hozzáadás a kezdőképernyőhöz",
  "textToSpeechVoiceNotAvailableForThisLangError": "A szövegfelolvasó hang nem érhető el ehhez a nyelvhez. Próbáljon további nyelvi csomagokat telepíteni a rendszerére (ha elérhetők).",
  "textToSpeechInSafariNotGreatTryEdgeOrChrome": "A Safari böngészőben a szövegfelolvasás nem optimális. A jobb minőségű hangokért javasoljuk a Microsoft Edge vagy Chrome telepítését.",
  "dueForReview": "Ismétlésre vár",
  "signInWithGoogle": "Bejelentkezés Google-fiókkal",
  "allServersRunningNormally": "Minden kiszolgáló megfelelően működik.",
  "clearHistory": "Törlés",
  "copiedText": "Másolva:",
  "loadingText": "Szöveg betöltése...",
  "installChromeExtension": "Chrome bővítmény telepítése",
  "itemsRemoved": "Elemek eltávolítva",
  "removingItemsFailed": "Az elemek törlése sikertelen.",
  "itemsUpdated": "Elemek frissítve",
  "autopauseNotAvailableOnYoutube": "Az automatikus szüneteltetés YouTube-on nem elérhető.",
  "sideBySideLayout": "Egymás mellett",
  "overAndUnderLayout": "Egymás alatt",
  "youAlsoHaveItemsInOtherLanguages": "Más nyelveken is vannak mentett elemei. A megtekintésükhöz váltson nyelvet a beállításokban.",
  "otherLanguages": "Egyéb nyelvek",
  "paymentsAreCurrentlyNotSupportedInYourCountry": "A fizetések jelenleg nem támogatottak ebben a országban.",
  "titles_header": "Címek",
  "sources_header": "Források",
  "holdTheButtonToRecord": "Tartsa nyomva a gombot a felvételhez",
  "noOption": "Nincs találat",
  "learningResources": "Tananyagok",
  "deleteMyData": "Adataim törlése",
  "deleteMyData_confirmationMessage": "Ez visszavonhatatlanul törli az összes beállítását, mentett elemét, gyakorlási előzményét, mentett médiát és szöveget. Biztos benne?",
  "advancedActions": "Speciális műveletek",
  "successDone": "Sikeres!",
  "qKey": "Automatikus szünet be/ki",
  "rKey": "Aktuális felirat mentése",
  "copyKey": "Aktuális mondat másolása",
  "unknownRank": "Ismeretlen gyakoriság",
  "mostFrequentWord": "leggyakoribb szó",
  "studyStore_errorSavingCardStats": "Hiba történt a kártya statisztikák mentésekor.",
  "studyStore_errorSavingCardRating": "Nem sikerült menteni a kártya értékelését.",
  "studyStore_loginNoLongerValid": "A bejelentkezés érvénytelenné vált, kérjük töltse újra az oldalt.",
  "studyStore_tooltip_extraPracticeSentence": "Ez a mondat nem egy konkrét elmentett szó miatt jelenik meg. Ez további gyakorlás a hallás utáni szövegértés és nyelvtani tudás fejlesztésére.",
  "studyStore_tooltip_savedInYoutube": "YouTube-videóból mentve: ",
  "studyStore_tooltip_savedInNetflix": "Netflix-videóból mentve: ",
  "studyStore_extraPracticeIndicator": "[további gyakorlás]",
  "studyStore_errorLoadFlashcardMetadataFailed": "A szókártyák metaadatainak betöltése sikertelen.",
  "studyStore_errorLoadPracticeItemsFailed": "A gyakorlóanyagok betöltése sikertelen.",
  "studyStore_errorLoadAudioFailed": "A hangfájl betöltése sikertelen.",
  "studyStore_errorGettingAudio": "Hiba a hangfájl betöltésekor: ",
  "savedItemsStore_errorTooManyItems": "Túl sok elem van mentve",
  "savedItemsStore_errorSavingItem": "Nem sikerült menteni az elemet.",
  "savedItemsStore_errorUpdatingItemsFailed": "Az elemek frissítése sikertelen.",
  "savedItemsStore_errorFailedToRemoveItem": "Nem sikerült törölni az elemet.",
  "savedItemsStore_devError_itemNotFoundForSetStudied": "A mentett elem nem létezik: ",
  "mediaStore_errorFailedToGetPlaylistInfo": "Nem sikerült betölteni a lejátszási lista adatait.",
  "mediaStore_errorFailedToGetDocumentInfo": "Nem sikerült betölteni a dokumentum adatait.",
  "mediaStore_errorDocNotFoundInPlaylist": "A dokumentum nem található a lejátszási listában.",
  "userDataStore_errorFailedToSaveUserData": "Nem sikerült frissíteni a mentett beállításokat.",
  "userDataStore_errorUpdatingSavedItemKeys": "Nem sikerült betölteni a mentett elemek azonosítóit.",
  "chatStore_errorNannyRefusedMessage": "A csevegőszolgáltatás nem tudta feldolgozni az üzenetét, kérjük, fogalmazza át.",
  "chatStore_errorQuotaExceededPro": "A csevegési keret kimerült, kérjük próbálja újra holnap.",
  "chatStore_errorAsrFailed": "Nem sikerült feldolgozni az üzenetet, kérjük próbálja újra.",
  "chatStore_errorGettingChatMessages": "Hiba történt a csevegőüzenetek lekérése során.",
  "chatStore_errorQuotaExceededMachine": "Elérte a csevegési keretét. Kérjük, ellenőrizze előfizetését vagy próbálja újra később.",
  "chatStore_errorQueueFull": "Elnézést, a szervereink jelenleg teljes kapacitáson működnek, dolgozunk a megoldáson.",
  "chatStore_infoProUsersPriorityAccess": "A prémium felhasználók elsőbbséget élveznek.",
  "chatStore_errorLoadingConversationLangMismatch": "Hiba a beszélgetés betöltésekor: A nyelvi beállítások nem egyeznek.",
  "chatStore_placeholderEnterWordsHere": "[írja be a szavakat ide]",
  "notifications_prefixNetworkError": "Hálózati hiba, kérjük ellenőrizze a WiFi kapcsolatot. ",
  "notifications_prefixNotFound": "Hiba: Nem található. ",
  "notifications_prefixBadRequest": "Programhiba, kérjük próbálja újra később. ",
  "notifications_prefixTokenError": "Bejelentkezési hiba, kérjük, jelentkezzen be újra. ",
  "notifications_prefixServerError": "Szerverhiba, kérjük próbálja újra később. ",
  "notifications_prefixNotProUser": "A Pro funkciók már nem érhetők el. ",
  "notifications_prefixRateLimitExceeded": "Túl sok kérés. Próbálja később. ",
  "mediaDocPodcast_errorTimeoutDownloadingAudio": "Időtúllépés a hangfájl letöltése közben.",
  "media_errorLoadingMediaTranslations": "Hiba a médiatartalom fordításainak betöltésekor.",
  "media_errorAsrQuotaExceeded": "Ön elérte a napi hangfeldolgozási korlátot. Kérjük, próbálja újra holnap.",
  "media_errorAsrQueueFull": "A hangfeldolgozó szerver túlterhelt. Kérjük, próbálja újra később.",
  "media_errorLoadingAsr": "Hiba a beszédfelismerés betöltésekor.",
  "media_errorAsrTooLong": "A beszédfelismerés feldolgozása túl sokáig tart. Kérjük, próbálja újra később.",
  "media_errorLoadingNlpData": "Hiba a nyelvi feldolgozási adatok betöltésekor.",
  "mediaDocText_errorFetchingPageTranslations": "Hiba az oldal fordításainak betöltésekor.",
  "mediaDocText_errorFetchingTextInfo": "Hiba a szöveg információinak lekérése során.",
  "mediaDocText_errorFetchingPageNlp": "Hiba a nyelvi feldolgozási oldal betöltésekor.",
  "mediaDocText_errorFetchingPageTts": "Hiba az oldal hangosításának betöltésekor.",
  "media_errorLoadingMediaMetadata": "Hiba a média metaadatainak betöltésekor.",
  "media_errorFetchingSubtitlesForVideo": "Nem sikerült betölteni a videó feliratait.",
  "media_errorAsrNotAvailableForVideo": "Sajnáljuk, ehhez a videóhoz nem érhető el a beszédfelismerés.",
  "media_errorFetchingVideoTranslations": "Hiba a videofordítások betöltésekor."
}