{
  "langCode": "id",
  "appNameTr": "Reaktor Bahasa",
  "appName": "Reaktor Bahasa",
  "appDesc": "Pelajari bahasa secara efektif dengan menonton film dan serial dalam bahasa yang Anda pelajari.",
  "catalogue": "Katalog",
  "catalogue_tooltip": "Temukan film dan serial yang cocok untuk digunakan dengan Language Reactor.",
  "help": "Bantuan",
  "help_tooltip": "Panduan penggunaan dan tips",
  "feedback": "Berikan Umpan Balik",
  "feedback_tooltip": "Laporkan masalah atau usulkan fitur",
  "facebook": "Facebook",
  "facebook_tooltip": "Ikuti kami untuk pembaruan",
  "originalLanguage_label": "Bahasa asli:",
  "originalLanguage_tooltip": "Bahasa asli dari film Netflix ini.",
  "noDictionary_error": "Dukungan kamus untuk <text> akan segera hadir",
  "subtitleLanguage_label": "Bahasa subtitle Netflix",
  "subtitleLanguage_tooltip": "Saat ini bahasa subtitle Netflix yang dipilih",
  "subtitlesNotLoaded_error": "Tidak ada subtitle yang dimuat. Pilih bahasa subtitle di pengaturan pemutaran Netflix.",
  "subtitlesNoMatchAudio_error": "Subtitel Netflix yang dipilih (<text>) tidak cocok dengan audio. Ganti ke subtitel dalam bahasa asli judul (<text>) di kontrol pemutaran Netflix, atau cari judul yang disarankan untuk bahasa target Anda di katalog Language Reactor.",
  "subtitlesNoMatchAudio_ASR_error_GT": "Subtitel <text> tidak cocok dengan audio. Beralihlah ke subtitel dalam bahasa asli (<text>) di pengaturan pemutaran Netflix, atau cari judul yang disarankan untuk bahasa target Anda di katalog Language Reactor. Sebagai alternatif, gunakan jalur pengenalan suara (ASR).",
  "audioNoMatchSubtitles_error": "Peluang besar bahwa trek audio Netflix yang dipilih (<text>) tidak cocok dengan subtitle. Silakan ubah ke bahasa asli dari judul tersebut (<text>) di kontrol pemutaran Netflix, atau cari judul yang disarankan untuk bahasa yang Anda pelajari di katalog Language Reactor.",
  "audioLanguage_label": "Bahasa audio Netflix",
  "audioLanguage_tooltip": "Saat ini bahasa trek audio Netflix yang dipilih",
  "pleaseSelectSubtitles": "- Pilih subtitle di kontrol Netflix -",
  "pleaseSelectSubtitlesYoutube": "- Pilih subtitle di kontrol Youtube -",
  "loadingSubtitles": "- Memuat subtitle, harap tunggu... -",
  "loadingTranslations": "Memuat terjemahan...",
  "firstSubtitleNotReached": "- Subtitle pertama belum dimulai. -",
  "errorApology_OLD": "Language Reactor telah mendeteksi bahwa terjadi kesalahan. Para pengembang telah diberitahu. Cobalah untuk memuat ulang halaman, atau coba lagi dalam 24 jam. Maaf atas ketidaknyamanan ini. Periksa halaman Facebook kami untuk pembaruan. Pesan kesalahan: <text>",
  "openClose_tooltip": "Buka/tutup Language Reactor.",
  "vocabHighlight_label": "Penyorotan kosakata",
  "levelWithNumber": "Tingkat <text>: <text> kata",
  "levelDisable": "Tingkat <text>: nonaktifkan",
  "translationLanguage_label": "Bahasa terjemahan",
  "translationLanguage_tooltip": "Bahasa untuk terjemahan - atur ke bahasa ibu Anda",
  "showMachineTranslation_label": "Tampilkan terjemahan mesin",
  "showMachineTranslation_tooltip": "Tampilkan terjemahan otomatis dari subtitel sumber dalam bahasa Anda.",
  "showHumanTranslation_label": "Tampilkan terjemahan manusia",
  "showHumanTranslation_tooltip": "Tampilkan terjemahan profesional jika tersedia.",
  "slowSpeechSegments": "Perlambat segmen suara",
  "slowSpeechSegments_tooltip": "Perlambat pemutaran video ke kecepatan 0,8x saat subtitle aktif untuk pemahaman yang lebih baik.",
  "keyboardShortcuts": "Pintasan keyboard:",
  "previous": "Sebelumnya",
  "next": "Lanjutkan",
  "previousSub": "Subtitel sebelumnya",
  "nextSub": "Subjudul berikutnya",
  "play": "Putar",
  "playPause": "Putar / Jeda",
  "repeat": "Ulangi",
  "infiniteRepeat": "Pengulangan tak terbatas",
  "alsoUseASD": "Tombol alternatif: A, S, D, Spasi",
  "autoPause": "Jeda otomatis",
  "autoPause_tooltip": "Secara otomatis menjeda pemutaran di akhir setiap subtitle.",
  "none": "Tidak ada",
  "nms_tip": "Sedang belajar bahasa? Coba ekstensi studi Netflix kami.",
  "welcomeModal_line1_string": "Selamat datang di Language Reactor yang baru",
  "welcomeModal_line2_string": "Kami telah menambahkan beberapa perbaikan:",
  "welcomeModal_line3_string": "Subtitel sekarang muncul di atas video.",
  "welcomeModal_line4_string": "Panel samping baru menampilkan semua subtitle.",
  "welcomeModal_line5_string": "Dukungan bahasa Asia yang lebih baik.",
  "proFeatures_line1_string": "Mode \"Pro\" mencakup:",
  "proFeatures_line2_string": "Terjemahan mesin",
  "proFeatures_tt2_string": "Terjemahan yang lebih akurat yang lebih baik menangkap makna asli.",
  "proFeatures_line3_string": "Simpan kata dan frasa",
  "proFeatures_tt3_string": "Lacak kemajuan kosakata Anda dengan penyorotan otomatis. Ekspor ke kartu flash Anki.",
  "proFeatures_line4_string": "Teks untuk konten yang diliput",
  "proFeatures_tt4_string_GT": "Banyak serial di Netflix memiliki trek audio tambahan dalam bahasa lain (audio dubbing), tetapi Netflix tidak memiliki subtitle yang tepat untuk trek audio ini. Language Reactor dapat membuat subtitle dari audio, sehingga Anda dapat belajar, misalnya, bahasa Jerman dengan Breaking Bad.",
  "proFeatures_line5_string": "Dukung para pengembang",
  "proFeatures_tt5_string": "Kami bekerja keras untuk meningkatkan ekstensi dan menghadirkan fitur-fitur baru kepada Anda.",
  "price_string": "Harga per bulan adalah:",
  "welcomeModal_line6_string": "Terjemahan mesin dulunya gratis, tetapi ini adalah layanan yang mahal untuk disediakan. Kami harap Anda mengerti.",
  "useForFree_line_string": "Anda dapat menggunakan fitur-fitur ini secara gratis selama satu minggu.",
  "useForFree_twoWeeks_line_string": "Anda dapat menggunakan fitur ini secara gratis selama dua minggu.",
  "useProForFreeTwoWeeks_string": "Anda dapat menggunakan fitur Pro secara gratis selama dua minggu.",
  "notNow_btn_string": "Tidak sekarang",
  "continueWithGoogle_btn_string": "Lanjutkan dengan Google",
  "trialBegunModal_body_string": "Fitur Pro telah diaktifkan.",
  "ok_btn_string": "OK",
  "prePaymentModal_line1_string": "Langganan untuk terus menggunakan fitur \"Pro\".",
  "choosePaymentProvider_line_string": "Pilih metode pembayaran:",
  "payWithGoogle_btn_string": "Bayar dengan kartu kredit",
  "payWithPaddle_btn_string": "Bayar dengan kartu kredit atau PayPal.",
  "christmasSale_GT": "Diskon 20% hingga 1 Januari",
  "youPayEveryMonth_GT": "Pembayaran bulanan:",
  "or_GT": "atau",
  "youPayEvery3Months_GT": "Pembayaran triwulanan:",
  "youPayEveryYear_GT": "Pembayaran tahunan:",
  "oneMonth_GT": "1 bulan",
  "threeMonths_GT": "3 bulan",
  "oneYear_GT": "1 tahun",
  "subscriptionLabel_GT": "Langganan. Anda dapat membatalkan setelah pembayaran jika Anda tidak ingin perpanjangan otomatis.",
  "choose_GT": "Pilih",
  "paymentSuccessful_line1_string": "Pembayaran selesai. Terima kasih atas dukungan Anda.",
  "paymentSuccessful_line2_string": "Anda dapat membatalkan langganan Anda kapan saja di pengaturan.",
  "paymentSuccessfulPaddleMessage_line_string": "Catatan: Jika pembayaran Anda perlu diperiksa secara manual, harap tunggu beberapa jam. Mode 'Pro' akan diaktifkan secara otomatis.",
  "cancelGoogle_line_string": "Catatan: mode ‘Pro’ akan tetap aktif selama 30 hari setelah pembayaran terakhir Anda.",
  "cancelSubscription_btn_string": "Batalkan Langganan",
  "problemWithPayment_line1_string": "Masalah pembayaran terdeteksi",
  "problemWithPayment_line2_string": "Muat ulang setelah memperbarui informasi pembayaran Anda.",
  "updatePayment_btn_string": "Perbarui Informasi Pembayaran",
  "alreadyUserPleaseSignIn": "Sudah memiliki akun? Masuk",
  "pleaseSignIn": "Masuk untuk melanjutkan",
  "pleaseSignInOrRegister": "Masuk atau buat akun untuk fitur tambahan.",
  "noCreditCardInfoNoChargeAfterTrial": "Tidak diperlukan informasi kartu kredit. Kami tidak akan membebankan biaya setelah masa percobaan, kecuali Anda memilih untuk berlangganan.",
  "signIn": "Masuk",
  "signOut": "Keluar",
  "options": "Pengaturan",
  "mode": "Mode:",
  "manageSubscription": "Kelola Langganan",
  "mode_free": "Gratis",
  "mode_basic": "Mode Dasar",
  "mode_pro": "Pro",
  "signInStatus": "Status masuk:",
  "signedIn": "Masuk",
  "notSignedIn": "Belum masuk",
  "fix": "Perbaiki",
  "featureComingSoon": "Segera hadir",
  "showTransliterations": "Tampilkan transliterasi",
  "noTransliterations": "Tidak ada transliterasi",
  "romaji": "Asli + Romaji",
  "hiragana": "Asli + Hiragana",
  "romajiOnly": "Hanya Romaji",
  "hiraganaOnly": "Hiragana saja",
  "withOriginalForm": "Dengan bentuk asli",
  "transliterationsOnly": "Hanya transliterasi",
  "hideTransliterationsForKnownWords_GT": "Sembunyikan transliterasi untuk kata-kata yang sudah dikenal",
  "playbackSpeed": "Kecepatan pemutaran",
  "normal": "Normal",
  "notAvailable": "Tidak tersedia.",
  "noHTAvailable": "Tidak ada terjemahan manusia yang tersedia untuk bahasa yang dipilih.",
  "noMTAvailable": "Terjemahan mesin hanya berfungsi dengan subtitle asli film.",
  "proFeature": "Fitur Premium",
  "saveCurrentSubtitle": "Simpan subtitle saat ini",
  "toggleAutoPause": "Alihkan jeda otomatis",
  "exportToAnki": "Ekspor ke Anki",
  "pleaseSelectItemsToExport": "Pilih item yang akan diekspor:",
  "allItems": "Semua Item",
  "download": "Unduh",
  "subtitles": "Teks Terjemahan",
  "words": "Kata-kata",
  "savedItems_short": "Disimpan",
  "savedItems": "Item yang Disimpan",
  "saved": "Disimpan",
  "allLanguages": "Semua bahasa",
  "allTypes": "Semua jenis",
  "yellowWords": "Kata kuning",
  "blueWords": "Kata-kata biru",
  "greenWords": "Kata-kata hijau",
  "purpleWords": "Kata ungu",
  "redWords": "Kata-kata merah",
  "phrases": "Frasa",
  "noSavedItems": "Tidak ada item yang disimpan.",
  "clickAStar": "Simpan subtitle dengan ikon bintang, simpan kata dengan tombol berwarna di kamus.",
  "loadingDotDotDot": "Memuat...",
  "showMore": "Tampilkan lebih banyak",
  "openCloseBottomPanel": "Buka/tutup panel bawah",
  "openCloseVerticalView": "Buka/tutup tampilan vertikal",
  "close": "Tutup",
  "autoPaused": "DIPAUZE OTOMATIS",
  "pressSpaceToContinue": "(Tekan SPASI untuk melanjutkan)",
  "saveWordTooltip": "Simpan kata (juga tersedia melalui klik kanan)",
  "subscriptionToProFeatures": "Langganan fitur \"Pro\".",
  "tryForFree": "Coba gratis",
  "noCreditCardRequired": "Tidak perlu kartu kredit.",
  "noCharge": "Kami tidak akan mengenakan biaya otomatis atau memperbarui langganan Anda secara otomatis setelah masa percobaan.",
  "subscriptionActive": "Langganan Anda aktif.",
  "speedUpPlayback": "Percepat",
  "slowDownPlayback": "Perlambat pemutaran",
  "highlightSavedWords_label": "Sorot kata yang disimpan",
  "onRightClick_label": "Aksi klik kanan",
  "onLongPress_label_GT": "Tindakan tekan lama",
  "suggestedToKnownWordsRatio_label_GT": "Rasio antara kata yang disarankan dan yang dikenal",
  "showVV_label": "Tampilkan daftar tampilan subtitle",
  "showSubsBelowVideo_label": "Tampilkan subtitle di bawah video",
  "otherPossibleTranslations": "Terjemahan lain",
  "doNothing_option": "Tidak melakukan apa-apa",
  "showDict_option": "Tampilkan kamus",
  "showDictSpeak_option": "Tampilkan kamus dan ucapkan kata",
  "speakWord_option": "Ucapkan kata",
  "saveWord_option": "Simpan kata",
  "removeAllItems": "Hapus semua item",
  "areYouSure": "Apakah Anda yakin?",
  "hideTranslation": "Sembunyikan terjemahan",
  "hideTranslation_tt": "Sembunyikan terjemahan selama pemutaran. Klik teks atau tekan [e] untuk menampilkan terjemahan.",
  "littlePracticeEveryDay": "Latihan rutin adalah kunci untuk belajar bahasa.",
  "enableLln": "Aktifkan Language Reactor",
  "doYouLikeOurExtension": "Bagaimana pendapat Anda tentang Language Reactor?",
  "reportBug": "Laporkan masalah",
  "translationNotFound": "Tidak ada terjemahan yang tersedia.",
  "usageExamples": "Contoh",
  "userDefinedExternalDict_label": "URL kamus kustom",
  "turnOnOff": "Nyalakan/matikan",
  "fontSize_label": "Ukuran font",
  "extraSmall": "Sangat kecil",
  "small": "Kecil",
  "large": "Besar",
  "extraLarge": "Sangat besar",
  "removeSubtitle": "Hapus",
  "settings": "Pengaturan",
  "subtitleLanguage_label_yt": "Bahasa subtitle YouTube",
  "subtitleLanguage_tooltip_yt": "Ini adalah bahasa dari subtitle YouTube yang dipilih.",
  "subtitlesNotLoaded_error_yt": "Subtitel YouTube tidak dimuat. Periksa apakah bahasa subtitel telah dipilih di menu pemutaran YouTube.",
  "exportAsJson": "Ekspor sebagai JSON",
  "exportAsCsv": "Ekspor sebagai CSV",
  "exportAsExcel": "Ekspor sebagai Excel",
  "overrideArrowKeys_label": "Gunakan tombol panah untuk navigasi subtitle",
  "overrideArrowKeys_tt": "Tombol panah akan berfungsi sama seperti tombol A, S, D",
  "changelist": "Perubahan terbaru",
  "print": "Cetak",
  "export": "Ekspor",
  "appDescYoutube": "Belajar bahasa secara alami dengan menonton video dalam bahasa yang Anda tuju.",
  "externalDictsMessage": "Akses kamus eksternal terakhir yang Anda gunakan dengan menahan Shift saat mengklik sebuah kata.",
  "userDefinedExternalDict_tooltip": "Tambahkan URL kamus kustom yang akan muncul di kamus bersama dengan tombol kamus eksternal lainnya (diberi label U1, U2...). Sertakan 'WORD' dalam huruf kapital - itu akan diganti dengan kata yang Anda cari. Tambahkan setiap URL pada baris baru.",
  "pleaseLeaveReviewMessage": "Apakah Anda suka Language Reactor? Silakan bantu kami dengan meninggalkan ulasan di Chrome Web Store.",
  "writeReview": "Tulis ulasan",
  "saveSubtitle": "Simpan",
  "translate": "Terjemahkan",
  "selectLang": "Pilih bahasa",
  "searchVidsWithSubs": "Cari video dengan subtitle (CC)",
  "searchSettings": "Pengaturan pencarian",
  "sourceLang": "Bahasa sumber:",
  "chatWithOtherUsers": "Berbincang dengan pengguna Language Reactor lainnya",
  "forum": "Forum",
  "tip": "Tip:",
  "considerChangingYoutubeLanguage": "Ubah pengaturan bahasa YouTube Anda untuk hasil pencarian yang lebih baik.",
  "seeHow": "Pelajari cara",
  "helloPleaseSelectYourNativeLanguage": "Silakan pilih bahasa ibu Anda:",
  "yourNativeLanguage_GT": "Bahasa ibu Anda:",
  "autoHideYoutubePlaybackBarRecommended": "Sembunyikan secara otomatis bilah pemutaran YouTube (disarankan)",
  "dontChangeTheInterface": "Jangan ubah antarmuka",
  "hidePlaybackBar": "Sembunyikan bilah pemutar",
  "font": "Font",
  "defaultRecommended": "Default (direkomendasikan)",
  "subtitlesHidden": "Teks Sandi (tersembunyi)",
  "noSubsForThisVideo": "Tidak ada subtitle untuk video ini.",
  "forceOriginalTracks": "Paksa trek asli",
  "forceOriginalTracks_desc": "Jika diaktifkan, opsi ini akan mengalihkan video ke audio dan subtitle dalam bahasa asli ketika ekstensi diaktifkan.",
  "hideSubtitles": "Sembunyikan subtitle",
  "disabled": "Dinonaktifkan",
  "hideTranslations": "Sembunyikan terjemahan",
  "hideBoth": "Sembunyikan keduanya",
  "showSubtitleControls": "Tampilkan kontrol subtitle",
  "moveToggleControls": "Pindahkan/aktifkan kontrol",
  "netflixTestsMessage": "Untuk memastikan Language Reactor berfungsi dengan baik, matikan partisipasi dalam pengujian Netflix:",
  "disableTesting": "Matikan pengujian",
  "nextBillingDate": "Tanggal penagihan berikutnya",
  "youCanUseProForXXDays": "Anda dapat menggunakan fitur Pro selama <text> hari lagi.",
  "youCanUseFreeForXXDays": "Fitur gratis tersedia selama <text> hari.",
  "subtitlesCouldNotBeLoaded": "Tidak dapat memuat subtitle.",
  "adIsPlaying": "Iklan sedang diputar.",
  "yourSubscriptionHasExpired": "Langganan Anda telah berakhir.",
  "youHaveCanceledYourSubscription": "Langganan Anda telah dibatalkan.",
  "nowYouCanStudyWithYoutubeToo": "Sekarang Anda juga dapat belajar bahasa dengan video YouTube!",
  "machineTranslations": "Terjemahan mesin",
  "humanTranslations": "Terjemahan manusia",
  "belowAreWordsFromTheCurrentVideo_GT": "Kata-kata dari video ini, diurutkan berdasarkan frekuensi",
  "rightClickWordToSaveIt_GT": "Klik kanan untuk menandai sebuah kata",
  "leftClickToOpenDict": "Klik kiri untuk membuka kamus dan contoh.",
  "selectVocabLevelToMarkPurple": "Atur tingkat kosakata Anda di pengaturan untuk menandai kata-kata yang kurang umum dengan warna ungu.",
  "aboveCurrentLevel": "Di atas level saat ini",
  "unsavedWords": "Kata yang belum disimpan",
  "levelX": "Tingkat <text>",
  "tips": "Tips",
  "emptyTemplate": "",
  "thisExportHasMultipleParts": "Ekspor ini terdiri dari beberapa bagian.",
  "downloadPartXX": "Unduh bagian <text>",
  "thisItemWasSavedInAnotherVideo": "Disimpan dari video lain.",
  "cancel": "Batal",
  "openVideo": "Buka video",
  "format": "Format",
  "printHtml": "Cetak (HTML)",
  "mustReadHowToImportToAnki": "Baca penting: Cara mengimpor ke Anki.",
  "infoAboutCsvExport": "Tentang ekspor CSV",
  "jsonDataSchema": "Skema data JSON",
  "language": "Bahasa",
  "itemType": "Tipe item",
  "includeTimestamps": "Sertakan cap waktu",
  "youCanChangeTranslitsOptionsInSettings": "Anda dapat menyesuaikan transliterasi di pengaturan.",
  "preferredTranslations": "Terjemahan yang dipilih",
  "onlyNewItemsSinceLastExport": "Hanya item baru sejak ekspor terakhir",
  "includeMedia": "Sertakan media",
  "langName_is": "Islândia",
  "langName_ga": "Irlandia",
  "langName_az": "Azerbaijan",
  "langName_af": "Afrikaans",
  "langName_am": "Amharik",
  "langName_ar": "Bahasa Arab",
  "langName_sq": "Albania",
  "langName_hy": "Armenia",
  "langName_it": "Italia",
  "langName_yi": "Yidis",
  "langName_ig": "Igbo",
  "langName_id": "Bahasa Indonesia",
  "langName_ug": "Uighur",
  "langName_cy": "Welsh",
  "langName_uk": "Ukraina",
  "langName_uz": "Uzbek",
  "langName_ur": "Urdu",
  "langName_et": "Estonia",
  "langName_eo": "Esperanto",
  "langName_or": "Odia",
  "langName_nl": "Belanda",
  "langName_kk": "Kazakh",
  "langName_ca": "Katalan",
  "langName_gl": "Galicia",
  "langName_kn": "Kannada",
  "langName_rw": "Kinyarwanda",
  "langName_el": "Yunani",
  "langName_ky": "Kirgiz",
  "langName_gu": "Gujarati",
  "langName_km": "Khmer",
  "langName_ku": "Kurdish",
  "langName_hr": "Kroasia",
  "langName_xh": "Xhosa",
  "langName_co": "Korsika",
  "langName_sm": "Samoa",
  "langName_jv": "Jawa",
  "langName_ka": "Georgian",
  "langName_sn": "Shona",
  "langName_sd": "Sindhi",
  "langName_si": "Singhalese",
  "langName_sv": "Swedia",
  "langName_zu": "Zulu",
  "langName_gd": "Gaelik Skotlandia",
  "langName_es": "Spanyol",
  "langName_sk": "Slovakia",
  "langName_sl": "Slovenia",
  "langName_sw": "Swahili",
  "langName_su": "Sunda",
  "langName_ceb": "Cebuano",
  "langName_sr": "Serbia",
  "langName_so": "Somali",
  "langName_th": "Thai",
  "langName_tg": "Tajik",
  "langName_tt": "Tatar",
  "langName_ta": "Tamil",
  "langName_cs": "Ceko",
  "langName_te": "Telugu",
  "langName_da": "Denmark",
  "langName_de": "Jerman",
  "langName_tk": "Turkmen",
  "langName_tr": "Turki",
  "langName_ny": "Nyanja",
  "langName_ne": "Nepali",
  "langName_no": "Norwegia",
  "langName_ht": "Kreol Haiti",
  "langName_ha": "Hausa",
  "langName_ps": "Pashto",
  "langName_eu": "Basque",
  "langName_haw": "Hawaiian",
  "langName_hu": "Hungaria",
  "langName_pa": "Punjabi",
  "langName_hi": "Hindi",
  "langName_tl": "Filipino",
  "langName_fi": "Bahasa Finlandia",
  "langName_hmn": "Hmong",
  "langName_fr": "Prancis",
  "langName_bg": "Bulgaria",
  "langName_vi": "Vietnam",
  "langName_iw": "Ibrani",
  "langName_be": "Belarusia",
  "langName_fa": "Persia",
  "langName_bn": "Bengali",
  "langName_pl": "Polandia",
  "langName_bs": "Bosnia",
  "langName_pt": "Portugis",
  "langName_mi": "Maori",
  "langName_mk": "Makedonia",
  "langName_mg": "Malgache",
  "langName_mr": "Marathi",
  "langName_ml": "Malayalam",
  "langName_mt": "Maltese",
  "langName_ms": "Bahasa Melayu",
  "langName_my": "Burmese",
  "langName_mn": "Mongolia",
  "langName_yo": "Yoruba",
  "langName_lo": "Lao",
  "langName_la": "Latin",
  "langName_lv": "Latvia",
  "langName_lt": "Lituania",
  "langName_ro": "Rumania",
  "langName_lb": "Bahasa Luksemburg",
  "langName_ru": "Rusia",
  "langName_en": "Bahasa Inggris",
  "langName_ko": "Korea",
  "langName_fy": "Frisian Barat",
  "langName_zh-CN": "Bahasa Mandarin (Sederhana)",
  "langName_zh-TW": "Bahasa Tionghoa (Tradisional)",
  "langName_st": "Sotho Selatan",
  "langName_ja": "Jepang",
  "netflixCatalogue": "Katalog Netflix",
  "notAllTitlesAllCountries": "Karena tidak semua judul tersedia di semua negara, Anda harus memilih negara tempat Netflix mendeteksi Anda berada.",
  "catalogueByOriginalLanguage": "Katalog mencantumkan judul berdasarkan bahasa aslinya. Ini memungkinkan Anda untuk menemukan film Prancis untuk belajar bahasa Prancis, dan film Jerman untuk belajar bahasa Jerman, dll.",
  "goodSubtitlesForOriginal": "Netflix memiliki subtitle yang baik untuk bahasa asli dari sebuah judul, yang sesuai dengan trek audio.",
  "oftenDontMatch": "Subtitel sering kali tidak cocok dengan audio untuk versi audio yang disulih suara.",
  "yourCountry": "Negara Anda",
  "allCountries": "Semua Negara",
  "numberFound_colon": "Ditemukan:",
  "genre_colon": "Genre:",
  "released_colon": "Dirilis:",
  "runtime_colon": "Waktu Eksekusi:",
  "drama": "Drama",
  "action": "Aksi",
  "crime": "Kejahatan",
  "thriller": "Thriller",
  "adventure": "Petualangan",
  "scifi": "Fiksi Ilmiah",
  "romance": "Romansa",
  "fantasy": "Fantasi",
  "mystery": "Misteri",
  "war": "Perang",
  "biography": "Biografi",
  "history": "Sejarah",
  "clearHistory_GT": "Hapus riwayat",
  "comedy": "Komedi",
  "horror": "Horor",
  "sport": "Olahraga",
  "music": "Musik",
  "animation": "Animasi",
  "musical": "Musikal",
  "noMoviesFoundForThisSearch": "Tidak ada judul yang cocok ditemukan.",
  "youtubeCatalogue": "Katalog YouTube",
  "installExtensionForEnhancedFeatures": "Tips: Pasang ekstensi untuk mendapatkan fitur lebih saat menonton Netflix dan YouTube.",
  "weCreatedYTCatalogue": "Kami telah membuat katalog ini untuk membantu Anda menemukan saluran yang baik untuk belajar bahasa.",
  "errorLoadingData": "Tidak dapat memuat data.",
  "search": "Cari",
  "subscribers_colon": "Pelanggan:",
  "withSubtitles_colon": "Dengan Teks: ",
  "score_colon": "Skor:",
  "installExtensionForBetterExperience": "Tambahkan ekstensi browser kami untuk pengalaman yang lebih baik.",
  "translationSameAsSource_text_text": "Bahasa terjemahan (<text>) sama dengan bahasa sumber (<text>). Pertimbangkan untuk mengubah bahasa terjemahan Anda di pengaturan.",
  "translationNotSupported_text_text": "Terjemahan dari <text> ke <text> saat ini belum tersedia.",
  "selectDifferentTranslationLanguage": "Pilih bahasa terjemahan yang berbeda.",
  "nextVideo": "Video Selanjutnya",
  "prevVideo": "Video Sebelumnya",
  "smallVideo": "Video Kecil",
  "bigVideo": "Video Besar",
  "showTranslation": "Tampilkan Terjemahan (jika tersedia)",
  "watchingVideos": "Menonton Video",
  "afterInstallingAdditionalFeatures": "Ekstensi browser kami menambahkan alat pembelajaran bahasa ke situs web Netflix dan YouTube.",
  "whatToWatch": "Apa yang harus ditonton",
  "weCreatedNetflixAndYoutubeCatalogue": "Untuk membantu Anda menemukan video, kami telah membuat katalog untuk Netflix dan YouTube. Anda dapat membuka katalog ini di menu sebelah kiri halaman ini.",
  "alreadyOpenPleaseReload": "Jika Anda sudah membuka Netflix atau YouTube, silakan muat ulang jendela.",
  "clickToOpenSettings": "Klik di sini untuk membuka pengaturan.",
  "clickEnableExtraFeatures": "Aktifkan atau nonaktifkan fitur tambahan.",
  "formerlyCalled": "(sebelumnya disebut \"Language Learning with Netflix\")",
  "startInstallExtension": "Instal ekstensi browser kami untuk memulai.",
  "saveAndReview": "Simpan dan Tinjau",
  "reviewWordsAndPhrases": "Anda dapat mempraktikkan kata dan frasa yang telah disimpan, serta mempelajari kosakata baru.",
  "underActiveDevelopment": "Proyek ini sedang dalam pengembangan aktif. Untuk menyarankan fitur atau melaporkan masalah, silakan kunjungi forum kami.",
  "writeToUs": "Silakan tulis kepada kami untuk pertanyaan lainnya.",
  "setupComplete": "Pengaturan selesai",
  "clickWordDictionary": "Klik sebuah kata untuk melihat definisinya. Klik kanan untuk menyimpannya.",
  "autopauseEverySubtitle": "Jeda secara otomatis setelah setiap subtitle.",
  "machineAndHumanTranslations": "Di pengaturan, Anda dapat memilih untuk menampilkan dua jenis terjemahan: mesin dan manusia. Terjemahan mesin sangat literal dan membantu Anda memahami struktur kalimat dalam bahasa yang sedang Anda pelajari. Namun, terkadang dapat mengandung kesalahan. Terjemahan manusia biasanya lebih berguna, karena dapat menerjemahkan ungkapan dan idiom dengan lebih tepat.",
  "keyboardKeys": "Anda dapat mengontrol pemutaran dengan pintasan keyboard:",
  "aKey": "Subtitle sebelumnya",
  "sKey": "Ulang subtitle",
  "dKey": "Subtitle berikutnya",
  "spaceKey": "Putar/Jeda",
  "settingsForMoreShortcuts": "Temukan lebih banyak pintasan di pengaturan.",
  "weCreatedNetflixCatalogue": "Kami telah membuat katalog khusus untuk membantu Anda menemukan judul Netflix dengan subtitle berkualitas tinggi dalam bahasa yang Anda pelajari.",
  "youtubeHasAnyTopic": "YouTube memiliki konten tentang berbagai topik, dalam semua bahasa utama, meskipun mungkin secara default menyaring konten asing.",
  "pageNotFound": "Halaman tidak ditemukan.",
  "videosNoLongerAvailable": "Beberapa video yang terdaftar mungkin sudah tidak tersedia di negara Anda.",
  "votes_text": "<text> suara",
  "countries_text": "<text> negara",
  "watch": "Tonton",
  "tryAgain": "Coba lagi",
  "videoUnavailablePleaseContinue": "Video ini tidak tersedia. Lanjutkan ke video berikutnya.",
  "nextPage": "Halaman berikutnya",
  "prevPage": "Halaman sebelumnya",
  "videos": "Video",
  "selectPlaylist": "Silakan pilih daftar putar.",
  "flashcardTooltipProposal": "Jumlah item baru yang masuk ke siklus belajar pada sesi ini",
  "flashcardTooltipExposure": "Jumlah item untuk Ditinjau pada sesi ini",
  "flashcardTooltipTest": "Jumlah item untuk Kuis sesi ini",
  "flashcardExposureTooltip": "Kartu ekspos menunjukkan berbagai kalimat contoh menggunakan kata-kata yang disimpan untuk membantu Anda memahami berbagai penggunaannya.",
  "flashcardExposure": "Paparan",
  "flashcardTestTooltip": "Kartu uji menilai pengetahuan Anda tentang kata dan kalimat",
  "flashcardTest": "Uji Coba",
  "lastPracticed_text": "Terakhir berlatih: <text>",
  "itemsDueForPractice_text": "<text> item yang harus dipraktikkan.",
  "startPractice": "Mulai latihan",
  "betterWaitTillTomorrow": "Lebih baik menunggu sampai besok untuk sesi latihan berikutnya.",
  "practiceMore": "Lanjutkan berlatih",
  "savedWordsAppearHere": "Saran: Ketika Anda menyimpan kata dan frasa, mereka akan muncul di sini saat Anda perlu mempraktikannya.",
  "showAnswer": "Tampilkan jawaban",
  "fail": "Salah",
  "hard": "Sulit",
  "easy": "Mudah",
  "success": "Benar",
  "ok": "Baik",
  "extraButtonsSearchBar": "Gunakan tombol-tombol ini di samping bilah pencarian YouTube:",
  "leftTranslateRightSearch": "Tombol kiri menerjemahkan teks pencarian Anda. Tombol kanan mencari video dengan subtitle.",
  "youtubeInterfaceLanguageMoreVideos": "Anda dapat mengubah bahasa antarmuka YouTube Anda ke bahasa yang sedang Anda pelajari. YouTube akan menampilkan lebih banyak konten dalam bahasa tersebut.",
  "howToChangeYoutubeInterfaceLanguage": "Cara mengubah bahasa antarmuka YouTube",
  "clickButtonTopRight": "Klik tombol di sudut kanan atas layar Anda:",
  "lookForLanguageSetting": "Temukan pengaturan \"Bahasa\":",
  "whenChangeMoreResults": "Mengubah bahasa akan menampilkan lebih banyak hasil dalam bahasa yang Anda pelajari.",
  "onlyDesktopCheckBack": "Language Reactor saat ini hanya tersedia di komputer desktop. Silakan kembali lagi segera.",
  "open": "Buka",
  "word": "Kata",
  "phrase": "Frasa",
  "translation": "Terjemahan",
  "context": "Konteks",
  "source": "Sumber",
  "actions": "Tindakan",
  "accountInformation": "Akun",
  "quickSettings": "Pengaturan Cepat",
  "fullSettings": "Pengaturan",
  "gettingStarted": "Mulai",
  "exportHelp": "Panduan Ekspor",
  "studyTips": "Tips Belajar",
  "howToImportWebpage": "Impor Halaman Web",
  "importWithRightClick": "Impor halaman web menggunakan menu klik kanan.",
  "extensionInstalledForThisFeature": "Ekstensi browser diperlukan untuk fitur ini.",
  "importText": "Impor Teks",
  "goToReaderMode": "Beralih ke Mode Bacaan",
  "edit": "EDIT",
  "read": "BACA",
  "posADJ_UD": "Adj.",
  "posADP_UD": "Adp.",
  "posADV_UD": "Adv.",
  "posAUX_UD": "Aux.",
  "posNOU_UD": "Kata benda",
  "posPRO_UD": "Kata ganti",
  "posVER_UD": "Kata Kerja",
  "posDET_UD": "Det.",
  "posSYM_UD": "Simbol",
  "posINT_UD": "Int.",
  "posCCO_UD": "Koord. Konj.",
  "posPUN_UD": "Tanda baca.",
  "posNUM_UD": "Numerik",
  "posPAR_UD": "Partikel",
  "posSCO_UD": "Sub. Konj.",
  "posX_UD": "Asing",
  "posCONJ": "Konj.",
  "posPREP": "Persiapan.",
  "ok2": "OK",
  "pleaseWait": "Silakan tunggu...",
  "ohNoPleaseAddPermissionLRLogin": "Silakan berikan izin untuk ekstensi browser Language Reactor agar dapat berjalan di languagereactor.com untuk memungkinkan login yang berhasil.",
  "recommended$Videos$": "Direkomendasikan",
  "$videos$WithSubtitles": "Dengan subtitle",
  "$videosWith$MostSubscribers": "Sebagian besar pelanggan",
  "sortBy": "Urutkan berdasarkan",
  "$video$Rating": "Penilaian",
  "yearReleased": "Tahun",
  "type$OfVideo$": "Tipe",
  "any$TypeOfVideo$": "Semua",
  "movies": "Film",
  "series": "Serial",
  "genres": "Genre",
  "all$Genres$": "Semua",
  "goToIMDB": "Lihat di IMDB",
  "availableIn": "Tersedia di:",
  "errorLoadingVideo": "Tidak dapat memuat video",
  "goBack": "Kembali",
  "sorryThisPlaylistIsMissing": "Maaf, daftar putar ini tidak ditemukan.",
  "sorryThisVideoIsMissing": "Video tidak ditemukan",
  "videoList": "Daftar video",
  "studyLanguage": "Belajar bahasa",
  "iAmLearning": "Saya sedang belajar",
  "playAll": "Putar semua",
  "bigUpdate": "Pembaruan Baru",
  "readMore": "Baca selengkapnya",
  "iGotIt": "Saya sudah mengerti",
  "allWords": "Semua Kata",
  "savedWords": "Kata yang Disimpan",
  "savedPhrases": "Frasa yang disimpan",
  "setVocabLevel_short": "Tingkat kosakata",
  "setVocabLevel": "Tetapkan tingkat kosakata",
  "changeVocabLevelConfirmation_GT": "Apakah Anda ingin mengubah tingkat kosakata dari <text> ke <text>?",
  "changeStudyLevel": "Ubah Tingkat",
  "currentStudyLevel": "Tingkat kosakata saat ini",
  "change": "Ubah",
  "pleaseSelectYourStudyLevelToContinue": "Pilih tingkat kosakata Anda untuk melanjutkan",
  "frequency": "Frekuensi",
  "alphabetical": "Alfabetis",
  "LEARNING": "Sedang belajar",
  "KNOWN": "Dikenal",
  "SKIPPED": "Jangan belajar",
  "SKIPPED_short": "Jangan belajar",
  "knownWords_GT": "Kata yang dikenal",
  "tag": "Tag",
  "errorLoadingList": "Tidak dapat memuat kata-kata",
  "pleaseSelectLanguageOnTop_GT": "Pilih bahasa di atas",
  "xSelected": "<text> yang dipilih",
  "setLearningStage": "Tetapkan tahap pembelajaran",
  "thisWillAffectXItemsAreYouSure": "Ini akan mengubah <text> item. Lanjutkan?",
  "yes": "Ya",
  "no": "Tidak",
  "removeItems": "Hapus item",
  "setTag": "Atur tag",
  "selectAllOrNone": "Pilih semua / tidak ada",
  "logIn": "Masuk",
  "noItemsFound": "Tidak ada item yang ditemukan",
  "upgrade": "Upgrade",
  "transliterationsJapanese": "Transliterasi Jepang",
  "transliterationsVisibility_GT": "Tampilkan transliterasi",
  "alwaysShow_GT": "Selalu",
  "hideForKnownWords_GT": "Sembunyikan untuk kata yang dikenal",
  "hideForMarkedAndKnownWords_GT": "Sembunyikan untuk kata yang ditandai dan dikenal",
  "specialWords_GT": "Kata-kata khusus",
  "specialWords_info_GT": "Nama, tempat, angka, dll.",
  "markedWords_GT": "Kata-kata yang ditandai",
  "markWord_GT": "Tandai kata",
  "savedWordsMarkingTooltipDesc_GT": "Kata-kata yang ditandai mempertahankan statusnya saat Anda mengubah tingkat kosakata. Mereka muncul dengan garis tepi.",
  "wordStatus_desc_GT": "Status berasal dari tingkat kosakata atau penandaan individu.",
  "wordColors_desc_GT": "Pengaturan ini mengontrol penampilan kata dalam subtitle dan teks. Dalam tampilan 'Item Tersimpan', pewarnaan penuh kata selalu digunakan.",
  "suggestedWords_desc_GT": "Kata-kata yang paling berguna untuk Anda pelajari selanjutnya.",
  "showKnownWordsInGreen": "Tampilkan kata yang diketahui dalam warna hijau",
  "showMarkedLearningWordsInOrange_GT": "Tampilkan kata-kata Pembelajaran yang ditandai dalam warna oranye",
  "showSuggestedWordsInOrange_GT": "Tampilkan kata yang disarankan dalam warna oranye",
  "showRareWordsInGrey_GT": "Sembunyikan kata-kata jarang",
  "outline_GT": "Garis luar",
  "outlineMarkedWordsInText": "Sorot kata-kata yang ditandai",
  "showTagsInText": "Tampilkan tag dalam teks",
  "showLearningStageButtonsInMiniDictionary": "Tampilkan tombol tahap pembelajaran saat mouse diarahkan",
  "switchLearningStage_GT": "Alihkan kata yang dikenal / sedang dipelajari",
  "switchTags": "Alihkan tag",
  "switchLanguage_GT": "Ganti bahasa",
  "dictionary": "Kamus",
  "speakWordOnClick": "Ucapkan kata saat diklik",
  "basicSettings": "Pengaturan dasar",
  "machineTranslationsAvailable": "Terjemahan mesin tersedia",
  "belowAreWordsOfIncreasingDifficultyDesc": "Klik baris terakhir di mana Anda mengetahui semua kata. Gulir untuk melihat lebih banyak.",
  "iDontKnowAnyWordsYet": "Saya baru mulai belajar.",
  "exampleText": "Teks contoh:",
  "wordColors_GT": "Warna kata",
  "reset_GT": "Atur Ulang",
  "newChat_GT": "Obrolan baru",
  "autoCorrectGrammar_GT": "Perbaiki tata bahasa secara otomatis",
  "estimatedNumberOfKnownWords": "Perkiraan jumlah kata yang diketahui",
  "article": "Artikel",
  "fullText": "Teks lengkap",
  "textMode": "Teks",
  "myText_GT": "Teks saya",
  "myTexts_GT": "Teks saya",
  "books_GT": "Buku",
  "pasteAnyTextYouWishToStudyHere": "Tempelkan teks studi Anda di sini",
  "videoFile": "Berkas video",
  "selectVideo": "Pilih video",
  "selectVideoFile": "Pilih file video",
  "selectSubtitles": "Pilih subtitle",
  "subtitlesLanguage": "Bahasa subtitle",
  "save": "Simpan",
  "copy": "Salin",
  "copyCurrentSentence": "Salin kalimat saat ini",
  "wordNotFound": "Kata tidak ditemukan",
  "markWhetherYouKnowThisWordDesc": "Tandai jika Anda mengetahui kata ini. Menandai kata dengan warna oranye (Sedang Belajar) akan menambahkannya ke kartu flash Anda.",
  "shortcutRightClick": "Klik kanan",
  "shortcutMiddleClick": "Klik tengah",
  "addTagToAWordDesc": "Anda dapat menggunakan tag untuk membuat kelompok kata. Kata-kata yang diberi tag dapat diekspor secara terpisah. Tag dapat ditampilkan sebagai garis bawah berwarna, ini dapat dikendalikan dalam pengaturan.",
  "markAsKnown": "Tandai sebagai Dikenal",
  "markAsLearning": "Tandai sebagai Pembelajaran",
  "markedKnown_GT": "Ditandai sebagai Dikenal",
  "markedToLearn": "Ditandai untuk Belajar",
  "learningNow": "Sedang belajar sekarang",
  "learnt": "Dipelajari",
  "learn": "Belajar",
  "remove": "Hapus",
  "noTag": "Tidak ada tag",
  "examplesSavedItems": "Contoh: Item yang disimpan",
  "examplesCurrentText": "Contoh: Teks saat ini",
  "examples": "Contoh:",
  "pleaseSignInToUseThisFeature": "Masuk untuk menggunakan fitur ini.",
  "pleaseSignInToUseThisFreeFeature": "Masuk untuk menggunakan fitur gratis ini.",
  "soThatWeCanSaveYourProgress": "(agar kami dapat menyimpan kemajuan Anda)",
  "phrasepumpInfoTooltipShort": "PhrasePump membantu Anda belajar melalui kalimat yang dapat Anda pahami, meningkatkan kosakata, mendengarkan, dan tata bahasa.",
  "phrasepumpInfoTooltip": "PhrasePump menunjukkan kalimat yang dapat Anda pahami sebagian besar, membantu Anda berlatih kata-kata yang perlu dipelajari dan mempelajari yang baru. Ini membangun kosakata, keterampilan mendengarkan, dan pengetahuan tata bahasa.",
  "fumingRiver": "Biarkan bahasa mengalir melalui Anda seperti sungai, mengukir jalur baru di dalam pikiran Anda.",
  "itemsDueForReview": "item yang perlu ditinjau segera",
  "noCardsToStudy": "Tidak ada kartu untuk dipelajari.",
  "tryEnablingMoreStudyModes": "Cobalah mengaktifkan lebih banyak mode belajar.",
  "pleaseMarkMoreItemsOrWait": "Tandai lebih banyak item untuk dipelajari atau tunggu hingga item yang ada jatuh tempo.",
  "statistics": "Statistik",
  "xCards": "<text> kartu",
  "cards": "Kartu",
  "cardsPracticedToday": "Latihan hari ini",
  "showLast": "Tampilkan terakhir:",
  "day": "Hari",
  "week": "Minggu",
  "month": "Bulan",
  "threeMonths": "3 bulan",
  "markedToLearnDesc": "Kata dan frasa yang telah Anda simpan dan masih dalam antrean untuk dipraktikkan.",
  "suggestions": "Saran",
  "suggestionsDesc": "Setelah Anda berlatih dengan item yang disimpan, PhrasePump dapat memberikan saran untuk kata-kata baru yang perlu dipelajari.",
  "suggestionsDesc_noMoreLeft": "Tidak ada saran lain yang tersedia.",
  "suggestionsDesc_noSuggestionsForLang": "Saran tidak tersedia untuk bahasa ini.",
  "inTheLastXDaysYouStartedToPracticeYItems": "Anda telah mulai berlatih <text> kata dan frasa baru yang \"Ditandai untuk Dipelajari\" dalam <text> hari terakhir.",
  "inTheLastXDaysYouStartedToPracticeYSuggestedWords": "Anda mulai berlatih <text> kata yang disarankan dalam <text> hari terakhir.",
  "youArePracticingXItems": "Anda sedang aktif mempraktikkan <text> kata dan frasa.",
  "inTheLastXDaysYouHaveLearntYItems": "Anda telah mempelajari <text> kata dan frasa dalam <text> hari terakhir.",
  "inTheLastXDaysYouHavePracticedYItems": "Anda telah mempraktikkan <text> kata dan frasa dalam <text> hari terakhir.",
  "learntDescLearntXItems": "Anda telah mempelajari <text> item. Ini adalah kata dan frasa yang kemungkinan besar akan Anda ingat selama setidaknya enam minggu.",
  "halflifeDays_GT": "Waktu paruh (hari)",
  "languageSelector": "Pemilih Bahasa",
  "addLanguage": "Tambahkan bahasa",
  "dueItems": "Item yang harus ditinjau:",
  "chooseALanguage": "Pilih bahasa",
  "showContext_GT": "Tampilkan konteks",
  "add": "Tambahkan",
  "forgot": "Lupa",
  "okay": "Benar",
  "quizzes": "Kuis",
  "suggestedWords": "Kata yang Disarankan",
  "practice": "Latihan",
  "thisIsTheFirstTimeYouArePracticingThisItem": "Ini adalah pertama kalinya Anda berlatih item ini.",
  "quiz": "Kuis",
  "whatShouldGoInTheGap": "Apa yang harus diisi di ruang kosong?",
  "useTranslationForHelp": "Periksa terjemahan untuk bantuan.",
  "suggestedWord": "Kata yang disarankan",
  "wouldYouLikeToLearnThisWord": "Apakah Anda ingin belajar kata baru ini?",
  "listeningPractice": "Latihan mendengarkan",
  "tryToUnderstandBeforeYouRevealTheText": "Cobalah untuk memahami sebelum mengungkapkan teks.",
  "newItems": "Item Baru",
  "newWordsTooltip": "Persentase maksimum kartu yang digunakan untuk menyajikan item baru ('Ditandai untuk Dipelajari' dan 'Saran'). Kurangi ini untuk lebih fokus pada ulasan. Ketika banyak item yang harus ditinjau, item baru secara otomatis akan dikurangi.",
  "sessionSize": "Ukuran Sesi",
  "sessionSizeTooltip": "Jumlah kartu per sesi latihan.",
  "reveal": "Tampilkan Jawaban",
  "savePhrase": "Simpan Frasa",
  "learningStage": "Tahap Pembelajaran",
  "savingWords": "Cara Menyimpan Kata-kata",
  "oldSystem": "Sistem sebelumnya:",
  "newSystem": "Sistem saat ini:",
  "greenKnownOrSuggestedWords": "Putih: Kata-kata yang dikenal dan disarankan",
  "orangeMarkedWords": "Jeruk: Kata-kata yang ditandai untuk belajar",
  "dictStageTagsPickerDesc": "Anda dapat menandai kata sebagai dikenal (putih), sedang dipelajari (oranye), atau dilewati (abu-abu). Tambahkan tag untuk ditampilkan sebagai garis bawah berwarna.",
  "exportFromLanguageReactor": "Ekspor dari Language Reactor...",
  "viewAll": "Lihat Semua",
  "wordViewNotSupported": "Fitur ini saat ini tidak didukung untuk bahasa ini.",
  "green": "hijau",
  "yellow": "kuning",
  "red": "merah",
  "blue": "biru",
  "lastSaved": "Terakhir disimpan",
  "rank": "peringkat",
  "wordList": "Daftar Kata",
  "up1": "Sebelumnya, Anda menyimpan kata-kata dengan warna (merah, hijau, kuning, biru). Sekarang ini disebut \"tag\" dan ditampilkan sebagai garis bawah. Perilaku klik kanan dapat disesuaikan di pengaturan.",
  "up2": "Dalam pembaruan ini, Language Reactor sekarang dapat melacak kata-kata yang Anda ketahui, dan untuk kata-kata yang tidak Anda ketahui, ia menyarankan apakah Anda harus mempelajarinya atau tidak. Ini memungkinkan perangkat lunak melakukan beberapa hal berguna. Ini berfungsi untuk sekitar 40 bahasa.",
  "up3": "Kata-kata yang Anda ketahui atau yang harus Anda fokuskan ditampilkan dalam PUTIH.",
  "up4": "Kata-kata yang Anda tandai untuk belajar ditampilkan dalam ORANGE.",
  "up5": "Kata-kata ABU-ABU adalah kata yang kurang umum dan dapat ditunggu.",
  "up6": "Kategori-kategori ini disebut \"Tahapan Pembelajaran\"",
  "up7": "Anda dapat dengan cepat mengatur ukuran kosakata Anda di pengaturan kamus alih-alih menandai kata-kata satu per satu.",
  "up8": "Untuk memperbarui kata-kata berwarna yang sudah ada:",
  "up9": "1. Buka tab \"Item Tersimpan\"",
  "up10": "2. Klik \"Kata yang Disimpan\"",
  "up11": "3. Pilih warna label",
  "up12": "4. Gunakan kotak centang \"pilih semua\"",
  "up13": "5. Pilih 'Tahap Pembelajaran'",
  "up14": "Setelah Anda melakukan ini, Anda mungkin ingin menonaktifkan garis bawah berwarna untuk label di tab pengaturan, untuk mengurangi kekacauan visual saat menonton film, dll.",
  "up15": "Sistem warna ini bersifat opsional - Anda dapat menonaktifkan pewarnaan kata berdasarkan status pembelajaran di pengaturan:",
  "clickToReadMore": "Baca lebih lanjut",
  "layout_GT": "Tata Letak",
  "videoSize_GT": "Ukuran video",
  "youAreLearning_GT": "Belajar bahasa",
  "start_screen": "Mulai",
  "theTextSeemsToBeIn_lang_GT": "Teks ini tampaknya dalam <text>.",
  "changeSourceLanguageTo_lang_GT": "Beralih ke <text>?",
  "clearAllHistoryConfirmation_GT": "Hapus semua riwayat <text>?",
  "chatHomescreenText_1_GT": "Ngobrol dengan AI, karena, ya, Anda tidak punya teman bicara yang lebih baik?",
  "chatHomescreenText_2_GT": "Kami membuatnya menyenangkan, meskipun.",
  "chatPreprompt_label_GT": "Instruksi obrolan",
  "chatPreprompt_tooltip_GT": "Instruksi yang dikirim ke AI sebelum setiap obrolan",
  "typeTheTextToTranslate_GT": "Masukkan teks untuk diterjemahkan",
  "showMiniDictionary_GT": "Tampilkan mini kamus",
  "yourMessage_GT": "Pesan Anda",
  "other_GT": "Opsi lain",
  "pressAndHoldToRecordVoice_GT": "Tahan untuk merekam",
  "recording_GT": "Merekam...",
  "switchBetweenShortcutsAndInputMode_GT": "Alihkan antara pintasan/ mode input",
  "pressTabToswitchBetweenShortcutsAndInputMode_GT": "Tekan [ESC] untuk beralih antara pintasan dan mode input",
  "preferredAudioSource_GT": "Sumber audio yang diinginkan",
  "originalAudioWhenAvailable_GT": "Audio asli (jika tersedia)",
  "computerAudioTTS_GT": "Teks ke Suara",
  "include_GT": "Sertakan",
  "noItemsForThisLanguage_GT": "Tidak ada item dalam bahasa ini",
  "startReading_GT": "Mulai membaca",
  "numberOfPages_GT": "Jumlah halaman",
  "nextDocument_GT": "Dokumen berikutnya",
  "prevDocument_GT": "Dokumen sebelumnya",
  "noVerticalView_GT": "Tidak ada tampilan vertikal",
  "playbackRate_GT": "Kecepatan pemutaran",
  "numPages_GT": "<text> halaman",
  "chapters_GT": "Bab",
  "book_GT": "Buku",
  "audioTrack_GT": "Jejak audio",
  "simplifiedVersion_GT": "Versi disederhanakan",
  "dubbedAudio_GT": "Audio yang disulih suara",
  "dubbedAudioDesc_GT": "Video ini awalnya dalam bahasa lain. Gunakan pengenalan suara untuk mendapatkan subtitle yang sesuai dengan audio.",
  "rewindForward5s_GT": "Majukan 5 detik",
  "rewindBack5s_GT": "Mundur 5 detik",
  "readTheForumPost_GT": "Baca pos forum",
  "youtubeChannels_GT": "Saluran YouTube",
  "channels_GT": "Saluran",
  "thisFeatureIsUnderDevelopmentWillBeImprovedSoon_GT": "Fitur ini sedang dalam pengembangan dan akan segera diperbaiki.",
  "loadingAudio_GT": "Memuat audio...",
  "media_GT": "Media",
  "useOurDesktopBrowserExtension_GT": "Gunakan ekstensi browser desktop kami saat menonton video ini untuk fitur tambahan.",
  "holdDictButtonToRecordVoice_GT": "Tahan tombol kamus untuk merekam suara Anda",
  "showDictRecord_GT": "Kamus / Rekam",
  "text_GT": "Teks",
  "words_GT": "Kata-kata",
  "viewLessFrequentWordsLink_GT": "Lihat kata-kata yang kurang umum di halaman Kata yang Ditandai",
  "newText_GT": "Teks Baru",
  "untitledText_GT": "Teks Tanpa Judul",
  "title_GT": "Judul",
  "pleaseEnterSomeText_GT": "Masukkan teks untuk melanjutkan",
  "saving_GT": "Menyimpan...",
  "theTextSeemsToBeIn_lang_whileYourLangIs_GT": "Teks tampaknya dalam <text>, sementara bahasa studi Anda saat ini adalah <text>.",
  "hideSubtitle_GT": "Sembunyikan subtitle",
  "translationThenSubtitle_GT": "Terjemahan lalu subtitle",
  "subtitleThenTranslation_GT": "Tampilkan subtitle lalu terjemahan",
  "vocabLevel_GT": "Tingkat kosakata",
  "selection_GT": "Pemilihan",
  "preview_GT": "Prabaca",
  "noTextWasSelected_GT": "Tidak ada teks yang dipilih",
  "nViews_GT": "<text> tampilan",
  "viewCount_GT": "Tampilan",
  "date_GT": "Tanggal",
  "areYouTheOwnerYoutube_GT": "Apakah Anda pemilik saluran YouTube ini?",
  "nVideos_GT": "<text> video",
  "clearFilters_GT": "Hapus filter",
  "recommendedChannels_GT": "Direkomendasikan",
  "popularChannels_GT": "Populer",
  "allChannels_GT": "Semua saluran",
  "channel_GT": "Saluran",
  "lexaAiAssistantPrompts_placeholder_example_GT": "Jelaskan: Silakan jelaskan penggunaan kata <WORD> dalam kalimat ini: <CONTEXT>\nContoh: Silakan berikan lebih banyak contoh dengan kata <WORD> seperti yang digunakan dalam kalimat ini: <CONTEXT>",
  "updateHistory_GT": "Riwayat pembaruan",
  "recentAppUpdates_GT": "Pembaruan terbaru",
  "moreInfo_GT": "Informasi lebih lanjut",
  "continue_GT": "Lanjutkan",
  "podcasts_GT": "Podcast",
  "allPodcasts_GT": "Semua podcast",
  "podcast_GT": "Podcast",
  "hidden_GT": "Tersembunyi",
  "lexaAiAssistant_GT": "Asisten AI Lexa",
  "lexaAiAssistantInfo_GT": "Lexa dapat menjawab pertanyaan tentang kata dan kalimat dalam materi yang Anda pelajari.\n\nAnda dapat mengedit pertanyaan dalam pengaturan Language Reactor.\n\nMode Pro menggunakan model yang lebih cerdas yang mungkin memberikan respons yang lebih baik.",
  "lexaAiAssistantPrompts_GT": "Petunjuk Asisten AI Lexa",
  "lexaAiAssistantPrompts_tooltip_GT": "Anda dapat mengedit petunjuk ini (pertanyaan), tetapi Anda harus menghormati format berikut:\n\n[Judul Tab]: [Petunjuk]\n[Judul Tab]: [Petunjuk]\netc.\n\n[Petunjuk] dapat mengandung placeholder khusus <WORD> dan <CONTEXT>.\n\nAnda dapat menggunakan bahasa apa pun saat menulis petunjuk. Ketika pertanyaan dikirim ke Lexa, teks ini akan ditambahkan di awal: Jawablah pertanyaan untuk seorang siswa yang sedang belajar [bahasa yang dipelajari]. Tulis jawaban Anda dalam [bahasa terjemahan].",
  "hold_GT": "Tahan",
  "invalidFormat_GT": "Format tidak valid",
  "howToUseTouch_GT": "Panduan kontrol sentuh",
  "removeThisMessageAndFollowingOnes_GT": "Hapus pesan ini dan pesan berikutnya",
  "install_GT": "Instal",
  "refresh_GT": "Segarkan",
  "lexaAiAssistantPrompts_tooltip_intro_GT": "Lexa muncul di atas kamus ketika Anda mengklik sebuah kata",
  "homepage_blurb": "🚀 Sebuah alat untuk menemukan, memahami, dan belajar dari materi asli. ✨ Rasakan pendekatan imersif yang tidak hanya efektif, tetapi juga menggembirakan 🔥",
  "homepage_formerly_lln": "Dahulu dikenal sebagai Language Learning with Netflix",
  "homepage_cardBodyNetflix": "Ekstensi browser mengubah acara favorit Anda menjadi pelajaran bahasa. Mode Pro mengaktifkan pengenalan suara dan terjemahan mesin untuk pemahaman yang lancar. 🌍",
  "homepage_cardBodyYoutube": "Ribuan saluran YouTube tentang berbagai topik yang dapat Anda bayangkan. Kembangkan pemahaman Anda dengan bahasa yang autentik dalam konteks. Jelajahi koleksi yang telah kami kurasi. 🎧",
  "homepage_cardBodyFSI": "Uji diri Anda dengan program pelatihan yang terbukti dari pemerintah. Ikuti latihan berbicara dan latihan terstruktur yang membangun kefasihan nyata. 💪 Tingkatkan metode klasik ini dengan alat modern dari Language Reactor.",
  "homepage_cardTitleWhatToLearn": "Apa yang Harus Dipelajari",
  "homepage_cardBodyWhatToLearn": "Latih dengan lebih cerdas, bukan lebih keras! 🏃‍♂️ Language Reactor menyarankan kata-kata penting untuk perjalanan belajar Anda, membantu Anda fokus pada hal-hal yang paling penting.",
  "homepage_cardBodyPhrasePump": "PhrasePump adalah terutama latihan mendengarkan. 🎧 Kalimat yang dipilih memperkuat kata-kata yang disimpan untuk ditinjau, dan kosakata baru diperkenalkan. Sangat cocok untuk pemula maupun pelajar tingkat lanjut.",
  "homepage_cardBodyAria": "Kenali Aria: Mitra bahasa Anda yang cerdas dan cepat tanggap. Dia adalah bagian tutor, bagian pelawak, dan selalu siap dengan jawaban yang cerdas. 💬 Dapatkan koreksi instan, jelajahi berbagai topik, dan bangun kepercayaan diri Anda dengan cara Anda sendiri. 💡",
  "homepage_cardTitleProMode": "Mode Pro - Opsional",
  "homepage_cardBodyProMode": "Language Reactor sudah dilengkapi dengan banyak fitur gratis yang hebat. Mode Pro menambahkan sedikit keajaiban pada pengalaman Anda. ✨",
  "homepage_cardTitleBooksAndWebsites": "Buku & Situs Web",
  "homepage_cardBodyBooksAndWebsite": "Impor halaman web mana pun ke Language Reactor atau unggah buku favorit Anda. Dengarkan bersama dengan Teks-ke-Ucapan. 🎯",
  "clickHereToUseKeyboardControls": "Klik di sini untuk menggunakan kontrol keyboard",
  "uiLanguage_GT": "Bahasa antarmuka",
  "videoFileIntro_GT": "Anda dapat mengunggah file video dan file subtitle (SRT), dan kami akan membuatkan terjemahan untuk Anda. Saat ini, fitur ini hanya berfungsi dengan format video yang didukung oleh browser Anda.",
  "powerfulToolbox": "Language Reactor adalah alat yang kuat untuk belajar bahasa.",
  "discoverUnderstandLearn": "Ini membantu Anda untuk menemukan, memahami, dan belajar dari materi asli.",
  "effectiveInterestingEnjoyable": "Belajar akan menjadi lebih efektif, menarik, dan menyenangkan.",
  "extensionAddsNetflixFeatures": "Ekstensi ini menambahkan subtitle dalam dua bahasa, kamus pop-up, kontrol pemutaran video yang tepat, dan banyak fitur lainnya saat menonton film dan serial di situs web Netflix!",
  "thousandsOfChannels": "Ribuan saluran untuk Anda tonton tentang berbagai topik yang dapat Anda bayangkan. Kembangkan pemahaman Anda dengan bahasa yang autentik dalam konteks.",
  "booksAndWebsites": "Buku dan Situs Web",
  "importTextTranslationTTS": "Impor teks, Language Reactor akan menambahkan terjemahan mesin dalam bahasa Anda dan membacakan teks dengan suara teks-ke-suara yang sangat realistis. (segera hadir)",
  "intelligentFeeding": "Penyajian konten bahasa yang otomatis dan cerdas. Cukup pilih tingkat bahasa Anda dan nikmati perjalanan.",
  "whatToLearn": "Apa yang harus dipelajari",
  "suggestVocab": "Language Reactor dapat menyarankan kosakata yang perlu Anda fokuskan, dan yang dapat Anda lewati, sehingga Anda dapat mempercepat kemajuan Anda!",
  "highlightWhenAppear": "Simpan kata-kata yang ingin Anda pelajari, kata-kata tersebut akan disorot setiap kali muncul.",
  "homepage_sectionTitleLearn": "Belajar dari apa yang Anda cintai",
  "homepage_sectionSubtitleLearn": "Language Reactor membantu Anda menemukan konten sesuai dengan tingkat dan minat Anda",
  "homepage_cardTitleYoutube": "YouTube & Podcast",
  "homepage_sectionTitleSuperpowers": "Kekuatan Bahasa",
  "homepage_sectionSubtitleSuperpowers": "Buat setiap konten menjadi mudah dipahami",
  "homepage_cardTitleBilingualSubs": "Teks Bilingual",
  "homepage_cardBodyBilingualSubs": "Latih telinga Anda untuk mendengarkan percakapan alami sambil melihat kedua bahasa. Temukan bagaimana makna saling berhubungan. 👂",
  "homepage_cardTitlePlayback": "Kontrol pemutaran yang tepat",
  "homepage_cardBodyPlayback": "⚡ Jeda waktu. Atur kecepatan pemutaran. 🎮 Gunakan pintasan keyboard dan gerakan untuk menavigasi video. Jeda otomatis setelah setiap subtitle hingga Anda melanjutkan. 🖱️",
  "homepage_cardTitleDictionary": "Kamus & Lexa AI",
  "homepage_cardBodyDictionary": "🔍 Klik kata apa saja untuk terjemahan instan. Contoh kalimat asli dengan audio yang menyertainya. 🎧 Penjelasan kontekstual penggunaan kata dengan bantuan AI. 🌱 Sesuaikan untuk menampilkan informasi tambahan!",
  "homepage_sectionSubtitleMaster": "Sebuah alat lengkap untuk kosakata",
  "homepage_cardTitleSmartHighlighting": "Sorotan Cerdas",
  "homepage_cardBodySmartHighlighting": "Simpan satu kata sekali dan Anda akan melihatnya di mana-mana—dalam semua bentuknya. Language Reactor mengenali bentuk jamak, konjugasi kata kerja, dan bentuk terkait. Perkuat pembelajaran Anda secara alami di seluruh konten.",
  "homepage_cardTitleExportAnki": "Ekspor ke Anki",
  "homepage_cardBodyExportAnki": "Sudah menggunakan Anki? 📤 Ekspor kartu flash yang indah ke Anki dengan tangkapan layar dan klip audio.",
  "homepage_sectionTitlePractice": "Latihan Membuat Sempurna",
  "homepage_sectionSubtitlePractice": "Bawa pembelajaran Anda dari pasif ke aktif",
  "homepage_cardBodyPhoneTablet": "Language Reactor berfungsi di ponsel dan tablet Anda juga. Kami terus melakukan perbaikan.",
  "homepage_cardTitlePhoneTablet": "Telepon & Tablet",
  "homepage_sectionTitleMaster": "Kuasai Setiap Kata & Frasa",
  "homepage_cardTitleExtension": "Ekstensi Browser",
  "homepage_cardBodyExtension": "Pada komputer desktop, pasang ekstensi peramban untuk mengaktifkan fitur Language Reactor saat menonton video di situs Netflix dan YouTube, dan untuk mengimpor laman web!",
  "pleaseRefreshAfterChanges": "Silakan segarkan setelah perubahan:",
  "pdfsInThisCourseOnlyOnDesktop": "PDF dalam kursus ini hanya dapat ditampilkan pada desktop.",
  "noAudioFiles": "Tidak ada berkas audio",
  "proFeatures_intro": "Maksimalkan potensi pembelajaran bahasa Anda dengan fitur-fitur Language Reactor Pro! 🚀📚",
  "proFeatures_netflixTitle": "Pengenalan Suara dan Terjemahan Mesin (Netflix)",
  "proFeatures_netflixFree": "Gunakan terjemahan yang disediakan oleh Netflix. 🍿",
  "proFeatures_netflixPro": "🎤 Nikmati pengenalan suara untuk semua trek audio. Terjemahan teks yang akurat untuk audio yang didubbing dalam serial favorit Anda! 🎬 Terjemahan mesin lebih harfiah, untuk pemahaman yang lebih baik terhadap materi sumber. 🌍",
  "proFeatures_saveWordsTitle": "Simpan Kata dan Frasa",
  "proFeatures_saveWordsFree": "Simpan kata dan frasa saat menggunakan fitur PhrasePump. 📝",
  "proFeatures_saveWordsPro": "Simpan kata dan frasa di seluruh fitur Language Reactor. Sesuaikan pembelajaran Anda berdasarkan minat pribadi dan kesenjangan kosakata. Kata-kata yang ditandai akan disorot di semua fitur Language Reactor dan dapat diekspor ke Anki! 📈✨",
  "proFeatures_lexaTitle": "Kamus Lexa AI",
  "proFeatures_lexaFree": "Dapatkan penjelasan dengan model kecerdasan buatan dasar. 🤖",
  "proFeatures_lexaPro": "Dapatkan manfaat dari model AI yang ditingkatkan dengan pengetahuan lebih luas, mampu menjawab pertanyaan kompleks dengan lebih efektif! 🧠🌐",
  "proFeatures_supportTitle": "Dukung Tim Pengembang",
  "proFeatures_supportDetails": "Dukungan Anda membantu kami terus meningkatkan Language Reactor dan menghadirkan fitur-fitur baru! ❤️",
  "youCanSubscribeAgainAfterTheEndOfThisPeriod": "Anda dapat berlangganan kembali setelah periode ini berakhir.",
  "tipHoldTheDictionaryButtonToRecordVoice": "Tip: Tahan tombol kamus untuk merekam suara",
  "sentenceOrTextSource": "Sumber",
  "homepage_cardTitleLanguageSupport": "🌍 Dukungan Bahasa yang Luas",
  "homepage_cardBodyLanguageSupport": "Belajar dari konten dalam 40+ bahasa! 🔤 Lihat transliterasi untuk bahasa dengan sistem penulisan berbeda. 👀 Sembunyikan teks sampai Anda arahkan kursor—sempurna untuk mengasah kemampuan menyimak Anda.",
  "additional15DiscountUntil5thJanuary2025": "Diskon tambahan 15% hingga 5 Januari 2025. Gunakan kode kupon 'turtle' saat pembayaran. 🎅",
  "includeDubbedAudioNF": "Sertakan audio sulih suara",
  "phrasepumpNeedsImprovementForLang": "PhrasePump masih memerlukan perbaikan untuk bahasa:",
  "addToHomeScreen": "Tambahkan ke Layar Utama",
  "textToSpeechVoiceNotAvailableForThisLangError": "Suara teks-ke-ucapan tidak tersedia untuk bahasa ini. Coba pasang paket bahasa tambahan untuk sistem Anda (jika tersedia).",
  "textToSpeechInSafariNotGreatTryEdgeOrChrome": "Text-to-speech di peramban Safari kurang optimal. Silakan pasang Microsoft Edge atau Chrome untuk suara yang lebih baik.",
  "dueForReview": "Siap untuk ditinjau",
  "signInWithGoogle": "Masuk dengan Google",
  "allServersRunningNormally": "Semua server berjalan normal.",
  "clearHistory": "Hapus",
  "copiedText": "Disalin:",
  "loadingText": "Memuat teks...",
  "installChromeExtension": "Pasang ekstensi Chrome",
  "itemsRemoved": "Item dihapus",
  "removingItemsFailed": "Gagal menghapus item.",
  "itemsUpdated": "Item diperbarui",
  "autopauseNotAvailableOnYoutube": "Jeda otomatis tidak tersedia di YouTube.",
  "sideBySideLayout": "Berdampingan",
  "overAndUnderLayout": "Atas dan bawah",
  "youAlsoHaveItemsInOtherLanguages": "Anda juga memiliki item tersimpan dalam bahasa lain. Ubah bahasa di pengaturan untuk melihatnya.",
  "otherLanguages": "Bahasa lainnya",
  "paymentsAreCurrentlyNotSupportedInYourCountry": "Pembayaran saat ini tidak tersedia di negara Anda.",
  "titles_header": "Judul",
  "sources_header": "Sumber",
  "holdTheButtonToRecord": "Tahan tombol untuk merekam",
  "noOption": "Tidak ada pilihan",
  "learningResources": "Sumber Belajar",
  "deleteMyData": "Hapus data Anda",
  "deleteMyData_confirmationMessage": "Tindakan ini akan menghapus secara permanen semua pengaturan, item tersimpan, riwayat latihan, media dan teks yang Anda simpan. Anda yakin?",
  "advancedActions": "Tindakan lanjutan",
  "successDone": "Berhasil!",
  "qKey": "Jeda otomatis",
  "rKey": "Simpan subtitle saat ini",
  "copyKey": "Salin kalimat saat ini",
  "unknownRank": "Peringkat tidak diketahui",
  "mostFrequentWord": "kata paling sering",
  "studyStore_errorSavingCardStats": "Gagal menyimpan statistik kartu.",
  "studyStore_errorSavingCardRating": "Gagal menyimpan penilaian kartu.",
  "studyStore_loginNoLongerValid": "Status masuk tidak valid lagi, silakan muat ulang halaman ini.",
  "studyStore_tooltip_extraPracticeSentence": "Kalimat ini tidak ditampilkan karena kata tertentu yang telah Anda simpan. Ini adalah latihan tambahan untuk meningkatkan kemampuan menyimak dan pengetahuan tata bahasa Anda.",
  "studyStore_tooltip_savedInYoutube": "Disimpan dalam video Youtube: ",
  "studyStore_tooltip_savedInNetflix": "Disimpan dari video Netflix: ",
  "studyStore_extraPracticeIndicator": "[latihan tambahan]",
  "studyStore_errorLoadFlashcardMetadataFailed": "Gagal memuat metadata kartu latihan.",
  "studyStore_errorLoadPracticeItemsFailed": "Gagal memuat item latihan.",
  "studyStore_errorLoadAudioFailed": "Gagal memuat audio.",
  "studyStore_errorGettingAudio": "Gagal mendapatkan audio: ",
  "savedItemsStore_errorTooManyItems": "Anda memiliki terlalu banyak item",
  "savedItemsStore_errorSavingItem": "Gagal menyimpan item.",
  "savedItemsStore_errorUpdatingItemsFailed": "Gagal memperbarui item.",
  "savedItemsStore_errorFailedToRemoveItem": "Gagal menghapus item.",
  "savedItemsStore_devError_itemNotFoundForSetStudied": "Item tersimpan tidak ditemukan: ",
  "mediaStore_errorFailedToGetPlaylistInfo": "Gagal mendapatkan informasi daftar putar.",
  "mediaStore_errorFailedToGetDocumentInfo": "Gagal mendapatkan informasi dokumen.",
  "mediaStore_errorDocNotFoundInPlaylist": "Dokumen tidak ditemukan dalam daftar putar.",
  "userDataStore_errorFailedToSaveUserData": "Gagal memperbarui pengaturan tersimpan.",
  "userDataStore_errorUpdatingSavedItemKeys": "Tidak dapat mengambil kunci item tersimpan.",
  "chatStore_errorNannyRefusedMessage": "Layanan obrolan tidak dapat memproses pesan Anda, silakan coba ungkapkan dengan cara lain.",
  "chatStore_errorQuotaExceededPro": "Kuota penggunaan obrolan telah habis, silakan coba lagi besok.",
  "chatStore_errorAsrFailed": "Gagal memproses pesan Anda, silakan coba lagi.",
  "chatStore_errorGettingChatMessages": "Terjadi kesalahan saat mengambil pesan Chat.",
  "chatStore_errorQuotaExceededMachine": "Kuota obrolan telah habis. Silakan periksa langganan Anda atau coba lagi nanti.",
  "chatStore_errorQueueFull": "Maaf, server sedang dalam kapasitas maksimal saat ini, kami sedang menanganinya.",
  "chatStore_infoProUsersPriorityAccess": "Pengguna Pro mendapat akses prioritas.",
  "chatStore_errorLoadingConversationLangMismatch": "Gagal memuat percakapan: Pengaturan bahasa tidak sesuai.",
  "chatStore_placeholderEnterWordsHere": "[ketik kata di sini]",
  "notifications_prefixNetworkError": "Kesalahan Jaringan, silakan periksa WiFi Anda. ",
  "notifications_prefixNotFound": "Kesalahan: Tidak ditemukan. ",
  "notifications_prefixBadRequest": "Kesalahan sistem, silakan coba lagi nanti. ",
  "notifications_prefixTokenError": "Kesalahan masuk, silakan masuk kembali. ",
  "notifications_prefixServerError": "Kesalahan Server, silakan coba lagi nanti. ",
  "notifications_prefixNotProUser": "Fitur Pro tidak lagi tersedia. ",
  "notifications_prefixRateLimitExceeded": "Batas permintaan terlampaui. Coba lagi nanti. ",
  "mediaDocPodcast_errorTimeoutDownloadingAudio": "Waktu habis saat mengunduh audio dari URL.",
  "media_errorLoadingMediaTranslations": "Gagal memuat terjemahan media.",
  "media_errorAsrQuotaExceeded": "Anda telah melampaui batas harian untuk pemrosesan audio. Silakan coba lagi besok.",
  "media_errorAsrQueueFull": "Server pemrosesan audio sedang sibuk. Silakan coba lagi nanti.",
  "media_errorLoadingAsr": "Gagal memuat ASR.",
  "media_errorAsrTooLong": "Pemrosesan ASR terlalu lama. Silakan coba lagi nanti.",
  "media_errorLoadingNlpData": "Gagal memuat data NLP.",
  "mediaDocText_errorFetchingPageTranslations": "Gagal mengambil terjemahan halaman.",
  "mediaDocText_errorFetchingTextInfo": "Gagal mengambil informasi teks.",
  "mediaDocText_errorFetchingPageNlp": "Gagal mengambil data NLP halaman.",
  "mediaDocText_errorFetchingPageTts": "Gagal mengambil TTS halaman.",
  "media_errorLoadingMediaMetadata": "Gagal memuat metadata media.",
  "media_errorFetchingSubtitlesForVideo": "Gagal mengambil subtitel untuk video.",
  "media_errorAsrNotAvailableForVideo": "Maaf, ASR tidak tersedia untuk video ini.",
  "media_errorFetchingVideoTranslations": "Gagal mengambil terjemahan video."
}