{
  "langCode": "it",
  "appNameTr": "Language Reactor",
  "appName": "Language Reactor",
  "appDesc": "Migliori le Sue abilità da solo, in modo efficace e divertente, guardando film e serie nella lingua che studia.",
  "catalogue": "Catalogo",
  "catalogue_tooltip": "Trovi film e serie adatte all'uso con Language Reactor.",
  "help": "Aiuto",
  "help_tooltip": "Istruzioni per l'uso, consigli.",
  "feedback": "Invia feedback",
  "feedback_tooltip": "Qualcosa non va? Richiesta di funzionalità?",
  "facebook": "Facebook",
  "facebook_tooltip": "Metta \"Mi piace\" alla nostra pagina e controlli le ultime notizie.",
  "originalLanguage_label": "Lingua originale:",
  "originalLanguage_tooltip": "La lingua originale di questo film Netflix.",
  "noDictionary_error": "L'estensione Language Reactor ancora non supporta l'uso del dizionario per <text>. Questa funzionalità sarà presto disponibile!",
  "subtitleLanguage_label": "Lingua sottotitoli Netflix",
  "subtitleLanguage_tooltip": "Questa è la lingua dei sottotitoli Netflix selezionati.",
  "subtitlesNotLoaded_error": "I sottotitoli di Netflix non sono stati caricati. C'è una lingua selezionata nei sottotitoli del menu di riproduzione di Netflix?",
  "subtitlesNoMatchAudio_error": "I sottotitoli Netflix selezionati (<text>) non corrispondono all'audio. Provi a impostarli nella lingua originale del titolo (<text>) nei controlli di riproduzione di Netflix, oppure cerchi nel catalogo Language Reactor i titoli suggeriti per la lingua che studia.",
  "subtitlesNoMatchAudio_ASR_error_GT": "I sottotitoli <text> non corrispondono all'audio. Passi ai sottotitoli in lingua originale (<text>) nei controlli di riproduzione Netflix, oppure cerchi un titolo suggerito per la Sua lingua di destinazione nel catalogo di Language Reactor. In alternativa, utilizzi la traccia di riconoscimento vocale (ASR).",
  "audioNoMatchSubtitles_error": "È probabile che la traccia audio Netflix selezionata (<text>) non coincida con i sottotitoli. Provi a impostarla nella lingua originale del titolo (<text>) nei controlli di riproduzione di Netflix o cerchi nel catalogo Language Reactor i titoli suggeriti per la lingua che studia.",
  "audioLanguage_label": "Lingua audio di Netflix",
  "audioLanguage_tooltip": "Questa è la lingua della traccia audio selezionata di Netflix.",
  "pleaseSelectSubtitles": "- Si prega di selezionare i sottotitoli nel lettore Netflix -",
  "pleaseSelectSubtitlesYoutube": "- Si prega di selezionare i sottotitoli nel lettore Youtube -",
  "loadingSubtitles": "- Caricamento dei sottotitoli, attendere prego ... -",
  "loadingTranslations": "Caricamento traduzioni ...",
  "firstSubtitleNotReached": "- Il primo sottotitolo non è ancora iniziato. -",
  "errorApology_OLD": "Language Reactor ha rilevato un errore. Gli sviluppatori sono stati avvisati. Provi a ricaricare la pagina, oppure riprovi tra 24 ore. Ci scusiamo per il disagio. Controlli la nostra pagina Facebook per aggiornamenti. Messaggio di errore: <text>",
  "openClose_tooltip": "Apri / chiudi Language Reactor.",
  "vocabHighlight_label": "Evidenziazione del vocabolario",
  "levelWithNumber": "Livello <text>: <text> parole",
  "levelDisable": "Livello <text>: disattivare",
  "translationLanguage_label": "Lingua di traduzione",
  "translationLanguage_tooltip": "Questa è la lingua della traduzione. La imposti come la Sua lingua madre.",
  "showMachineTranslation_label": "Mostra traduzione automatica",
  "showMachineTranslation_tooltip": "Mostra una traduzione automatica dei sottotitoli originali nella Sua lingua.",
  "showHumanTranslation_label": "Mostra traduzione umana",
  "showHumanTranslation_tooltip": "Mostra una traduzione umana dei sottotitoli originali nella Sua lingua, se disponibile.",
  "slowSpeechSegments": "Rallenta i segmenti vocali",
  "slowSpeechSegments_tooltip": "Ridurre la velocità di riproduzione del video quando è attivato un sottotitolo (0.8x), per renderlo più facile da capire.",
  "keyboardShortcuts": "Tasti rapidi:",
  "previous": "Precedente",
  "next": "Avanti",
  "previousSub": "Sottotitolo precedente",
  "nextSub": "Sottotitolo successivo",
  "play": "Riproduci",
  "playPause": "Riproduci / Pausa",
  "repeat": "Ripeti",
  "infiniteRepeat": "Ripetizione infinita",
  "alsoUseASD": "Può anche usare: A, S, D, Spazio",
  "autoPause": "Pausa automatica",
  "autoPause_tooltip": "Mette in pausa automaticamente la riproduzione alla fine di ogni sottotitolo.",
  "none": "Nessuna",
  "nms_tip": "Sta studiando una lingua? Provi la nostra nuova estensione per studiare una lingua con Netflix.",
  "welcomeModal_line1_string": "Gentili utenti,",
  "welcomeModal_line2_string": "Abbiamo effettuato un importante aggiornamento dell'estensione. Ci auguriamo che gradisca le nuove funzioni:",
  "welcomeModal_line3_string": "Adesso i sottotitoli possono essere visualizzati in cima al video.",
  "welcomeModal_line4_string": "Pannello laterale aggiuntivo per visualizzare tutti i sottotitoli.",
  "welcomeModal_line5_string": "Supporto migliore per le lingue asiatiche.",
  "proFeatures_line1_string": "La modalità 'Pro' abilita funzioni extra:",
  "proFeatures_line2_string": "Traduzioni automatiche",
  "proFeatures_tt2_string": "Queste sono più vicine al significato dei sottotitoli originali. Sono più utili per gli studenti di lingue.",
  "proFeatures_line3_string": "Salva parole e frasi",
  "proFeatures_tt3_string": "Le parole che salva vengono evidenziate in tutti i sottotitoli. Questo La aiuta ad organizzare il Suo apprendimento. Le parole e le frasi salvate possono essere esportate in Anki (programma flashcard).",
  "proFeatures_line4_string": "Sottotitoli per Film Doppiati",
  "proFeatures_tt4_string_GT": "Molte serie su Netflix hanno tracce audio aggiuntive in altre lingue (audio doppiato), ma Netflix non dispone di sottotitoli corretti per queste tracce audio. Language Reactor può creare sottotitoli dall'audio, così può studiare, ad esempio, il tedesco con Breaking Bad.",
  "proFeatures_line5_string": "Sostiene gli sviluppatori",
  "proFeatures_tt5_string": "Stiamo lavorando duramente per migliorare l'estensione e offrirLe nuove funzioni.",
  "price_string": "Il costo mensile è:",
  "welcomeModal_line6_string": "La traduzione automatica prima era gratuita, ma fornire questo servizio è costoso. Speriamo Lei possa comprendere.",
  "useForFree_line_string": "Può utilizzare queste funzionalità gratuitamente per una settimana.",
  "useForFree_twoWeeks_line_string": "Può utilizzare queste funzionalità gratuitamente per due settimane.",
  "useProForFreeTwoWeeks_string": "È possibile utilizzare le funzioni Pro gratuitamente per due settimane.",
  "notNow_btn_string": "Non adesso",
  "continueWithGoogle_btn_string": "Continua con l'Account Google",
  "trialBegunModal_body_string": "Le funzioni 'Pro' sono state abilitate!",
  "ok_btn_string": "OK",
  "prePaymentModal_line1_string": "Si iscriva per continuare ad utilizzare le funzioni 'Pro'.",
  "choosePaymentProvider_line_string": "Selezioni un metodo di pagamento:",
  "payWithGoogle_btn_string": "Carte di credito accettate",
  "payWithPaddle_btn_string": "Carte di credito e Paypal accettate.",
  "christmasSale_GT": "Sconto del 20% fino al 1° gennaio",
  "youPayEveryMonth_GT": "Pagamento mensile:",
  "or_GT": "o",
  "youPayEvery3Months_GT": "Pagamento trimestrale:",
  "youPayEveryYear_GT": "Pagamento annuale:",
  "oneMonth_GT": "1 mese",
  "threeMonths_GT": "3 mesi",
  "oneYear_GT": "1 anno",
  "subscriptionLabel_GT": "Abbonamento. Può disdire dopo il pagamento se non desidera il rinnovo automatico.",
  "choose_GT": "Scegli",
  "paymentSuccessful_line1_string": "Pagamento effettuato! Grazie per aver sostenuto il nostro progetto!",
  "paymentSuccessful_line2_string": "È possibile annullare l'abbonamento in qualsiasi momento dalle impostazioni.",
  "paymentSuccessfulPaddleMessage_line_string": "Nota: se il Suo pagamento ha bisogno di essere controllato manualmente, La preghiamo di attendere alcune ore, dopodiché la modalità 'Pro' dovrebbe attivarsi automaticamente. Ci scusiamo per il ritardo!",
  "cancelGoogle_line_string": "Nota: la modalità 'Pro' rimarrà attiva per 30 giorni dopo il Suo ultimo pagamento.",
  "cancelSubscription_btn_string": "Annulla l'iscrizione",
  "problemWithPayment_line1_string": "Si è verificato un problema con il pagamento del Suo abbonamento.",
  "problemWithPayment_line2_string": "Dopo aver aggiornato i Suoi dati di pagamento, ricarichi questa pagina.",
  "updatePayment_btn_string": "Aggiorna le Informazioni di Pagamento",
  "alreadyUserPleaseSignIn": "È già un utente? Per favore acceda.",
  "pleaseSignIn": "Per favore acceda.",
  "pleaseSignInOrRegister": "Per accedere alle funzionalità aggiuntive, inserisca le Sue credenziali o si registri",
  "noCreditCardInfoNoChargeAfterTrial": "Non è necessario inserire i dati della carta di credito. Dopo il periodo di prova, non riceverà alcun addebito, a meno che, in quel momento, non decida di sottoscrivere un abbonamento.",
  "signIn": "Accedi",
  "signOut": "Disconnetti",
  "options": "Opzioni",
  "mode": "Modalità:",
  "manageSubscription": "Gestisci Abbonamento",
  "mode_free": "Gratuita",
  "mode_basic": "Modalità di base",
  "mode_pro": "Pro",
  "signInStatus": "Stato di accesso:",
  "signedIn": "Accesso effettuato",
  "notSignedIn": "Accesso non effettuato",
  "fix": "Correggi",
  "featureComingSoon": "Funzione in arrivo.",
  "showTransliterations": "Mostra Traslitterazioni",
  "noTransliterations": "Nessuna traslitterazione",
  "romaji": "Originale + Romaji",
  "hiragana": "Originale + Hiragana",
  "romajiOnly": "Solo Romaji",
  "hiraganaOnly": "Solo Hiragana",
  "withOriginalForm": "Con la forma originale",
  "transliterationsOnly": "Solo traslitterazioni",
  "hideTransliterationsForKnownWords_GT": "Nascondi la traslitterazione per le parole conosciute",
  "playbackSpeed": "Velocità di riproduzione",
  "normal": "Normale",
  "notAvailable": "Non disponibile.",
  "noHTAvailable": "Non è disponibile alcuna traduzione umana per la lingua di traduzione selezionata.",
  "noMTAvailable": "Le traduzioni automatiche sono disponibili solo per i sottotitoli originali del film.",
  "proFeature": "Funzione Premium",
  "saveCurrentSubtitle": "Salva il sottotitolo corrente",
  "toggleAutoPause": "Attiva / disattiva la pausa automatica",
  "exportToAnki": "Esporta in Anki",
  "pleaseSelectItemsToExport": "Si prega di selezionare gli elementi da esportare:",
  "allItems": "Tutti gli elementi",
  "download": "Scarica",
  "subtitles": "Sottotitoli",
  "words": "Parole",
  "savedItems_short": "Salvati",
  "savedItems": "Elementi salvati",
  "saved": "Salvato",
  "allLanguages": "Tutte le lingue",
  "allTypes": "Tutti i tipi",
  "yellowWords": "Parole gialle",
  "blueWords": "Parole blu",
  "greenWords": "Parole verdi",
  "purpleWords": "Parole viola",
  "redWords": "Parole rosse",
  "phrases": "Frasi",
  "noSavedItems": "Nessun elemento salvato.",
  "clickAStar": "Clicchi su una stella per salvare un sottotitolo o sui pulsanti dei colori nel dizionario per salvare una parola.",
  "loadingDotDotDot": "Caricamento in corso...",
  "showMore": "Mostra di più",
  "openCloseBottomPanel": "Apri/chiudi il pannello inferiore",
  "openCloseVerticalView": "Apri/chiudi la vista verticale",
  "close": "Chiudi",
  "autoPaused": "PAUSA AUTOMATICA",
  "pressSpaceToContinue": "(Premere SPAZIO per continuare)",
  "saveWordTooltip": "Salva la parola. Può anche fare clic con il pulsante destro del mouse su una parola per salvarla.",
  "subscriptionToProFeatures": "Iscrizione alle funzioni \"Pro\".",
  "tryForFree": "Prova gratuitamente",
  "noCreditCardRequired": "Carta di credito non necessaria.",
  "noCharge": "A differenza di altre offerte disponibili sul mercato, non verranno applicati addebiti durante la versione di valutazione e la sottoscrizione non verrà aggiornata automaticamente.",
  "subscriptionActive": "Il Suo abbonamento è attivo.",
  "speedUpPlayback": "Accelera la riproduzione",
  "slowDownPlayback": "Rallenta la riproduzione",
  "highlightSavedWords_label": "Evidenzia parole salvate",
  "onRightClick_label": "Al clic con il tasto destro",
  "onLongPress_label_GT": "Pressione prolungata",
  "suggestedToKnownWordsRatio_label_GT": "Rapporto tra parole suggerite e conosciute",
  "showVV_label": "Mostra visuale elenco sottotitoli",
  "showSubsBelowVideo_label": "Mostra sottotitoli sotto il video",
  "otherPossibleTranslations": "Altre traduzioni possibili",
  "doNothing_option": "Non fare nulla",
  "showDict_option": "Mostra dizionario",
  "showDictSpeak_option": "Mostra dizionario e pronuncia la parola",
  "speakWord_option": "Pronuncia parola",
  "saveWord_option": "Salva parola",
  "removeAllItems": "Rimuovi tutti gli elementi",
  "areYouSure": "Confermare l'operazione?",
  "hideTranslation": "Nascondi traduzione",
  "hideTranslation_tt": "Nascondi la traduzione durante la riproduzione del video. Clicchi sul testo o prema [e] per mostrare la traduzione.",
  "littlePracticeEveryDay": "Per imparare una lingua, è importante esercitarsi un po' ogni giorno.",
  "enableLln": "Attiva Language Reactor",
  "doYouLikeOurExtension": "Le piace Language Reactor?",
  "reportBug": "Segnala un problema",
  "translationNotFound": "Traduzione non trovata.",
  "usageExamples": "Esempi d'uso",
  "userDefinedExternalDict_label": "URL dizionario utente",
  "turnOnOff": "Attiva/disattiva",
  "fontSize_label": "Dimensione carattere",
  "extraSmall": "Extra piccolo",
  "small": "Piccolo",
  "large": "Grande",
  "extraLarge": "Extra grande",
  "removeSubtitle": "Rimuovi",
  "settings": "Impostazioni",
  "subtitleLanguage_label_yt": "Lingua sottotitoli YouTube",
  "subtitleLanguage_tooltip_yt": "Questa è la lingua dei sottotitoli YouTube selezionati.",
  "subtitlesNotLoaded_error_yt": "I sottotitoli di YouTube non sono stati caricati. È selezionata una lingua nei sottotitoli del menu di riproduzione di YouTube?",
  "exportAsJson": "Esporta come JSON",
  "exportAsCsv": "Esporta come CSV",
  "exportAsExcel": "Esporta come file Excel",
  "overrideArrowKeys_label": "Sostituisci i tasti freccia",
  "overrideArrowKeys_tt": "I tasti freccia della tastiera si comportano allo stesso modo dei tasti A, S e D.",
  "changelist": "Elenco modifiche",
  "print": "Stampa",
  "export": "Esporta",
  "appDescYoutube": "Migliori le Sue competenze linguistiche in modo efficace e piacevole guardando video nella lingua che desidera imparare.",
  "externalDictsMessage": "Dizionari esterni. Può aprire direttamente l'ultimo dizionario esterno utilizzato premendo il tasto Shift mentre fa clic su una parola.",
  "userDefinedExternalDict_tooltip": "Dizionari personalizzati, che appariranno insieme ad altri dizionari esterni nel popup del dizionario (saranno denominati U1, U2...). L'URL deve contenere 'WORD' (in maiuscolo) - che verrà automaticamente sostituito con la parola cercata. È possibile inserire più URL su righe separate.",
  "pleaseLeaveReviewMessage": "Le piace Language Reactor? Ci aiuti lasciando una recensione nel Chrome Web Store.",
  "writeReview": "Scrivi una recensione",
  "saveSubtitle": "Salva",
  "translate": "Traduci",
  "selectLang": "Seleziona lingua",
  "searchVidsWithSubs": "Cerca video con sottotitoli (CC)",
  "searchSettings": "Impostazioni di ricerca",
  "sourceLang": "Lingua originale:",
  "chatWithOtherUsers": "Chatta con altri utenti di Language Reactor",
  "forum": "Forum",
  "tip": "Suggerimento:",
  "considerChangingYoutubeLanguage": "Per ottenere risultati di ricerca ottimizzati, potrebbe cambiare la lingua nelle impostazioni di YouTube.",
  "seeHow": "Scopra come",
  "helloPleaseSelectYourNativeLanguage": "Salve. Selezioni la Sua lingua madre:",
  "yourNativeLanguage_GT": "La Sua lingua madre:",
  "autoHideYoutubePlaybackBarRecommended": "Nascondi automaticamente la barra di riproduzione di YouTube (consigliato)",
  "dontChangeTheInterface": "Non cambiare l'interfaccia",
  "hidePlaybackBar": "Nascondi barra di riproduzione",
  "font": "Carattere",
  "defaultRecommended": "Predefinito (consigliato)",
  "subtitlesHidden": "Sottotitoli (nascosti)",
  "noSubsForThisVideo": "Nessun sottotitolo disponibile per questo video.",
  "forceOriginalTracks": "Forza tracce originali",
  "forceOriginalTracks_desc": "Se attivata, questa opzione cambierà l'audio e i sottotitoli del video nella lingua originale quando l'estensione è abilitata.",
  "hideSubtitles": "Nascondi sottotitoli",
  "disabled": "Disattivato",
  "hideTranslations": "Nascondi traduzioni",
  "hideBoth": "Nascondi entrambi",
  "showSubtitleControls": "Mostra i comandi dei sottotitoli",
  "moveToggleControls": "Sposta/Aziona i comandi",
  "netflixTestsMessage": "Netflix a volte esegue test che possono causare il malfunzionamento di Language Reactor. Per evitare problemi, Le consigliamo di disattivare la partecipazione ai test di Netflix. È facile:",
  "disableTesting": "Disabilita i test",
  "nextBillingDate": "Prossima data di fatturazione",
  "youCanUseProForXXDays": "Potrà continuare a utilizzare le funzionalità Pro per <text> giorni.",
  "youCanUseFreeForXXDays": "Potrà utilizzare le funzionalità gratuite per <text> giorni.",
  "subtitlesCouldNotBeLoaded": "Non è stato possibile caricare i sottotitoli.",
  "adIsPlaying": "Annuncio in riproduzione.",
  "yourSubscriptionHasExpired": "Il Suo abbonamento è scaduto.",
  "youHaveCanceledYourSubscription": "Ha disdetto il Suo abbonamento.",
  "nowYouCanStudyWithYoutubeToo": "Ora può studiare le lingue anche su YouTube!",
  "machineTranslations": "Traduzione automatica",
  "humanTranslations": "Traduzione umana",
  "belowAreWordsFromTheCurrentVideo_GT": "Parole di questo video, ordinate per frequenza",
  "rightClickWordToSaveIt_GT": "Faccia clic destro per evidenziare una parola",
  "leftClickToOpenDict": "Clicchi con il tasto sinistro per aprire il dizionario.",
  "selectVocabLevelToMarkPurple": "Selezioni un livello lessicale nelle impostazioni per contrassegnare in viola le parole meno comuni.",
  "aboveCurrentLevel": "al di sopra del livello attuale",
  "unsavedWords": "Parole non salvate",
  "levelX": "Livello <text>",
  "tips": "Suggerimenti",
  "emptyTemplate": "",
  "thisExportHasMultipleParts": "Questa esportazione contiene diverse parti",
  "downloadPartXX": "Scarica la parte <text>",
  "thisItemWasSavedInAnotherVideo": "Questo elemento è stato salvato in un altro video",
  "cancel": "Annulla",
  "openVideo": "Apri video",
  "format": "Formato",
  "printHtml": "Stampa (HTML)",
  "mustReadHowToImportToAnki": "Da leggere: Come importare su Anki.",
  "infoAboutCsvExport": "Informazioni sull'esportazione in CSV",
  "jsonDataSchema": "Schema dati JSON",
  "language": "Lingua",
  "itemType": "Tipologia dell'elemento",
  "includeTimestamps": "Includi marcatori temporali",
  "youCanChangeTranslitsOptionsInSettings": "Può modificare le opzioni di traslitterazione nelle impostazioni.",
  "preferredTranslations": "Traduzioni preferite",
  "onlyNewItemsSinceLastExport": "Solo nuovi elementi dall'ultima esportazione",
  "includeMedia": "Includi contenuti multimediali",
  "langName_is": "Islandese",
  "langName_ga": "Irlandese",
  "langName_az": "Azerbaigiano",
  "langName_af": "Afrikaans",
  "langName_am": "Amarico",
  "langName_ar": "Arabo",
  "langName_sq": "Albanese",
  "langName_hy": "Armeno",
  "langName_it": "Italiano",
  "langName_yi": "Yiddish",
  "langName_ig": "Igbo",
  "langName_id": "Indonesiano",
  "langName_ug": "Uiguro",
  "langName_cy": "Gallese",
  "langName_uk": "Ucraino",
  "langName_uz": "Uzbeco",
  "langName_ur": "Urdu",
  "langName_et": "Estone",
  "langName_eo": "Esperanto",
  "langName_or": "Odia",
  "langName_nl": "Olandese",
  "langName_kk": "Kazako",
  "langName_ca": "Catalano",
  "langName_gl": "Galiziano",
  "langName_kn": "Kannada",
  "langName_rw": "Kinyarwanda",
  "langName_el": "Greco",
  "langName_ky": "Kirghiso",
  "langName_gu": "Gujarati",
  "langName_km": "Khmer",
  "langName_ku": "Curdo",
  "langName_hr": "Croato",
  "langName_xh": "Xhosa",
  "langName_co": "Corso",
  "langName_sm": "Samoano",
  "langName_jv": "Giavanese",
  "langName_ka": "Georgiano",
  "langName_sn": "Shona",
  "langName_sd": "Sindhi",
  "langName_si": "Singalese",
  "langName_sv": "Svedese",
  "langName_zu": "Zulu",
  "langName_gd": "Gaelico Scozzese",
  "langName_es": "Spagnolo",
  "langName_sk": "Slovacco",
  "langName_sl": "Sloveno",
  "langName_sw": "Swahili",
  "langName_su": "Sundanese",
  "langName_ceb": "Cebuano",
  "langName_sr": "Serbo",
  "langName_so": "Somalo",
  "langName_th": "Thai",
  "langName_tg": "Tagico",
  "langName_tt": "Tataro",
  "langName_ta": "Tamil",
  "langName_cs": "Ceco",
  "langName_te": "Telugu",
  "langName_da": "Danese",
  "langName_de": "Tedesco",
  "langName_tk": "Turcomanno",
  "langName_tr": "Turco",
  "langName_ny": "Nyanja",
  "langName_ne": "Nepalese",
  "langName_no": "Norvegese",
  "langName_ht": "Haitiano",
  "langName_ha": "Hausa",
  "langName_ps": "Pashto",
  "langName_eu": "Basco",
  "langName_haw": "Hawaiano",
  "langName_hu": "Ungherese",
  "langName_pa": "Punjabi",
  "langName_hi": "Hindi",
  "langName_tl": "Filippino",
  "langName_fi": "Finlandese",
  "langName_hmn": "Hmong",
  "langName_fr": "Francese",
  "langName_bg": "Bulgaro",
  "langName_vi": "Vietnamita",
  "langName_iw": "Ebraico",
  "langName_be": "Bielorusso",
  "langName_fa": "Persiano",
  "langName_bn": "Bengalese",
  "langName_pl": "Polacco",
  "langName_bs": "Bosniaco",
  "langName_pt": "Portoghese",
  "langName_mi": "Maori",
  "langName_mk": "Macedone",
  "langName_mg": "Malgascio",
  "langName_mr": "Marathi",
  "langName_ml": "Malayalam",
  "langName_mt": "Maltese",
  "langName_ms": "Malese",
  "langName_my": "Birmano",
  "langName_mn": "Mongolo",
  "langName_yo": "Yoruba",
  "langName_lo": "Lao",
  "langName_la": "Latino",
  "langName_lv": "Lettone",
  "langName_lt": "Lituano",
  "langName_ro": "Rumeno",
  "langName_lb": "Lussemburghese",
  "langName_ru": "Russo",
  "langName_en": "Inglese",
  "langName_ko": "Coreano",
  "langName_fy": "Frisone Occidentale",
  "langName_zh-CN": "Cinese (Semplificato)",
  "langName_zh-TW": "Cinese (Tradizionale)",
  "langName_st": "Sotho Del Sud",
  "langName_ja": "Giapponese",
  "netflixCatalogue": "Catalogo Netflix",
  "notAllTitlesAllCountries": "Poiché non tutti i titoli sono disponibili in tutti i paesi, dovrebbe selezionare il paese in cui Netflix rileva che si trova.",
  "catalogueByOriginalLanguage": "Il catalogo elenca i titoli in base alla lingua originale. Le permette di trovare film francesi per studiare il francese, film tedeschi per studiare il tedesco, ecc.",
  "goodSubtitlesForOriginal": "Netflix ha dei buoni sottotitoli nella lingua originale di un film, che coincidono con la traccia audio.",
  "oftenDontMatch": "Spesso, i sottotitoli non coincidono con l'audio quando questo viene doppiato.",
  "yourCountry": "Il Suo Paese",
  "allCountries": "Tutti i Paesi",
  "numberFound_colon": "Numero trovato:",
  "genre_colon": "Genere:",
  "released_colon": "Uscito:",
  "runtime_colon": "Durata:",
  "drama": "Dramma",
  "action": "Azione",
  "crime": "Crimine",
  "thriller": "Thriller",
  "adventure": "Avventura",
  "scifi": "Fantascienza",
  "romance": "Romantico",
  "fantasy": "Fantasia",
  "mystery": "Mistero",
  "war": "Guerra",
  "biography": "Biografia",
  "history": "Storia",
  "clearHistory_GT": "Cancella cronologia",
  "comedy": "Commedia",
  "horror": "Horror",
  "sport": "Sport",
  "music": "Musica",
  "animation": "Animazione",
  "musical": "Musical",
  "noMoviesFoundForThisSearch": "Nessun film trovato per questa ricerca.",
  "youtubeCatalogue": "Catalogo YouTube",
  "installExtensionForEnhancedFeatures": "Suggerimento: installi l'estensione per funzionalità avanzate mentre guarda Netflix e YouTube!",
  "weCreatedYTCatalogue": "Abbiamo creato questo catalogo per aiutarLa a trovare buoni canali con cui studiare.",
  "errorLoadingData": "Errore durante il caricamento dei dati.",
  "search": "Ricerca",
  "subscribers_colon": "Iscritti:",
  "withSubtitles_colon": "Con sottotitoli:",
  "score_colon": "Punteggio:",
  "installExtensionForBetterExperience": "Installi l'estensione del browser per un'esperienza migliore!",
  "translationSameAsSource_text_text": "La lingua in cui si traduce (<text>) è la stessa della lingua di origine (<text>). Valuti la possibilità di cambiare la lingua di destinazione nelle impostazioni.",
  "translationNotSupported_text_text": "La traduzione da <text> a <text> non è attualmente supportata.",
  "selectDifferentTranslationLanguage": "Scelga una lingua di traduzione diversa.",
  "nextVideo": "Video successivo",
  "prevVideo": "Video precedente",
  "smallVideo": "Video piccolo",
  "bigVideo": "Video grande",
  "showTranslation": "Mostra traduzione (se disponibile)",
  "watchingVideos": "Guardare i video",
  "afterInstallingAdditionalFeatures": "Dopo aver installato l'estensione del browser, disporrà di funzionalità aggiuntive per l'apprendimento delle lingue quando guarda video sui siti Web Netflix e YouTube.",
  "whatToWatch": "Cosa guardare",
  "weCreatedNetflixAndYoutubeCatalogue": "Per aiutarla a trovare i video, abbiamo creato un catalogo per Netflix e YouTube. Può aprire il catalogo nel menu sul lato sinistro di questa pagina.",
  "alreadyOpenPleaseReload": "Se ha già Netflix o YouTube aperti, ricarichi la finestra.",
  "clickToOpenSettings": "Clicchi qui per aprire le impostazioni.",
  "clickEnableExtraFeatures": "Faccia clic qui per abilitare o disabilitare le funzioni extra.",
  "formerlyCalled": "(precedentemente chiamato \"Apprendimento delle lingue con Netflix\")",
  "startInstallExtension": "Per iniziare, installi l'estensione del browser.",
  "saveAndReview": "Salvi e ricontrolli",
  "reviewWordsAndPhrases": "Può rivedere le parole e le frasi che ha salvato come flashcard e anche imparare nuove parole.",
  "underActiveDevelopment": "Questo progetto è in fase di sviluppo. Per suggerire una funzione o segnalare un problema, visiti il nostro forum.",
  "writeToUs": "Ci scriva per altre domande.",
  "setupComplete": "Configurazione completata",
  "clickWordDictionary": "Clicchi su una parola per vedere il dizionario. Clicchi con il tasto destro su una parola per salvarla.",
  "autopauseEverySubtitle": "Metta automaticamente in pausa la riproduzione alla fine di ogni sottotitolo.",
  "machineAndHumanTranslations": "Nelle impostazioni, può scegliere di visualizzare due tipi di traduzioni: automatica e umana. La traduzione automatica è molto letterale, le aiuta a capire la struttura della frase nella lingua che sta studiando, ma a volte, può commettere degli errori. La traduzione umana è spesso utile, poiché traduce correttamente espressioni e modi di dire.",
  "keyboardKeys": "Può usare i tasti della tastiera per controllare il lettore.",
  "aKey": "Sottotitolo precedente",
  "sKey": "Ripeti sottotitolo",
  "dKey": "Sottotitolo successivo",
  "spaceKey": "Riproduci/Pausa",
  "settingsForMoreShortcuts": "Guardi nelle impostazioni per trovare più scorciatoie nella tastiera.",
  "weCreatedNetflixCatalogue": "Abbiamo creato un catalogo speciale per aiutarla a trovare i titoli Netflix con sottotitoli di alta qualità nella lingua che sta studiando.",
  "youtubeHasAnyTopic": "YouTube ha video su qualsiasi argomento, in tutte le principali lingue. Tuttavia, YouTube cerca di nasconderle i contenuti stranieri.",
  "pageNotFound": "Pagina non trovata.",
  "videosNoLongerAvailable": "Alcuni dei video elencati potrebbero non essere più disponibili nel suo Paese.",
  "votes_text": "<text> voti",
  "countries_text": "<text> paesi",
  "watch": "Guarda",
  "tryAgain": "Riprovi",
  "videoUnavailablePleaseContinue": "Questo video non è disponibile; passi al video successivo.",
  "nextPage": "Pagina successiva",
  "prevPage": "Pagina precedente",
  "videos": "Video",
  "selectPlaylist": "Selezioni una playlist.",
  "flashcardTooltipProposal": "Numero di nuovi elementi che entrano nel ciclo di studio in questa sessione",
  "flashcardTooltipExposure": "Numero di elementi da ripassare in questa sessione",
  "flashcardTooltipTest": "Numero di elementi per il Quiz di questa sessione",
  "flashcardExposureTooltip": "Le carte di esposizione mostrano diverse frasi di esempio utilizzando le parole salvate per aiutarLa a comprenderne i vari usi.",
  "flashcardExposure": "Esposizione",
  "flashcardTestTooltip": "Le carte di verifica valutano la Sua conoscenza di parole e frasi",
  "flashcardTest": "Test",
  "lastPracticed_text": "Ultima pratica: <text>",
  "itemsDueForPractice_text": "<text> elementi da ripassare.",
  "startPractice": "Inizia la pratica",
  "betterWaitTillTomorrow": "È meglio aspettare fino a domani per effettuare la prossima sessione di prove libere.",
  "practiceMore": "Si eserciti di più",
  "savedWordsAppearHere": "Suggerimento: quando salva parole e frasi, queste verranno visualizzate qui quando è il momento di esercitarsi.",
  "showAnswer": "Mostri risposta",
  "fail": "Errato",
  "hard": "Difficile",
  "easy": "Facile",
  "success": "Corretto",
  "ok": "Capito",
  "extraButtonsSearchBar": "Quindi, abbiamo creato questi pulsanti extra accanto alla barra di ricerca su YouTube:",
  "leftTranslateRightSearch": "Il pulsante a sinistra traduce il testo nella casella di ricerca, così può trovare più facilmente i video nella lingua che studia. Il pulsante a destra cerca i video con i sottotitoli.",
  "youtubeInterfaceLanguageMoreVideos": "Può cambiare la lingua dell'interfaccia utente di YouTube nella lingua che sta studiando. YouTube le mostrerà quindi più video in quella lingua.",
  "howToChangeYoutubeInterfaceLanguage": "Come cambiare la lingua dell'interfaccia di YouTube",
  "clickButtonTopRight": "Clicchi su questo pulsante in alto a destra dello schermo:",
  "lookForLanguageSetting": "Cerchi l'impostazione \"Lingua\":",
  "whenChangeMoreResults": "Quando cambia la lingua, ci saranno più risultati di ricerca nella lingua che studia.",
  "onlyDesktopCheckBack": "Language Reactor è disponibile solo sui computer desktop per ora. Controlli più tardi!",
  "open": "Apra",
  "word": "Parola",
  "phrase": "Frase",
  "translation": "Traduzione",
  "context": "Contesto",
  "source": "Fonte",
  "actions": "Azioni",
  "accountInformation": "Informazioni account",
  "quickSettings": "Impostazioni rapide",
  "fullSettings": "Impostazioni complete",
  "gettingStarted": "Iniziare",
  "exportHelp": "Guida all'esportazione",
  "studyTips": "Suggerimenti per lo studio",
  "howToImportWebpage": "Come importare una pagina web",
  "importWithRightClick": "Può importare una pagina web in Language Reactor dal menu di scelta rapida.",
  "extensionInstalledForThisFeature": "Deve avere l'estensione del browser installata per questa funzione.",
  "importText": "Importi testo",
  "goToReaderMode": "Vada alla modalità Lettura",
  "edit": "MODIFICA",
  "read": "LEGGI",
  "posADJ_UD": "Adj.",
  "posADP_UD": "Adp.",
  "posADV_UD": "Adv.",
  "posAUX_UD": "Aux.",
  "posNOU_UD": "Noun",
  "posPRO_UD": "Pronoun",
  "posVER_UD": "Verb",
  "posDET_UD": "Det.",
  "posSYM_UD": "Symbol",
  "posINT_UD": "Int.",
  "posCCO_UD": "Coord. Conj.",
  "posPUN_UD": "Punct.",
  "posNUM_UD": "Numerical",
  "posPAR_UD": "Particle",
  "posSCO_UD": "Sub. Conj.",
  "posX_UD": "Foreign",
  "posCONJ": "Conj.",
  "posPREP": "Prep.",
  "ok2": "OK",
  "pleaseWait": "Attenda prego...",
  "ohNoPleaseAddPermissionLRLogin": "Oh no! Autorizzi l'esecuzione dell'estensione del browser Language Reactor su languagereactor.com per consentire un accesso corretto!",
  "recommended$Videos$": "Consigliati",
  "$videos$WithSubtitles": "Con sottotitoli",
  "$videosWith$MostSubscribers": "Maggior numero di iscritti",
  "sortBy": "Ordini per",
  "$video$Rating": "Valutazione",
  "yearReleased": "Anno di lancio",
  "type$OfVideo$": "Tipo",
  "any$TypeOfVideo$": "Tutti",
  "movies": "Film",
  "series": "Serie",
  "genres": "Generi",
  "all$Genres$": "Tutti",
  "goToIMDB": "Vai a IMDB",
  "availableIn": "Disponibile in:",
  "errorLoadingVideo": "Errore durante il caricamento del video",
  "goBack": "Indietro",
  "sorryThisPlaylistIsMissing": "Spiacenti, questa playlist è mancante.",
  "sorryThisVideoIsMissing": "Spiacenti, questo video è mancante.",
  "videoList": "Elenco video",
  "studyLanguage": "Lingua di studio",
  "iAmLearning": "Sto imparando",
  "playAll": "Riproduci tutto",
  "bigUpdate": "Grande aggiornamento!",
  "readMore": "Leggi di più",
  "iGotIt": "Lo so già",
  "allWords": "Tutte le parole",
  "savedWords": "Parole salvate",
  "savedPhrases": "Frasi salvate",
  "setVocabLevel_short": "Livello vocabolario",
  "setVocabLevel": "Imposta il livello di vocabolario",
  "changeVocabLevelConfirmation_GT": "Desidera cambiare il livello di vocabolario da <text> a <text>?",
  "changeStudyLevel": "Cambi il livello di vocabolario",
  "currentStudyLevel": "Livello di vocabolario attuale",
  "change": "Modifica",
  "pleaseSelectYourStudyLevelToContinue": "Selezioni il suo livello di vocabolario per continuare",
  "frequency": "Frequenza",
  "alphabetical": "Alfabetico",
  "LEARNING": "In studio",
  "KNOWN": "Conosciuto",
  "SKIPPED": "Non studiare",
  "SKIPPED_short": "Non studiare",
  "knownWords_GT": "Parole conosciute",
  "tag": "Tag",
  "errorLoadingList": "Errore durante il caricamento delle parole",
  "pleaseSelectLanguageOnTop_GT": "Selezioni una lingua qui sopra",
  "xSelected": "<text> selezionate",
  "setLearningStage": "Imposta fase di apprendimento",
  "thisWillAffectXItemsAreYouSure": "Ciò influirà su <text> voci. È sicuro?",
  "yes": "Sì",
  "no": "No",
  "removeItems": "Rimuova le voci",
  "setTag": "Imposti tag",
  "selectAllOrNone": "Seleziona tutto / nessuno",
  "logIn": "Accesso",
  "noItemsFound": "Non è stata trovata nessuna voce",
  "upgrade": "Abbonati",
  "transliterationsJapanese": "Traslitterazioni giapponesi",
  "transliterationsVisibility_GT": "Mostra trascrizioni fonetiche",
  "alwaysShow_GT": "Sempre",
  "hideForKnownWords_GT": "Nascondi per le parole conosciute",
  "hideForMarkedAndKnownWords_GT": "Nascondi per le parole segnate e conosciute",
  "specialWords_GT": "Parole speciali",
  "specialWords_info_GT": "Nomi, luoghi, numeri, ecc.",
  "markedWords_GT": "Parole evidenziate",
  "markWord_GT": "Segna parola",
  "savedWordsMarkingTooltipDesc_GT": "Le parole contrassegnate mantengono il loro stato quando cambia il livello del vocabolario. Appaiono con un contorno.",
  "wordStatus_desc_GT": "Lo status dipende dal livello di vocabolario o dalla valutazione individuale.",
  "wordColors_desc_GT": "Queste impostazioni controllano l'aspetto delle parole nei sottotitoli e nei testi. Nella visualizzazione 'Elementi salvati', viene sempre utilizzata la colorazione completa delle parole.",
  "suggestedWords_desc_GT": "Le parole più utili da imparare per il Suo prossimo passo.",
  "showKnownWordsInGreen": "Mostri le parole conosciute in verde",
  "showMarkedLearningWordsInOrange_GT": "Mostra le parole di apprendimento evidenziate in arancione",
  "showSuggestedWordsInOrange_GT": "Mostra le parole suggerite in arancione",
  "showRareWordsInGrey_GT": "Nascondi parole rare",
  "outline_GT": "Contorno",
  "outlineMarkedWordsInText": "Delinei le parole contrassegnate nel testo",
  "showTagsInText": "Mostri i tag nel testo",
  "showLearningStageButtonsInMiniDictionary": "Mostri i tasti della fase di apprendimento al passaggio del mouse",
  "switchLearningStage_GT": "Alterna parole conosciute / da imparare",
  "switchTags": "Attiva/disattiva etichette",
  "switchLanguage_GT": "Cambia lingua",
  "dictionary": "Dizionario",
  "speakWordOnClick": "Pronunci la parola al clic",
  "basicSettings": "Impostazioni di base",
  "machineTranslationsAvailable": "Traduzioni automatiche disponibili",
  "belowAreWordsOfIncreasingDifficultyDesc": "Di seguito si trovano parole di difficoltà crescente. Clicchi sull'ultima riga dove può capire tutte le parole (scorra per vederle tutte).",
  "iDontKnowAnyWordsYet": "Non conosco ancora nessuna parola.",
  "exampleText": "Testo di esempio:",
  "wordColors_GT": "Colori delle parole",
  "reset_GT": "Ripristina",
  "newChat_GT": "Nuova conversazione",
  "autoCorrectGrammar_GT": "Correzione automatica della grammatica",
  "estimatedNumberOfKnownWords": "Numero stimato di parole conosciute",
  "article": "Articolo",
  "fullText": "Testo completo",
  "textMode": "Testo",
  "myText_GT": "Il mio testo",
  "myTexts_GT": "I miei testi",
  "books_GT": "Libri",
  "pasteAnyTextYouWishToStudyHere": "Incolli qui il testo che desidera studiare",
  "videoFile": "File video",
  "selectVideo": "Selezioni video",
  "selectVideoFile": "Selezioni file video",
  "selectSubtitles": "Selezioni i sottotitoli",
  "subtitlesLanguage": "Lingua dei sottotitoli",
  "save": "Salva",
  "copy": "Copia",
  "copyCurrentSentence": "Copia la frase corrente",
  "wordNotFound": "Parola non trovata",
  "markWhetherYouKnowThisWordDesc": "Indichi se conosce questa parola o meno. Quando contrassegna le parole in arancione (Apprendimento), queste verranno aggiunte alle Sue flashcard.",
  "shortcutRightClick": "Clicchi con il tasto destro del mouse",
  "shortcutMiddleClick": "Clicchi con il tasto centrale del mouse",
  "addTagToAWordDesc": "Può usare le etichette per creare gruppi di parole. Le parole contrassegnate possono essere esportate separatamente. Le etichette possono essere visualizzate come sottolineature colorate, questo può essere controllato nelle impostazioni.",
  "markAsKnown": "Segna come conosciuto",
  "markAsLearning": "Contrassegna come Apprendimento",
  "markedKnown_GT": "Segnato come Conosciuto",
  "markedToLearn": "Contrassegnato da imparare",
  "learningNow": "In fase di apprendimento",
  "learnt": "Appreso",
  "learn": "Imparare",
  "remove": "Rimuovi",
  "noTag": "Nessuna etichetta",
  "examplesSavedItems": "Esempi: elementi salvati",
  "examplesCurrentText": "Esempi: testo attuale",
  "examples": "Esempi:",
  "pleaseSignInToUseThisFeature": "Acceda per utilizzare questa funzione.",
  "pleaseSignInToUseThisFreeFeature": "Acceda per utilizzare questa funzione gratuita.",
  "soThatWeCanSaveYourProgress": "(così possiamo salvare i Suoi progressi)",
  "phrasepumpInfoTooltipShort": "PhrasePump Le offre molte frasi, la cui maggior parte dovrebbe essere in grado di capire. Migliora il Suo vocabolario, le Sue capacità di ascolto e la conoscenza della grammatica.",
  "phrasepumpInfoTooltip": "PhrasePump Le offre molte frasi, la cui maggior parte dovrebbe essere in grado di capire. Migliora il Suo vocabolario, le Sue capacità di ascolto e la conoscenza della grammatica. Le frasi sono selezionate con parole con cui è necessario esercitarsi o che contengono nuove parole da imparare.",
  "fumingRiver": "Lasci che la lingua fluisca attraverso di Lei come un fiume in piena, lasci che scavi i suoi canali nel Suo essere.",
  "itemsDueForReview": "elementi in attesa di revisione urgente",
  "noCardsToStudy": "Nessuna carta da studiare.",
  "tryEnablingMoreStudyModes": "Provi ad abilitare più modalità di studio.",
  "pleaseMarkMoreItemsOrWait": "Contrassegni più elementi da studiare o attenda che arrivi il turno degli elementi esistenti.",
  "statistics": "Statistiche",
  "xCards": "<text> carte",
  "cards": "Carte",
  "cardsPracticedToday": "Carte esercitate oggi",
  "showLast": "Mostra ultimi:",
  "day": "Giorno",
  "week": "Settimana",
  "month": "Mese",
  "threeMonths": "3 mesi",
  "markedToLearnDesc": "Parole e frasi che ha salvato che sono ancora in coda per essere esercitate.",
  "suggestions": "Suggerimenti",
  "suggestionsDesc": "Dopo essersi esercitato con le voci salvate, PhrasePump può suggerirle le parole da imparare.",
  "suggestionsDesc_noMoreLeft": "Non ci sono più suggerimenti da mostrare.",
  "suggestionsDesc_noSuggestionsForLang": "I suggerimenti non sono supportati per questa lingua.",
  "inTheLastXDaysYouStartedToPracticeYItems": "Negli ultimi <text> giorni, ha iniziato a esercitarsi con <text> nuove parole e frasi \"Segnate da imparare\".",
  "inTheLastXDaysYouStartedToPracticeYSuggestedWords": "Negli ultimi <text> giorni, ha iniziato a esercitarsi con <text> nuove parole suggerite.",
  "youArePracticingXItems": "Sta praticando attivamente <text> parole e frasi.",
  "inTheLastXDaysYouHaveLearntYItems": "Negli ultimi <text> giorni ha imparato <text> parole e frasi.",
  "inTheLastXDaysYouHavePracticedYItems": "Negli ultimi <text> giorni ha praticato <text> parole e frasi.",
  "learntDescLearntXItems": "Parole e frasi che probabilmente ricorderà per almeno sei settimane. Ha imparato <text> voci.",
  "halflifeDays_GT": "Tempo di dimezzamento (giorni)",
  "languageSelector": "Selezione lingua",
  "addLanguage": "Aggiungi lingua",
  "dueItems": "Elementi da ripassare:",
  "chooseALanguage": "Scegli una lingua",
  "showContext_GT": "Mostra contesto",
  "add": "Aggiungi",
  "forgot": "Non ricordo",
  "okay": "Conferma",
  "quizzes": "Quiz",
  "suggestedWords": "Parole suggerite",
  "practice": "Pratica",
  "thisIsTheFirstTimeYouArePracticingThisItem": "Questa è la prima volta che si esercita con questo oggetto.",
  "quiz": "Quiz",
  "whatShouldGoInTheGap": "Cosa dovrebbe andare nello spazio vuoto?",
  "useTranslationForHelp": "Usi la traduzione come aiuto.",
  "suggestedWord": "Parola suggerita",
  "wouldYouLikeToLearnThisWord": "Le piacerebbe imparare questa nuova parola?",
  "listeningPractice": "Pratica di ascolto",
  "tryToUnderstandBeforeYouRevealTheText": "Cerchi di capire prima di rivelare il testo.",
  "newItems": "Nuove voci",
  "newWordsTooltip": "La percentuale massima di carte da utilizzare per presentare nuove voci (\"Segnate da imparare\" e \"Suggerimenti\"). Riduca questo valore per fare più pratica con le voci che sta già imparando. Se molte voci devono essere esaminate, la quantità di nuovo materiale presentato sarà ridotta.",
  "sessionSize": "Dimensione della sessione",
  "sessionSizeTooltip": "Numero di carte nella sessione.",
  "reveal": "Mostra risposta",
  "savePhrase": "Salva frase",
  "learningStage": "Fase di Apprendimento",
  "savingWords": "Come salvare le parole",
  "oldSystem": "Vecchio sistema:",
  "newSystem": "Nuovo sistema:",
  "greenKnownOrSuggestedWords": "bianco: parole conosciute e suggerite",
  "orangeMarkedWords": "arancione: parole contrassegnate per l'apprendimento",
  "dictStageTagsPickerDesc": "Qui può contrassegnare se conosce la parola (verde), se la sta imparando (arancione) o se non vuole impararla (grigio). Può anche aggiungere tag, questi vengono visualizzati come sottolineature colorate.",
  "exportFromLanguageReactor": "Esporta da Language Reactor...",
  "viewAll": "Mostra tutto",
  "wordViewNotSupported": "Questa funzione non è attualmente supportata per questa lingua.",
  "green": "verde",
  "yellow": "giallo",
  "red": "rosso",
  "blue": "blu",
  "lastSaved": "Ultimo salvataggio",
  "rank": "posizione",
  "wordList": "Elenco di parole",
  "up1": "In precedenza, ha salvato le parole contrassegnandole con un colore (rosso, verde, giallo, blu). Questa funzionalità è ancora disponibile (ora chiamata \"tag\"), ma i colori sono mostrati come sottolineature sotto la parola. Per impostazione predefinita, facendo clic con il pulsante destro del mouse su una parola non cambia più il colore del tag, ma può configurarlo nelle impostazioni.",
  "up2": "In questo aggiornamento, Language Reactor ora può tracciare per Lei quali parole conosce e per le parole che non conosce, suggerisce se dovrebbe impararle o meno. Ciò consente al software di fare alcune cose utili. Funziona per circa 40 lingue.",
  "up3": "Le parole che conosce o alle quali dovrebbe prestare attenzione sono mostrate in BIANCO.",
  "up4": "Le parole che ha contrassegnato per l'apprendimento sono mostrate in ARANCIONE.",
  "up5": "Le parole rare che non deve imparare ora sono colorate di GRIGIO.",
  "up6": "Queste categorie le chiamiamo \"fasi di apprendimento\".",
  "up7": "Può impostare rapidamente la dimensione approssimativa del Suo vocabolario facendo clic sull'icona di impostazione nel dizionario. Non è necessario contrassegnare ogni parola singolarmente.",
  "up8": "Se ha già molte parole salvate con i colori, può contrassegnarle in blocco con una fase di apprendimento:",
  "up9": "Faccia clic sulla scheda \"Elementi salvati\".",
  "up10": "Faccia clic su \"Parole salvate\".",
  "up11": "Selezioni il colore del tag nel menu a discesa.",
  "up12": "Faccia clic sulla casella di controllo \"seleziona tutto\".",
  "up13": "Selezioni la \"Fase di apprendimento\" che desidera assegnare a queste parole.",
  "up14": "Una volta fatto ciò, potrebbe voler disabilitare le sottolineature colorate per i tag, nella scheda delle impostazioni, per ridurre il rumore visivo durante la visione di film, ecc.",
  "up15": "Se preferisce, non è necessario utilizzare questo sistema di colorazione. Nelle impostazioni, può disabilitare la colorazione delle parole imparando lo stato:",
  "clickToReadMore": "Clicchi per leggere di più",
  "layout_GT": "Disposizione",
  "videoSize_GT": "Dimensione del video",
  "youAreLearning_GT": "Lingua di studio",
  "start_screen": "Inizio",
  "theTextSeemsToBeIn_lang_GT": "Questo testo sembra essere in <text>.",
  "changeSourceLanguageTo_lang_GT": "Passare a <text>?",
  "clearAllHistoryConfirmation_GT": "Cancellare tutta la cronologia di <text>?",
  "chatHomescreenText_1_GT": "Chiacchieri con l'IA, perché, beh, non ha nessuno di meglio con cui parlare?",
  "chatHomescreenText_2_GT": "L'abbiamo reso divertente comunque.",
  "chatPreprompt_label_GT": "Istruzioni per la chat",
  "chatPreprompt_tooltip_GT": "Istruzioni inviate all'IA prima di ogni conversazione",
  "typeTheTextToTranslate_GT": "Inserisca il testo da tradurre",
  "showMiniDictionary_GT": "Mostra mini dizionario",
  "yourMessage_GT": "Il Suo messaggio",
  "other_GT": "Altro",
  "pressAndHoldToRecordVoice_GT": "Tenga premuto per registrare",
  "recording_GT": "Registrazione in corso...",
  "switchBetweenShortcutsAndInputMode_GT": "Cambia modalità scorciatoie/inserimento",
  "pressTabToswitchBetweenShortcutsAndInputMode_GT": "Prema [ESC] per alternare tra scorciatoie e modalità di inserimento",
  "preferredAudioSource_GT": "Sorgente audio preferita",
  "originalAudioWhenAvailable_GT": "Audio originale (se disponibile)",
  "computerAudioTTS_GT": "Sintesi vocale",
  "include_GT": "Includi",
  "noItemsForThisLanguage_GT": "Nessun elemento in questa lingua",
  "startReading_GT": "Inizia a leggere",
  "numberOfPages_GT": "Numero di pagine",
  "nextDocument_GT": "Documento successivo",
  "prevDocument_GT": "Documento precedente",
  "noVerticalView_GT": "Nessuna vista verticale",
  "playbackRate_GT": "Velocità di riproduzione",
  "numPages_GT": "<text> pagine",
  "chapters_GT": "Capitoli",
  "book_GT": "Libro",
  "audioTrack_GT": "Traccia audio",
  "simplifiedVersion_GT": "Versione semplificata",
  "dubbedAudio_GT": "Audio doppiato",
  "dubbedAudioDesc_GT": "Questo video era originariamente in un'altra lingua. Utilizzi il riconoscimento vocale per i sottotitoli che corrispondono all'audio.",
  "rewindForward5s_GT": "Avanti 5s",
  "rewindBack5s_GT": "Indietro 5s",
  "readTheForumPost_GT": "Legga il post del forum",
  "youtubeChannels_GT": "Canali YouTube",
  "channels_GT": "Canali",
  "thisFeatureIsUnderDevelopmentWillBeImprovedSoon_GT": "Questa funzionalità è in fase di sviluppo e sarà migliorata presto.",
  "loadingAudio_GT": "Caricamento audio in corso...",
  "media_GT": "Contenuti",
  "useOurDesktopBrowserExtension_GT": "Utilizzi la nostra estensione per browser desktop quando guarda questi video per funzionalità aggiuntive.",
  "holdDictButtonToRecordVoice_GT": "Tenga premuto il pulsante del dizionario per registrare la voce",
  "showDictRecord_GT": "Dizionario / Registra",
  "text_GT": "Testo",
  "words_GT": "Parole",
  "viewLessFrequentWordsLink_GT": "Visualizzi le parole meno comuni nella pagina Parole Evidenziate",
  "newText_GT": "Nuovo testo",
  "untitledText_GT": "Testo senza titolo",
  "title_GT": "Titolo",
  "pleaseEnterSomeText_GT": "Inserisca del testo per continuare",
  "saving_GT": "Salvataggio in corso...",
  "theTextSeemsToBeIn_lang_whileYourLangIs_GT": "Il testo sembra essere in <text>, mentre la Sua lingua di studio attuale è <text>.",
  "hideSubtitle_GT": "Nascondi sottotitoli",
  "translationThenSubtitle_GT": "Traduzione poi sottotitolo",
  "subtitleThenTranslation_GT": "Sottotitolo poi traduzione",
  "vocabLevel_GT": "Livello di vocabolario",
  "selection_GT": "Selezione",
  "preview_GT": "Anteprima",
  "noTextWasSelected_GT": "Nessun testo selezionato",
  "nViews_GT": "<text> visualizzazioni",
  "viewCount_GT": "Visualizzazioni",
  "date_GT": "Data",
  "areYouTheOwnerYoutube_GT": "È Lei il proprietario di questo canale YouTube?",
  "nVideos_GT": "<text> video",
  "clearFilters_GT": "Rimuovi filtri",
  "recommendedChannels_GT": "Consigliati",
  "popularChannels_GT": "Popolari",
  "allChannels_GT": "Tutti i canali",
  "channel_GT": "Canale",
  "lexaAiAssistantPrompts_placeholder_example_GT": "Spiegazione: Per favore, spieghi l'uso della parola <WORD> in questa frase: <CONTEXT>\nEsempi: Per favore, fornisca altri esempi con la parola <WORD> come usata in questa frase: <CONTEXT>",
  "updateHistory_GT": "Cronologia aggiornamenti",
  "recentAppUpdates_GT": "Aggiornamenti recenti",
  "moreInfo_GT": "Maggiori informazioni",
  "continue_GT": "Continua",
  "podcasts_GT": "Podcast",
  "allPodcasts_GT": "Tutti i podcast",
  "podcast_GT": "Podcast",
  "hidden_GT": "Nascosto",
  "lexaAiAssistant_GT": "Assistente AI Lexa",
  "lexaAiAssistantInfo_GT": "Lexa può rispondere a domande su parole e frasi nel materiale che sta studiando.\n\nPuò modificare le domande nelle impostazioni di Language Reactor.\n\nLa modalità Pro utilizza un modello più intelligente che potrebbe fornire risposte migliori.",
  "lexaAiAssistantPrompts_GT": "Suggerimenti dell'Assistente AI Lexa",
  "lexaAiAssistantPrompts_tooltip_GT": "Può modificare questi suggerimenti (domande), ma deve rispettare il formato:\n\n[Titolo Scheda]: [Suggerimento]\n[Titolo Scheda]: [Suggerimento]\necc.\n\nIl [Suggerimento] può contenere i segnaposto speciali <WORD> e <CONTEXT>.\n\nPuò usare qualsiasi lingua per scrivere il suggerimento. Quando una domanda viene inviata a Lexa, questo testo sarà aggiunto all'inizio: Risponda alle domande per uno studente che sta imparando [lingua di studio]. Scriva la Sua risposta in [lingua di traduzione].",
  "hold_GT": "Tenga premuto",
  "invalidFormat_GT": "Formato non valido",
  "howToUseTouch_GT": "Guida ai controlli touch",
  "removeThisMessageAndFollowingOnes_GT": "Rimuovi questo e i messaggi successivi",
  "install_GT": "Installa",
  "refresh_GT": "Aggiorna",
  "lexaAiAssistantPrompts_tooltip_intro_GT": "Lexa appare sopra il dizionario quando Lei clicca su una parola",
  "homepage_blurb": "🚀 Un laboratorio per scoprire, comprendere e imparare dai contenuti originali. ✨ Viva un approccio coinvolgente che non è solo efficace, ma entusiasmante! 🔥",
  "homepage_formerly_lln": "Precedentemente conosciuto come Language Learning with Netflix",
  "homepage_cardBodyNetflix": "L'estensione del browser trasforma i Suoi programmi preferiti in lezioni di lingua! 🍿 La modalità Pro attiva il riconoscimento vocale e la traduzione automatica per una comprensione senza interruzioni. 🌍",
  "homepage_cardBodyYoutube": "Migliaia di canali YouTube su qualsiasi argomento possa immaginare! 🧠 Sviluppi la Sua comprensione con la lingua autentica nel suo contesto. Esplori il nostro catalogo selezionato! 🎧",
  "homepage_cardBodyFSI": "Si metta alla prova con programmi di formazione governativi collaudati. Segua esercizi strutturati di conversazione che costruiscono una vera padronanza linguistica. 💪 Potenzi questi metodi classici con gli strumenti moderni di Language Reactor.",
  "homepage_cardTitleWhatToLearn": "Cosa Imparare",
  "homepage_cardBodyWhatToLearn": "Si alleni in modo intelligente, non faticoso! 🏃‍♂️ Language Reactor Le suggerisce le parole fondamentali per il Suo percorso di apprendimento, aiutandoLa a concentrarsi su ciò che conta davvero.",
  "homepage_cardBodyPhrasePump": "PhrasePump è principalmente un esercizio di ascolto. 🎧 Le frasi sono selezionate per rinforzare le parole salvate da ripassare, e viene introdotto nuovo vocabolario. Ideale sia per principianti che per studenti di livello avanzato.",
  "homepage_cardBodyAria": "Le presentiamo Aria: la Sua compagna di studio arguta e brillante. È in parte insegnante, in parte commediante, e sempre pronta con una risposta intelligente. 💬 Riceva correzioni immediate, esplori innumerevoli argomenti e acquisti sicurezza al Suo ritmo. 💡",
  "homepage_cardTitleProMode": "Pro Mode - Facoltativo!",
  "homepage_cardBodyProMode": "Language Reactor offre già numerose funzionalità gratuite. La modalità Pro aggiunge un tocco speciale alla Sua esperienza. ✨",
  "homepage_cardTitleBooksAndWebsites": "Libri e Siti Web",
  "homepage_cardBodyBooksAndWebsite": "Importi qualsiasi pagina web in Language Reactor. O carichi i Suoi libri preferiti! Ascolti con la sintesi vocale. 🎯",
  "clickHereToUseKeyboardControls": "Clicchi qui per usare i controlli della tastiera",
  "uiLanguage_GT": "Lingua dell'interfaccia",
  "videoFileIntro_GT": "Può caricare un file video e un file di sottotitoli (SRT), Language Reactor creerà una traduzione per Lei. Al momento, questa funzione supporta solo i formati video compatibili con il Suo browser, altri formati potrebbero non mostrare immagini.",
  "powerfulToolbox": "Language Reactor è un potente strumento per l'apprendimento delle lingue.",
  "discoverUnderstandLearn": "Ti aiuta a scoprire, capire e imparare dai materiali locali.",
  "effectiveInterestingEnjoyable": "Studiare diventerà più efficace, interessante e divertente!",
  "extensionAddsNetflixFeatures": "Mentre guardi film e serie sul sito Web Netflix, l'estensione aggiunge sottotitoli in doppia lingua, un dizionario popup, controlli precisi per la riproduzione video e molte altre funzionalità!",
  "thousandsOfChannels": "Migliaia di canali da guardare che trattano qualsiasi argomento tu possa immaginare! Sviluppa la tua comprensione con un linguaggio autentico nel contesto.",
  "booksAndWebsites": "Libri e siti web",
  "importTextTranslationTTS": "Importa testo, Language Reactor aggiungerà una traduzione automatica nella tua lingua e leggerà il testo con una sintesi vocale super realistica. (Prossimamente)",
  "intelligentFeeding": "Alimentazione automatizzata e intelligente dei contenuti linguistici. Seleziona il tuo livello di lingua e goditi il viaggio.",
  "whatToLearn": "Cosa studiare",
  "suggestVocab": "Language Reactor può suggerirti su quale vocabolario concentrarti e cosa saltare, così puoi accelerare i tuoi progressi!",
  "highlightWhenAppear": "Salva le parole che vorresti imparare, saranno evidenziate ogni volta che appaiono.",
  "homepage_sectionTitleLearn": "Impara da Ciò che Ami",
  "homepage_sectionSubtitleLearn": "Language Reactor La aiuta a trovare contenuti adatti al Suo livello e ai Suoi interessi",
  "homepage_cardTitleYoutube": "YouTube e Podcast",
  "homepage_sectionTitleSuperpowers": "Superpoteri Linguistici",
  "homepage_sectionSubtitleSuperpowers": "Rendi comprensibile qualsiasi contenuto",
  "homepage_cardTitleBilingualSubs": "Sottotitoli bilingue",
  "homepage_cardBodyBilingualSubs": "Alleni l'orecchio al parlato autentico mentre vede entrambe le lingue. Scopra come i significati si collegano tra loro. 👂",
  "homepage_cardTitlePlayback": "Controlli di riproduzione precisi",
  "homepage_cardBodyPlayback": "⚡ Metta in pausa. Controlli la velocità di riproduzione. 🎮 Navighi i video usando scorciatoie da tastiera e gesture. Pausa automatica dopo ogni sottotitolo con ripetizione fino al clic. 🖱️",
  "homepage_cardTitleDictionary": "Dizionario e Lexa AI",
  "homepage_cardBodyDictionary": "🔍 Tocchi qualsiasi parola per traduzioni immediate. Frasi esempio autentiche con audio incluso. 🎧 Spiegazioni contestuali dell'uso delle parole basate su IA. 🌱 Personalizzabile per visualizzare informazioni aggiuntive!",
  "homepage_sectionSubtitleMaster": "Un kit completo per il vocabolario",
  "homepage_cardTitleSmartHighlighting": "Evidenziazione Intelligente",
  "homepage_cardBodySmartHighlighting": "Salvi una parola una volta e la ritrovi ovunque, in ogni sua forma. Language Reactor riconosce plurali, coniugazioni verbali e forme correlate. Rafforzi naturalmente il Suo apprendimento attraverso tutti i contenuti.",
  "homepage_cardTitleExportAnki": "Esporta in Anki",
  "homepage_cardBodyExportAnki": "Usa già Anki? 📤 Esporti schede mnemoniche su Anki con screenshot e clip audio.",
  "homepage_sectionTitlePractice": "La perfezione viene con l'esercizio",
  "homepage_sectionSubtitlePractice": "Trasformi il Suo apprendimento da passivo ad attivo",
  "homepage_cardBodyPhoneTablet": "Language Reactor funziona anche sul Suo telefono e tablet. Lavoriamo costantemente per migliorarlo.",
  "homepage_cardTitlePhoneTablet": "Telefono e Tablet",
  "homepage_sectionTitleMaster": "Padroneggia Ogni Parola e Frase",
  "homepage_cardTitleExtension": "Estensione del Browser",
  "homepage_cardBodyExtension": "Sui computer desktop, installi l'estensione del browser per attivare le funzionalità di Language Reactor durante la visione dei video su Netflix e YouTube, e per importare pagine web!",
  "pleaseRefreshAfterChanges": "Si prega di aggiornare dopo le modifiche:",
  "pdfsInThisCourseOnlyOnDesktop": "I PDF di questo corso possono essere visualizzati solo su desktop.",
  "noAudioFiles": "Nessun file audio",
  "proFeatures_intro": "Liberi tutto il potenziale del Suo percorso di apprendimento linguistico con le funzionalità di Language Reactor Pro! 🚀📚",
  "proFeatures_netflixTitle": "Riconoscimento Vocale e Traduzione Automatica (Netflix)",
  "proFeatures_netflixFree": "Utilizzi i sottotitoli forniti da Netflix. 🍿",
  "proFeatures_netflixPro": "🎤 Usufruisca del riconoscimento vocale per tutte le tracce audio. Sottotitoli accurati per l'audio doppiato nelle Sue serie preferite! 🎬 Le traduzioni automatiche sono più letterali, per comprendere meglio il materiale originale. 🌍",
  "proFeatures_saveWordsTitle": "Salva Parole e Frasi",
  "proFeatures_saveWordsFree": "Salvi parole e frasi mentre usa la funzione PhrasePump. 📝",
  "proFeatures_saveWordsPro": "Salvi parole e frasi in tutte le funzionalità di Language Reactor. Personalizzi il Suo apprendimento in base ai Suoi interessi e alle lacune nel vocabolario. Le parole salvate vengono evidenziate in tutte le funzionalità di Language Reactor e possono essere esportate in Anki! 📈✨",
  "proFeatures_lexaTitle": "Dizionario Lexa AI",
  "proFeatures_lexaFree": "Ottenga spiegazioni con un modello di intelligenza artificiale base. 🤖",
  "proFeatures_lexaPro": "Benefici di un modello di IA potenziato con conoscenze più ampie, in grado di rispondere efficacemente a domande più complesse! 🧠🌐",
  "proFeatures_supportTitle": "Sostieni gli sviluppatori",
  "proFeatures_supportDetails": "Il Suo supporto ci permette di continuare a migliorare Language Reactor e di offrirLe nuove funzionalità! ❤️",
  "youCanSubscribeAgainAfterTheEndOfThisPeriod": "Potrà sottoscrivere nuovamente l'abbonamento al termine di questo periodo.",
  "tipHoldTheDictionaryButtonToRecordVoice": "Suggerimento: Tenga premuto il pulsante del dizionario per registrare la voce",
  "sentenceOrTextSource": "Fonte",
  "homepage_cardTitleLanguageSupport": "🌍 Ampio Supporto Linguistico",
  "homepage_cardBodyLanguageSupport": "Impari da contenuti in più di 40 lingue! 🔤 Visualizzi le traslitterazioni per le lingue con sistemi di scrittura diversi. 👀 Nasconda i sottotitoli fino al passaggio del cursore: perfetto per affinare le Sue capacità di ascolto.",
  "additional15DiscountUntil5thJanuary2025": "Sconto aggiuntivo del 15% fino al 5 gennaio 2025. Utilizzi il codice 'turtle' durante il pagamento. 🎅",
  "includeDubbedAudioNF": "Includi audio doppiato",
  "phrasepumpNeedsImprovementForLang": "PhrasePump necessita ancora miglioramenti per la lingua:",
  "addToHomeScreen": "Aggiungi alla schermata Home",
  "textToSpeechVoiceNotAvailableForThisLangError": "Sintesi vocale non disponibile per questa lingua. Provi a installare pacchetti linguistici aggiuntivi per il Suo sistema (se disponibili).",
  "textToSpeechInSafariNotGreatTryEdgeOrChrome": "La sintesi vocale nel browser Safari non è ottimale. Provi a installare Microsoft Edge o Chrome per una qualità migliore delle voci.",
  "dueForReview": "Da ripassare",
  "signInWithGoogle": "Accedi con Google",
  "allServersRunningNormally": "Tutti i server funzionano normalmente.",
  "clearHistory": "Cancella",
  "copiedText": "Copiato:",
  "loadingText": "Caricamento testo...",
  "installChromeExtension": "Installa l'estensione Chrome",
  "itemsRemoved": "Elementi rimossi",
  "removingItemsFailed": "Rimozione elementi non riuscita.",
  "itemsUpdated": "Elementi aggiornati",
  "autopauseNotAvailableOnYoutube": "Pausa automatica non disponibile su YouTube.",
  "sideBySideLayout": "Affiancato",
  "overAndUnderLayout": "Sopra e sotto",
  "youAlsoHaveItemsInOtherLanguages": "Ha anche elementi salvati in altre lingue. Modifichi la lingua nelle impostazioni per visualizzarli.",
  "otherLanguages": "Altre lingue",
  "paymentsAreCurrentlyNotSupportedInYourCountry": "Le transazioni non sono attualmente disponibili nel Suo paese.",
  "titles_header": "Titoli",
  "sources_header": "Fonti",
  "holdTheButtonToRecord": "Tenga premuto il pulsante per registrare",
  "noOption": "Nessuna opzione",
  "learningResources": "Risorse",
  "deleteMyData": "Elimina i miei dati",
  "deleteMyData_confirmationMessage": "Questa azione eliminerà in modo irreversibile tutte le Sue impostazioni, gli elementi salvati, la cronologia delle esercitazioni, i contenuti multimediali e i testi. È sicuro?",
  "advancedActions": "Azioni avanzate",
  "successDone": "Operazione riuscita!",
  "qKey": "Pausa automatica",
  "rKey": "Salva sottotitolo corrente",
  "copyKey": "Copia la frase corrente",
  "unknownRank": "Frequenza sconosciuta",
  "mostFrequentWord": "parola più frequente",
  "studyStore_errorSavingCardStats": "Errore durante il salvataggio delle statistiche della carta.",
  "studyStore_errorSavingCardRating": "Errore nel salvare la valutazione della carta.",
  "studyStore_loginNoLongerValid": "L'accesso non è più valido, La preghiamo di ricaricare la pagina.",
  "studyStore_tooltip_extraPracticeSentence": "Questa frase non viene mostrata per una parola salvata in particolare. È un esercizio extra per migliorare la Sua comprensione all'ascolto e la conoscenza della grammatica.",
  "studyStore_tooltip_savedInYoutube": "Salvato nel video Youtube: ",
  "studyStore_tooltip_savedInNetflix": "Salvato nel video Netflix: ",
  "studyStore_extraPracticeIndicator": "[pratica extra]",
  "studyStore_errorLoadFlashcardMetadataFailed": "Impossibile caricare i metadati delle flashcard.",
  "studyStore_errorLoadPracticeItemsFailed": "Impossibile caricare gli elementi di pratica.",
  "studyStore_errorLoadAudioFailed": "Impossibile caricare l'audio.",
  "studyStore_errorGettingAudio": "Errore durante il caricamento dell'audio: ",
  "savedItemsStore_errorTooManyItems": "Ha troppi elementi",
  "savedItemsStore_errorSavingItem": "Errore durante il salvataggio dell'elemento.",
  "savedItemsStore_errorUpdatingItemsFailed": "Aggiornamento degli elementi non riuscito.",
  "savedItemsStore_errorFailedToRemoveItem": "Impossibile rimuovere l'elemento.",
  "savedItemsStore_devError_itemNotFoundForSetStudied": "L'elemento salvato non esiste: ",
  "mediaStore_errorFailedToGetPlaylistInfo": "Impossibile ottenere le informazioni della playlist.",
  "mediaStore_errorFailedToGetDocumentInfo": "Impossibile ottenere le informazioni del documento.",
  "mediaStore_errorDocNotFoundInPlaylist": "Documento non trovato nella playlist.",
  "userDataStore_errorFailedToSaveUserData": "Impossibile aggiornare le impostazioni salvate.",
  "userDataStore_errorUpdatingSavedItemKeys": "Impossibile recuperare gli elementi salvati.",
  "chatStore_errorNannyRefusedMessage": "Il servizio di chat non ha potuto elaborare il Suo messaggio. La preghiamo di riformularlo.",
  "chatStore_errorQuotaExceededPro": "Quota chat esaurita, riprovi domani.",
  "chatStore_errorAsrFailed": "Impossibile elaborare il Suo messaggio, La preghiamo di riprovare.",
  "chatStore_errorGettingChatMessages": "Errore durante il recupero dei messaggi chat.",
  "chatStore_errorQuotaExceededMachine": "Quota chat esaurita. Controlli il Suo abbonamento o riprovi più tardi.",
  "chatStore_errorQueueFull": "Ci dispiace, i server sono al momento al massimo della capacità, stiamo lavorando per risolvere il problema.",
  "chatStore_infoProUsersPriorityAccess": "Gli utenti Pro hanno accesso prioritario.",
  "chatStore_errorLoadingConversationLangMismatch": "Errore durante il caricamento della conversazione: Le impostazioni della lingua non corrispondono.",
  "chatStore_placeholderEnterWordsHere": "[inserisca le parole qui]",
  "notifications_prefixNetworkError": "Errore di rete, controlli la connessione WiFi. ",
  "notifications_prefixNotFound": "Errore: Non trovato. ",
  "notifications_prefixBadRequest": "Errore del software, La preghiamo di riprovare più tardi. ",
  "notifications_prefixTokenError": "Errore di accesso, effettui nuovamente il login. ",
  "notifications_prefixServerError": "Errore del server, La preghiamo di riprovare più tardi. ",
  "notifications_prefixNotProUser": "Le funzionalità Pro non sono più disponibili. ",
  "notifications_prefixRateLimitExceeded": "Limite di richieste superato. Riprova più tardi. ",
  "mediaDocPodcast_errorTimeoutDownloadingAudio": "Timeout durante il download dell'audio dall'URL.",
  "media_errorLoadingMediaTranslations": "Errore durante il caricamento delle traduzioni dei contenuti multimediali.",
  "media_errorAsrQuotaExceeded": "Ha superato il limite giornaliero per l'elaborazione audio. La preghiamo di riprovare domani.",
  "media_errorAsrQueueFull": "Il server di elaborazione audio è occupato. La preghiamo di riprovare più tardi.",
  "media_errorLoadingAsr": "Errore durante il caricamento del riconoscimento vocale.",
  "media_errorAsrTooLong": "Il riconoscimento vocale sta impiegando troppo tempo. La preghiamo di riprovare più tardi.",
  "media_errorLoadingNlpData": "Errore durante il caricamento dei dati NLP.",
  "mediaDocText_errorFetchingPageTranslations": "Errore durante il recupero delle traduzioni della pagina.",
  "mediaDocText_errorFetchingTextInfo": "Errore durante il recupero delle informazioni del testo.",
  "mediaDocText_errorFetchingPageNlp": "Errore durante il recupero della pagina NLP.",
  "mediaDocText_errorFetchingPageTts": "Errore durante il recupero dell'audio della pagina.",
  "media_errorLoadingMediaMetadata": "Errore durante il caricamento dei metadati del contenuto.",
  "media_errorFetchingSubtitlesForVideo": "Errore durante il recupero dei sottotitoli del video.",
  "media_errorAsrNotAvailableForVideo": "Il riconoscimento vocale non è disponibile per questo video.",
  "media_errorFetchingVideoTranslations": "Errore durante il recupero delle traduzioni del video."
}