{
  "langCode": "ja",
  "appNameTr": "Language Reactor",
  "appName": "Language Reactor",
  "appDesc": "学習したい言語で映画やドラマを鑑賞して、効果的に楽しく自分で言語スキルを向上させましょう。",
  "catalogue": "カタログ",
  "catalogue_tooltip": "Language Reactorの使用に適した映画やドラマを検索します。",
  "help": "ヘルプ",
  "help_tooltip": "使用方法とヒントをご覧ください。",
  "feedback": "フィードバックを送る",
  "feedback_tooltip": "何か問題がありますか？機能のリクエストですか？",
  "facebook": "Facebook",
  "facebook_tooltip": "ページを「いいね！」して、最新ニュースをチェックしましょう。",
  "originalLanguage_label": "原作の言語：",
  "originalLanguage_tooltip": "この Netflix 映画の原語",
  "noDictionary_error": "Language Reactor拡張機能は、まだ<text>の辞書使用に対応していません。この機能は近日中に利用可能になります。",
  "subtitleLanguage_label": "Netflix字幕言語",
  "subtitleLanguage_tooltip": "これは選択したNetflix字幕言語です。",
  "subtitlesNotLoaded_error": "Netflixの字幕が読み込まれませんでした。Netflixの再生メニューで字幕言語が選択されていますか？",
  "subtitlesNoMatchAudio_error": "選択したNetflix字幕（<text>）が音声と一致しません。Netflixの再生コントロールでタイトルの原文言語（<text>）を設定するか、Language Reactorカタログで学習したい言語の推奨タイトルを検索してください。",
  "subtitlesNoMatchAudio_ASR_error_GT": "<text>の字幕が音声と一致していません。Netflixの再生設定で元の言語の字幕（<text>）に切り替えるか、Language Reactorカタログで目標言語に適したタイトルをお探しください。または、音声認識（ASR）トラックをご利用ください。",
  "audioNoMatchSubtitles_error": "選択したNetflixオーディオトラック（<text>）は字幕と一致しない可能性があります。Netflixの再生コントロールでタイトルの原文言語（<text>）に設定するか、Language Reactorカタログで学習したい言語の推奨タイトルを検索してください。",
  "audioLanguage_label": "Netflixオーディオ言語",
  "audioLanguage_tooltip": "これは選択したNetflixオーディオトラックの言語です。",
  "pleaseSelectSubtitles": "- Netflixプレーヤーで字幕を選択してください -",
  "pleaseSelectSubtitlesYoutube": "- Youtubeプレーヤーで字幕を選択してください -",
  "loadingSubtitles": "- 字幕を読み込んでいます、お待ちください... -",
  "loadingTranslations": "翻訳を読み込んでいます...",
  "firstSubtitleNotReached": "- 最初の字幕はまだ始まっていません。 -",
  "errorApology_OLD": "Language Reactorでエラーが発生しました。開発者に通知されています。ページを再読み込みするか、24時間後にもう一度お試しください。ご不便をおかけして申し訳ありません。最新情報はFacebookページでご確認ください。エラーメッセージ：<text>",
  "openClose_tooltip": "Language Reactorを開閉します。",
  "vocabHighlight_label": "語彙のハイライト",
  "levelWithNumber": "レベル<text>：<text>単語",
  "levelDisable": "レベル<text>：無効",
  "translationLanguage_label": "翻訳言語",
  "translationLanguage_tooltip": "これは翻訳言語です。あなたの母国語に設定してください。",
  "showMachineTranslation_label": "機械翻訳を表示する",
  "showMachineTranslation_tooltip": "あなたの言語で原文字幕の機械翻訳を表示します。",
  "showHumanTranslation_label": "人間による翻訳を表示",
  "showHumanTranslation_tooltip": "利用可能な場合、原文の字幕をあなたの言語に翻訳した人間による翻訳を表示します。",
  "slowSpeechSegments": "音声をゆっくり再生",
  "slowSpeechSegments_tooltip": "字幕が表示されているときは、理解しやすくするためにビデオの再生速度を遅くします（0.8倍）。",
  "keyboardShortcuts": "キーボードのショートカット：",
  "previous": "前",
  "next": "次",
  "previousSub": "前の字幕",
  "nextSub": "次の字幕",
  "play": "再生",
  "playPause": "再生/一時停止",
  "repeat": "繰り返す",
  "infiniteRepeat": "無限リピート",
  "alsoUseASD": "使用可能：A、S、D、スペース",
  "autoPause": "自動一時停止",
  "autoPause_tooltip": "字幕が終了するごとに自動的に再生を一時停止します。",
  "none": "無し",
  "nms_tip": "言語を学習中ですか？Netflixで言語を勉強するための新しい拡張機能を試してみましょう。",
  "welcomeModal_line1_string": "ユーザーの皆様へ",
  "welcomeModal_line2_string": "拡張機能の大規模なアップデートを行いました。新機能をお楽しみいただければ幸いです：",
  "welcomeModal_line3_string": "字幕をビデオの上に表示できるようになりました。",
  "welcomeModal_line4_string": "すべての字幕を表示するための追加サイドパネル。",
  "welcomeModal_line5_string": "アジア言語のサポートが向上しました。",
  "proFeatures_line1_string": "「プロ」モードでは追加機能が利用できます。",
  "proFeatures_line2_string": "機械翻訳",
  "proFeatures_tt2_string": "これらは元の字幕の意味にほぼ近いです。語学を学ぶ学生には大いに役立ちます。",
  "proFeatures_line3_string": "単語やフレーズを保存する",
  "proFeatures_tt3_string": "保存した単語はすべての字幕でハイライト表示されます。これはあなたの学習を整理するのに役立ちます。保存された単語やフレーズはAnki（フラッシュカードプログラム）にエクスポートすることができます。",
  "proFeatures_line4_string": "ダビング映画の字幕",
  "proFeatures_tt4_string_GT": "Netflixの多くの作品には他の言語の音声トラック（吹き替え音声）がありますが、その音声に合った字幕がありません。Language Reactorは音声から字幕を作成できるので、例えばBreaking Badをドイツ語で学習することができます。",
  "proFeatures_line5_string": "開発者をサポートする",
  "proFeatures_tt5_string": "拡張機能の改善と新機能の提供に向けて、懸命に取り組んでいます。",
  "price_string": "月額料金は：",
  "welcomeModal_line6_string": "自動翻訳はこれまでは無料でしたが、これは提供に費用が掛かるサービスです。ご理解ください。",
  "useForFree_line_string": "これらの機能を1週間無料でご利用いただけます。",
  "useForFree_twoWeeks_line_string": "これらの機能を2週間無料でご利用いただけます。",
  "useProForFreeTwoWeeks_string": "Proの機能は2週間無料で使用することができます。",
  "notNow_btn_string": "今はしません",
  "continueWithGoogle_btn_string": "Googleアカウントで続ける",
  "trialBegunModal_body_string": "「Pro」機能が有効になりました。",
  "ok_btn_string": "OK",
  "prePaymentModal_line1_string": "引き続き「Pro」機能を使用するよう登録してください。",
  "choosePaymentProvider_line_string": "お支払い方法を選んでください：",
  "payWithGoogle_btn_string": "クレジットカードが使えます。",
  "payWithPaddle_btn_string": "クレジットカードとPaypalが利用できます。",
  "christmasSale_GT": "1月1日まで20%オフです",
  "youPayEveryMonth_GT": "月額料金：",
  "or_GT": "または",
  "youPayEvery3Months_GT": "3ヶ月分のお支払い:",
  "youPayEveryYear_GT": "年間プラン：",
  "oneMonth_GT": "1ヶ月",
  "threeMonths_GT": "3ヶ月",
  "oneYear_GT": "1年",
  "subscriptionLabel_GT": "サブスクリプション。お支払い後、自動更新を希望されない場合はキャンセルできます。",
  "choose_GT": "選択",
  "paymentSuccessful_line1_string": "支払い完了！このプロジェクトへの支援に感謝します！",
  "paymentSuccessful_line2_string": "あなたは設定から​​いつでもあなたの購読をキャンセルすることができます。",
  "paymentSuccessfulPaddleMessage_line_string": "注意：お支払いの手動確認が必要な場合は、数時間お待ちください。その後、「Pro」モードが自動的に有効になります。遅延についてご了承ください。",
  "cancelGoogle_line_string": "注：[Pro]モードは、前回の支払いから30日間有効です。",
  "cancelSubscription_btn_string": "購読をキャンセル",
  "problemWithPayment_line1_string": "定期購入の支払いに問題がありました。",
  "problemWithPayment_line2_string": "お支払い情報を更新したら、このウィンドウを再読み込みしてください。",
  "updatePayment_btn_string": "支払い情報を更新する",
  "alreadyUserPleaseSignIn": "すでにユーザーですか？サインインしてください。",
  "pleaseSignIn": "サインインしてください。",
  "pleaseSignInOrRegister": "追加機能をご利用いただくにはログインまたは登録してください。",
  "noCreditCardInfoNoChargeAfterTrial": "クレジットカード情報は必要ありません。トライアル後、その時点でサブスクリプションをご利用いただくよう選択されない限り料金は発生しません。",
  "signIn": "サインイン",
  "signOut": "サインアウト",
  "options": "オプション",
  "mode": "モード：",
  "manageSubscription": "購読を管理する",
  "mode_free": "無料",
  "mode_basic": "基本モード",
  "mode_pro": "プロ",
  "signInStatus": "サインインステータス：",
  "signedIn": "ログインしました",
  "notSignedIn": "サインインしていません",
  "fix": "修正する",
  "featureComingSoon": "近日公開予定の機能です。",
  "showTransliterations": "音訳を表示",
  "noTransliterations": "音訳なし",
  "romaji": "Original + Romaji",
  "hiragana": "Original + Hiragana",
  "romajiOnly": "ローマ字",
  "hiraganaOnly": "ひらがな",
  "withOriginalForm": "オリジナルの形で",
  "transliterationsOnly": "字訳のみ",
  "hideTransliterationsForKnownWords_GT": "既知の単語のローマ字表記を非表示にする",
  "playbackSpeed": "再生スピード",
  "normal": "通常",
  "notAvailable": "利用不可。",
  "noHTAvailable": "選択した言語の人間による翻訳は利用できません。",
  "noMTAvailable": "自動翻訳は、映画のオリジナルの字幕でのみ利用できます。",
  "proFeature": "プロ機能",
  "saveCurrentSubtitle": "現在の字幕を保存",
  "toggleAutoPause": "自動一時停止を切り替える",
  "exportToAnki": "Ankiにエクスポート",
  "pleaseSelectItemsToExport": "エクスポートするアイテムを選択してください：",
  "allItems": "全てのアイテム",
  "download": "ダウンロード",
  "subtitles": "字幕",
  "words": "単語",
  "savedItems_short": "保存したアイテム",
  "savedItems": "保存したアイテム",
  "saved": "保存済み",
  "allLanguages": "すべての言語",
  "allTypes": "すべての種類",
  "yellowWords": "黄色い言葉",
  "blueWords": "青い言葉",
  "greenWords": "緑色の言葉",
  "purpleWords": "紫の言葉",
  "redWords": "赤い言葉",
  "phrases": "フレーズ",
  "noSavedItems": "保存された商品はありません。",
  "clickAStar": "字幕を保存するには星をクリックし、単語を保存するには辞書のカラーボタンをクリックします。",
  "loadingDotDotDot": "読み込み中...",
  "showMore": "もっと表示する",
  "openCloseBottomPanel": "底部パネルの開閉",
  "openCloseVerticalView": "縦ビューの開閉",
  "close": "閉じる",
  "autoPaused": "自動停止中",
  "pressSpaceToContinue": "(続けるにはスペースキーを押してください)",
  "saveWordTooltip": "言葉を保存します。単語を右クリックして保存することもできます。",
  "subscriptionToProFeatures": "「Pro」機能のサブスクリプション。",
  "tryForFree": "無料で試す",
  "noCreditCardRequired": "クレジットカードは不要です。",
  "noCharge": "他社とは違い、試用期間中は料金は発生しませんし、また自動的にサブスクリプションが更新されることもありません。",
  "subscriptionActive": "ご利用中のプランは有効です。",
  "speedUpPlayback": "再生速度を上げる",
  "slowDownPlayback": "再生速度を落とす",
  "highlightSavedWords_label": "保存した単語のハイライト表示",
  "onRightClick_label": "右クリック時",
  "onLongPress_label_GT": "長押しの動作",
  "suggestedToKnownWordsRatio_label_GT": "既知語と推奨語の比率",
  "showVV_label": "字幕リストを表示",
  "showSubsBelowVideo_label": "動画の下部に字幕を表示",
  "otherPossibleTranslations": "考えられる別の翻訳",
  "doNothing_option": "何もしない",
  "showDict_option": "辞書を表示する",
  "showDictSpeak_option": "辞書を表示して単語を読み上げる",
  "speakWord_option": "単語を発音",
  "saveWord_option": "単語を保存する",
  "removeAllItems": "すべて削除",
  "areYouSure": "よろしいですか?",
  "hideTranslation": "訳を非表示",
  "hideTranslation_tt": "再生中は翻訳を非表示にします。テキストをクリックするか[e]キーを押すと翻訳が表示されます。",
  "littlePracticeEveryDay": "言語学習には毎日少しずつ練習が必要です。",
  "enableLln": "Language Reactor を有効にする",
  "doYouLikeOurExtension": "Language Reactor をお気に入りいただけていますか？",
  "reportBug": "バグを報告",
  "translationNotFound": "翻訳が見つかりません。",
  "usageExamples": "使用例",
  "userDefinedExternalDict_label": "ユーザー辞書のURL",
  "turnOnOff": "オン/オフ",
  "fontSize_label": "フォントサイズ",
  "extraSmall": "超小型",
  "small": "小",
  "large": "大",
  "extraLarge": "特大",
  "removeSubtitle": "削除",
  "settings": "設定",
  "subtitleLanguage_label_yt": "YouTube字幕言語",
  "subtitleLanguage_tooltip_yt": "これは選択したYouTube字幕言語です。",
  "subtitlesNotLoaded_error_yt": "YouTubeの字幕が読み込まれませんでした。YouTubeの再生メニューで字幕言語が選択されていますか？",
  "exportAsJson": "JSON形式でエクスポート",
  "exportAsCsv": "CSV形式でエクスポート",
  "exportAsExcel": "Excel形式でエクスポート",
  "overrideArrowKeys_label": "矢印キーを上書き",
  "overrideArrowKeys_tt": "キーボードの矢印キーの動作をA、S、Dのキーと同じにします",
  "changelist": "変更リスト",
  "print": "印刷",
  "export": "エクスポート",
  "appDescYoutube": "目標言語の動画を見ながら、楽しく効果的に語学力を伸ばしましょう。",
  "externalDictsMessage": "外部辞書機能です。単語をクリックする時にShiftキーを押すと、最後に使用した外部辞書を直接開くことができます。",
  "userDefinedExternalDict_tooltip": "カスタム辞書は、他の外部辞書と共に辞書ポップアップに表示されます（U1、U2...と名付けられます）。URLには'WORD'（大文字）を含める必要があります - これは自動的に検索する単語に置き換えられます。複数のURLを別々の行に入力できます。",
  "pleaseLeaveReviewMessage": "Language Reactorはいかがですか？ Chromeウェブストアでレビューを書いていただけると嬉しいです。",
  "writeReview": "レビューを書く",
  "saveSubtitle": "保存",
  "translate": "翻訳",
  "selectLang": "言語を選択",
  "searchVidsWithSubs": "字幕付き（CC）の動画を検索",
  "searchSettings": "検索設定",
  "sourceLang": "元の言語:",
  "chatWithOtherUsers": "他の Language Reactor ユーザーとチャット",
  "forum": "フォーラム",
  "tip": "コツ:",
  "considerChangingYoutubeLanguage": "最適な検索結果を得るには、YouTube の設定で言語設定を変更してみてください。",
  "seeHow": "学び方を見る",
  "helloPleaseSelectYourNativeLanguage": "こんにちは。母国語を選んでください：",
  "yourNativeLanguage_GT": "母国語を選んでください",
  "autoHideYoutubePlaybackBarRecommended": "YouTube再生バーを自動的に非表示にする（推奨）",
  "dontChangeTheInterface": "インターフェイスを変更しないでください",
  "hidePlaybackBar": "再生バーを非表示",
  "font": "フォント",
  "defaultRecommended": "デフォルト（推奨）",
  "subtitlesHidden": "字幕（非表示）",
  "noSubsForThisVideo": "この動画には字幕がありません！",
  "forceOriginalTracks": "元のトラックを強制",
  "forceOriginalTracks_desc": "このオプションを有効にすると、拡張機能が有効になったときに、ビデオが元の言語のオーディオと字幕に切り替わります。",
  "hideSubtitles": "字幕を非表示",
  "disabled": "無効",
  "hideTranslations": "翻訳を非表示",
  "hideBoth": "両方非表示",
  "showSubtitleControls": "字幕コントロールを表示",
  "moveToggleControls": "コントロールの移動/切り替え",
  "netflixTestsMessage": "Netflixは、Language Reactorが適切に機能しない原因となるテストを実行することがあります。問題を回避するために、Netflixテストへの参加をオフにすることをお勧めします。それは簡単です：",
  "disableTesting": "テストを無効にする",
  "nextBillingDate": "次の請求日",
  "youCanUseProForXXDays": "Proの機能を<text>日間引き続きご利用いただけます。",
  "youCanUseFreeForXXDays": "無料の機能を<text>日間ご利用いただけます。",
  "subtitlesCouldNotBeLoaded": "字幕を読み込めませんでした。",
  "adIsPlaying": "広告を再生中です。",
  "yourSubscriptionHasExpired": "サブスクリプションが期限切れです。",
  "youHaveCanceledYourSubscription": "サブスクリプションをキャンセルしました。",
  "nowYouCanStudyWithYoutubeToo": "YouTubeでも言語学習ができるようになりました！",
  "machineTranslations": "機械翻訳",
  "humanTranslations": "人間による翻訳",
  "belowAreWordsFromTheCurrentVideo_GT": "この動画の単語を頻度順に並べています",
  "rightClickWordToSaveIt_GT": "右クリックで単語をマークできます",
  "leftClickToOpenDict": "左クリックして辞書を開きます。",
  "selectVocabLevelToMarkPurple": "設定で語彙レベルを選択すると、あまり頻繁に使用されない単語が紫色になります。",
  "aboveCurrentLevel": "現在のレベルを超えた",
  "unsavedWords": "保存されていない単語",
  "levelX": "レベル<text>",
  "tips": "ヒント",
  "emptyTemplate": "",
  "thisExportHasMultipleParts": "このエクスポートは複数のパートで構成されています。",
  "downloadPartXX": "パート<text>をダウンロード",
  "thisItemWasSavedInAnotherVideo": "このアイテムは別のビデオに保存されました。",
  "cancel": "キャンセル",
  "openVideo": "ビデオを開く",
  "format": "形式",
  "printHtml": "印刷（HTML）",
  "mustReadHowToImportToAnki": "必読: Ankiへのインポート方法",
  "infoAboutCsvExport": "CSVエクスポートに関する情報",
  "jsonDataSchema": "JSONデータスキーマ",
  "language": "言語",
  "itemType": "アイテムタイプ",
  "includeTimestamps": "タイムスタンプを含める",
  "youCanChangeTranslitsOptionsInSettings": "設定で字訳オプションを切り替えることができます。",
  "preferredTranslations": "優先する翻訳",
  "onlyNewItemsSinceLastExport": "前回のエクスポート以降の新規アイテムのみ",
  "includeMedia": "メディアを含める",
  "langName_is": "アイスランド語",
  "langName_ga": "アイルランド語",
  "langName_az": "アゼルバイジャン語",
  "langName_af": "アフリカーンス語",
  "langName_am": "アムハラ語",
  "langName_ar": "アラビア語",
  "langName_sq": "アルバニア語",
  "langName_hy": "アルメニア語",
  "langName_it": "イタリア語",
  "langName_yi": "イディッシュ語",
  "langName_ig": "イボ語",
  "langName_id": "インドネシア語",
  "langName_ug": "ウイグル語",
  "langName_cy": "ウェールズ語",
  "langName_uk": "ウクライナ語",
  "langName_uz": "ウズベク語",
  "langName_ur": "ウルドゥー語",
  "langName_et": "エストニア語",
  "langName_eo": "エスペラント語",
  "langName_or": "オディア語",
  "langName_nl": "オランダ語",
  "langName_kk": "カザフ語",
  "langName_ca": "カタロニア語",
  "langName_gl": "ガリシア語",
  "langName_kn": "カンナダ語",
  "langName_rw": "キニアルワンダ語",
  "langName_el": "ギリシャ語",
  "langName_ky": "キルギス語",
  "langName_gu": "グジャラート語",
  "langName_km": "クメール語",
  "langName_ku": "クルド語",
  "langName_hr": "クロアチア語",
  "langName_xh": "コサ語",
  "langName_co": "コルシカ語",
  "langName_sm": "サモア語",
  "langName_jv": "ジャワ語",
  "langName_ka": "ジョージア語",
  "langName_sn": "ショナ語",
  "langName_sd": "シンド語",
  "langName_si": "シンハラ語",
  "langName_sv": "スウェーデン語",
  "langName_zu": "ズールー語",
  "langName_gd": "スコットランド・ゲール語",
  "langName_es": "スペイン語",
  "langName_sk": "スロバキア語",
  "langName_sl": "スロベニア語",
  "langName_sw": "スワヒリ語",
  "langName_su": "スンダ語",
  "langName_ceb": "セブアノ語",
  "langName_sr": "セルビア語",
  "langName_so": "ソマリ語",
  "langName_th": "タイ語",
  "langName_tg": "タジク語",
  "langName_tt": "タタール語",
  "langName_ta": "タミル語",
  "langName_cs": "チェコ語",
  "langName_te": "テルグ語",
  "langName_da": "デンマーク語",
  "langName_de": "ドイツ語",
  "langName_tk": "トルクメン語",
  "langName_tr": "トルコ語",
  "langName_ny": "ニャンジャ語",
  "langName_ne": "ネパール語",
  "langName_no": "ノルウェー語",
  "langName_ht": "ハイチ・クレオール語",
  "langName_ha": "ハウサ語",
  "langName_ps": "パシュトゥー語",
  "langName_eu": "バスク語",
  "langName_haw": "ハワイ語",
  "langName_hu": "ハンガリー語",
  "langName_pa": "パンジャブ語",
  "langName_hi": "ヒンディー語",
  "langName_tl": "フィリピノ語",
  "langName_fi": "フィンランド語",
  "langName_hmn": "フモン語",
  "langName_fr": "フランス語",
  "langName_bg": "ブルガリア語",
  "langName_vi": "ベトナム語",
  "langName_iw": "ヘブライ語",
  "langName_be": "ベラルーシ語",
  "langName_fa": "ペルシア語",
  "langName_bn": "ベンガル語",
  "langName_pl": "ポーランド語",
  "langName_bs": "ボスニア語",
  "langName_pt": "ポルトガル語",
  "langName_mi": "マオリ語",
  "langName_mk": "マケドニア語",
  "langName_mg": "マダガスカル語",
  "langName_mr": "マラーティー語",
  "langName_ml": "マラヤーラム語",
  "langName_mt": "マルタ語",
  "langName_ms": "マレー語",
  "langName_my": "ミャンマー語",
  "langName_mn": "モンゴル語",
  "langName_yo": "ヨルバ語",
  "langName_lo": "ラオ語",
  "langName_la": "ラテン語",
  "langName_lv": "ラトビア語",
  "langName_lt": "リトアニア語",
  "langName_ro": "ルーマニア語",
  "langName_lb": "ルクセンブルク語",
  "langName_ru": "ロシア語",
  "langName_en": "英語",
  "langName_ko": "韓国語",
  "langName_fy": "西フリジア語",
  "langName_zh-CN": "中国語 (簡体字)",
  "langName_zh-TW": "中国語 (繁体字)",
  "langName_st": "南部ソト語",
  "langName_ja": "日本語",
  "netflixCatalogue": "Netflixカタログ",
  "notAllTitlesAllCountries": "すべての国で全作品が視聴可能なわけではありません。居住国（Netflixにより自動検出されたもの）を選択してください。",
  "catalogueByOriginalLanguage": "カタログの作品は、オリジナル言語ごとにリスト化されています。例えば、フランス語を学習する場合はフランス語の作品を、ドイツ語を学習する場合はドイツ語の作品を探すことができます。",
  "goodSubtitlesForOriginal": "Netflixでは、作品のオリジナル言語で優れた字幕が提供されており、音声トラックとも一致しています。",
  "oftenDontMatch": "吹き替え版の場合は、字幕と音声が一致しないことが多々あります。",
  "yourCountry": "あなたの国",
  "allCountries": "すべての国",
  "numberFound_colon": "該当する作品数：",
  "genre_colon": "ジャンル：",
  "released_colon": "公開日：",
  "runtime_colon": "上映時間：",
  "drama": "ドラマ",
  "action": "アクション",
  "crime": "犯罪",
  "thriller": "スリラー",
  "adventure": "冒険",
  "scifi": "SF（エスエフ）",
  "romance": "ロマンス",
  "fantasy": "ファンタジー",
  "mystery": "ミステリー",
  "war": "戦争",
  "biography": "伝記",
  "history": "歴史",
  "clearHistory_GT": "履歴を消去",
  "comedy": "コメディ",
  "horror": "ホラー",
  "sport": "スポーツ",
  "music": "音楽",
  "animation": "アニメーション",
  "musical": "ミュージカル",
  "noMoviesFoundForThisSearch": "検索条件に合う作品が見つかりませんでした。",
  "youtubeCatalogue": "YouTubeカタログ",
  "installExtensionForEnhancedFeatures": "ヒント：拡張機能をインストールすれば、NetflixやYouTubeを観ながら高度な機能を利用できます！",
  "weCreatedYTCatalogue": "学習に使える優良なチャンネルを探しやすいように、こちらのカタログを作成しました。",
  "errorLoadingData": "データの読み込み中にエラーが発生しました。",
  "search": "検索",
  "subscribers_colon": "登録者数：",
  "withSubtitles_colon": "字幕あり：",
  "score_colon": "スコア：",
  "installExtensionForBetterExperience": "ブラウザの拡張機能をインストールすると、さらに使いやすくなります！",
  "translationSameAsSource_text_text": "翻訳先の言語（<text>）が元の言語（<text>）と同じです。設定で翻訳先の言語を変更することを検討してください。",
  "translationNotSupported_text_text": "現在、<text>から<text>への翻訳には対応していません。",
  "selectDifferentTranslationLanguage": "別の翻訳先言語を選択してください。",
  "nextVideo": "次の動画",
  "prevVideo": "前の動画",
  "smallVideo": "小さい動画",
  "bigVideo": "大きな動画",
  "showTranslation": "翻訳を表示（利用可能な場合）",
  "watchingVideos": "動画を見る",
  "afterInstallingAdditionalFeatures": "ブラウザ拡張機能をインストールすると、NetflixやYouTubeのウェブサイトで動画を観る際に、言語学習のための追加機能を利用できます。",
  "whatToWatch": "おすすめの視聴コンテンツ",
  "weCreatedNetflixAndYoutubeCatalogue": "動画を探しやすくするために、NetflixとYouTubeのカタログを作成しました。画面の左側にあるメニューから開くことができます。",
  "alreadyOpenPleaseReload": "既にNetflixまたはYouTubeを開いている場合は、画面を更新してください。",
  "clickToOpenSettings": "設定を開くには、こちらをクリックしてください。",
  "clickEnableExtraFeatures": "追加機能を有効または無効にするには、こちらをクリックしてください。",
  "formerlyCalled": "（旧「Language Learning with Netflix」）",
  "startInstallExtension": "まずは、ブラウザ拡張機能をインストールしましょう。",
  "saveAndReview": "保存・復習",
  "reviewWordsAndPhrases": "単語カードとして保存した単語やフレーズを復習できるだけでなく、新しい単語も学習できます。",
  "underActiveDevelopment": "このプロジェクトは現在、鋭意開発中です。機能の提案や問題の報告を行いたい場合は、フォーラムをご利用ください。",
  "writeToUs": "その他のご質問については、メールでお問い合わせください。",
  "setupComplete": "設定完了",
  "clickWordDictionary": "辞書で調べるには単語をクリックします。単語を右クリックして保存します。",
  "autopauseEverySubtitle": "各字幕の後に自動的に一時停止します。",
  "machineAndHumanTranslations": "設定で、機械翻訳と人間翻訳の2種類の翻訳表示を選べます。機械翻訳は非常に直訳的で、学習中の言語の文構造を理解するのに役立ちますが、時々誤りを含むことがあります。人間翻訳は表現や慣用句を正確に訳すため、多くの場合有用です。",
  "keyboardKeys": "キーボードのキーでプレイヤーをコントロールできます。",
  "aKey": "前の字幕",
  "sKey": "字幕を再生",
  "dKey": "次の字幕",
  "spaceKey": "再生/一時停止",
  "settingsForMoreShortcuts": "設定で他のキーボードショートカットを確認できます。",
  "weCreatedNetflixCatalogue": "学習中の言語で高品質な字幕がついたNetflixの作品を見つけやすいよう、特別なカタログを作成しました。",
  "youtubeHasAnyTopic": "YouTubeにはすべての主要言語であらゆるトピックのビデオがあります。しかし、YouTubeは外国語のコンテンツがユーザーに表示されにくくなっています。",
  "pageNotFound": "ページが見つかりません。",
  "videosNoLongerAvailable": "表示されている一部の動画は、お住まいの国ではご利用いただけない可能性があります。",
  "votes_text": "<text>件の投票",
  "countries_text": "<text>の国",
  "watch": "視聴",
  "tryAgain": "再試行",
  "videoUnavailablePleaseContinue": "この動画はご利用いただけません。次の動画にお進みください。",
  "nextPage": "次のページ",
  "prevPage": "前のページ",
  "videos": "動画",
  "selectPlaylist": "プレイリストを選択してください。",
  "flashcardTooltipProposal": "今回の学習サイクルに追加される新しい項目数",
  "flashcardTooltipExposure": "この学習セッションの復習アイテム数",
  "flashcardTooltipTest": "今回のクイズの問題数",
  "flashcardExposureTooltip": "保存した単語を使った様々な例文を表示し、その使い方の理解を深めることができます。",
  "flashcardExposure": "露出学習",
  "flashcardTestTooltip": "テストカードで単語と文章の知識を確認します",
  "flashcardTest": "テスト",
  "lastPracticed_text": "最後の練習日：<text>",
  "itemsDueForPractice_text": "練習予定のアイテムが<text>個あります。",
  "startPractice": "練習を始める",
  "betterWaitTillTomorrow": "次の練習セッションは明日まで待つ方が良いでしょう。",
  "practiceMore": "さらに練習する",
  "savedWordsAppearHere": "ヒント：単語やフレーズを保存すると、練習時にはここに表示されます。",
  "showAnswer": "回答を表示",
  "fail": "不正解",
  "hard": "難しい",
  "easy": "簡単",
  "success": "正解",
  "ok": "了解",
  "extraButtonsSearchBar": "YouTubeの検索バーの横に、これらの追加ボタンを配置しました：",
  "leftTranslateRightSearch": "左のボタンは検索ボックス内のテキストを翻訳します。これにより、学習中の言語の動画がより簡単に見つかります。右のボタンはサブタイトル付きの動画を検索します。",
  "youtubeInterfaceLanguageMoreVideos": "YouTubeのインターフェース言語を学習中の言語に変更できます。変更すると、YouTubeにはその言語の他の動画が表示されます。",
  "howToChangeYoutubeInterfaceLanguage": "YouTubeのインターフェース言語を変更するには",
  "clickButtonTopRight": "画面右上の次のボタンをクリックします：",
  "lookForLanguageSetting": "「言語」設定を見つけます：",
  "whenChangeMoreResults": "言語を変更すると、学習中の言語でより多くの検索結果が見つかります。",
  "onlyDesktopCheckBack": "Language Reactorは現在デスクトップコンピューターでのみ利用可能です。また後ほどご確認ください。",
  "open": "開く",
  "word": "単語",
  "phrase": "フレーズ",
  "translation": "翻訳",
  "context": "コンテキスト",
  "source": "ソース",
  "actions": "アクション",
  "accountInformation": "アカウント情報",
  "quickSettings": "クイック設定",
  "fullSettings": "すべての設定",
  "gettingStarted": "始めましょう",
  "exportHelp": "エクスポートガイド",
  "studyTips": "学習のヒント",
  "howToImportWebpage": "ウェブページをインポートするには",
  "importWithRightClick": "ウェブページを言語リアクターにインポートするには、右クリックメニューを使用します。",
  "extensionInstalledForThisFeature": "この機能を使用するには、ブラウザ拡張機能をインストールする必要があります。",
  "importText": "テキストをインポート",
  "goToReaderMode": "読書モードに切り替える",
  "edit": "編集",
  "read": "読み込む",
  "posADJ_UD": "Adj.",
  "posADP_UD": "Adp.",
  "posADV_UD": "Adv.",
  "posAUX_UD": "Aux.",
  "posNOU_UD": "Noun",
  "posPRO_UD": "Pronoun",
  "posVER_UD": "Verb",
  "posDET_UD": "Det.",
  "posSYM_UD": "Symbol",
  "posINT_UD": "Int.",
  "posCCO_UD": "Coord. Conj.",
  "posPUN_UD": "Punct.",
  "posNUM_UD": "Numerical",
  "posPAR_UD": "Particle",
  "posSCO_UD": "Sub. Conj.",
  "posX_UD": "Foreign",
  "posCONJ": "Conj.",
  "posPREP": "Prep.",
  "ok2": "OK",
  "pleaseWait": "お待ちください...",
  "ohNoPleaseAddPermissionLRLogin": "Language Reactor ブラウザ拡張機能が languagereactor.com で動作するよう許可してください。ログインに必要です。",
  "recommended$Videos$": "おすすめ",
  "$videos$WithSubtitles": "字幕付き",
  "$videosWith$MostSubscribers": "チャンネル登録者数が最多",
  "sortBy": "並び替え条件：",
  "$video$Rating": "評価",
  "yearReleased": "公開年",
  "type$OfVideo$": "種類",
  "any$TypeOfVideo$": "すべて",
  "movies": "映画",
  "series": "シリーズ",
  "genres": "ジャンル",
  "all$Genres$": "すべて",
  "goToIMDB": "IMDBに移動",
  "availableIn": "視聴可能な国：",
  "errorLoadingVideo": "動画の読み込み中にエラーが発生しました",
  "goBack": "戻る",
  "sorryThisPlaylistIsMissing": "申し訳ありませんが、このプレイリストはありません。",
  "sorryThisVideoIsMissing": "申し訳ありませんが、この動画はありません。",
  "videoList": "動画リスト",
  "studyLanguage": "勉強している言語",
  "iAmLearning": "私は学んでいます",
  "playAll": "すべて再生",
  "bigUpdate": "大きなアップデートです！",
  "readMore": "続きを読む",
  "iGotIt": "もう知っている",
  "allWords": "すべての単語",
  "savedWords": "保存された単語",
  "savedPhrases": "保存されたフレーズ",
  "setVocabLevel_short": "語彙レベル設定",
  "setVocabLevel": "語彙レベルを設定",
  "changeVocabLevelConfirmation_GT": "単語レベルを<text>から<text>に変更しますか？",
  "changeStudyLevel": "語彙レベルの変更",
  "currentStudyLevel": "現在の語彙レベル",
  "change": "変更",
  "pleaseSelectYourStudyLevelToContinue": "続行するには語彙レベルを選択してください",
  "frequency": "頻度",
  "alphabetical": "アルファベット順",
  "LEARNING": "学習中",
  "KNOWN": "既知",
  "SKIPPED": "学習しない",
  "SKIPPED_short": "学習しない",
  "knownWords_GT": "習得済みの単語",
  "tag": "タグ",
  "errorLoadingList": "単語の読み込み中にエラーが発生しました",
  "pleaseSelectLanguageOnTop_GT": "上から言語を選んでください",
  "xSelected": "<text> が選択されました",
  "setLearningStage": "学習段階を設定",
  "thisWillAffectXItemsAreYouSure": "これは<text>項目に影響します。実行しますか？",
  "yes": "はい",
  "no": "いいえ",
  "removeItems": "項目を削除",
  "setTag": "タグの設定",
  "selectAllOrNone": "すべて選択／解除",
  "logIn": "ログイン",
  "noItemsFound": "項目が見つかりませんでした",
  "upgrade": "登録する",
  "transliterationsJapanese": "日本語の表記変換",
  "transliterationsVisibility_GT": "読み方を表示",
  "alwaysShow_GT": "常に表示",
  "hideForKnownWords_GT": "既知の単語は読み方を隠す",
  "hideForMarkedAndKnownWords_GT": "マークした単語と既知の単語は非表示",
  "specialWords_GT": "特別な単語",
  "specialWords_info_GT": "名前、場所、数字など",
  "markedWords_GT": "マークした単語",
  "markWord_GT": "単語をマークする",
  "savedWordsMarkingTooltipDesc_GT": "単語レベルを変更しても、マークした単語のステータスは保持されます。マークした単語は輪郭線付きで表示されます。",
  "wordStatus_desc_GT": "ステータスは語彙レベルまたは個別の設定によって決まります。",
  "wordColors_desc_GT": "これらの設定は、字幕やテキスト内の単語の表示を制御します。「保存済みアイテム」ビューでは、常に単語の完全な色分けが使用されます。",
  "suggestedWords_desc_GT": "次に学ぶと役立つ単語です",
  "showKnownWordsInGreen": "知っている単語を緑色で表示",
  "showMarkedLearningWordsInOrange_GT": "学習中の単語をオレンジ色で表示します",
  "showSuggestedWordsInOrange_GT": "提案された単語をオレンジ色で表示します",
  "showRareWordsInGrey_GT": "珍しい単語を薄く表示",
  "outline_GT": "アウトライン",
  "outlineMarkedWordsInText": "テキスト内の印をつけた単語を強調表示",
  "showTagsInText": "タグをテキストで表示",
  "showLearningStageButtonsInMiniDictionary": "マウスホバーで学習段階のボタンを表示",
  "switchLearningStage_GT": "既知／学習中を切り替える",
  "switchTags": "タグの切り替え",
  "switchLanguage_GT": "言語を切り替える",
  "dictionary": "辞書",
  "speakWordOnClick": "クリックで単語を読み上げます",
  "basicSettings": "基本設定",
  "machineTranslationsAvailable": "機械翻訳が利用可能です",
  "belowAreWordsOfIncreasingDifficultyDesc": "以下は、だんだん難しくなる単語です。すべての単語を理解できる最後の行をクリックしてください（スクロールしてすべての単語を表示します）。",
  "iDontKnowAnyWordsYet": "まだ単語を知りません。",
  "exampleText": "テキストの例：",
  "wordColors_GT": "単語の色",
  "reset_GT": "リセット",
  "newChat_GT": "新しいチャット",
  "autoCorrectGrammar_GT": "文法を自動修正する",
  "estimatedNumberOfKnownWords": "知っている単語の推定数",
  "article": "記事",
  "fullText": "完全なテキスト",
  "textMode": "テキスト",
  "myText_GT": "私のテキスト",
  "myTexts_GT": "自分のテキスト",
  "books_GT": "本",
  "pasteAnyTextYouWishToStudyHere": "勉強したいテキストをここに貼り付けてください",
  "videoFile": "動画ファイル",
  "selectVideo": "動画を選択",
  "selectVideoFile": "ビデオファイルを選択",
  "selectSubtitles": "字幕を選択",
  "subtitlesLanguage": "字幕の言語",
  "save": "保存",
  "copy": "コピー",
  "copyCurrentSentence": "現在の文をコピーします",
  "wordNotFound": "単語が見つかりません",
  "markWhetherYouKnowThisWordDesc": "この単語を知っているかどうかにマークしてください。オレンジ色の単語（学習中）をマークすると、それらがフラッシュカードに追加されます。",
  "shortcutRightClick": "マウスの右クリック",
  "shortcutMiddleClick": "マウスの中クリック",
  "addTagToAWordDesc": "タグを使用して単語のグループを作成できます。タグ付けされた単語は個別にエクスポートできます。タグは色付きの下線として表示できます。これは設定でコントロールできます。",
  "markAsKnown": "知っているとしてマーク",
  "markAsLearning": "学習中としてマーク",
  "markedKnown_GT": "既知としてマーク",
  "markedToLearn": "学習が必要とマーク",
  "learningNow": "現在学習中",
  "learnt": "学習済み",
  "learn": "学ぶ",
  "remove": "削除",
  "noTag": "タグなし",
  "examplesSavedItems": "例：保存されたアイテム",
  "examplesCurrentText": "例：現在のテキスト",
  "examples": "例文：",
  "pleaseSignInToUseThisFeature": "この機能を使用するにはサインインしてください。",
  "pleaseSignInToUseThisFreeFeature": "この無料機能を使用するにはサインインしてください。",
  "soThatWeCanSaveYourProgress": "（進行状況を保存できるようにするため）",
  "phrasepumpInfoTooltipShort": "PhrasePumpは、あなたがほとんど理解できるはずの多くの文章を提供します。これにより、語彙力、リスニング能力、文法知識が向上します。",
  "phrasepumpInfoTooltip": "PhrasePump は、あなたがほとんど理解できると思われるレベルの文を提供します。語彙、リスニングスキル、文法の知識を向上させます。選択される文には、練習する予定の単語、または学習する新しい単語が含まれます。",
  "fumingRiver": "言葉を川の流れのように自分の中に流し込み、その流れがあなたの内面に新しい道を刻むようにしましょう。",
  "itemsDueForReview": "すぐにレビューが必要な項目",
  "noCardsToStudy": "勉強するカードはありません。",
  "tryEnablingMoreStudyModes": "他の学習モードも有効にしてみてください。",
  "pleaseMarkMoreItemsOrWait": "学習したい項目をさらに選択するか、既存の項目が復習時期になるまでお待ちください。",
  "statistics": "統計",
  "xCards": "<text> 枚のカード",
  "cards": "カード",
  "cardsPracticedToday": "今日練習したカード",
  "showLast": "表示期間:",
  "day": "日",
  "week": "週",
  "month": "月",
  "threeMonths": "3ヶ月",
  "markedToLearnDesc": "保存した単語やフレーズで、まだ練習待ちのものです。",
  "suggestions": "提案",
  "suggestionsDesc": "保存したアイテムが練習された後、PhrasePumpは学習する単語を提案できます。",
  "suggestionsDesc_noMoreLeft": "表示できる提案はもうありません。",
  "suggestionsDesc_noSuggestionsForLang": "この言語では、提案がサポートされていません。",
  "inTheLastXDaysYouStartedToPracticeYItems": "過去<text>日間で、<text>個の新しい「学習が必要とマーク」した単語とフレーズの練習を開始しました。",
  "inTheLastXDaysYouStartedToPracticeYSuggestedWords": "過去<text>日間で、<text>個の新しい提案された単語の練習を開始しました。",
  "youArePracticingXItems": "<text>個の単語とフレーズを積極的に練習しています。",
  "inTheLastXDaysYouHaveLearntYItems": "過去<text>日間で、<text>個の単語とフレーズを学習しました。",
  "inTheLastXDaysYouHavePracticedYItems": "過去<text>日間で、<text>個の単語とフレーズを練習しました。",
  "learntDescLearntXItems": "あなたが少なくとも6週間は覚えている可能性が高い単語やフレーズ。<text>項目を学習しました。",
  "halflifeDays_GT": "半減期（日数）",
  "languageSelector": "言語セレクター",
  "addLanguage": "言語を追加",
  "dueItems": "復習予定：",
  "chooseALanguage": "言語を選択してください",
  "showContext_GT": "文脈を表示",
  "add": "追加します",
  "forgot": "忘れました",
  "okay": "確認",
  "quizzes": "クイズ",
  "suggestedWords": "提案された単語",
  "practice": "練習します",
  "thisIsTheFirstTimeYouArePracticingThisItem": "この項目を練習するのはこれが初めてです。",
  "quiz": "クイズ",
  "whatShouldGoInTheGap": "空白には何を入れますか？",
  "useTranslationForHelp": "翻訳を参考にしてください。",
  "suggestedWord": "提案された単語",
  "wouldYouLikeToLearnThisWord": "この新しい単語を学びたいですか？",
  "listeningPractice": "リスニングの練習",
  "tryToUnderstandBeforeYouRevealTheText": "理解してからテキストを見るようにしてください。",
  "newItems": "新しい項目",
  "newWordsTooltip": "新しい項目 (「学習が必要とマーク」と「提案」) の提示に使用するカードの最大パーセンテージ。これを減らして、すでに学んでいる項目でもっと練習してください。レビューが必要な項目が多い場合は、提示される新しい資料の量が減ります。",
  "sessionSize": "セッションサイズ",
  "sessionSizeTooltip": "セッション内のカードの枚数。",
  "reveal": "答えを表示",
  "savePhrase": "フレーズを保存します",
  "learningStage": "学習段階",
  "savingWords": "単語の保存方法",
  "oldSystem": "古いシステム：",
  "newSystem": "新しいシステム：",
  "greenKnownOrSuggestedWords": "白: 既知および推奨される単語",
  "orangeMarkedWords": "オレンジ色: 学習用にマークされた単語",
  "dictStageTagsPickerDesc": "ここでは、単語を知っている (緑色)、学習中 (オレンジ色)、または学習したくない (灰色) をマークできます。タグを追加することもできます。タグは色付きの下線として表示されます。",
  "exportFromLanguageReactor": "Language Reactorからのエクスポート...",
  "viewAll": "すべて見る",
  "wordViewNotSupported": "現在、この機能はこの言語ではサポートされていません。",
  "green": "緑色",
  "yellow": "黄色",
  "red": "赤",
  "blue": "青",
  "lastSaved": "最後に保存したもの",
  "rank": "順位",
  "wordList": "単語リスト",
  "up1": "以前は、単語を色 (赤、緑、黄、青) でマークして保存していました。この機能は引き続き利用できますが (現在は「タグ」と呼ばれています)、色は単語の下に下線として表示されます。デフォルトでは、単語を右クリックしてもタグの色は変わりませんが、設定でこれを構成できます。",
  "up2": "今回の更新で、Language Reactor は、あなたが知っている単語を追跡できるようになりました。また、知らない単語については、学習する必要があるかどうかを提案します。これにより、ソフトウェアはいくつかの有用なことを実行できます。約 40 の言語に対応しています。",
  "up3": "知っている単語や注意すべき単語は白で表示されます。",
  "up4": "学習用にマークした単語はオレンジ色で表示されます。",
  "up5": "今すぐ学ぶ必要のない、あまり使われない単語は灰色で表示されます。",
  "up6": "これらのカテゴリを「学習段階」と呼びます。",
  "up7": "辞書の設定アイコンをクリックすると、おおよその語彙サイズをすばやく設定できます。すべての単語を個別にマークする必要はありません。",
  "up8": "色付きで保存された単語がすでにたくさんある場合は、学習ステージでそれらを一括してマークできます。",
  "up9": "「保存済みアイテム」タブをクリックします。",
  "up10": "「保存した単語」をクリックします。",
  "up11": "ドロップダウンでタグの色を選択します。",
  "up12": "「すべて選択」チェックボックスをクリックします。",
  "up13": "これらの単語に割り当てたい「学習段階」を選択します。",
  "up14": "これが完了したら、設定タブでタグの色付きの下線を無効にして、映画などを見るときの視覚的なノイズを減らすことができます。",
  "up15": "必要に応じて、このカラーリング システムを使用する必要はありません。設定では、学習状態によって単語の色付けを無効にすることができます。",
  "clickToReadMore": "クリックして詳細を読む",
  "layout_GT": "レイアウト",
  "videoSize_GT": "動画サイズ",
  "youAreLearning_GT": "言語を学習する",
  "start_screen": "スタート",
  "theTextSeemsToBeIn_lang_GT": "このテキストは<text>のようです。",
  "changeSourceLanguageTo_lang_GT": "<text>に切り替えますか？",
  "clearAllHistoryConfirmation_GT": "<text>の履歴をすべて消去しますか？",
  "chatHomescreenText_1_GT": "AIとおしゃべり。だって、他に話す相手がいないんだもん？",
  "chatHomescreenText_2_GT": "でも、楽しく学べるようにしました。",
  "chatPreprompt_label_GT": "チャットの指示",
  "chatPreprompt_tooltip_GT": "チャットの前にAIに送る指示",
  "typeTheTextToTranslate_GT": "翻訳するテキストを入力してください",
  "showMiniDictionary_GT": "ミニ辞書を表示",
  "yourMessage_GT": "あなたのメッセージ",
  "other_GT": "その他",
  "pressAndHoldToRecordVoice_GT": "長押しで録音",
  "recording_GT": "録音中...",
  "switchBetweenShortcutsAndInputMode_GT": "ショートカット/入力モードを切り替え",
  "pressTabToswitchBetweenShortcutsAndInputMode_GT": "[ESC]キーでショートカット/入力モードを切り替えます",
  "preferredAudioSource_GT": "音声ソースの設定",
  "originalAudioWhenAvailable_GT": "オリジナル音声（利用可能な場合）",
  "computerAudioTTS_GT": "音声読み上げ",
  "include_GT": "含める",
  "noItemsForThisLanguage_GT": "この言語のアイテムはありません",
  "startReading_GT": "読み始める",
  "numberOfPages_GT": "ページ数",
  "nextDocument_GT": "次の文書へ",
  "prevDocument_GT": "前の文書",
  "noVerticalView_GT": "垂直表示なし",
  "playbackRate_GT": "再生速度",
  "numPages_GT": "<text>ページ",
  "chapters_GT": "チャプター",
  "book_GT": "本",
  "audioTrack_GT": "音声トラック",
  "simplifiedVersion_GT": "簡易版",
  "dubbedAudio_GT": "吹き替え音声",
  "dubbedAudioDesc_GT": "このビデオは元々別の言語で作成されています。音声に合った字幕を表示するには、音声認識機能をご利用ください。",
  "rewindForward5s_GT": "5秒進める",
  "rewindBack5s_GT": "5秒戻す",
  "readTheForumPost_GT": "フォーラム投稿を読む",
  "youtubeChannels_GT": "YouTubeチャンネル",
  "channels_GT": "チャンネル",
  "thisFeatureIsUnderDevelopmentWillBeImprovedSoon_GT": "この機能は現在開発中で、近日中に改善される予定です。",
  "loadingAudio_GT": "音声を読み込んでいます...",
  "media_GT": "メディア",
  "useOurDesktopBrowserExtension_GT": "これらの動画を見る際は、デスクトップ用ブラウザ拡張機能を使うと追加機能が利用できます。",
  "holdDictButtonToRecordVoice_GT": "辞書ボタンを長押しして音声を録音",
  "showDictRecord_GT": "辞書・録音",
  "text_GT": "テキスト",
  "words_GT": "単語",
  "viewLessFrequentWordsLink_GT": "マークした単語ページで頻度の低い単語を表示",
  "newText_GT": "新しいテキスト",
  "untitledText_GT": "無題のテキスト",
  "title_GT": "タイトル",
  "pleaseEnterSomeText_GT": "続けるにはテキストを入力してください",
  "saving_GT": "保存中...",
  "theTextSeemsToBeIn_lang_whileYourLangIs_GT": "テキストは<text>のようですが、現在の学習言語は<text>です。",
  "hideSubtitle_GT": "字幕を隠す",
  "translationThenSubtitle_GT": "翻訳を表示してから字幕",
  "subtitleThenTranslation_GT": "字幕を表示してから翻訳",
  "vocabLevel_GT": "語彙レベル",
  "selection_GT": "選択部分",
  "preview_GT": "プレビュー",
  "noTextWasSelected_GT": "テキストが選択されていません",
  "nViews_GT": "閲覧回数：<text>回",
  "viewCount_GT": "再生回数",
  "date_GT": "日付",
  "areYouTheOwnerYoutube_GT": "このYouTubeチャンネルの所有者ですか？",
  "nVideos_GT": "<text>本の動画",
  "clearFilters_GT": "フィルターをクリア",
  "recommendedChannels_GT": "おすすめ",
  "popularChannels_GT": "人気",
  "allChannels_GT": "すべてのチャンネル",
  "channel_GT": "チャンネル",
  "lexaAiAssistantPrompts_placeholder_example_GT": "説明：「<WORD>」という単語の使い方を次の文脈で説明してください：<CONTEXT>\n例文：「<WORD>」という単語を使って、この文脈に合った例文をさらに挙げてください：<CONTEXT>",
  "updateHistory_GT": "更新履歴",
  "recentAppUpdates_GT": "最近の更新",
  "moreInfo_GT": "詳細情報",
  "continue_GT": "続ける",
  "podcasts_GT": "ポッドキャスト",
  "allPodcasts_GT": "すべてのポッドキャスト",
  "podcast_GT": "ポッドキャスト",
  "hidden_GT": "非表示",
  "lexaAiAssistant_GT": "Lexa AI アシスタント",
  "lexaAiAssistantInfo_GT": "Lexaは、学習中の教材の単語や文章について質問に答えることができます。\n\nLanguage Reactorの設定で、プロンプト（質問）を編集できます。\n\nProモードでは、より高度なモデルを使用し、より適切な回答が得られる可能性があります。",
  "lexaAiAssistantPrompts_GT": "Lexa AI アシスタントのプロンプト",
  "lexaAiAssistantPrompts_tooltip_GT": "これらのプロンプト（質問）を編集できますが、以下の形式を守ってください：\n\n[タブタイトル]: [プロンプト]\n[タブタイトル]: [プロンプト]\nなど\n\n[プロンプト]には特別なプレースホルダー<WORD>と<CONTEXT>を含めることができます。\n\nプロンプトを書く際はどの言語を使用しても構いません。質問がLexaに送信される際、このテキストが冒頭に追加されます：[勉強言語]を学習している生徒のために質問に答えてください。回答は[翻訳言語]で書いてください。",
  "hold_GT": "長押し",
  "invalidFormat_GT": "形式が無効です",
  "howToUseTouch_GT": "タッチ操作ガイド",
  "removeThisMessageAndFollowingOnes_GT": "このメッセージ以降を削除",
  "install_GT": "インストール",
  "refresh_GT": "更新",
  "lexaAiAssistantPrompts_tooltip_intro_GT": "単語をクリックすると、辞書の上にLexaが表示されます",
  "homepage_blurb": "🚀 ネイティブ教材を発見し、理解し、学習できる多機能ツール。✨ 効果的で、わくわくするような没入型アプローチを体験しましょう！🔥",
  "homepage_formerly_lln": "以前はLanguage Learning with Netflixとして知られていました",
  "homepage_cardBodyNetflix": "ブラウザ拡張機能で、お気に入りの動画が語学レッスンに変わります 🍿 Pro モードでは、音声認識と機械翻訳により、スムーズに内容を理解できます 🌍",
  "homepage_cardBodyYoutube": "想像できるあらゆるトピックに関する何千もの YouTube チャンネル！🧠 自然な言語を実際の文脈で学んで、理解力を伸ばしましょう。厳選されたカタログをご覧ください 🎧",
  "homepage_cardBodyFSI": "実績のある政府研修プログラムで実力を試してみましょう。体系的な会話練習とトレーニングで本物の流暢さを身につけます。💪 Language Reactorの最新ツールで、この伝統的な学習方法をパワーアップ。",
  "homepage_cardTitleWhatToLearn": "学習のポイント",
  "homepage_cardBodyWhatToLearn": "効率的に学習を進めましょう！🏃‍♂️ Language Reactorは、あなたの学習に最も大切な単語を提案し、本当に必要なことに集中できるようサポートします。",
  "homepage_cardBodyPhrasePump": "PhrasePumpは主にリスニング練習のためのツールです。🎧 復習が必要な保存済みの単語を強化し、新しい語彙も紹介する文章が選ばれます。初級者から上級者まで、どなたでも効果的に学習できます。",
  "homepage_cardBodyAria": "言語学習パートナーのAriaをご紹介します：機転の利く頭脳と、ユーモアのセンスを持ち合わせた心強い味方です。瞬時に添削を受けながら、様々な話題について会話を楽しみ、自分のペースで自信を育てていきましょう。💬 💡",
  "homepage_cardTitleProMode": "Pro モード - 任意です",
  "homepage_cardBodyProMode": "Language Reactor は既に多くの優れた無料機能を搭載しています。Pro モードで、さらに特別な魅力が体験に加わります。✨",
  "homepage_cardTitleBooksAndWebsites": "本とウェブサイト",
  "homepage_cardBodyBooksAndWebsite": "ウェブページを Language Reactor にインポートしたり、お気に入りの本をアップロードしたりできます。音声合成で一緒に聞きながら学習できます。🎯",
  "clickHereToUseKeyboardControls": "キーボードコントロールを使用するにはここをクリックしてください",
  "uiLanguage_GT": "表示言語",
  "videoFileIntro_GT": "動画ファイルと字幕ファイル（SRT）をアップロードすると、Language Reactorが翻訳を作成します。現在、この機能はブラウザが対応している動画形式のみをサポートしており、その他の形式では映像が表示されない場合があります。",
  "powerfulToolbox": "Language Reactorは、言語学習を支える強力なツールボックスです。",
  "discoverUnderstandLearn": "ネイティブな素材の発見、理解、学習に役立ちます。",
  "effectiveInterestingEnjoyable": "Language Reactorを使えば、さらに効果的に、興味を持って楽しく学習できます！",
  "extensionAddsNetflixFeatures": "拡張機能をインストールすれば、Netflixのウェブサイトで映画やシリーズを観る際に、2言語字幕表示、ポップアップ辞書、正確な動画再生コントロールをはじめとする多彩な機能を利用できます！",
  "thousandsOfChannels": "チャンネル数は数千にも上り、想像し得る限りのあらゆるテーマの動画を観ることができます！しっかりとした文脈の中で使われる本物の外国語を聞いて、理解力を高めましょう。",
  "booksAndWebsites": "書籍・ウェブサイト",
  "importTextTranslationTTS": "テキストをインポートすれば、Language Reactorがユーザーの言語で機械翻訳を追加し、限りなく本物に近い声でテキストを読み上げます。（近日公開予定）",
  "intelligentFeeding": "インテリジェント機能により、言語コンテンツが自動で提供されます。言語レベルを選択して、コンテンツをお楽しみください。",
  "whatToLearn": "学習項目の提案",
  "suggestVocab": "Language Reactorが注目すべきボキャブラリーやスキップすべき項目を提案してくれるので、学習が捗ります！",
  "highlightWhenAppear": "学習したい単語を保存すると、その単語が出てきた際に常にハイライト表示されるようになります。",
  "homepage_sectionTitleLearn": "好きなことから学ぼう",
  "homepage_sectionSubtitleLearn": "Language Reactorはあなたのレベルと興味に合ったコンテンツを見つけるお手伝いをします",
  "homepage_cardTitleYoutube": "YouTube とポッドキャスト",
  "homepage_sectionTitleSuperpowers": "言語の特別な力",
  "homepage_sectionSubtitleSuperpowers": "どんなコンテンツも分かりやすくします",
  "homepage_cardTitleBilingualSubs": "バイリンガル字幕",
  "homepage_cardBodyBilingualSubs": "両言語を見ながら、自然な会話を聞き取る力を育てましょう。言葉の意味のつながりを発見できます。👂",
  "homepage_cardTitlePlayback": "精密な再生コントロール",
  "homepage_cardBodyPlayback": "⚡ 一時停止機能。再生速度の調整。🎮 キーボードショートカットやジェスチャーで動画を操作。字幕ごとに自動停止して、クリックするまで繰り返し再生。🖱️",
  "homepage_cardTitleDictionary": "辞書 & Lexa AI",
  "homepage_cardBodyDictionary": "🔍 単語をタップすると即座に訳が表示されます。ネイティブの例文と音声付き。🎧 AIによる単語の使い方の詳しい説明。🌱 追加情報の表示もカスタマイズできます。",
  "homepage_sectionSubtitleMaster": "語彙学習に必要な機能が揃っています",
  "homepage_cardTitleSmartHighlighting": "スマートハイライト",
  "homepage_cardBodySmartHighlighting": "単語を1回保存すれば、すべての形で表示されます。Language Reactorは複数形、動詞の活用、関連する語形を認識します。あらゆるコンテンツを通じて自然に学習を強化できます。",
  "homepage_cardTitleExportAnki": "Ankiにエクスポート",
  "homepage_cardBodyExportAnki": "すでに Anki をお使いですか？ 📤 スクリーンショットと音声クリップを含む美しいフラッシュカードを Anki にエクスポートできます。",
  "homepage_sectionTitlePractice": "継続は力なり",
  "homepage_sectionSubtitlePractice": "学習を受動的から能動的へステップアップしましょう",
  "homepage_cardBodyPhoneTablet": "Language Reactorはスマートフォンやタブレットでもご利用いただけます。常に改善を重ねています。",
  "homepage_cardTitlePhoneTablet": "スマートフォン・タブレット",
  "homepage_sectionTitleMaster": "すべての単語とフレーズをマスターしよう",
  "homepage_cardTitleExtension": "ブラウザ拡張",
  "homepage_cardBodyExtension": "デスクトップパソコンでは、ブラウザ拡張機能をインストールすることで、NetflixやYouTubeでの動画視聴時にLanguage Reactorの機能を使用したり、ウェブページをインポートしたりすることができます。",
  "pleaseRefreshAfterChanges": "変更後に更新してください:",
  "pdfsInThisCourseOnlyOnDesktop": "このコースのPDFはデスクトップでのみ表示できます。",
  "noAudioFiles": "音声ファイルがありません",
  "proFeatures_intro": "Language Reactor Pro で、語学学習の可能性を最大限に引き出しましょう！ 🚀📚",
  "proFeatures_netflixTitle": "音声認識と機械翻訳 (Netflix)",
  "proFeatures_netflixFree": "Netflixが提供する字幕を使用します 🍿",
  "proFeatures_netflixPro": "🎤 全ての音声トラックで音声認識をお楽しみいただけます。お気に入りのドラマの吹き替え音声にも正確な字幕が付きます！ 🎬 機械翻訳はより直訳的で、原作の理解を深めることができます。 🌍",
  "proFeatures_saveWordsTitle": "単語とフレーズを保存",
  "proFeatures_saveWordsFree": "PhrasePumpを使用中に単語やフレーズを保存できます 📝",
  "proFeatures_saveWordsPro": "Language Reactor の全機能で単語やフレーズを保存できます。興味のある分野や語彙の不足部分に基づいて学習をカスタマイズしましょう。マークした単語は Language Reactor の全機能で強調表示され、Anki にエクスポートすることもできます！ 📈✨",
  "proFeatures_lexaTitle": "Lexa AI 辞書",
  "proFeatures_lexaFree": "基本的なAI機能で説明を受けられます 🤖",
  "proFeatures_lexaPro": "より広い知識を持ち、複雑な質問にも効果的に対応できる強化されたAIモデルの恩恵を受けましょう！ 🧠🌐",
  "proFeatures_supportTitle": "開発チームを応援する",
  "proFeatures_supportDetails": "皆様のサポートのおかげで、Language Reactorの改善と新機能の開発を続けることができます！ ❤️",
  "youCanSubscribeAgainAfterTheEndOfThisPeriod": "この期間が終了後、再度ご登録いただけます。",
  "tipHoldTheDictionaryButtonToRecordVoice": "ヒント：辞書ボタンを長押しすると音声入力ができます",
  "sentenceOrTextSource": "出典",
  "homepage_cardTitleLanguageSupport": "🌍 多言語対応",
  "homepage_cardBodyLanguageSupport": "40以上の言語のコンテンツから学習できます 🔤 異なる文字体系の言語にはローマ字表記も表示されます 👀 字幕は、マウスを合わせるまで非表示にできるので、リスニング力を磨くのに最適です。",
  "additional15DiscountUntil5thJanuary2025": "2025年1月5日まで15%の追加割引を実施中です。チェックアウト時にクーポンコード「turtle」をご利用ください。 🎅",
  "includeDubbedAudioNF": "吹き替え音声を含める",
  "phrasepumpNeedsImprovementForLang": "PhrasePumpの改善が必要な言語：",
  "addToHomeScreen": "ホーム画面に追加",
  "textToSpeechVoiceNotAvailableForThisLangError": "この言語では音声読み上げ機能をご利用いただけません。システムの追加言語パックをインストールしてみてください。",
  "textToSpeechInSafariNotGreatTryEdgeOrChrome": "Safariブラウザの音声読み上げの品質はあまり良くありません。より良い音声をお使いいただくため、Microsoft EdgeまたはChromeをインストールしてみてください。",
  "dueForReview": "復習の時間です",
  "signInWithGoogle": "Googleでログイン",
  "allServersRunningNormally": "全てのサーバーが正常に動作しています。",
  "clearHistory": "クリア",
  "copiedText": "コピーしました:",
  "loadingText": "テキストを読み込んでいます...",
  "installChromeExtension": "Chrome拡張機能をインストール",
  "itemsRemoved": "項目を削除しました",
  "removingItemsFailed": "項目の削除に失敗しました。",
  "itemsUpdated": "項目を更新しました",
  "autopauseNotAvailableOnYoutube": "YouTubeでは自動一時停止機能はご利用いただけません。",
  "sideBySideLayout": "横並び",
  "overAndUnderLayout": "上下表示",
  "youAlsoHaveItemsInOtherLanguages": "他の言語で保存したアイテムもあります。設定で言語を切り替えると表示されます。",
  "otherLanguages": "他の言語",
  "paymentsAreCurrentlyNotSupportedInYourCountry": "現在、あなたの国では支払いがサポートされていません。",
  "titles_header": "タイトル",
  "sources_header": "出典",
  "holdTheButtonToRecord": "ボタンを長押しして録音してください",
  "noOption": "該当する項目がありません",
  "learningResources": "学習リソース",
  "deleteMyData": "データを削除する",
  "deleteMyData_confirmationMessage": "設定、保存したアイテム、練習履歴、保存したメディアとテキストがすべて完全に削除されます。よろしいですか？",
  "advancedActions": "詳細設定",
  "successDone": "成功しました！",
  "qKey": "自動停止の切り替え",
  "rKey": "字幕を保存",
  "copyKey": "現在の文をコピー",
  "unknownRank": "頻度順位不明",
  "mostFrequentWord": "番目に頻出する単語",
  "studyStore_errorSavingCardStats": "カードの統計情報を保存できませんでした。",
  "studyStore_errorSavingCardRating": "カードの評価を保存できませんでした。",
  "studyStore_loginNoLongerValid": "ログインの有効期限が切れました。ページを再読み込みしてください。",
  "studyStore_tooltip_extraPracticeSentence": "この文章は特定の保存された単語に基づいて表示されているわけではありません。リスニングと文法の知識を向上させるための追加練習です。",
  "studyStore_tooltip_savedInYoutube": "YouTubeの動画から保存：",
  "studyStore_tooltip_savedInNetflix": "Netflixの動画で保存：",
  "studyStore_extraPracticeIndicator": "[追加練習]",
  "studyStore_errorLoadFlashcardMetadataFailed": "フラッシュカードのメタデータを読み込めませんでした。",
  "studyStore_errorLoadPracticeItemsFailed": "練習アイテムの読み込みに失敗しました。",
  "studyStore_errorLoadAudioFailed": "音声の読み込みに失敗しました。",
  "studyStore_errorGettingAudio": "音声の読み込みエラー: ",
  "savedItemsStore_errorTooManyItems": "保存できる項目数が上限に達しています",
  "savedItemsStore_errorSavingItem": "項目の保存に失敗しました。",
  "savedItemsStore_errorUpdatingItemsFailed": "項目の更新に失敗しました。",
  "savedItemsStore_errorFailedToRemoveItem": "項目を削除できませんでした。",
  "savedItemsStore_devError_itemNotFoundForSetStudied": "保存されたアイテムが存在しません: ",
  "mediaStore_errorFailedToGetPlaylistInfo": "プレイリスト情報を取得できませんでした。",
  "mediaStore_errorFailedToGetDocumentInfo": "ドキュメント情報の取得に失敗しました。",
  "mediaStore_errorDocNotFoundInPlaylist": "プレイリストに該当する文書が見つかりませんでした。",
  "userDataStore_errorFailedToSaveUserData": "設定の保存に失敗しました。",
  "userDataStore_errorUpdatingSavedItemKeys": "保存済みアイテムの更新ができませんでした。",
  "chatStore_errorNannyRefusedMessage": "チャットサービスがメッセージを処理できませんでした。別の言い方で試してください。",
  "chatStore_errorQuotaExceededPro": "チャットの利用制限に達しました。明日もう一度お試しください。",
  "chatStore_errorAsrFailed": "メッセージを処理できませんでした。もう一度お試しください。",
  "chatStore_errorGettingChatMessages": "チャットメッセージの取得中にエラーが発生しました。",
  "chatStore_errorQuotaExceededMachine": "チャットの利用制限に達しました。ご契約内容をご確認いただくか、しばらく後でお試しください。",
  "chatStore_errorQueueFull": "申し訳ありません。現在サーバーが満員のため、対応を進めております。",
  "chatStore_infoProUsersPriorityAccess": "プロユーザーは優先的にアクセスできます。",
  "chatStore_errorLoadingConversationLangMismatch": "会話の読み込みエラー：言語設定が一致しません。",
  "chatStore_placeholderEnterWordsHere": "[単語を入力してください]",
  "notifications_prefixNetworkError": "ネットワークエラー：WiFiの接続を確認してください。",
  "notifications_prefixNotFound": "エラー：見つかりませんでした。",
  "notifications_prefixBadRequest": "システムエラーが発生しました。後ほど再度お試しください。",
  "notifications_prefixTokenError": "ログインエラー、もう一度ログインしてください。",
  "notifications_prefixServerError": "サーバーエラーが発生しました。後ほど再度お試しください。",
  "notifications_prefixNotProUser": "プロ機能はご利用いただけません。",
  "notifications_prefixRateLimitExceeded": "アクセス制限を超えました。しばらくお待ちください。",
  "mediaDocPodcast_errorTimeoutDownloadingAudio": "URLからの音声ダウンロードがタイムアウトしました。",
  "media_errorLoadingMediaTranslations": "メディアの翻訳を読み込めませんでした。",
  "media_errorAsrQuotaExceeded": "音声処理の1日の制限を超えました。明日もう一度お試しください。",
  "media_errorAsrQueueFull": "音声処理サーバーが混雑しています。後ほど再度お試しください。",
  "media_errorLoadingAsr": "音声認識の読み込みに失敗しました",
  "media_errorAsrTooLong": "音声認識の処理に時間がかかっています。後ほど再度お試しください。",
  "media_errorLoadingNlpData": "NLPデータの読み込みに失敗しました。",
  "mediaDocText_errorFetchingPageTranslations": "ページの翻訳を取得できませんでした。",
  "mediaDocText_errorFetchingTextInfo": "テキスト情報の取得に失敗しました。",
  "mediaDocText_errorFetchingPageNlp": "ページのNLP取得に失敗しました。",
  "mediaDocText_errorFetchingPageTts": "ページの音声データを取得できませんでした。",
  "media_errorLoadingMediaMetadata": "メディアのメタデータを読み込めませんでした。",
  "media_errorFetchingSubtitlesForVideo": "動画の字幕を取得できませんでした。",
  "media_errorAsrNotAvailableForVideo": "申し訳ありませんが、この動画ではASRをご利用いただけません。",
  "media_errorFetchingVideoTranslations": "動画の翻訳を取得できませんでした。"
}