{
  "langCode": "ko",
  "appNameTr": "Language Reactor",
  "appName": "Language Reactor",
  "appDesc": "당신이 공부하는 언어로 영화와 드라마를 보면서 자신의 언어 실력을 즐겁고 효과적으로 향상시키세요.",
  "catalogue": "카탈로그",
  "catalogue_tooltip": "Language Reactor와 함께 사용할 수 있는 영화 및 시리즈를 찾으세요.",
  "help": "도움말",
  "help_tooltip": "사용 지침 및 팁을 확인하세요.",
  "feedback": "피드백 보내기",
  "feedback_tooltip": "문제가 발생했나요? 특정 기능을 요청하고 싶으신가요?",
  "facebook": "페이스북",
  "facebook_tooltip": "저희 페이지에 좋아요를 눌러주시고 최신 소식을 확인하세요.",
  "originalLanguage_label": "원작 언어:",
  "originalLanguage_tooltip": "이 넷플릭스 영화의 원어입니다",
  "noDictionary_error": "Language Reactor 확장 프로그램은 <text>에 대한 사전 사용을 아직 지원하지 않습니다. 이 기능은 조만간 제공될 예정입니다.",
  "subtitleLanguage_label": "Netflix 자막 언어",
  "subtitleLanguage_tooltip": "선택하신 Netflix 자막의 언어입니다.",
  "subtitlesNotLoaded_error": "Netflix 자막이 로딩되지 않습니다. Netflix 재생 메뉴에서 자막 언어를 선택하셨습니까?",
  "subtitlesNoMatchAudio_error": "선택한 Netflix 자막 (<text>)이 오디오와 일치하지 않습니다. Netflix 재생 컨트롤에서 작품의 원 언어 (<text>)로 설정하거나 Language Reactor 카탈로그에서 추천 작품을 검색하세요.",
  "subtitlesNoMatchAudio_ASR_error_GT": "<text> 자막이 오디오와 일치하지 않습니다. Netflix 재생 설정에서 원어 자막(<text>)으로 변경하시거나 Language Reactor 카탈로그에서 학습 언어에 맞는 콘텐츠를 찾아보세요. 또는 음성 인식(ASR) 트랙을 사용하실 수 있습니다.",
  "audioNoMatchSubtitles_error": "선택한 Netflix 오디오 트랙 (<text>)이 자막과 일치하지 않을 수 있습니다. Netflix 재생 컨트롤에서 작품의 원 언어 (<text>)로 설정하거나 Language Reactor 카탈로그에서 추천 작품을 검색하세요.",
  "audioLanguage_label": "Netflix 오디오 언어",
  "audioLanguage_tooltip": "선택하신 Netflix 오디오 트랙의 언어입니다.",
  "pleaseSelectSubtitles": "- Netflix 재생기에서 자막을 선택하세요 -",
  "pleaseSelectSubtitlesYoutube": "- Youtube 재생기에서 자막을 선택하세요 -",
  "loadingSubtitles": "- 자막 로딩 중입니다. 잠시 기다려주세요... -",
  "loadingTranslations": "번역을 불러오는 중...",
  "firstSubtitleNotReached": "- 첫 번째 자막이 아직 시작되지 않았습니다. -",
  "errorApology_OLD": "Language Reactor에서 오류가 발생했습니다. 개발자들에게 이 문제에 대해 알렸습니다. 페이지를 새로 고침하시거나 24시간 후에 다시 시도하세요. 불편을 드려 죄송합니다. 페이스북 페이지에서 업데이트를 확인해주세요. 오류 메시지: <text>",
  "openClose_tooltip": "Language Reactor 열기 / 닫기.",
  "vocabHighlight_label": "어휘 강조 표시",
  "levelWithNumber": "레벨 <text>: <text> 단어",
  "levelDisable": "레벨 <text>: 사용 중지",
  "translationLanguage_label": "번역 언어",
  "translationLanguage_tooltip": "이것은 번역 언어입니다. 이 언어를 모국어로 설정하세요.",
  "showMachineTranslation_label": "기계 번역 보기",
  "showMachineTranslation_tooltip": "원본 자막의 기계 번역을 사용자의 언어로 표시합니다.",
  "showHumanTranslation_label": "사람이 번역한 내용 보기",
  "showHumanTranslation_tooltip": "가능할 경우 소스 자막을 사용자의 언어로 번역한 인간 번역 보기",
  "slowSpeechSegments": "음성 구간 느리게",
  "slowSpeechSegments_tooltip": "자막이 활성화되어 있을 때 동영상 재생 속도를 줄입니다(0.8배속). 이해하기 쉽도록 도와줍니다.",
  "keyboardShortcuts": "키보드 단축키:",
  "previous": "이전",
  "next": "다음",
  "previousSub": "이전 자막",
  "nextSub": "다음 자막",
  "play": "재생",
  "playPause": "재생 / 일시 중지",
  "repeat": "반복",
  "infiniteRepeat": "무한 반복",
  "alsoUseASD": "다음 키도 사용할 수 있습니다: A, S, D, 스페이스바",
  "autoPause": "자동 일시 중지",
  "autoPause_tooltip": "모든 자막의 마지막 부분에서 자동으로 재생을 일시 중지합니다.",
  "none": "없음",
  "nms_tip": "언어를 공부하고 계신가요? 넷플릭스 영상들과 함께 언어를 공부하는 저희 확장 프로그램을 사용해보세요!",
  "welcomeModal_line1_string": "사용자 여러분,",
  "welcomeModal_line2_string": "확장 프로그램에 중요한 업데이트를 진행했습니다. 새로운 기능을 즐겁게 사용하시기 바랍니다:",
  "welcomeModal_line3_string": "이제 자막을 동영상 상단에 표시할 수 있습니다.",
  "welcomeModal_line4_string": "모든 자막을 볼 수 있는 추가 사이드 패널입니다.",
  "welcomeModal_line5_string": "아시아 언어에 대한 더 나은 지원",
  "proFeatures_line1_string": "Pro 모드를 사용하면 다음과 같은 추가 기능을 사용할 수 있습니다.",
  "proFeatures_line2_string": "기계 번역",
  "proFeatures_tt2_string": "이는 원 자막의 의미에 더 가까우며, 언어 학습자에게 도움이 됩니다.",
  "proFeatures_line3_string": "단어 및 구문 저장",
  "proFeatures_tt3_string": "저장한 단어는 모든 자막에서 강조 표시됩니다. 이는 학습을 체계화하는 데 도움이 됩니다. 저장된 단어 및 구문은 Anki (플래시 카드 프로그램)로 내보낼 수 있습니다.",
  "proFeatures_line4_string": "더빙된 영화의 자막",
  "proFeatures_tt4_string_GT": "넷플릭스의 많은 시리즈는 다른 언어의 더빙 음성을 제공하지만, 이러한 음성에 맞는 자막은 제공하지 않습니다. Language Reactor는 음성으로부터 자막을 생성할 수 있어서, 예를 들어 브레이킹 배드로 독일어를 공부할 수 있습니다.",
  "proFeatures_line5_string": "개발자 지원",
  "proFeatures_tt5_string": "확장 프로그램을 개선하고 새로운 기능을 제공하기 위해 열심히 노력하고 있습니다.",
  "price_string": "월 이용 요금은:",
  "welcomeModal_line6_string": "지금까지 무료로 제공되었던 기계 번역은 비용이 많이 드는 서비스입니다. 여러분의 양해 부탁드립니다.",
  "useForFree_line_string": "이 기능을 1주 동안 무료로 사용할 수 있습니다.",
  "useForFree_twoWeeks_line_string": "이 기능을 2주 동안 무료로 사용할 수 있습니다.",
  "useProForFreeTwoWeeks_string": "Pro 기능을 2주 동안 무료로 사용할 수 있습니다.",
  "notNow_btn_string": "지금은 안 됩니다",
  "continueWithGoogle_btn_string": "Google 계정으로 계속하기",
  "trialBegunModal_body_string": "Pro 기능이 활성화되었습니다!",
  "ok_btn_string": "확인",
  "prePaymentModal_line1_string": "Pro 기능을 계속 사용하려면 구독하세요.",
  "choosePaymentProvider_line_string": "결제 방법을 선택해 주세요:",
  "payWithGoogle_btn_string": "신용 카드를 사용할 수 있습니다.",
  "payWithPaddle_btn_string": "신용카드와 페이팔을 사용할 수 있습니다.",
  "christmasSale_GT": "1월 1일까지 20% 할인합니다",
  "youPayEveryMonth_GT": "월 결제금액:",
  "or_GT": "또는",
  "youPayEvery3Months_GT": "분기별 결제:",
  "youPayEveryYear_GT": "연간 결제:",
  "oneMonth_GT": "1개월",
  "threeMonths_GT": "3개월",
  "oneYear_GT": "1년",
  "subscriptionLabel_GT": "구독하기. 자동 갱신을 원하지 않으시면 결제 후 해지하실 수 있습니다.",
  "choose_GT": "선택",
  "paymentSuccessful_line1_string": "결제가 완료되었습니다. 프로젝트를 지원해 주셔서 감사합니다.",
  "paymentSuccessful_line2_string": "설정에서 언제든지 구독을 취소할 수 있습니다.",
  "paymentSuccessfulPaddleMessage_line_string": "참고: 만약 결제를 수동으로 확인해야 하는 경우, 몇 시간 후에 Pro 모드가 자동으로 활성화될 것입니다. 지연되는 점에 대해 양해 부탁드립니다!",
  "cancelGoogle_line_string": "참고: Pro 모드는 마지막 결제 후 30일 동안 활성 상태로 유지됩니다.",
  "cancelSubscription_btn_string": "구독 취소",
  "problemWithPayment_line1_string": "구독 결제에 문제가 발생했습니다.",
  "problemWithPayment_line2_string": "결제 정보를 업데이트한 후 이 창을 새로고침해 주세요.",
  "updatePayment_btn_string": "결제 정보 업데이트",
  "alreadyUserPleaseSignIn": "이미 사용자입니까? 로그인해 주십시오.",
  "pleaseSignIn": "로그인해 주십시오.",
  "pleaseSignInOrRegister": "추가 기능을 사용하려면 로그인하거나 가입하십시오.",
  "noCreditCardInfoNoChargeAfterTrial": "신용카드는 필요하지 않습니다. 무료 체험이 끝나도 해당 시점에 구독하지 않으면 비용이 청구되지 않습니다.",
  "signIn": "로그인",
  "signOut": "로그아웃",
  "options": "옵션",
  "mode": "모드:",
  "manageSubscription": "구독 관리",
  "mode_free": "무료",
  "mode_basic": "기본 모드",
  "mode_pro": "Pro",
  "signInStatus": "로그인 상태:",
  "signedIn": "로그인됨",
  "notSignedIn": "로그인되지 않음",
  "fix": "수정하기",
  "featureComingSoon": "곧 제공될 기능입니다.",
  "showTransliterations": "음역 표시",
  "noTransliterations": "음역 없음",
  "romaji": "Original + Romaji",
  "hiragana": "Original + Hiragana",
  "romajiOnly": "로마자",
  "hiraganaOnly": "히라가나",
  "withOriginalForm": "원래 형태로",
  "transliterationsOnly": "음역만",
  "hideTransliterationsForKnownWords_GT": "아는 단어의 음차 표기 숨기기",
  "playbackSpeed": "재생 속도",
  "normal": "보통",
  "notAvailable": "사용 불가.",
  "noHTAvailable": "선택한 번역 언어에 대해 인간 번역이 제공되지 않습니다.",
  "noMTAvailable": "기계 번역은 영화의 원래 자막에서만 사용할 수 있습니다.",
  "proFeature": "프로 기능",
  "saveCurrentSubtitle": "현재 자막 저장",
  "toggleAutoPause": "자동 일시중지 켜기/끄기",
  "exportToAnki": "Anki로 보내기",
  "pleaseSelectItemsToExport": "내보낼 항목을 선택해 주세요:",
  "allItems": "전체 항목",
  "download": "다운로드",
  "subtitles": "자막",
  "words": "단어",
  "savedItems_short": "저장된 항목",
  "savedItems": "저장된 항목",
  "saved": "저장됨",
  "allLanguages": "모든 언어",
  "allTypes": "모든 유형",
  "yellowWords": "노란색 단어",
  "blueWords": "파란색 단어",
  "greenWords": "녹색 단어",
  "purpleWords": "보라색 단어",
  "redWords": "빨간색 단어",
  "phrases": "구문",
  "noSavedItems": "저장된 항목이 없습니다.",
  "clickAStar": "자막을 저장하려면 별을 클릭하고, 단어를 저장하려면 사전에서 색상 버튼을 클릭하세요.",
  "loadingDotDotDot": "로드 중...",
  "showMore": "자세히 보기",
  "openCloseBottomPanel": "하단 패널 열기/닫기",
  "openCloseVerticalView": "세로 보기 열기/닫기",
  "close": "닫기",
  "autoPaused": "자동 일시정지",
  "pressSpaceToContinue": "계속하려면 SPACE를 누르세요",
  "saveWordTooltip": "단어를 저장하세요. 단어를 마우스 오른쪽 버튼으로 클릭하여 저장할 수도 있습니다.",
  "subscriptionToProFeatures": "프로 기능 구독",
  "tryForFree": "무료 체험",
  "noCreditCardRequired": "신용 카드 필요 없음",
  "noCharge": "다른 서비스와 달리, 저희는 평가 기간 동안 요금을 청구하거나 자동으로 구독을 업그레이드하지 않습니다.",
  "subscriptionActive": "구독이 활성화되었습니다.",
  "speedUpPlayback": "재생 속도 높이기",
  "slowDownPlayback": "재생 속도 낮추기",
  "highlightSavedWords_label": "저장한 단어 강조",
  "onRightClick_label": "오른쪽 클릭",
  "onLongPress_label_GT": "길게 누르기 동작",
  "suggestedToKnownWordsRatio_label_GT": "추천 단어와 아는 단어의 비율",
  "showVV_label": "자막 목록 보기 표시",
  "showSubsBelowVideo_label": "동영상 아래 자막 표시",
  "otherPossibleTranslations": "다른 가능한 번역",
  "doNothing_option": "아무것도 하지 않음",
  "showDict_option": "사전 보기",
  "showDictSpeak_option": "사전 보기와 단어 말하기",
  "speakWord_option": "단어 발음하기",
  "saveWord_option": "단어 저장",
  "removeAllItems": "모두 제거",
  "areYouSure": "계속하시겠습니까?",
  "hideTranslation": "번역 숨기기",
  "hideTranslation_tt": "비디오 재생 중일 때 번역 숨기기. 번역을 보시려면 텍스트를 클릭하거나 [e]를 누르세요.",
  "littlePracticeEveryDay": "언어 학습은 매일 조금씩 연습하는 것이 필요합니다.",
  "enableLln": "Language Reactor 활성화",
  "doYouLikeOurExtension": "Language Reactor을 좋아하세요?",
  "reportBug": "버그 보고",
  "translationNotFound": "번역을 찾을 수 없습니다.",
  "usageExamples": "용례",
  "userDefinedExternalDict_label": "사용자 사전 URL",
  "turnOnOff": "켜기/끄기",
  "fontSize_label": "폰트 크기",
  "extraSmall": "아주 작음",
  "small": "작게",
  "large": "크게",
  "extraLarge": "아주 크게",
  "removeSubtitle": "제거",
  "settings": "설정",
  "subtitleLanguage_label_yt": "YouTube 자막 언어",
  "subtitleLanguage_tooltip_yt": "선택하신 YouTube 자막의 언어입니다.",
  "subtitlesNotLoaded_error_yt": "YouTube 자막이 로딩되지 않습니다. YouTube 재생 메뉴에서 자막 언어를 선택하셨습니까?",
  "exportAsJson": "JSON으로 내보내기",
  "exportAsCsv": "CSV로 내보내기",
  "exportAsExcel": "Excel로 내보내기",
  "overrideArrowKeys_label": "화살표 키 재지정",
  "overrideArrowKeys_tt": "키보드 화살표 키를 A, S, D 키와 동일하게 작동시킵니다.",
  "changelist": "변경 목록",
  "print": "인쇄",
  "export": "내보내기",
  "appDescYoutube": "목표 언어로 된 동영상을 시청하며 효과적이고 즐겁게 언어 실력을 향상시킵니다.",
  "externalDictsMessage": "외부 사전입니다. Shift 키를 누른 상태에서 단어를 클릭하면 최근에 사용한 외부 사전을 바로 열 수 있습니다.",
  "userDefinedExternalDict_tooltip": "사용자 정의 사전은 사전 팝업에서 다른 외부 사전과 함께 표시됩니다(U1, U2 등으로 표시됨). URL에는 검색하는 단어가 자동으로 대체될 'WORD'(대문자)가 포함되어야 합니다. 여러 URL을 별도의 줄에 입력할 수 있습니다.",
  "pleaseLeaveReviewMessage": "Language Reactor가 마음에 드시나요? Chrome 웹스토어에 리뷰를 남겨주시면 큰 도움이 됩니다.",
  "writeReview": "리뷰 작성하기",
  "saveSubtitle": "저장",
  "translate": "번역",
  "selectLang": "언어 선택",
  "searchVidsWithSubs": "동영상과 자막(CC) 검색",
  "searchSettings": "검색 설정",
  "sourceLang": "출발어:",
  "chatWithOtherUsers": "다른 Language Reactor 사용자와 채팅",
  "forum": "포럼",
  "tip": "팁:",
  "considerChangingYoutubeLanguage": "최상의 검색 결과를 얻으려면 YouTube 설정에서 언어를 변경해 보세요.",
  "seeHow": "학습 방법",
  "helloPleaseSelectYourNativeLanguage": "안녕하세요. 모국어를 선택해 주세요:",
  "yourNativeLanguage_GT": "모국어를 선택하세요",
  "autoHideYoutubePlaybackBarRecommended": "YouTube 재생 바 자동 숨김 (권장)",
  "dontChangeTheInterface": "인터페이스를 변경하지 마세요",
  "hidePlaybackBar": "재생바 숨기기",
  "font": "글꼴",
  "defaultRecommended": "기본값 (권장)",
  "subtitlesHidden": "자막 (숨김)",
  "noSubsForThisVideo": "이 비디오에 대한 자막이 없습니다!",
  "forceOriginalTracks": "오리지널 트랙 강제 실행",
  "forceOriginalTracks_desc": "이 옵션이 활성화되면, 확장자 이용 가능 시, 비디오가 원어의 오디오 및 자막 시스템으로 전환됩니다.",
  "hideSubtitles": "자막 숨기기",
  "disabled": "비활성화",
  "hideTranslations": "번역 숨기기",
  "hideBoth": "둘 다 숨기기",
  "showSubtitleControls": "자막 컨트롤 표시",
  "moveToggleControls": "컨트롤 이동/전환",
  "netflixTestsMessage": "Netflix는 때때로 Language Reactor가 제대로 작동하지 않게 만드는 테스트를 실행합니다. 문제를 방지하기 위해 Netflix 테스트 참여를 비활성화하는 것이 좋습니다. 간단한 방법은 다음과 같습니다:",
  "disableTesting": "테스트 비활성화",
  "nextBillingDate": "다음 청구 일자",
  "youCanUseProForXXDays": "<text>일 동안 Pro 기능을 계속해서 사용할 수 있습니다.",
  "youCanUseFreeForXXDays": "<text>일 동안 무료 기능을 사용할 수 있습니다.",
  "subtitlesCouldNotBeLoaded": "자막을 불러올 수 없습니다.",
  "adIsPlaying": "광고가 재생 중입니다.",
  "yourSubscriptionHasExpired": "구독이 만료되었습니다.",
  "youHaveCanceledYourSubscription": "구독을 취소했습니다.",
  "nowYouCanStudyWithYoutubeToo": "이제 YouTube로도 언어를 배울 수 있습니다!",
  "machineTranslations": "기계 번역",
  "humanTranslations": "사람 번역",
  "belowAreWordsFromTheCurrentVideo_GT": "이 동영상의 단어를 빈도순으로 정렬했습니다",
  "rightClickWordToSaveIt_GT": "단어를 표시하려면 마우스 오른쪽 버튼을 클릭하세요",
  "leftClickToOpenDict": "왼쪽 클릭하여 사전을 여세요.",
  "selectVocabLevelToMarkPurple": "설정에서 어휘 수준을 선택하면 덜 흔한 단어를 보라색으로 표시합니다.",
  "aboveCurrentLevel": "현재 레벨 이상",
  "unsavedWords": "저장하지 않은 단어",
  "levelX": "레벨 <text>",
  "tips": "활용팁",
  "emptyTemplate": "",
  "thisExportHasMultipleParts": "이 내보내기에는 여러 파트가 있습니다.",
  "downloadPartXX": "<text> 부분 다운로드",
  "thisItemWasSavedInAnotherVideo": "이 항목은 다른 비디오에 저장되었습니다.",
  "cancel": "취소",
  "openVideo": "비디오 열기",
  "format": "형식",
  "printHtml": "인쇄 (HTML)",
  "mustReadHowToImportToAnki": "필독: Anki로 가져오는 방법.",
  "infoAboutCsvExport": "CSV 내보내기에 관한 정보",
  "jsonDataSchema": "JSON 데이터 스키마",
  "language": "언어",
  "itemType": "항목 유형",
  "includeTimestamps": "시간 표시 포함",
  "youCanChangeTranslitsOptionsInSettings": "설정에서 음역 옵션을 변경할 수 있습니다.",
  "preferredTranslations": "선호하는 번역",
  "onlyNewItemsSinceLastExport": "마지막 내보내기 후 새로운 항목만",
  "includeMedia": "미디어 포함",
  "langName_is": "아이슬란드어",
  "langName_ga": "아일랜드어",
  "langName_az": "아제르바이잔어",
  "langName_af": "아프리칸스어",
  "langName_am": "암하라어",
  "langName_ar": "아랍어",
  "langName_sq": "알바니아어",
  "langName_hy": "아르메니아어",
  "langName_it": "이탈리아어",
  "langName_yi": "이디시어",
  "langName_ig": "이그보어",
  "langName_id": "인도네시아어",
  "langName_ug": "위구르어",
  "langName_cy": "웨일스어",
  "langName_uk": "우크라이나어",
  "langName_uz": "우즈베크어",
  "langName_ur": "우르두어",
  "langName_et": "에스토니아어",
  "langName_eo": "에스페란토어",
  "langName_or": "오리야어",
  "langName_nl": "네덜란드어",
  "langName_kk": "카자흐어",
  "langName_ca": "카탈로니아어",
  "langName_gl": "갈리시아어",
  "langName_kn": "칸나다어",
  "langName_rw": "르완다어",
  "langName_el": "그리스어",
  "langName_ky": "키르기스어",
  "langName_gu": "구자라트어",
  "langName_km": "크메르어",
  "langName_ku": "쿠르드어",
  "langName_hr": "크로아티아어",
  "langName_xh": "코사어",
  "langName_co": "코르시카어",
  "langName_sm": "사모아어",
  "langName_jv": "자바어",
  "langName_ka": "조지아어",
  "langName_sn": "쇼나어",
  "langName_sd": "신디어",
  "langName_si": "스리랑카어",
  "langName_sv": "스웨덴어",
  "langName_zu": "줄루어",
  "langName_gd": "스코틀랜드 게일어",
  "langName_es": "스페인어",
  "langName_sk": "슬로바키아어",
  "langName_sl": "슬로베니아어",
  "langName_sw": "스와힐리어",
  "langName_su": "순다어",
  "langName_ceb": "세부아노어",
  "langName_sr": "세르비아어",
  "langName_so": "소말리아어",
  "langName_th": "태국어",
  "langName_tg": "타지크어",
  "langName_tt": "타타르어",
  "langName_ta": "타밀어",
  "langName_cs": "체코어",
  "langName_te": "텔루구어",
  "langName_da": "덴마크어",
  "langName_de": "독일어",
  "langName_tk": "투르크멘어",
  "langName_tr": "터키어",
  "langName_ny": "냔자어",
  "langName_ne": "네팔어",
  "langName_no": "노르웨이어",
  "langName_ht": "아이티어",
  "langName_ha": "하우사어",
  "langName_ps": "파슈토어",
  "langName_eu": "바스크어",
  "langName_haw": "하와이어",
  "langName_hu": "헝가리어",
  "langName_pa": "펀잡어",
  "langName_hi": "힌디어",
  "langName_tl": "필리핀어",
  "langName_fi": "핀란드어",
  "langName_hmn": "히몸어",
  "langName_fr": "프랑스어",
  "langName_bg": "불가리아어",
  "langName_vi": "베트남어",
  "langName_iw": "히브리어",
  "langName_be": "벨라루스어",
  "langName_fa": "페르시아어",
  "langName_bn": "벵골어",
  "langName_pl": "폴란드어",
  "langName_bs": "보스니아어",
  "langName_pt": "포르투갈어",
  "langName_mi": "마오리어",
  "langName_mk": "마케도니아어",
  "langName_mg": "말라가시어",
  "langName_mr": "마라티어",
  "langName_ml": "말라얄람어",
  "langName_mt": "몰타어",
  "langName_ms": "말레이어",
  "langName_my": "버마어",
  "langName_mn": "몽골어",
  "langName_yo": "요루바어",
  "langName_lo": "라오어",
  "langName_la": "라틴어",
  "langName_lv": "라트비아어",
  "langName_lt": "리투아니아어",
  "langName_ro": "루마니아어",
  "langName_lb": "룩셈부르크어",
  "langName_ru": "러시아어",
  "langName_en": "영어",
  "langName_ko": "한국어",
  "langName_fy": "서부 프리지아어",
  "langName_zh-CN": "중국어(간체)",
  "langName_zh-TW": "중국어(번체)",
  "langName_st": "남부 소토어",
  "langName_ja": "일본어",
  "netflixCatalogue": "넷플릭스 카탈로그",
  "notAllTitlesAllCountries": "모든 국가에서 모든 콘텐츠를 사용할 수 있는 것은 아니므로, 넷플릭스가 감지하는 국가를 선택해야 합니다.",
  "catalogueByOriginalLanguage": "카탈로그에는 제목이 원어로 표기되어 있습니다. 따라서 프랑스어를 공부하면 프랑스 필름, 독일어를 공부하면 독일 필름 등을 찾아볼 수 있습니다.",
  "goodSubtitlesForOriginal": "넷플릭스는 작품의 원어 자막을 오디오 트랙과 일치하도록 잘 제공합니다.",
  "oftenDontMatch": "오디오가 더빙된 콘텐츠의 경우에는 자막이 오디오와 일치하지 않을 수도 있습니다.",
  "yourCountry": "귀하의 국가",
  "allCountries": "모든 국가",
  "numberFound_colon": "검색결과 수:",
  "genre_colon": "장르:",
  "released_colon": "개봉:",
  "runtime_colon": "상영시간:",
  "drama": "드라마",
  "action": "액션",
  "crime": "범죄",
  "thriller": "스릴러",
  "adventure": "어드벤처",
  "scifi": "공상 과학",
  "romance": "로맨스",
  "fantasy": "판타지",
  "mystery": "미스터리",
  "war": "전쟁",
  "biography": "전기",
  "history": "역사",
  "clearHistory_GT": "기록 지우기",
  "comedy": "코미디",
  "horror": "호러",
  "sport": "스포츠",
  "music": "음악",
  "animation": "애니메이션",
  "musical": "뮤지컬",
  "noMoviesFoundForThisSearch": "검색된 영화가 없습니다.",
  "youtubeCatalogue": "유튜브 카탈로그",
  "installExtensionForEnhancedFeatures": "활용 팁: 넷플릭스와 유튜브를 시청할 때 기능 향상을 위한 확장자를 설치하세요!",
  "weCreatedYTCatalogue": "학습에 도움이 되는 좋은 채널을 찾을 수 있도록 이 카탈로그를 만들었습니다.",
  "errorLoadingData": "데이터 로딩에 오류가 발생했습니다.",
  "search": "검색",
  "subscribers_colon": "구독자 수:",
  "withSubtitles_colon": "자막 포함:",
  "score_colon": "점수:",
  "installExtensionForBetterExperience": "브라우저 확장 프로그램을 설치하면 사용자 경험이 풍부해집니다!",
  "translationSameAsSource_text_text": "번역 언어(<text>)가 원본 언어(<text>)와 동일합니다. 설정에서 번역 언어를 변경해 보세요.",
  "translationNotSupported_text_text": "<text>에서 <text>로의 번역은 현재 지원되지 않습니다.",
  "selectDifferentTranslationLanguage": "다른 번역 언어를 선택하세요.",
  "nextVideo": "다음 비디오",
  "prevVideo": "이전 비디오",
  "smallVideo": "작은 동영상",
  "bigVideo": "큰 화면 영상",
  "showTranslation": "번역 보기(가능한 경우)",
  "watchingVideos": "동영상 시청하기",
  "afterInstallingAdditionalFeatures": "브라우저 확장 프로그램을 설치하면, 넷플릭스와 유튜브 웹사이트 시청 시 언어 학습 추가 기능이 나타납니다.",
  "whatToWatch": "볼 만한 콘텐츠",
  "weCreatedNetflixAndYoutubeCatalogue": "동영상을 찾는 데 도움이 되도록 Netflix와 YouTube용 카탈로그를 만들었습니다. 이 페이지 왼쪽 메뉴에서 카탈로그를 열 수 있습니다.",
  "alreadyOpenPleaseReload": "넷플릭스와 유튜브가 이미 열려 있으면, 창을 새로고침하세요.",
  "clickToOpenSettings": "여기를 클릭하여 설정으로 이동하세요.",
  "clickEnableExtraFeatures": "여기를 클릭하여 추가 기능을 활성화 또는 비활성화하세요.",
  "formerlyCalled": "(이전 '넷플릭스를 이용한 어학공부')",
  "startInstallExtension": "시작하려면 브라우저 확장 프로그램을 설치하세요.",
  "saveAndReview": "저장 및 복습",
  "reviewWordsAndPhrases": "저장한 단어와 구문을 플래시카드로 복습할 수 있고 새로운 단어도 배울 수 있습니다.",
  "underActiveDevelopment": "이 프로젝트는 현재 개발 중입니다. 포럼을 방문하여 기능을 제안하거나 문제점을 보고하세요.",
  "writeToUs": "다른 질문은 당사에 직접 문의하세요.",
  "setupComplete": "설정이 완료되었습니다.",
  "clickWordDictionary": "사전을 찾아보려면 단어를 클릭하세요. 오른쪽 클릭하면 단어를 저장할 수 있습니다.",
  "autopauseEverySubtitle": "각 자막 후 자동으로 일시 정지합니다.",
  "machineAndHumanTranslations": "설정에서 자동 번역과 인간 번역의 두 가지 유형 중 한 가지를 표시하도록 선택할 수 있습니다. 자동 번역은 직역이므로 학습하는 언어의 문자 구조를 이해할 수 있습니다. 여기에는 때때로 번역 오류가 나타날 수도 있습니다. 인간 번역의 경우는 표현과 관용구를 올바르게 번역하기 때문에 유용한 경우가 많습니다.",
  "keyboardKeys": "키보드 키를 사용하여 플레이어를 제어할 수 있습니다.",
  "aKey": "이전 자막",
  "sKey": "자막 다시 듣기",
  "dKey": "다음 자막",
  "spaceKey": "재생/일시정지",
  "settingsForMoreShortcuts": "더 많은 키보드 단축키를 찾아보시려면 설정을 확인하세요.",
  "weCreatedNetflixCatalogue": "공부하시는 언어로 된 고품질 자막이 있는 넷플릭스 작품을 찾는 데 도움이 되도록 특별한 카탈로그를 만들었습니다.",
  "youtubeHasAnyTopic": "유튜브는 모든 주요 언어로 된 다양한 주제에 대한 비디오를 제공합니다. 하지만 유튜브는 외부 콘텐츠를 숨기려 합니다.",
  "pageNotFound": "페이지를 찾을 수 없습니다.",
  "videosNoLongerAvailable": "목차에 있는 비디오 중 일부는 시청하는 국가에 따라 더 이상 제공되지 않을 수 있습니다.",
  "votes_text": "<text>표",
  "countries_text": "<text>개국",
  "watch": "시청",
  "tryAgain": "다시 시도하세요",
  "videoUnavailablePleaseContinue": "이 비디오는 시청할 수 없습니다, 다음 비디오를 계속해서 시청하세요.",
  "nextPage": "다음 페이지",
  "prevPage": "이전 페이지",
  "videos": "비디오",
  "selectPlaylist": "재생 목록을 선택하세요.",
  "flashcardTooltipProposal": "이번 학습에서 새로 추가되는 학습 항목 수",
  "flashcardTooltipExposure": "이번 학습의 복습 항목 수",
  "flashcardTooltipTest": "이번 학습의 퀴즈 문제 수",
  "flashcardExposureTooltip": "노출 카드는 저장한 단어들을 다양한 예문으로 보여주어 여러 용법을 이해하는 데 도움을 줍니다.",
  "flashcardExposure": "노출 학습",
  "flashcardTestTooltip": "테스트 카드로 단어와 문장 학습 상태를 평가합니다",
  "flashcardTest": "테스트",
  "lastPracticed_text": "마지막 연습: <text>",
  "itemsDueForPractice_text": "연습할 항목 <text>개가 있습니다.",
  "startPractice": "연습 시작",
  "betterWaitTillTomorrow": "다음 세션을 연습하려면 내일까지 기다리는 것이 좋습니다.",
  "practiceMore": "더 연습하기",
  "savedWordsAppearHere": "활용팁: 단어와 구문을 저장하시면, 해당 단어와 구문이 다음 연습에 나타납니다.",
  "showAnswer": "정답 보기",
  "fail": "오답",
  "hard": "어려움",
  "easy": "쉬움",
  "success": "정답",
  "ok": "확인",
  "extraButtonsSearchBar": "따라서, 유튜브 검색창 옆에 추가 버튼을 마련했습니다:",
  "leftTranslateRightSearch": "왼쪽 버튼은 검색창의 텍스트를 번역하여 공부하는 언어로 제작된 동영상을 더 쉽게 찾을 수 있습니다. 오른쪽 버튼은 자막이 있는 동영상을 검색합니다.",
  "youtubeInterfaceLanguageMoreVideos": "YouTube 사용자 인터페이스 언어를 학습 중인 언어로 변경할 수 있습니다. 그러면 YouTube에서 해당 언어의 동영상을 더 많이 보여줍니다.",
  "howToChangeYoutubeInterfaceLanguage": "유튜브 인터페이스 언어 변경 방법",
  "clickButtonTopRight": "화면의 오른쪽 상단에 위치한 이 버튼을 클릭하세요:",
  "lookForLanguageSetting": "\"언어\" 설정을 찾습니다:",
  "whenChangeMoreResults": "언어를 변경하면 학습 중인 언어로 더 많은 검색 결과가 표시됩니다.",
  "onlyDesktopCheckBack": "현재 Language Reactor는 데스크톱 컴퓨터에서만 사용 가능합니다. 나중에 다시 확인하세요!",
  "open": "열기",
  "word": "단어",
  "phrase": "구문",
  "translation": "번역",
  "context": "문맥",
  "source": "소스",
  "actions": "액션",
  "accountInformation": "계정 정보",
  "quickSettings": "빠른 설정",
  "fullSettings": "전체 설정",
  "gettingStarted": "시작하기",
  "exportHelp": "내보내기 안내",
  "studyTips": "학습 활용팁",
  "howToImportWebpage": "웹페이지 가져오는 방법",
  "importWithRightClick": "오른쪽 클릭 메뉴를 이용하여 웹페이지를 Language Reactor로 가져올 수 있습니다.",
  "extensionInstalledForThisFeature": "이 기능을 사용하려면 브라우저 확장 프로그램이 필요합니다.",
  "importText": "텍스트 가져오기",
  "goToReaderMode": "읽기 모드로 가기",
  "edit": "수정",
  "read": "읽기",
  "posADJ_UD": "Adj.",
  "posADP_UD": "Adp.",
  "posADV_UD": "Adv.",
  "posAUX_UD": "Aux.",
  "posNOU_UD": "Noun",
  "posPRO_UD": "Pronoun",
  "posVER_UD": "Verb",
  "posDET_UD": "Det.",
  "posSYM_UD": "Symbol",
  "posINT_UD": "Int.",
  "posCCO_UD": "Coord. Conj.",
  "posPUN_UD": "Punct.",
  "posNUM_UD": "Numerical",
  "posPAR_UD": "Particle",
  "posSCO_UD": "Sub. Conj.",
  "posX_UD": "Foreign",
  "posCONJ": "Conj.",
  "posPREP": "Prep.",
  "ok2": "확인",
  "pleaseWait": "잠시 기다리세요...",
  "ohNoPleaseAddPermissionLRLogin": "죄송합니다! 성공적으로 로그인하려면 Language Reactor 브라우저 확장 프로그램이 languagereactor.com에서 실행될 수 있도록 허용해 주시기 바랍니다!",
  "recommended$Videos$": "추천",
  "$videos$WithSubtitles": "자막 포함",
  "$videosWith$MostSubscribers": "최다 구독자",
  "sortBy": "정렬 기준:",
  "$video$Rating": "평점",
  "yearReleased": "출시 연도",
  "type$OfVideo$": "유형",
  "any$TypeOfVideo$": "모두",
  "movies": "영화",
  "series": "시리즈",
  "genres": "장르",
  "all$Genres$": "전체",
  "goToIMDB": "IMDB로 이동",
  "availableIn": "시청 가능 국가:",
  "errorLoadingVideo": "비디오 로드 오류",
  "goBack": "돌아가기",
  "sorryThisPlaylistIsMissing": "죄송합니다. 이 재생목록이 없습니다.",
  "sorryThisVideoIsMissing": "죄송합니다. 이 비디오가 없습니다.",
  "videoList": "비디오 목록",
  "studyLanguage": "학습 언어",
  "iAmLearning": "나는 배우고 있습니다",
  "playAll": "모두 재생",
  "bigUpdate": "대규모 업데이트!",
  "readMore": "자세히 보기",
  "iGotIt": "이미 알고 있습니다",
  "allWords": "모든 단어",
  "savedWords": "저장된 단어",
  "savedPhrases": "저장된 구문",
  "setVocabLevel_short": "어휘 수준 설정",
  "setVocabLevel": "어휘 수준 설정",
  "changeVocabLevelConfirmation_GT": "단어 학습 레벨을 <text>에서 <text>로 변경하시겠습니까?",
  "changeStudyLevel": "학습 수준 변경",
  "currentStudyLevel": "현재 학습 수준",
  "change": "변경",
  "pleaseSelectYourStudyLevelToContinue": "계속하려면 학습 수준을 선택하세요",
  "frequency": "빈도",
  "alphabetical": "알파벳순",
  "LEARNING": "학습 중",
  "KNOWN": "알고 있음",
  "SKIPPED": "학습 제외",
  "SKIPPED_short": "학습 제외",
  "knownWords_GT": "아는 단어",
  "tag": "태그",
  "errorLoadingList": "목록 로드 오류",
  "pleaseSelectLanguageOnTop_GT": "위에서 언어를 선택하세요",
  "xSelected": "<text> 선택됨",
  "setLearningStage": "학습 단계 설정",
  "thisWillAffectXItemsAreYouSure": "이로 인해 <text>개 항목이 영향을 받습니다. 계속하시겠습니까?",
  "yes": "예",
  "no": "아니요",
  "removeItems": "항목 제거",
  "setTag": "태그 설정",
  "selectAllOrNone": "전체 선택 / 해제",
  "logIn": "로그인",
  "noItemsFound": "검색된 항목이 없습니다",
  "upgrade": "구독하기",
  "transliterationsJapanese": "일본어 표기법",
  "transliterationsVisibility_GT": "음차 표기 보기",
  "alwaysShow_GT": "항상",
  "hideForKnownWords_GT": "아는 단어는 숨기기",
  "hideForMarkedAndKnownWords_GT": "표시된 단어와 아는 단어 가리기",
  "specialWords_GT": "특수 단어",
  "specialWords_info_GT": "이름, 장소, 숫자 등",
  "markedWords_GT": "표시된 단어",
  "markWord_GT": "단어 표시하기",
  "savedWordsMarkingTooltipDesc_GT": "단어 수준을 변경해도 표시한 단어들의 상태는 유지됩니다. 표시된 단어는 테두리와 함께 나타납니다.",
  "wordStatus_desc_GT": "어휘 수준이나 개별 표시에 따라 등급이 결정됩니다",
  "wordColors_desc_GT": "이 설정은 자막과 텍스트에서 단어의 표시를 제어합니다. '저장된 항목' 보기에서는 항상 단어의 전체 색상이 사용됩니다.",
  "suggestedWords_desc_GT": "다음으로 학습하면 좋을 유용한 단어들입니다",
  "showKnownWordsInGreen": "아는 단어를 녹색으로 표시",
  "showMarkedLearningWordsInOrange_GT": "학습 표시된 단어를 주황색으로 보여줍니다",
  "showSuggestedWordsInOrange_GT": "추천 단어를 주황색으로 표시합니다",
  "showRareWordsInGrey_GT": "자주 쓰지 않는 단어 흐리게 하기",
  "outline_GT": "외곽선",
  "outlineMarkedWordsInText": "텍스트에서 마크된 단어에 윤곽 표시",
  "showTagsInText": "텍스트에서 태그 표시",
  "showLearningStageButtonsInMiniDictionary": "미니 사전에서 학습 단계 버튼 표시",
  "switchLearningStage_GT": "알고 있는 단어/학습 중인 단어 전환",
  "switchTags": "태그 전환",
  "switchLanguage_GT": "언어 전환",
  "dictionary": "사전",
  "speakWordOnClick": "클릭 시 단어 발음",
  "basicSettings": "기본 설정",
  "machineTranslationsAvailable": "기계 번역 사용 가능",
  "belowAreWordsOfIncreasingDifficultyDesc": "다음 단어들은 난이도가 점점 높아집니다. 모든 단어를 이해하는 마지막 행을 클릭하세요(스크롤하여 모두 볼 수 있음).",
  "iDontKnowAnyWordsYet": "아직 아는 단어가 없습니다.",
  "exampleText": "예제 텍스트:",
  "wordColors_GT": "단어 색상",
  "reset_GT": "초기화",
  "newChat_GT": "새 대화",
  "autoCorrectGrammar_GT": "문법 자동 수정",
  "estimatedNumberOfKnownWords": "아는 단어의 대략적인 수",
  "article": "기사",
  "fullText": "전문",
  "textMode": "텍스트",
  "myText_GT": "내 텍스트",
  "myTexts_GT": "내 텍스트",
  "books_GT": "도서",
  "pasteAnyTextYouWishToStudyHere": "여기에 공부하고 싶은 텍스트를 붙여넣으세요.",
  "videoFile": "동영상 파일",
  "selectVideo": "비디오 선택",
  "selectVideoFile": "비디오 파일 선택",
  "selectSubtitles": "자막 선택",
  "subtitlesLanguage": "자막 언어",
  "save": "저장",
  "copy": "복사",
  "copyCurrentSentence": "현재 문장 복사",
  "wordNotFound": "단어를 찾을 수 없습니다.",
  "markWhetherYouKnowThisWordDesc": "단어를 아는지 여부를 표시하세요. 단어를 주황색(학습 중)으로 표시하면 플래시 카드에 추가됩니다.",
  "shortcutRightClick": "마우스 오른쪽 클릭",
  "shortcutMiddleClick": "마우스 가운데 클릭",
  "addTagToAWordDesc": "태그를 사용하여 단어 그룹을 만들 수 있습니다. 태그로 지정한 단어들은 별도로 내보낼 수 있습니다. 태그는 컬러 밑줄로 표시할 수 있으며 이는 설정에서 관리할 수 있습니다.",
  "markAsKnown": "알고 있음으로 표시",
  "markAsLearning": "학습 중으로 표시",
  "markedKnown_GT": "알고 있음으로 표시됨",
  "markedToLearn": "학습을 위해 표시됨",
  "learningNow": "현재 학습 중",
  "learnt": "학습 완료",
  "learn": "학습하기",
  "remove": "삭제",
  "noTag": "태그 없음",
  "examplesSavedItems": "예: 저장된 항목",
  "examplesCurrentText": "예: 현재 텍스트",
  "examples": "예문:",
  "pleaseSignInToUseThisFeature": "이 기능을 사용하려면 로그인하세요.",
  "pleaseSignInToUseThisFreeFeature": "이 무료 기능을 사용하려면 로그인하세요.",
  "soThatWeCanSaveYourProgress": "(진행 상황을 저장할 수 있도록)",
  "phrasepumpInfoTooltipShort": "PhrasePump는 대부분 이해할 수 있는 여러 문장을 제공합니다. 이는 어휘, 듣기 능력 및 문법 지식을 향상시킵니다.",
  "phrasepumpInfoTooltip": "PhrasePump는 대부분 이해할 수 있는 여러 문장을 제공합니다. 이는 어휘, 듣기 능력 및 문법 지식을 향상시킵니다. 연습해야 할 단어 또는 학습해야 할 새로운 단어가 포함된 문장이 선택됩니다.",
  "fumingRiver": "언어라는 강이 여러분의 몸속으로 흘러 들어가게 하여 그 물길을 자신의 존재 이유로 만드세요.",
  "itemsDueForReview": "검토할 항목",
  "noCardsToStudy": "공부할 카드가 없습니다.",
  "tryEnablingMoreStudyModes": "더 많은 학습 모드를 활성화해 보세요.",
  "pleaseMarkMoreItemsOrWait": "공부할 항목을 더 표시하거나 기존 항목의 예정 시기까지 기다리세요.",
  "statistics": "통계",
  "xCards": "<text> 장의 카드",
  "cards": "카드",
  "cardsPracticedToday": "오늘 연습한 카드",
  "showLast": "표시 기간:",
  "day": "일",
  "week": "주",
  "month": "월",
  "threeMonths": "3개월",
  "markedToLearnDesc": "저장한 단어와 문구가 아직 연습 대기열에 있습니다.",
  "suggestions": "추천",
  "suggestionsDesc": "저장된 항목을 연습한 후 PhrasePump에서 학습할 단어를 추천할 수 있습니다.",
  "suggestionsDesc_noMoreLeft": "더 이상 추천 항목이 없습니다.",
  "suggestionsDesc_noSuggestionsForLang": "이 언어에서는 제안 기능을 지원하지 않습니다.",
  "inTheLastXDaysYouStartedToPracticeYItems": "지난 <text>일 동안 '학습을 위해 표시한' <text>개의 새로운 단어와 문구를 연습하기 시작했습니다.",
  "inTheLastXDaysYouStartedToPracticeYSuggestedWords": "지난 <text>일 동안 <text>개의 새로운 추천 단어를 연습하기 시작했습니다.",
  "youArePracticingXItems": "<text>개의 단어와 문구를 열심히 연습하고 있습니다.",
  "inTheLastXDaysYouHaveLearntYItems": "지난 <text>일 동안 <text>개의 단어와 문구를 학습했습니다.",
  "inTheLastXDaysYouHavePracticedYItems": "지난 <text>일 동안 <text>개의 단어와 문구를 연습했습니다.",
  "learntDescLearntXItems": "적어도 6주 동안 기억할 것 같은 단어와 문구. <text>개의 항목을 학습했습니다.",
  "halflifeDays_GT": "반감기 (일)",
  "languageSelector": "언어 선택",
  "addLanguage": "언어 추가",
  "dueItems": "복습할 항목:",
  "chooseALanguage": "언어 선택",
  "showContext_GT": "문맥 보기",
  "add": "추가",
  "forgot": "잊었습니다",
  "okay": "확인",
  "quizzes": "퀴즈",
  "suggestedWords": "추천 단어",
  "practice": "연습",
  "thisIsTheFirstTimeYouArePracticingThisItem": "이 항목을 연습하는 것은 이번이 처음입니다.",
  "quiz": "퀴즈",
  "whatShouldGoInTheGap": "틈새에는 무엇이 들어가야 할까요?",
  "useTranslationForHelp": "도움이 필요하면 번역을 사용하세요.",
  "suggestedWord": "추천 단어",
  "wouldYouLikeToLearnThisWord": "이 새로운 단어를 배우고 싶으신가요?",
  "listeningPractice": "듣기 연습",
  "tryToUnderstandBeforeYouRevealTheText": "텍스트를 공개하기 전에 이해하려고 노력하세요.",
  "newItems": "새 항목",
  "newWordsTooltip": "새 항목을 표시하는 데 사용할 카드의 최대 비율('학습을 위해 표시함' 및 '추천'). 이 값을 줄이면 이미 배우고 있는 항목을 더 많이 연습할 수 있습니다. 검토해야 할 항목이 많을 경우, 새로 제공하는 자료의 양이 줄어듭니다.",
  "sessionSize": "학습 세션 크기",
  "sessionSizeTooltip": "세션에 포함된 카드 수.",
  "reveal": "정답 보기",
  "savePhrase": "문구 저장",
  "learningStage": "학습 단계",
  "savingWords": "단어 저장하기",
  "oldSystem": "기존 시스템:",
  "newSystem": "새 시스템:",
  "greenKnownOrSuggestedWords": "흰색: 알려진 단어 및 추천 단어",
  "orangeMarkedWords": "주황색: 학습용으로 표시된 단어",
  "dictStageTagsPickerDesc": "여기에서 단어를 알고 있는지(녹색), 배우고 있는지(주황색), 배우고 싶지 않은지(회색) 표시할 수 있습니다. 태그를 추가할 수도 있으며 이러한 태그는 컬러 밑줄로 표시됩니다.",
  "exportFromLanguageReactor": "Language Reactor에서 내보내기...",
  "viewAll": "모두 보기",
  "wordViewNotSupported": "이 기능은 현재 해당 언어에서 지원되지 않습니다.",
  "green": "녹색",
  "yellow": "노란색",
  "red": "빨간색",
  "blue": "파란색",
  "lastSaved": "최근 저장",
  "rank": "순위",
  "wordList": "단어 목록",
  "up1": "이전에는 단어를 색상(빨간색, 녹색, 노란색, 파란색)으로 표시하여 저장했습니다. 이 기능은 계속 사용할 수 있지만(현재 '태그'라고 함) 색상은 단어 아래에 밑줄로 표시됩니다. 기본적으로 단어를 마우스 오른쪽 버튼으로 클릭해도 더 이상 태그 색상이 변경되지 않지만 설정에서 이를 구성할 수 있습니다.",
  "up2": "이번 업데이트에서 Language Reactor는 이제 어떤 단어를 알고 있는지 추적할 수 있으며, 모르는 단어에 대해서는 배워야 하는지 여부를 제안합니다. 이를 통해 소프트웨어는 몇 가지 유용한 작업을 수행할 수 있습니다. 약 40개 언어에서 작동합니다.",
  "up3": "알고 있거나 주의해야 할 단어는 흰색으로 표시됩니다.",
  "up4": "학습을 위해 표시한 단어는 주황색으로 표시됩니다.",
  "up5": "이제 배울 필요가 없는 빈약한 단어는 GREY로 표시됩니다.",
  "up6": "이러한 범주를 우리는 '학습 단계'라고 부릅니다.",
  "up7": "사전에서 설정 아이콘을 클릭하여 대략적인 어휘 크기를 빠르게 설정할 수 있습니다. 모든 단어를 개별적으로 표시할 필요는 없습니다.",
  "up8": "이미 많은 단어를 색상으로 저장한 경우 학습 단계로 일괄 표시할 수 있습니다.",
  "up9": "'저장된 항목' 탭을 클릭합니다.",
  "up10": "'저장된 단어'를 클릭합니다.",
  "up11": "드롭다운에서 태그 색상을 선택합니다.",
  "up12": "'모두 선택' 확인란을 클릭합니다.",
  "up13": "이 단어에 할당하려는 '학습 단계'를 선택합니다.",
  "up14": "이 작업을 수행한 후에는 설정 탭에서 태그에 대한 색상 밑줄을 비활성화하여 영화 등을 볼 때 시각적 노이즈를 줄일 수 있습니다.",
  "up15": "원한다면 이 채색 시스템을 사용할 필요가 없습니다. 설정에서 학습 상태에 따라 단어 색칠을 비활성화할 수 있습니다.",
  "clickToReadMore": "더 읽어보려면 클릭하세요",
  "layout_GT": "레이아웃",
  "videoSize_GT": "동영상 크기",
  "youAreLearning_GT": "학습 언어",
  "start_screen": "시작",
  "theTextSeemsToBeIn_lang_GT": "이 텍스트는 <text>로 보입니다.",
  "changeSourceLanguageTo_lang_GT": "<text>(으)로 전환하시겠습니까?",
  "clearAllHistoryConfirmation_GT": "<text> 학습 기록을 모두 지우시겠습니까?",
  "chatHomescreenText_1_GT": "AI와 대화하세요. 어차피 더 나은 대화 상대가 없잖아요?",
  "chatHomescreenText_2_GT": "하지만 저희가 재미있게 만들었습니다.",
  "chatPreprompt_label_GT": "채팅 안내",
  "chatPreprompt_tooltip_GT": "AI와 대화하기 전 전송되는 지시사항",
  "typeTheTextToTranslate_GT": "번역할 텍스트를 입력하세요",
  "showMiniDictionary_GT": "미니 사전 보기",
  "yourMessage_GT": "귀하의 메시지",
  "other_GT": "기타",
  "pressAndHoldToRecordVoice_GT": "길게 눌러 녹음",
  "recording_GT": "녹음 중입니다",
  "switchBetweenShortcutsAndInputMode_GT": "단축키/입력 모드 전환",
  "pressTabToswitchBetweenShortcutsAndInputMode_GT": "[ESC] 키를 눌러 단축키/입력 모드를 전환합니다",
  "preferredAudioSource_GT": "선호하는 오디오 소스",
  "originalAudioWhenAvailable_GT": "원본 오디오 (가능한 경우)",
  "computerAudioTTS_GT": "음성 변환",
  "include_GT": "포함하기",
  "noItemsForThisLanguage_GT": "이 언어의 항목이 없습니다",
  "startReading_GT": "읽기 시작",
  "numberOfPages_GT": "페이지 수",
  "nextDocument_GT": "다음 문서",
  "prevDocument_GT": "이전 문서",
  "noVerticalView_GT": "수직보기 없음",
  "playbackRate_GT": "재생 속도",
  "numPages_GT": "<text>페이지",
  "chapters_GT": "챕터",
  "book_GT": "책",
  "audioTrack_GT": "오디오 트랙",
  "simplifiedVersion_GT": "간소화된 버전",
  "dubbedAudio_GT": "더빙된 오디오",
  "dubbedAudioDesc_GT": "이 영상은 원래 다른 언어로 제작되었습니다. 음성과 일치하는 자막을 위해 음성 인식을 사용하세요.",
  "rewindForward5s_GT": "5초 앞으로",
  "rewindBack5s_GT": "5초 뒤로",
  "readTheForumPost_GT": "게시글 읽기",
  "youtubeChannels_GT": "유튜브 채널",
  "channels_GT": "채널",
  "thisFeatureIsUnderDevelopmentWillBeImprovedSoon_GT": "이 기능은 개발 중이며 곧 개선될 예정입니다.",
  "loadingAudio_GT": "오디오 로딩 중...",
  "media_GT": "미디어",
  "useOurDesktopBrowserExtension_GT": "이 동영상을 시청할 때 데스크톱 브라우저 확장 프로그램을 사용하면 추가 기능을 이용할 수 있습니다.",
  "holdDictButtonToRecordVoice_GT": "사전 버튼을 길게 눌러 음성을 녹음합니다",
  "showDictRecord_GT": "사전 / 녹음",
  "text_GT": "본문",
  "words_GT": "단어",
  "viewLessFrequentWordsLink_GT": "표시된 단어 페이지에서 덜 흔한 단어 보기",
  "newText_GT": "새 텍스트",
  "untitledText_GT": "제목 없는 텍스트",
  "title_GT": "제목",
  "pleaseEnterSomeText_GT": "계속하려면 텍스트를 입력하세요",
  "saving_GT": "저장 중입니다",
  "theTextSeemsToBeIn_lang_whileYourLangIs_GT": "텍스트는 <text>로 보이는데, 현재 학습 언어는 <text>입니다.",
  "hideSubtitle_GT": "자막 숨기기",
  "translationThenSubtitle_GT": "번역 후 자막",
  "subtitleThenTranslation_GT": "자막 후 번역",
  "vocabLevel_GT": "어휘 수준",
  "selection_GT": "선택",
  "preview_GT": "미리보기",
  "noTextWasSelected_GT": "선택된 텍스트가 없습니다",
  "nViews_GT": "조회수 <text>회",
  "viewCount_GT": "조회수",
  "date_GT": "날짜",
  "areYouTheOwnerYoutube_GT": "이 유튜브 채널의 소유자이십니까?",
  "nVideos_GT": "<text>개의 동영상",
  "clearFilters_GT": "필터 초기화",
  "recommendedChannels_GT": "추천",
  "popularChannels_GT": "인기",
  "allChannels_GT": "모든 채널",
  "channel_GT": "채널",
  "lexaAiAssistantPrompts_placeholder_example_GT": "설명: '<WORD>'의 사용법을 다음 문장에서 설명해 주세요: <CONTEXT>\n예시: '<WORD>'를 사용한 이 문장과 유사한 예시를 더 들어주세요: <CONTEXT>",
  "updateHistory_GT": "업데이트 내역",
  "recentAppUpdates_GT": "최근 업데이트",
  "moreInfo_GT": "자세히 보기",
  "continue_GT": "계속하기",
  "podcasts_GT": "팟캐스트",
  "allPodcasts_GT": "모든 팟캐스트",
  "podcast_GT": "팟캐스트",
  "hidden_GT": "숨겨짐",
  "lexaAiAssistant_GT": "렉사 AI 어시스턴트",
  "lexaAiAssistantInfo_GT": "Lexa는 여러분이 공부하는 자료의 단어와 문장에 대한 질문에 답변할 수 있습니다.\n\nLanguage Reactor 설정에서 프롬프트(질문)를 편집할 수 있습니다.\n\n프로 모드는 더 지능적인 모델을 사용하여 더 나은 응답을 제공할 수 있습니다.",
  "lexaAiAssistantPrompts_GT": "Lexa AI 어시스턴트 프롬프트",
  "lexaAiAssistantPrompts_tooltip_GT": "이 프롬프트(질문)를 수정할 수 있지만 다음 형식을 지켜야 합니다:\n\n[탭 제목]: [프롬프트]\n[탭 제목]: [프롬프트]\n등\n\n[프롬프트]에는 <WORD>와 <CONTEXT>라는 특별한 자리 표시자를 사용할 수 있습니다.\n\n프롬프트 작성 시 어떤 언어든 사용할 수 있습니다. 질문이 Lexa에 전송되면 다음 텍스트가 시작 부분에 추가됩니다: [학습 언어]를 배우는 학생을 위한 질문에 답하세요. [번역 언어]로 답변을 작성하세요.",
  "hold_GT": "길게 누르기",
  "invalidFormat_GT": "올바르지 않은 형식입니다",
  "howToUseTouch_GT": "터치 조작 안내",
  "removeThisMessageAndFollowingOnes_GT": "이 메시지와 이후 메시지 삭제",
  "install_GT": "설치하기",
  "refresh_GT": "새로고침",
  "lexaAiAssistantPrompts_tooltip_intro_GT": "단어를 클릭하면 사전 위에 Lexa가 나타납니다",
  "homepage_blurb": "🚀 원어민 자료를 발견하고, 이해하고, 학습할 수 있는 완벽한 도구입니다. ✨ 효과적이면서도 흥미진진한 몰입형 학습을 경험해보세요! 🔥",
  "homepage_formerly_lln": "이전에는 Language Learning with Netflix로 알려져 있었습니다",
  "homepage_cardBodyNetflix": "브라우저 확장 프로그램으로 좋아하는 프로그램이 언어 학습 교재가 됩니다! 🍿 Pro 모드에서는 음성 인식과 기계 번역 기능으로 끊김 없는 이해가 가능합니다. 🌍",
  "homepage_cardBodyYoutube": "상상할 수 있는 모든 주제의 수천 개의 YouTube 채널이 있습니다! 🧠 실제 상황 속 자연스러운 언어로 청취력을 향상시켜보세요. 엄선된 콘텐츠 목록을 확인해보세요! 🎧",
  "homepage_cardBodyFSI": "검증된 정부 교육 프로그램으로 실력을 키워보세요. 체계적인 말하기 훈련과 연습으로 실제 유창성을 기를 수 있습니다. 💪 Language Reactor의 현대적 도구로 이러한 전통적인 학습법을 한층 강화하세요.",
  "homepage_cardTitleWhatToLearn": "학습 내용",
  "homepage_cardBodyWhatToLearn": "더 효율적으로 학습하세요! 🏃‍♂️ Language Reactor가 학습 여정에 꼭 필요한 단어들을 추천해 드립니다.",
  "homepage_cardBodyPhrasePump": "PhrasePump는 주로 듣기 연습을 위한 도구입니다. 🎧 복습이 필요한 저장된 단어들을 강화하는 문장들이 선택되며, 새로운 어휘도 소개됩니다. 초급자부터 고급 학습자까지 모두에게 유용합니다.",
  "homepage_cardBodyAria": "Aria를 만나보세요: 재치 있고 영리한 당신의 언어 학습 파트너입니다. 선생님이자 코미디언인 Aria는 언제나 센스 있는 답변을 준비하고 있습니다. 💬 즉각적인 교정을 받고, 다양한 주제를 탐험하며, 자신에게 맞는 속도로 자신감을 키워보세요! 💡",
  "homepage_cardTitleProMode": "Pro 모드 - 선택사항입니다",
  "homepage_cardBodyProMode": "Language Reactor는 이미 훌륭한 무료 기능들이 가득합니다. Pro 모드로 여러분의 경험에 특별한 마법을 더해보세요. ✨",
  "homepage_cardTitleBooksAndWebsites": "도서 및 웹사이트",
  "homepage_cardBodyBooksAndWebsite": "Language Reactor에 웹페이지를 불러오거나 좋아하는 책을 업로드하세요. 음성 합성(TTS)으로 함께 들어보세요. 🎯",
  "clickHereToUseKeyboardControls": "여기를 클릭하여 키보드 컨트롤을 사용하세요",
  "uiLanguage_GT": "UI 언어",
  "videoFileIntro_GT": "동영상 파일과 자막 파일(SRT)을 불러오면 Language Reactor가 번역을 생성합니다. 현재는 브라우저가 지원하는 동영상 형식만 지원되며, 다른 형식의 경우 화면이 표시되지 않을 수 있습니다.",
  "powerfulToolbox": "Language Reactor(랭귀지 리액터)는 효율적인 언어학습 도우미입니다.",
  "discoverUnderstandLearn": "이는 원어민이 제작한 콘텐츠를 찾아, 이를 이해하고 학습하도록 도와주는 기능을 합니다.",
  "effectiveInterestingEnjoyable": "이를 이용하시면 어학공부가 더욱 효과적이고 재미있어집니다.",
  "extensionAddsNetflixFeatures": "브라우저 확장자를 설치하면 넷플릭스 웹사이트에서 영화나 시리즈물을 시청하실 때, 동시 언어 자막과 팝업사전, 정확한 비디오 플레이백 컨트롤 기능을 비롯한 다양한 기능을 이용하실 수 있습니다!",
  "thousandsOfChannels": "수 많은 주제의 다양한 채널! 실제 상황에 활용되는 원어를 통해 이해력을 높이세요.",
  "booksAndWebsites": "서적 및 웹사이트",
  "importTextTranslationTTS": "텍스트 가져오기, Language Reactor는 텍스트를 원하는 언어로 기계 번역하여 실제 발음과 동일하게 음성 변환하여 드립니다(조만간 서비스 예정).",
  "intelligentFeeding": "언어 콘텐츠의 지능적 자동 공급. 원하는 언어 레벨을 선택하고 콘텐츠를 즐기세요.",
  "whatToLearn": "학습 내용",
  "suggestVocab": "Language Reactor는 집중해야 할 어휘와 건너뛸 어휘를 추천하여 빠른 학습 진도를 도와드립니다!",
  "highlightWhenAppear": "학습할 단어를 저장하면 해당 단어가 나올 때마다 이를 알려 줍니다.",
  "homepage_sectionTitleLearn": "좋아하는 것으로 배우기",
  "homepage_sectionSubtitleLearn": "Language Reactor가 여러분의 수준과 관심사에 맞는 콘텐츠를 찾도록 도와드립니다",
  "homepage_cardTitleYoutube": "YouTube 및 팟캐스트",
  "homepage_sectionTitleSuperpowers": "언어 학습의 특별한 능력",
  "homepage_sectionSubtitleSuperpowers": "모든 콘텐츠를 이해하기 쉽게 만듭니다",
  "homepage_cardTitleBilingualSubs": "이중 자막",
  "homepage_cardBodyBilingualSubs": "두 언어를 동시에 보면서 자연스러운 발화에 귀를 익힙니다. 언어 간의 의미가 어떻게 연결되는지 발견해보세요. 👂",
  "homepage_cardTitlePlayback": "정밀한 재생 컨트롤",
  "homepage_cardBodyPlayback": "⚡ 시간 일시정지. 재생 속도 조절. 🎮 키보드 단축키와 제스처로 동영상을 탐색합니다. 각 자막 후 자동 일시정지하며 클릭할 때까지 반복합니다. 🖱️",
  "homepage_cardTitleDictionary": "사전 & Lexa AI",
  "homepage_cardBodyDictionary": "🔍 단어를 클릭하면 즉시 번역이 제공됩니다. 원어민의 실제 예문과 음성을 확인하실 수 있습니다. 🎧 AI 기반 맥락별 단어 사용법 설명을 제공합니다. 🌱 추가 정보 표시를 원하는 대로 설정하실 수 있습니다!",
  "homepage_sectionSubtitleMaster": "완벽한 어휘 학습 도구입니다",
  "homepage_cardTitleSmartHighlighting": "스마트 하이라이팅",
  "homepage_cardBodySmartHighlighting": "단어를 한 번만 저장하면 모든 형태로 어디서나 볼 수 있습니다. Language Reactor는 복수형, 동사 활용형, 관련 어형을 인식합니다. 모든 콘텐츠에서 자연스럽게 학습을 강화하세요.",
  "homepage_cardTitleExportAnki": "Anki로 내보내기",
  "homepage_cardBodyExportAnki": "이미 Anki를 사용하시나요? 📤 스크린샷과 음성 파일이 포함된 암기 카드를 Anki로 내보낼 수 있습니다.",
  "homepage_sectionTitlePractice": "연습이 완벽을 만듭니다",
  "homepage_sectionSubtitlePractice": "수동적 학습에서 능동적 학습으로 나아갑니다",
  "homepage_cardBodyPhoneTablet": "Language Reactor는 휴대폰과 태블릿에서도 작동합니다. 저희는 계속해서 개선하고 있습니다.",
  "homepage_cardTitlePhoneTablet": "휴대폰 및 태블릿",
  "homepage_sectionTitleMaster": "모든 단어와 문구를 완벽하게 익히세요",
  "homepage_cardTitleExtension": "브라우저 확장",
  "homepage_cardBodyExtension": "데스크톱 컴퓨터에서 브라우저 확장 프로그램을 설치하면 Netflix와 YouTube 웹사이트에서 동영상을 시청할 때 Language Reactor 기능을 사용하고 웹 페이지를 가져올 수 있습니다!",
  "pleaseRefreshAfterChanges": "변경 후 새로고침하십시오:",
  "pdfsInThisCourseOnlyOnDesktop": "이 강좌의 PDF는 데스크톱에서만 표시됩니다.",
  "noAudioFiles": "오디오 파일이 없습니다",
  "proFeatures_intro": "Language Reactor Pro의 특별한 기능으로 언어 학습의 잠재력을 활짝 펼쳐보세요! 🚀📚",
  "proFeatures_netflixTitle": "음성 인식 및 기계 번역 (Netflix)",
  "proFeatures_netflixFree": "Netflix에서 제공하는 자막을 사용합니다. 🍿",
  "proFeatures_netflixPro": "🎤 모든 오디오 트랙에 음성 인식 기능을 제공합니다. 좋아하는 시리즈의 더빙 오디오에 정확한 자막을 제공합니다! 🎬 기계 번역은 원작의 이해를 돕기 위해 더욱 직역에 가깝습니다. 🌍",
  "proFeatures_saveWordsTitle": "단어와 문구 저장하기",
  "proFeatures_saveWordsFree": "PhrasePump 기능을 사용하면서 단어와 문구를 저장합니다. 📝",
  "proFeatures_saveWordsPro": "Language Reactor의 모든 기능에서 단어와 문구를 저장할 수 있습니다. 개인의 관심사와 어휘 부족 영역에 맞춰 학습을 조정할 수 있습니다. 표시된 단어는 Language Reactor의 모든 기능에서 강조 표시되며 Anki로 내보낼 수 있습니다! 📈✨",
  "proFeatures_lexaTitle": "Lexa AI 사전",
  "proFeatures_lexaFree": "기본 AI로 설명을 받아보세요. 🤖",
  "proFeatures_lexaPro": "더 넓은 지식을 갖춘 향상된 AI 모델로 복잡한 질문도 효과적으로 답변받으실 수 있습니다! 🧠🌐",
  "proFeatures_supportTitle": "개발자 지원하기",
  "proFeatures_supportDetails": "여러분의 지원 덕분에 Language Reactor를 계속 개선하고 새로운 기능을 제공할 수 있습니다! ❤️",
  "youCanSubscribeAgainAfterTheEndOfThisPeriod": "이 기간이 종료된 후에 다시 구독하실 수 있습니다.",
  "tipHoldTheDictionaryButtonToRecordVoice": "팁: 사전 버튼을 길게 누르면 음성을 녹음합니다",
  "sentenceOrTextSource": "출처",
  "homepage_cardTitleLanguageSupport": "🌍 다양한 언어 지원",
  "homepage_cardBodyLanguageSupport": "40개 이상의 언어로 된 콘텐츠로 학습하세요. 🔤 다른 문자 체계를 사용하는 언어의 로마자 표기를 확인할 수 있습니다. 👀 마우스를 올리기 전까지 자막이 숨겨져 있어 청취력 향상에 도움이 됩니다.",
  "additional15DiscountUntil5thJanuary2025": "2025년 1월 5일까지 추가 15% 할인됩니다. 결제 시 쿠폰 코드 'turtle'을 입력하세요. 🎅",
  "includeDubbedAudioNF": "더빙된 오디오 포함",
  "phrasepumpNeedsImprovementForLang": "PhrasePump가 다음 언어에서 개선이 필요합니다:",
  "addToHomeScreen": "홈 화면에 추가",
  "textToSpeechVoiceNotAvailableForThisLangError": "이 언어에 대한 음성 합성을 사용할 수 없습니다. 시스템에 추가 언어 팩을 설치해 보시기 바랍니다(가능한 경우).",
  "textToSpeechInSafariNotGreatTryEdgeOrChrome": "Safari 브라우저의 음성 합성 기능이 좋지 않습니다. Microsoft Edge나 Chrome을 설치하시면 더 나은 음성을 이용하실 수 있습니다.",
  "dueForReview": "복습할 시간입니다",
  "signInWithGoogle": "Google로 로그인",
  "allServersRunningNormally": "모든 서버가 정상 작동 중입니다",
  "clearHistory": "지우기",
  "copiedText": "복사됨:",
  "loadingText": "텍스트를 불러오는 중...",
  "installChromeExtension": "Chrome 확장 프로그램 설치하기",
  "itemsRemoved": "항목이 삭제되었습니다",
  "removingItemsFailed": "항목 삭제에 실패했습니다",
  "itemsUpdated": "항목이 업데이트되었습니다",
  "autopauseNotAvailableOnYoutube": "YouTube에서는 자동 일시정지를 사용할 수 없습니다.",
  "sideBySideLayout": "나란히 보기",
  "overAndUnderLayout": "위아래로 보기",
  "youAlsoHaveItemsInOtherLanguages": "다른 언어로 저장된 항목도 있습니다. 설정에서 언어를 변경하면 확인하실 수 있습니다.",
  "otherLanguages": "다른 언어",
  "paymentsAreCurrentlyNotSupportedInYourCountry": "현재 귀하의 국가에서 결제가 지원되지 않습니다.",
  "titles_header": "제목",
  "sources_header": "출처",
  "holdTheButtonToRecord": "녹음하려면 버튼을 길게 누르세요",
  "noOption": "검색 결과가 없습니다",
  "learningResources": "학습자료",
  "deleteMyData": "내 데이터 삭제하기",
  "deleteMyData_confirmationMessage": "모든 설정, 저장된 항목, 학습 기록, 저장된 미디어와 텍스트가 영구적으로 삭제됩니다. 계속하시겠습니까?",
  "advancedActions": "고급 설정",
  "successDone": "성공했습니다!",
  "qKey": "자동 일시정지 전환",
  "rKey": "현재 자막 저장",
  "copyKey": "현재 문장 복사",
  "unknownRank": "순위 미확인",
  "mostFrequentWord": "번째로 자주 사용되는 단어",
  "studyStore_errorSavingCardStats": "카드 통계 저장에 실패했습니다.",
  "studyStore_errorSavingCardRating": "카드 평가 저장에 실패했습니다.",
  "studyStore_loginNoLongerValid": "로그인이 만료되었습니다. 페이지를 새로고침해 주세요.",
  "studyStore_tooltip_extraPracticeSentence": "이 문장은 특별히 저장된 단어와 관련이 없습니다. 청취력과 문법 지식을 향상시키기 위한 추가 연습입니다.",
  "studyStore_tooltip_savedInYoutube": "유튜브 동영상에서 저장됨: ",
  "studyStore_tooltip_savedInNetflix": "넷플릭스 영상에서 저장: ",
  "studyStore_extraPracticeIndicator": "[추가 연습]",
  "studyStore_errorLoadFlashcardMetadataFailed": "플래시카드 메타데이터를 불러오지 못했습니다.",
  "studyStore_errorLoadPracticeItemsFailed": "학습 항목을 불러오지 못했습니다.",
  "studyStore_errorLoadAudioFailed": "오디오 로드에 실패했습니다",
  "studyStore_errorGettingAudio": "오디오 가져오기 오류: ",
  "savedItemsStore_errorTooManyItems": "저장 항목이 너무 많습니다",
  "savedItemsStore_errorSavingItem": "항목을 저장하지 못했습니다",
  "savedItemsStore_errorUpdatingItemsFailed": "항목 업데이트에 실패했습니다.",
  "savedItemsStore_errorFailedToRemoveItem": "항목을 삭제하지 못했습니다",
  "savedItemsStore_devError_itemNotFoundForSetStudied": "저장된 항목이 존재하지 않습니다: ",
  "mediaStore_errorFailedToGetPlaylistInfo": "재생 목록 정보를 가져오지 못했습니다.",
  "mediaStore_errorFailedToGetDocumentInfo": "문서 정보를 가져오지 못했습니다.",
  "mediaStore_errorDocNotFoundInPlaylist": "재생목록에서 문서를 찾을 수 없습니다.",
  "userDataStore_errorFailedToSaveUserData": "설정을 저장하지 못했습니다.",
  "userDataStore_errorUpdatingSavedItemKeys": "저장된 항목을 불러올 수 없습니다",
  "chatStore_errorNannyRefusedMessage": "채팅 서비스가 메시지를 처리할 수 없습니다. 다른 방식으로 다시 작성해 주십시오.",
  "chatStore_errorQuotaExceededPro": "채팅 사용량이 초과되었습니다. 내일 다시 시도해 주세요.",
  "chatStore_errorAsrFailed": "메시지를 처리하지 못했습니다. 다시 시도해 주세요.",
  "chatStore_errorGettingChatMessages": "채팅 메시지를 가져오는 중 오류가 발생했습니다",
  "chatStore_errorQuotaExceededMachine": "채팅 할당량이 초과되었습니다. 구독을 확인하시거나 나중에 다시 시도해 주세요.",
  "chatStore_errorQueueFull": "죄송합니다. 현재 서버가 최대 용량에 도달했습니다. 문제 해결을 위해 노력하고 있습니다.",
  "chatStore_infoProUsersPriorityAccess": "프로 사용자는 우선 접속됩니다",
  "chatStore_errorLoadingConversationLangMismatch": "대화 불러오기 오류: 언어 설정이 일치하지 않습니다.",
  "chatStore_placeholderEnterWordsHere": "[단어를 입력하세요]",
  "notifications_prefixNetworkError": "네트워크 오류입니다. WiFi 연결을 확인해 주십시오. ",
  "notifications_prefixNotFound": "오류: 찾을 수 없습니다. ",
  "notifications_prefixBadRequest": "소프트웨어 오류가 발생했습니다. 나중에 다시 시도해 주세요. ",
  "notifications_prefixTokenError": "로그인 오류, 다시 로그인해 주십시오.",
  "notifications_prefixServerError": "서버 오류가 발생했습니다. 나중에 다시 시도해 주십시오.",
  "notifications_prefixNotProUser": "프로 기능을 더 이상 이용할 수 없습니다. ",
  "notifications_prefixRateLimitExceeded": "요청 한도를 초과했습니다. 잠시 후 다시 시도해 주세요. ",
  "mediaDocPodcast_errorTimeoutDownloadingAudio": "URL에서 오디오 다운로드 중 시간 초과되었습니다",
  "media_errorLoadingMediaTranslations": "미디어 번역을 불러오는 중 오류가 발생했습니다",
  "media_errorAsrQuotaExceeded": "오늘의 음성 처리 한도를 초과했습니다. 내일 다시 시도해 주세요.",
  "media_errorAsrQueueFull": "오디오 처리 서버가 혼잡합니다. 나중에 다시 시도해 주십시오.",
  "media_errorLoadingAsr": "음성 인식을 불러오는 중 오류가 발생했습니다",
  "media_errorAsrTooLong": "음성 인식 처리 시간이 너무 오래 걸립니다. 나중에 다시 시도해 주세요.",
  "media_errorLoadingNlpData": "NLP 데이터를 불러오는 중 오류가 발생했습니다",
  "mediaDocText_errorFetchingPageTranslations": "페이지 번역을 가져오는 중 오류가 발생했습니다",
  "mediaDocText_errorFetchingTextInfo": "텍스트 정보를 가져오는 데 실패했습니다",
  "mediaDocText_errorFetchingPageNlp": "NLP 페이지를 불러오는 데 실패했습니다.",
  "mediaDocText_errorFetchingPageTts": "페이지 TTS를 가져오는 중 오류가 발생했습니다",
  "media_errorLoadingMediaMetadata": "미디어 메타데이터를 불러오는 중 오류가 발생했습니다",
  "media_errorFetchingSubtitlesForVideo": "동영상 자막을 불러오는 데 실패했습니다",
  "media_errorAsrNotAvailableForVideo": "죄송합니다. 이 동영상은 ASR을 사용할 수 없습니다.",
  "media_errorFetchingVideoTranslations": "동영상 번역을 가져오는 중 오류가 발생했습니다"
}