{
  "langCode": "nl",
  "appNameTr": "Taal Reactor",
  "appName": "Taal Reactor",
  "appDesc": "Leer effectief talen door films en series in uw doeltaal te kijken.",
  "catalogue": "Catalogus",
  "catalogue_tooltip": "Zoek films en series die geschikt zijn voor gebruik met Language Reactor.",
  "help": "Help",
  "help_tooltip": "Gebruiksgidsen en tips",
  "feedback": "Geef feedback",
  "feedback_tooltip": "Problemen melden of functiesuggesties doen?",
  "facebook": "Facebook",
  "facebook_tooltip": "Volg ons voor updates",
  "originalLanguage_label": "Oorspronkelijke taal:",
  "originalLanguage_tooltip": "De originele taal van deze Netflix-film.",
  "noDictionary_error": "De Language Reactor-extensie ondersteunt het woordenboek voor <text> nog niet. Deze functie komt binnenkort beschikbaar.",
  "subtitleLanguage_label": "Netflix ondertiteltaal",
  "subtitleLanguage_tooltip": "Dit is de taal van de geselecteerde Netflix-ondertitels.",
  "subtitlesNotLoaded_error": "Er zijn geen ondertitels geladen. Selecteert u een ondertiteltaal in de afspeelinstellingen van Netflix?",
  "subtitlesNoMatchAudio_error": "De geselecteerde Netflix-ondertitels (<text>) komen niet overeen met de audio. Schakel over naar de originele taal van de ondertitels (<text>) in de afspeelinstellingen van Netflix, of zoek in de Language Reactor-catalogus naar aanbevolen titels voor de taal die u leert.",
  "subtitlesNoMatchAudio_ASR_error_GT": "De <text>-ondertitels komen niet overeen met de audio. Schakel in de Netflix-afspeelinstellingen over naar de originele ondertitels (<text>), of zoek een aanbevolen titel voor uw doeltaal in de Language Reactor-catalogus. U kunt ook de spraakherkenning (ASR) track gebruiken.",
  "audioNoMatchSubtitles_error": "De geselecteerde Netflix-audiospoor (<text>) komt waarschijnlijk niet overeen met de ondertitels. Schakel over naar de originele taal van de titel (<text>) in de afspeelinstellingen van Netflix, of zoek in de Language Reactor-catalogus naar aanbevolen titels voor de taal die u leert.",
  "audioLanguage_label": "Netflix-audiotaal",
  "audioLanguage_tooltip": "Momenteel geselecteerde taal van de Netflix-audiospoor.",
  "pleaseSelectSubtitles": "- Selecteer ondertitels in de Netflix-speler -",
  "pleaseSelectSubtitlesYoutube": "- Selecteer ondertitels in de YouTube-speler -",
  "loadingSubtitles": "- Ondertitels worden geladen, gelieve te wachten... -",
  "loadingTranslations": "Vertalingen worden geladen...",
  "firstSubtitleNotReached": "- De eerste ondertitel is nog niet begonnen. -",
  "errorApology_OLD": "Language Reactor heeft een fout gedetecteerd. De ontwikkelaars zijn op de hoogte gesteld. Probeer de pagina opnieuw te laden of probeer het opnieuw over 24 uur. Onze excuses voor het ongemak. Bekijk onze Facebook-pagina voor updates. Foutmelding: <text>",
  "openClose_tooltip": "Open / sluit Language Reactor.",
  "vocabHighlight_label": "Vocabulaire markeren",
  "levelWithNumber": "Niveau <text>: <text> woorden",
  "levelDisable": "Niveau <text>: uitschakelen",
  "translationLanguage_label": "Vertaaltaal",
  "translationLanguage_tooltip": "Dit is de taal voor vertaling. Stel het in als uw moedertaal.",
  "showMachineTranslation_label": "Toon machinevertaling",
  "showMachineTranslation_tooltip": "Toon een automatische vertaling van de bronondertitels in uw taal.",
  "showHumanTranslation_label": "Toon menselijke vertaling",
  "showHumanTranslation_tooltip": "Toon een professionele vertaling wanneer beschikbaar.",
  "slowSpeechSegments": "Vertraag de spraaksegmenten",
  "slowSpeechSegments_tooltip": "Verlaag de afspeelsnelheid van de video naar 0,8x wanneer een ondertitel actief is, voor een betere begrip.",
  "keyboardShortcuts": "Sneltoetsen:",
  "previous": "Vorige",
  "next": "Doorgaan",
  "previousSub": "Vorige ondertitel",
  "nextSub": "Volgende ondertitel",
  "play": "Afspelen",
  "playPause": "Afspelen / Pauzeren",
  "repeat": "Herhalen",
  "infiniteRepeat": "Oneindige herhaling",
  "alsoUseASD": "Alternatieve toetsen: A, S, D, Spatie",
  "autoPause": "Automatische pauze",
  "autoPause_tooltip": "Automatisch de afspeelstand pauzeren aan het einde van elke ondertiteling.",
  "none": "Geen",
  "nms_tip": "Leert u een taal? Probeer onze nieuwe extensie om een taal te leren met Netflix.",
  "welcomeModal_line1_string": "Welkom bij de nieuwe Taal Reactor",
  "welcomeModal_line2_string": "We hebben verschillende verbeteringen toegevoegd:",
  "welcomeModal_line3_string": "Ondertitels verschijnen nu boven de video.",
  "welcomeModal_line4_string": "Nieuw zijpaneel toont alle ondertitels.",
  "welcomeModal_line5_string": "Betere ondersteuning voor Aziatische talen.",
  "proFeatures_line1_string": "De \"Pro\"-modus omvat:",
  "proFeatures_line2_string": "Machinevertalingen",
  "proFeatures_tt2_string": "Nauwkeurigere vertalingen die de oorspronkelijke betekenis beter vastleggen.",
  "proFeatures_line3_string": "Bewaar woorden en zinnen",
  "proFeatures_tt3_string": "Volg uw vocabulaire voortgang met automatische markering. Exporteer naar Anki-flashcards.",
  "proFeatures_line4_string": "Ondertitels voor nagesynchroniseerde inhoud",
  "proFeatures_tt4_string_GT": "Veel series op Netflix hebben extra audiotracks in andere talen (nagesynchroniseerd), maar Netflix heeft geen correcte ondertitels voor deze audiotracks. Language Reactor kan ondertitels maken uit de audio, zodat u bijvoorbeeld Duits kunt leren met Breaking Bad.",
  "proFeatures_line5_string": "Steun de ontwikkelaars",
  "proFeatures_tt5_string": "Wij werken hard aan het verbeteren van de extensie en het aanbieden van nieuwe functies.",
  "price_string": "De prijs per maand is:",
  "welcomeModal_line6_string": "Machinevertaling was vroeger gratis, maar dit is een kostbare dienst om te bieden. We hopen op uw begrip.",
  "useForFree_line_string": "U kunt deze functies een week lang gratis gebruiken.",
  "useForFree_twoWeeks_line_string": "U kunt deze functies twee weken lang gratis gebruiken.",
  "useProForFreeTwoWeeks_string": "U kunt de Pro-functies twee weken lang gratis gebruiken.",
  "notNow_btn_string": "Niet nu",
  "continueWithGoogle_btn_string": "Doorgaan met Google",
  "trialBegunModal_body_string": "Pro-functies zijn geactiveerd.",
  "ok_btn_string": "OK",
  "prePaymentModal_line1_string": "Abonneer u om de Pro-functies te blijven gebruiken.",
  "choosePaymentProvider_line_string": "Kies een betaalmethode:",
  "payWithGoogle_btn_string": "Betaal met een creditcard.",
  "payWithPaddle_btn_string": "Betaal met creditcard of PayPal.",
  "christmasSale_GT": "20% korting tot 1 januari",
  "youPayEveryMonth_GT": "Maandelijkse betaling:",
  "or_GT": "of",
  "youPayEvery3Months_GT": "Kwartaalbetaling:",
  "youPayEveryYear_GT": "Jaarlijkse betaling:",
  "oneMonth_GT": "1 maand",
  "threeMonths_GT": "3 maanden",
  "oneYear_GT": "1 jaar",
  "subscriptionLabel_GT": "Abonnement. U kunt annuleren na betaling als u geen automatische verlenging wilt.",
  "choose_GT": "Kies",
  "paymentSuccessful_line1_string": "Betaling voltooid. Bedankt voor uw steun.",
  "paymentSuccessful_line2_string": "U kunt uw abonnement op elk moment in de instellingen annuleren.",
  "paymentSuccessfulPaddleMessage_line_string": "Opmerking: Als uw betaling handmatig moet worden gecontroleerd, wacht dan een paar uur. De Pro-modus wordt automatisch geactiveerd. Onze excuses voor de vertraging.",
  "cancelGoogle_line_string": "Opmerking: de Pro-modus blijft 30 dagen actief na uw laatste betaling.",
  "cancelSubscription_btn_string": "Abonnement annuleren",
  "problemWithPayment_line1_string": "Er is een probleem vastgesteld met uw betaling.",
  "problemWithPayment_line2_string": "Herlaad deze venster nadat u uw betalingsgegevens hebt bijgewerkt.",
  "updatePayment_btn_string": "Betaalinformatie bijwerken",
  "alreadyUserPleaseSignIn": "Heeft u al een account? Meld u aan.",
  "pleaseSignIn": "Log in om door te gaan.",
  "pleaseSignInOrRegister": "Log in of maak een account aan voor extra functies.",
  "noCreditCardInfoNoChargeAfterTrial": "Geen creditcardgegevens nodig. U wordt na de proefperiode niet in rekening gebracht, tenzij u ervoor kiest om op dat moment een abonnement te nemen.",
  "signIn": "Inloggen",
  "signOut": "Afmelden",
  "options": "Instellingen",
  "mode": "Modus:",
  "manageSubscription": "Beheer abonnement",
  "mode_free": "Gratis",
  "mode_basic": "Basismodus",
  "mode_pro": "Pro",
  "signInStatus": "Aanmeldstatus:",
  "signedIn": "Ingelogd",
  "notSignedIn": "Niet ingelogd",
  "fix": "Herstellen",
  "featureComingSoon": "Binnenkort beschikbaar",
  "showTransliterations": "Toon transliteraties",
  "noTransliterations": "Geen transliteraties",
  "romaji": "Origineel + Romaji",
  "hiragana": "Origineel + Hiragana",
  "romajiOnly": "Alleen Romaji",
  "hiraganaOnly": "Alleen Hiragana",
  "withOriginalForm": "Met originele vorm",
  "transliterationsOnly": "Alleen transliteraties",
  "hideTransliterationsForKnownWords_GT": "Verberg transliteraties van bekende woorden",
  "playbackSpeed": "Afspeelsnelheid",
  "normal": "Normaal",
  "notAvailable": "Niet beschikbaar.",
  "noHTAvailable": "Voor de geselecteerde vertaaltaal is geen menselijke vertaling beschikbaar.",
  "noMTAvailable": "Machinevertalingen werken alleen met de originele ondertitels van de film.",
  "proFeature": "Pro-functie",
  "saveCurrentSubtitle": "Sla huidige ondertitel op",
  "toggleAutoPause": "Automatische pauze in-/uitschakelen",
  "exportToAnki": "Exporteer naar Anki",
  "pleaseSelectItemsToExport": "Kies de items die u wilt exporteren:",
  "allItems": "Alle items",
  "download": "Downloaden",
  "subtitles": "Ondertitels",
  "words": "Woorden",
  "savedItems_short": "Opgeslagen",
  "savedItems": "Opgeslagen items",
  "saved": "Opgeslagen",
  "allLanguages": "Alle talen",
  "allTypes": "Alle types",
  "yellowWords": "Gele woorden",
  "blueWords": "Blauwe woorden",
  "greenWords": "Groene woorden",
  "purpleWords": "Paarse woorden",
  "redWords": "Rode woorden",
  "phrases": "Zinnen",
  "noSavedItems": "Geen opgeslagen items.",
  "clickAStar": "Klik op het sterretje om een ondertitel op te slaan of op de gekleurde knoppen in het woordenboek om een woord op te slaan.",
  "loadingDotDotDot": "Laden...",
  "showMore": "Meer weergeven",
  "openCloseBottomPanel": "Openen/sluiten van het onderste paneel",
  "openCloseVerticalView": "Open / sluit verticale weergave",
  "close": "Sluiten",
  "autoPaused": "AUTOMATISCH PAUZEERD",
  "pressSpaceToContinue": "(Druk op de SPATIEBALK om door te gaan)",
  "saveWordTooltip": "Bewaar woord (ook beschikbaar via rechtsklikken)",
  "subscriptionToProFeatures": "Abonnement op de \"Pro\"-functies.",
  "tryForFree": "Probeer gratis",
  "noCreditCardRequired": "Geen creditcard nodig.",
  "noCharge": "In tegenstelling tot anderen, zullen wij u tijdens uw proefperiode niet automatisch in rekening brengen of uw abonnement automatisch verlengen.",
  "subscriptionActive": "Uw abonnement is actief.",
  "speedUpPlayback": "Versnellen",
  "slowDownPlayback": "Langzamer afspelen",
  "highlightSavedWords_label": "Gemarkeerde opgeslagen woorden",
  "onRightClick_label": "Rechtermuisklik actie",
  "onLongPress_label_GT": "Lang indrukken actie",
  "suggestedToKnownWordsRatio_label_GT": "Verhouding tussen voorgestelde en bekende woorden",
  "showVV_label": "Toon lijstweergave van ondertitels",
  "showSubsBelowVideo_label": "Toon ondertitels onder de video",
  "otherPossibleTranslations": "Andere vertalingen",
  "doNothing_option": "Doe niets",
  "showDict_option": "Toon woordenboek",
  "showDictSpeak_option": "Toon woordenboek en spreek het woord uit",
  "speakWord_option": "Spreek woord",
  "saveWord_option": "Bewaar woord",
  "removeAllItems": "Verwijder alle items",
  "areYouSure": "Weet u het zeker?",
  "hideTranslation": "Verberg vertaling",
  "hideTranslation_tt": "Verberg de vertaling tijdens het afspelen. Klik op de tekst of druk op [e] om de vertaling te tonen.",
  "littlePracticeEveryDay": "Regelmatige oefening is de sleutel tot het leren van een taal.",
  "enableLln": "Schakel Language Reactor in",
  "doYouLikeOurExtension": "Hoe vindt u Language Reactor?",
  "reportBug": "Een probleem melden",
  "translationNotFound": "Geen vertaling beschikbaar.",
  "usageExamples": "Voorbeelden",
  "userDefinedExternalDict_label": "Aangepaste woordenboek-URL's",
  "turnOnOff": "Aan/uit",
  "fontSize_label": "Lettergrootte",
  "extraSmall": "Extra klein",
  "small": "Klein",
  "large": "Groot",
  "extraLarge": "Extra groot",
  "removeSubtitle": "Verwijderen",
  "settings": "Instellingen",
  "subtitleLanguage_label_yt": "YouTube ondertiteltaal",
  "subtitleLanguage_tooltip_yt": "Dit is de taal van de geselecteerde YouTube-ondertitels.",
  "subtitlesNotLoaded_error_yt": "Er zijn geen ondertitels geladen. Controleer of er een ondertiteltaal is geselecteerd in het YouTube-afspeelmenu.",
  "exportAsJson": "Exporteer als JSON",
  "exportAsCsv": "Exporteer als CSV",
  "exportAsExcel": "Exporteer als Excel",
  "overrideArrowKeys_label": "Gebruik de pijltoetsen voor ondertitel navigatie",
  "overrideArrowKeys_tt": "De pijltoetsen werken hetzelfde als de toetsen A, S en D",
  "changelist": "Recente wijzigingen",
  "print": "Afdrukken",
  "export": "Exporteren",
  "appDescYoutube": "Leer talen op een natuurlijke manier door video's in uw doeltaal te bekijken.",
  "externalDictsMessage": "Toegang tot uw laatst gebruikte externe woordenboek door de Shift-toets ingedrukt te houden terwijl u op een woord klikt.",
  "userDefinedExternalDict_tooltip": "Voeg aangepaste woordenboek-URL's toe die samen met de andere externe woordenboekknoppen (genaamd U1, U2...) in het woordenboek verschijnen. De URL moet 'WORD' in hoofdletters bevatten - dit wordt automatisch vervangen door het woord dat u opzoekt. Voeg elke URL op een nieuwe regel toe.",
  "pleaseLeaveReviewMessage": "Vindt u Language Reactor leuk? Helpt u ons door een beoordeling achter te laten in de Chrome Web Store.",
  "writeReview": "Schrijf een beoordeling",
  "saveSubtitle": "Opslaan",
  "translate": "Vertalen",
  "selectLang": "Selecteer taal",
  "searchVidsWithSubs": "Zoek naar video's met ondertitels (CC)",
  "searchSettings": "Zoekinstellingen",
  "sourceLang": "Brontaal:",
  "chatWithOtherUsers": "Chatten met andere gebruikers van Language Reactor",
  "forum": "Forum",
  "tip": "Tip:",
  "considerChangingYoutubeLanguage": "Verander uw YouTube-taalinstellingen voor betere zoekresultaten.",
  "seeHow": "Leer hoe",
  "helloPleaseSelectYourNativeLanguage": "Selecteer alstublieft uw moedertaal:",
  "yourNativeLanguage_GT": "Uw moedertaal:",
  "autoHideYoutubePlaybackBarRecommended": "Automatisch de YouTube-afspeelbalk verbergen (aanbevolen)",
  "dontChangeTheInterface": "Houd de interface ongewijzigd",
  "hidePlaybackBar": "Verberg afspeelbalk",
  "font": "Lettertype",
  "defaultRecommended": "Standaard (aanbevolen)",
  "subtitlesHidden": "Ondertitels (verborgen)",
  "noSubsForThisVideo": "Geen ondertitels voor deze video.",
  "forceOriginalTracks": "Originele tracks forceren",
  "forceOriginalTracks_desc": "Als deze optie is ingeschakeld, schakelt de video over naar de audio en ondertitels in de originele taal wanneer de extensie is ingeschakeld.",
  "hideSubtitles": "Verberg ondertitels",
  "disabled": "Uitgeschakeld",
  "hideTranslations": "Vertalingen verbergen",
  "hideBoth": "Verberg beide",
  "showSubtitleControls": "Toon ondertitelinstellingen",
  "moveToggleControls": "Beweeg/schakel de bedieningselementen",
  "netflixTestsMessage": "Om ervoor te zorgen dat Language Reactor correct werkt, schakelt u de deelname aan Netflix-tests uit:",
  "disableTesting": "Testen uitschakelen",
  "nextBillingDate": "Volgende factureringsdatum",
  "youCanUseProForXXDays": "U kunt de Pro-functies nog <text> dagen gebruiken.",
  "youCanUseFreeForXXDays": "U kunt de gratis functies nog <text> dagen gebruiken.",
  "subtitlesCouldNotBeLoaded": "Ondertitels konden niet worden geladen.",
  "adIsPlaying": "Advertentie wordt afgespeeld.",
  "yourSubscriptionHasExpired": "Uw abonnement is verlopen.",
  "youHaveCanceledYourSubscription": "Uw abonnement is geannuleerd.",
  "nowYouCanStudyWithYoutubeToo": "Leer nu ook met YouTube-video's!",
  "machineTranslations": "Machinevertaling",
  "humanTranslations": "Menselijke vertaling",
  "belowAreWordsFromTheCurrentVideo_GT": "Woorden uit deze video, gesorteerd op frequentie",
  "rightClickWordToSaveIt_GT": "Klik met de rechtermuisknop om een woord te markeren",
  "leftClickToOpenDict": "Klik links om het woordenboek en voorbeelden te openen.",
  "selectVocabLevelToMarkPurple": "Stel uw vocabulaire-niveau in de instellingen in om minder voorkomende woorden paars te markeren.",
  "aboveCurrentLevel": "Boven het huidige niveau",
  "unsavedWords": "Niet-opgeslagen woorden",
  "levelX": "Niveau <text>",
  "tips": "Tips",
  "emptyTemplate": "",
  "thisExportHasMultipleParts": "Deze export bevat meerdere delen.",
  "downloadPartXX": "Download deel <text>",
  "thisItemWasSavedInAnotherVideo": "Dit item is opgeslagen uit een andere video.",
  "cancel": "Annuleren",
  "openVideo": "Video openen",
  "format": "Formaat",
  "printHtml": "Afdrukken (HTML)",
  "mustReadHowToImportToAnki": "Belangrijk om te lezen: Hoe te importeren in Anki.",
  "infoAboutCsvExport": "Over CSV-export",
  "jsonDataSchema": "JSON-schema",
  "language": "Taal",
  "itemType": "Artikeltype",
  "includeTimestamps": "Timestamps opnemen",
  "youCanChangeTranslitsOptionsInSettings": "U kunt de opties voor transliteratie in de instellingen aanpassen.",
  "preferredTranslations": "Voorkeursvertalingen",
  "onlyNewItemsSinceLastExport": "Alleen nieuwe items sinds de laatste export",
  "includeMedia": "Media opnemen",
  "langName_is": "IJslands",
  "langName_ga": "Iers",
  "langName_az": "Azerbeidzjaans",
  "langName_af": "Afrikaans",
  "langName_am": "Amhaars",
  "langName_ar": "Arabisch",
  "langName_sq": "Albanees",
  "langName_hy": "Armeens",
  "langName_it": "Italiaans",
  "langName_yi": "Jiddisch",
  "langName_ig": "Igbo",
  "langName_id": "Indonesisch",
  "langName_ug": "Oeigoers",
  "langName_cy": "Wels",
  "langName_uk": "Oekraïens",
  "langName_uz": "Oezbeeks",
  "langName_ur": "Urdu",
  "langName_et": "Estisch",
  "langName_eo": "Esperanto",
  "langName_or": "Odia",
  "langName_nl": "Nederlands",
  "langName_kk": "Kazachs",
  "langName_ca": "Catalaans",
  "langName_gl": "Galicisch",
  "langName_kn": "Kannada",
  "langName_rw": "Kinyarwanda",
  "langName_el": "Grieks",
  "langName_ky": "Kirgizisch",
  "langName_gu": "Gujarati",
  "langName_km": "Khmer",
  "langName_ku": "Koerdisch",
  "langName_hr": "Kroatisch",
  "langName_xh": "Xhosa",
  "langName_co": "Korsika",
  "langName_sm": "Samoaans",
  "langName_jv": "Javaans",
  "langName_ka": "Georgisch",
  "langName_sn": "Shona",
  "langName_sd": "Sindhi",
  "langName_si": "Singalees",
  "langName_sv": "Zweeds",
  "langName_zu": "Zulu",
  "langName_gd": "Schots-Gaelisch",
  "langName_es": "Spaans",
  "langName_sk": "Slowaaks",
  "langName_sl": "Sloveens",
  "langName_sw": "Swahili",
  "langName_su": "Sundanese",
  "langName_ceb": "Cebuano",
  "langName_sr": "Servisch",
  "langName_so": "Somali",
  "langName_th": "Thais",
  "langName_tg": "Tadzhik",
  "langName_tt": "Tataars",
  "langName_ta": "Tamil",
  "langName_cs": "Tsjechisch",
  "langName_te": "Telugu",
  "langName_da": "Deens",
  "langName_de": "Duits",
  "langName_tk": "Turkmeens",
  "langName_tr": "Turks",
  "langName_ny": "Nyanja",
  "langName_ne": "Nepalees",
  "langName_no": "Noors",
  "langName_ht": "Haïtiaans Creools",
  "langName_ha": "Hausa",
  "langName_ps": "Pashto",
  "langName_eu": "Baskisch",
  "langName_haw": "Hawaïaans",
  "langName_hu": "Hongaars",
  "langName_pa": "Punjabi",
  "langName_hi": "Hindi",
  "langName_tl": "Filipino",
  "langName_fi": "Fins",
  "langName_hmn": "Hmong",
  "langName_fr": "Frans",
  "langName_bg": "Bulgaars",
  "langName_vi": "Vietnamees",
  "langName_iw": "Hebreeuws",
  "langName_be": "Wit-Russisch",
  "langName_fa": "Perzisch",
  "langName_bn": "Bengaals",
  "langName_pl": "Pools",
  "langName_bs": "Bosnisch",
  "langName_pt": "Portugees",
  "langName_mi": "Maori",
  "langName_mk": "Macedonisch",
  "langName_mg": "Malagassisch",
  "langName_mr": "Marathi",
  "langName_ml": "Malayalam",
  "langName_mt": "Maltees",
  "langName_ms": "Maleis",
  "langName_my": "Birmaans",
  "langName_mn": "Mongools",
  "langName_yo": "Yoruba",
  "langName_lo": "Lao",
  "langName_la": "Latijn",
  "langName_lv": "Lets",
  "langName_lt": "Litouws",
  "langName_ro": "Roemeens",
  "langName_lb": "Luxemburgs",
  "langName_ru": "Russisch",
  "langName_en": "Engels",
  "langName_ko": "Koreaans",
  "langName_fy": "Westfries",
  "langName_zh-CN": "Chinees (Vereenvoudigd)",
  "langName_zh-TW": "Chinees (Traditioneel)",
  "langName_st": "Zuid-Sotho",
  "langName_ja": "Japans",
  "netflixCatalogue": "Netflix-catalogus",
  "notAllTitlesAllCountries": "Omdat niet alle titels in alle landen beschikbaar zijn, dient u het land te selecteren waar Netflix detecteert dat u zich bevindt.",
  "catalogueByOriginalLanguage": "De catalogus vermeldt titels op basis van hun oorspronkelijke taal. Het stelt u in staat om Franse films te vinden om Frans te leren, en Duitse films om Duits te leren, enz.",
  "goodSubtitlesForOriginal": "Netflix heeft goede ondertitels voor de originele taal van een titel, die overeenkomen met de audiotrack.",
  "oftenDontMatch": "Ondertitels komen vaak niet overeen met het audio voor gedubde audio.",
  "yourCountry": "Uw land",
  "allCountries": "Alle landen",
  "numberFound_colon": "Gevonden:",
  "genre_colon": "Genre:",
  "released_colon": "Uitgebracht:",
  "runtime_colon": "Duur:",
  "drama": "Drama",
  "action": "Actie",
  "crime": "Misdaad",
  "thriller": "Thriller",
  "adventure": "Avontuur",
  "scifi": "Sci-Fi",
  "romance": "Romantiek",
  "fantasy": "Fantasy",
  "mystery": "Mysterie",
  "war": "Oorlog",
  "biography": "Biografie",
  "history": "Geschiedenis",
  "clearHistory_GT": "Geschiedenis wissen",
  "comedy": "Komedie",
  "horror": "Horror",
  "sport": "Sport",
  "music": "Muziek",
  "animation": "Animatie",
  "musical": "Musical",
  "noMoviesFoundForThisSearch": "Geen overeenkomende titels gevonden.",
  "youtubeCatalogue": "YouTube-catalogus",
  "installExtensionForEnhancedFeatures": "Tip: Installeer de extensie voor meer functies terwijl u Netflix en YouTube bekijkt.",
  "weCreatedYTCatalogue": "We hebben dit catalogus gemaakt om u te helpen goede kanalen voor taalstudie te vinden.",
  "errorLoadingData": "Kan de gegevens niet laden.",
  "search": "Zoeken",
  "subscribers_colon": "Abonnees:",
  "withSubtitles_colon": "Met ondertitels:",
  "score_colon": "Score:",
  "installExtensionForBetterExperience": "Voeg onze browserextensie toe voor een betere ervaring.",
  "translationSameAsSource_text_text": "Uw vertaaltaal (<text>) is hetzelfde als uw brontaal (<text>). Overweeg om uw vertaaltaal in de instellingen te wijzigen.",
  "translationNotSupported_text_text": "De vertaling van <text> naar <text> is momenteel niet beschikbaar.",
  "selectDifferentTranslationLanguage": "Kies een andere vertaaltaal.",
  "nextVideo": "Volgende video",
  "prevVideo": "Vorige video",
  "smallVideo": "Klein video",
  "bigVideo": "Groot video",
  "showTranslation": "Toon vertaling (indien beschikbaar)",
  "watchingVideos": "Video's bekijken",
  "afterInstallingAdditionalFeatures": "Onze browserextensie voegt taal leerhulpmiddelen toe aan de websites van Netflix en YouTube.",
  "whatToWatch": "Wat te kijken",
  "weCreatedNetflixAndYoutubeCatalogue": "Om u te helpen bij het vinden van video's, hebben we een catalogus voor Netflix en YouTube gemaakt. U kunt deze catalogus openen in het menu aan de linkerkant van deze pagina.",
  "alreadyOpenPleaseReload": "Herlaad Netflix of YouTube als ze al geopend zijn.",
  "clickToOpenSettings": "Klik hier om de instellingen te openen.",
  "clickEnableExtraFeatures": "Schakel extra functies in of uit.",
  "formerlyCalled": "(voorheen \"Language Learning with Netflix\")",
  "startInstallExtension": "Installeer onze browserextensie om te beginnen.",
  "saveAndReview": "Opslaan en herzien",
  "reviewWordsAndPhrases": "U kunt opgeslagen woorden en zinnen oefenen en nieuwe woordenschat leren.",
  "underActiveDevelopment": "Dit project is momenteel in actieve ontwikkeling. Om een functie voor te stellen of een probleem te melden, bezoekt u alstublieft ons forum.",
  "writeToUs": "Neem contact met ons op voor andere vragen.",
  "setupComplete": "Instelling voltooid",
  "clickWordDictionary": "Klik op een woord voor de definitie. Rechtsklik om het op te slaan.",
  "autopauseEverySubtitle": "Automatisch pauzeren na elk ondertitel.",
  "machineAndHumanTranslations": "In de instellingen kunt u kiezen tussen twee soorten vertalingen: automatisch en menselijk. Automatische vertalingen zijn zeer letterlijk en helpen u de zinsstructuur in de taal die u leert te begrijpen. Ze kunnen echter soms fouten bevatten. Menselijke vertalingen zijn vaak nuttig, omdat ze uitdrukkingen en idiomen correct vertalen.",
  "keyboardKeys": "U kunt de afspeelcontrole met sneltoetsen op het toetsenbord bedienen:",
  "aKey": "Vorige ondertitel",
  "sKey": "Ondertitel herhalen",
  "dKey": "Volgende ondertitel",
  "spaceKey": "Afspelen/Pauzeren",
  "settingsForMoreShortcuts": "Vind meer sneltoetsen in de instellingen.",
  "weCreatedNetflixCatalogue": "We hebben een speciale catalogus gemaakt om u te helpen Netflix-titels met hoogwaardige ondertitels in de taal die u studeert te vinden.",
  "youtubeHasAnyTopic": "YouTube heeft video's over elk onderwerp, in alle belangrijke talen. Echter, YouTube probeert buitenlandse inhoud voor u te verbergen.",
  "pageNotFound": "Pagina niet gevonden.",
  "videosNoLongerAvailable": "Sommige van de vermelde video's zijn mogelijk niet meer beschikbaar in uw land.",
  "votes_text": "<text> stemmen",
  "countries_text": "<text> landen",
  "watch": "Kijken",
  "tryAgain": "Probeer het opnieuw",
  "videoUnavailablePleaseContinue": "Deze video is niet beschikbaar. Ga door naar de volgende.",
  "nextPage": "Volgende pagina",
  "prevPage": "Vorige pagina",
  "videos": "Video's",
  "selectPlaylist": "Selecteer alstublieft een afspeellijst.",
  "flashcardTooltipProposal": "Aantal nieuwe items die deze sessie in de leercyclus komen",
  "flashcardTooltipExposure": "Aantal items voor herziening deze sessie",
  "flashcardTooltipTest": "Aantal items voor de quiz deze sessie",
  "flashcardExposureTooltip": "Expositiekaarten tonen verschillende voorbeeldzinnen met opgeslagen woorden om u te helpen hun verschillende toepassingen te begrijpen.",
  "flashcardExposure": "Blootstelling",
  "flashcardTestTooltip": "Testkaarten beoordelen uw kennis van woorden en zinnen",
  "flashcardTest": "Test",
  "lastPracticed_text": "Laatst geoefend: <text>",
  "itemsDueForPractice_text": "<text> items die u moet oefenen.",
  "startPractice": "Begin met oefenen",
  "betterWaitTillTomorrow": "Het is beter om tot morgen te wachten voor de volgende oefensessie.",
  "practiceMore": "Doorgaan met oefenen",
  "savedWordsAppearHere": "Tip: Wanneer u woorden en zinnen opslaat, verschijnen ze hier wanneer u ze moet oefenen.",
  "showAnswer": "Toon antwoord",
  "fail": "Onjuist",
  "hard": "Moeilijk",
  "easy": "Gemakkelijk",
  "success": "Correct",
  "ok": "Begrijp ik",
  "extraButtonsSearchBar": "Gebruik deze knoppen naast de YouTube-zoekbalk:",
  "leftTranslateRightSearch": "De knop links vertaalt de tekst in het zoekvak, zodat u gemakkelijker video's kunt vinden in de taal die u leert. De knop rechts zoekt naar video's met ondertitels.",
  "youtubeInterfaceLanguageMoreVideos": "U kunt de taal van de YouTube-interface wijzigen naar de taal die u aan het leren bent. YouTube toont u dan meer video's in die taal.",
  "howToChangeYoutubeInterfaceLanguage": "Hoe verandert u de taal van de YouTube-interface?",
  "clickButtonTopRight": "Klik op de knop rechtsboven in uw scherm:",
  "lookForLanguageSetting": "Zoek de taalinstelling:",
  "whenChangeMoreResults": "Als u de taal wijzigt, ziet u meer zoekresultaten in de taal die u leert.",
  "onlyDesktopCheckBack": "Language Reactor is momenteel alleen beschikbaar op desktop.",
  "open": "Openen",
  "word": "Woord",
  "phrase": "Zin",
  "translation": "Vertaling",
  "context": "Context",
  "source": "Bron",
  "actions": "Acties",
  "accountInformation": "Accountinformatie",
  "quickSettings": "Snelle instellingen",
  "fullSettings": "Instellingen",
  "gettingStarted": "Aan de slag",
  "exportHelp": "Exportgids",
  "studyTips": "Studietips",
  "howToImportWebpage": "Een webpagina importeren",
  "importWithRightClick": "U kunt webpagina's importeren via het rechtsklikmenu.",
  "extensionInstalledForThisFeature": "Voor deze functie moet de browserextensie geïnstalleerd zijn.",
  "importText": "Tekst importeren",
  "goToReaderMode": "Overschakelen naar Lezen",
  "edit": "Bewerken",
  "read": "LEZEN",
  "posADJ_UD": "Bijv.",
  "posADP_UD": "Adp.",
  "posADV_UD": "Adv.",
  "posAUX_UD": "Aux.",
  "posNOU_UD": "Zelfstandig naamwoord",
  "posPRO_UD": "Voornaamwoord",
  "posVER_UD": "Werkwoord",
  "posDET_UD": "Det.",
  "posSYM_UD": "Symbool",
  "posINT_UD": "Int.",
  "posCCO_UD": "Coörd. Voegwoord",
  "posPUN_UD": "Punct.",
  "posNUM_UD": "Numeriek",
  "posPAR_UD": "Deeltje",
  "posSCO_UD": "Sub. Conj.",
  "posX_UD": "Vreemd",
  "posCONJ": "Vervoeg.",
  "posPREP": "Voorbereiding",
  "ok2": "OK",
  "pleaseWait": "Een moment geduld...",
  "ohNoPleaseAddPermissionLRLogin": "Gelieve toestemming te geven voor de Language Reactor-browserextensie om te draaien op languagereactor.com om een succesvolle aanmelding mogelijk te maken.",
  "recommended$Videos$": "Aanbevolen",
  "$videos$WithSubtitles": "Met ondertitels",
  "$videosWith$MostSubscribers": "De meeste abonnees",
  "sortBy": "Sorteren op",
  "$video$Rating": "Beoordeling",
  "yearReleased": "Jaar",
  "type$OfVideo$": "Type",
  "any$TypeOfVideo$": "Alle",
  "movies": "Films",
  "series": "Series",
  "genres": "Genres",
  "all$Genres$": "Alles",
  "goToIMDB": "Bekijk op IMDB",
  "availableIn": "Beschikbaar in:",
  "errorLoadingVideo": "Kan video niet laden",
  "goBack": "Terug",
  "sorryThisPlaylistIsMissing": "Deze afspeellijst is niet gevonden.",
  "sorryThisVideoIsMissing": "Het video is niet gevonden.",
  "videoList": "Videolijst",
  "studyLanguage": "Studietaal",
  "iAmLearning": "Ik ben aan het leren",
  "playAll": "Alles afspelen",
  "bigUpdate": "Nieuwe update",
  "readMore": "Lees meer",
  "iGotIt": "Ik begrijp het",
  "allWords": "Alle woorden",
  "savedWords": "Opgeslagen woorden",
  "savedPhrases": "Opgeslagen zinnen",
  "setVocabLevel_short": "Vocabulaire niveau:",
  "setVocabLevel": "Stel uw vocabulaire niveau in",
  "changeVocabLevelConfirmation_GT": "Wilt u het vocabulaire niveau van <text> naar <text> veranderen?",
  "changeStudyLevel": "Niveau wijzigen",
  "currentStudyLevel": "Huidig vocabulaire niveau",
  "change": "Wijzigen",
  "pleaseSelectYourStudyLevelToContinue": "Selecteer uw vocabulaire niveau om door te gaan",
  "frequency": "Frequentie",
  "alphabetical": "Alfabetisch",
  "LEARNING": "Leren",
  "KNOWN": "Bekend",
  "SKIPPED": "Niet leren",
  "SKIPPED_short": "Niet leren",
  "knownWords_GT": "Bekende woorden",
  "tag": "Labels",
  "errorLoadingList": "Kon de woorden niet laden",
  "pleaseSelectLanguageOnTop_GT": "Selecteer een taal hierboven",
  "xSelected": "<text> geselecteerd",
  "setLearningStage": "Stel leerfase in",
  "thisWillAffectXItemsAreYouSure": "Dit zal <text> items wijzigen. Doorgaan?",
  "yes": "Ja",
  "no": "Nee",
  "removeItems": "Verwijder items",
  "setTag": "Tag instellen",
  "selectAllOrNone": "Selecteer alles / niets",
  "logIn": "Inloggen",
  "noItemsFound": "Geen items gevonden",
  "upgrade": "Premium",
  "transliterationsJapanese": "Japanse transliteraties",
  "transliterationsVisibility_GT": "Toon transliteraties",
  "alwaysShow_GT": "Altijd",
  "hideForKnownWords_GT": "Verberg voor bekende woorden",
  "hideForMarkedAndKnownWords_GT": "Verberg voor gemarkeerde en bekende woorden",
  "specialWords_GT": "Speciale woorden",
  "specialWords_info_GT": "Namen, plaatsen, nummers, enz.",
  "markedWords_GT": "Gemarkeerde woorden",
  "markWord_GT": "Markeer woord",
  "savedWordsMarkingTooltipDesc_GT": "Gemarkeerde woorden behouden hun status wanneer u het vocabulaire-niveau wijzigt. Ze verschijnen met een omranding.",
  "wordStatus_desc_GT": "De status komt voort uit het vocabulaire niveau of individuele markering.",
  "wordColors_desc_GT": "Deze instellingen regelen de weergave van woorden in ondertitels en teksten. In de weergave 'Opgeslagen items' wordt altijd de volledige kleuring van woorden gebruikt.",
  "suggestedWords_desc_GT": "De meest nuttige woorden voor u om de volgende keer te leren.",
  "showKnownWordsInGreen": "Toon bekende woorden in het groen",
  "showMarkedLearningWordsInOrange_GT": "Toon gemarkeerde leerwoorden in het oranje",
  "showSuggestedWordsInOrange_GT": "Toon voorgestelde woorden in oranje",
  "showRareWordsInGrey_GT": "Zeldzame woorden verbergen",
  "outline_GT": "Omtrek",
  "outlineMarkedWordsInText": "Markeer gemarkeerde woorden in de tekst",
  "showTagsInText": "Toon tags in de tekst",
  "showLearningStageButtonsInMiniDictionary": "Toon knoppen voor leerfase bij muisover",
  "switchLearningStage_GT": "Schakel bekende / te leren woorden om",
  "switchTags": "Tags in-/uitschakelen",
  "switchLanguage_GT": "Taal wisselen",
  "dictionary": "Woordenboek",
  "speakWordOnClick": "Zeg het woord bij klikken",
  "basicSettings": "Basisinstellingen",
  "machineTranslationsAvailable": "Machinevertalingen beschikbaar",
  "belowAreWordsOfIncreasingDifficultyDesc": "Hieronder staan woorden van toenemende moeilijkheid. Klik op de laatste rij waar u alle woorden begrijpt (scroll om meer te zien).",
  "iDontKnowAnyWordsYet": "Ik ken nog geen woorden.",
  "exampleText": "Voorbeeldtekst:",
  "wordColors_GT": "Woordkleuren",
  "reset_GT": "Herstellen",
  "newChat_GT": "Nieuwe chat",
  "autoCorrectGrammar_GT": "Grammatica automatisch corrigeren",
  "estimatedNumberOfKnownWords": "Geschatte bekende woorden",
  "article": "Artikel",
  "fullText": "Volledige tekst",
  "textMode": "Tekst",
  "myText_GT": "Mijn tekst",
  "myTexts_GT": "Mijn teksten",
  "books_GT": "Boeken",
  "pasteAnyTextYouWishToStudyHere": "Plak hier uw studietekst",
  "videoFile": "Videobestand",
  "selectVideo": "Selecteer video",
  "selectVideoFile": "Selecteer videobestand",
  "selectSubtitles": "Selecteer ondertitels",
  "subtitlesLanguage": "Ondertiteltaal",
  "save": "Opslaan",
  "copy": "Kopiëren",
  "copyCurrentSentence": "Kopieer de huidige zin",
  "wordNotFound": "Woord niet gevonden",
  "markWhetherYouKnowThisWordDesc": "Geef aan of u dit woord kent. Woorden in oranje markeren (Leren) voegt ze toe aan uw flashcards.",
  "shortcutRightClick": "Rechtermuisklik",
  "shortcutMiddleClick": "Middelklik",
  "addTagToAWordDesc": "U kunt tags gebruiken om groepen woorden te maken. Getagde woorden kunnen afzonderlijk worden geëxporteerd. Tags kunnen worden weergegeven als gekleurde onderstrepingen; dit kan in de instellingen worden geregeld.",
  "markAsKnown": "Markeren als Bekend",
  "markAsLearning": "Markeren als leren",
  "markedKnown_GT": "Gemarkeerd als Bekend",
  "markedToLearn": "Gemarkeerd om te leren",
  "learningNow": "Momenteel aan het leren",
  "learnt": "Geleerd",
  "learn": "Leren",
  "remove": "Verwijderen",
  "noTag": "Geen label",
  "examplesSavedItems": "Voorbeelden: Opgeslagen items",
  "examplesCurrentText": "Voorbeelden: Huidige tekst",
  "examples": "Voorbeelden:",
  "pleaseSignInToUseThisFeature": "Log in om deze functie te gebruiken.",
  "pleaseSignInToUseThisFreeFeature": "Log in om deze gratis functie te gebruiken.",
  "soThatWeCanSaveYourProgress": "(zodat we uw voortgang kunnen opslaan)",
  "phrasepumpInfoTooltipShort": "PhrasePump helpt u leren met zinnen die u grotendeels kunt begrijpen, waardoor uw vocabulaire, luistervaardigheid en grammatica verbeteren.",
  "phrasepumpInfoTooltip": "PhrasePump toont zinnen die u grotendeels zou moeten begrijpen, waardoor u de woorden kunt oefenen en nieuwe kunt leren. Het bouwt uw vocabulaire, luistervaardigheden en grammatica kennis op.",
  "fumingRiver": "Laat de taal door u stromen als een rivier, die nieuwe paden in uw geest snijdt.",
  "itemsDueForReview": "Items die dringend herzien moeten worden",
  "noCardsToStudy": "Geen kaarten om te studeren.",
  "tryEnablingMoreStudyModes": "Probeer meer studiemodi in te schakelen.",
  "pleaseMarkMoreItemsOrWait": "Markeer meer items om te studeren of wacht tot de bestaande items aan de beurt komen.",
  "statistics": "Statistieken",
  "xCards": "<text> kaarten",
  "cards": "Kaarten",
  "cardsPracticedToday": "De oefeningen van vandaag",
  "showLast": "Toon laatste:",
  "day": "Dag",
  "week": "Week",
  "month": "Maand",
  "threeMonths": "3 maanden",
  "markedToLearnDesc": "Opgeslagen woorden en zinnen die nog in de wachtrij staan om geoefend te worden.",
  "suggestions": "Suggesties",
  "suggestionsDesc": "Nadat u uw opgeslagen items heeft geoefend, kan PhrasePump u suggesties doen voor nieuwe woorden om te leren.",
  "suggestionsDesc_noMoreLeft": "Er zijn geen verdere suggesties beschikbaar.",
  "suggestionsDesc_noSuggestionsForLang": "Suggesties zijn niet beschikbaar voor deze taal.",
  "inTheLastXDaysYouStartedToPracticeYItems": "U bent begonnen met het oefenen van <text> nieuwe 'Gemarkeerde om te Leren' woorden en zinnen in de afgelopen <text> dagen.",
  "inTheLastXDaysYouStartedToPracticeYSuggestedWords": "U bent begonnen met het oefenen van <text> voorgestelde woorden in de afgelopen <text> dagen.",
  "youArePracticingXItems": "U oefent actief <text> woorden en zinnen.",
  "inTheLastXDaysYouHaveLearntYItems": "U heeft in de afgelopen <text> dagen <text> woorden en zinnen geleerd.",
  "inTheLastXDaysYouHavePracticedYItems": "U heeft in de afgelopen <text> dagen <text> woorden en zinnen geoefend.",
  "learntDescLearntXItems": "U heeft <text> items geleerd. Dit zijn woorden en zinnen die u waarschijnlijk minstens zes weken zult onthouden.",
  "halflifeDays_GT": "Halveringstijd (dagen)",
  "languageSelector": "Taalselector",
  "addLanguage": "Voeg taal toe",
  "dueItems": "Te beoordelen items:",
  "chooseALanguage": "Kies een taal",
  "showContext_GT": "Toon context",
  "add": "Toevoegen",
  "forgot": "Vergeten",
  "okay": "Bevestigen",
  "quizzes": "Quizzen",
  "suggestedWords": "Voorgestelde woorden",
  "practice": "Oefenen",
  "thisIsTheFirstTimeYouArePracticingThisItem": "Dit is de eerste keer dat u dit item oefent.",
  "quiz": "Quiz",
  "whatShouldGoInTheGap": "Wat moet er in de lege ruimte komen?",
  "useTranslationForHelp": "Controleer de vertaling voor hulp.",
  "suggestedWord": "Voorgesteld woord",
  "wouldYouLikeToLearnThisWord": "Wilt u dit nieuwe woord leren?",
  "listeningPractice": "Luisteroefening",
  "tryToUnderstandBeforeYouRevealTheText": "Probeer te begrijpen voordat u de tekst onthult.",
  "newItems": "Nieuwe items",
  "newWordsTooltip": "Maximaal percentage van kaarten dat gebruikt wordt voor het presenteren van nieuwe items ('Gemarkeerd om te leren' en 'Suggesties'). Verlaag dit om meer focus te leggen op herziening. Wanneer er veel items aan de beurt zijn, wordt het aantal nieuwe items automatisch verminderd.",
  "sessionSize": "Sessie grootte",
  "sessionSizeTooltip": "Aantal kaarten per oefensessie",
  "reveal": "Toon antwoord",
  "savePhrase": "Zet zin op",
  "learningStage": "Leerfase",
  "savingWords": "Hoe woorden op te slaan",
  "oldSystem": "Oud systeem:",
  "newSystem": "Huidig systeem:",
  "greenKnownOrSuggestedWords": "Wit: Bekende en voorgestelde woorden",
  "orangeMarkedWords": "Oranje: Woorden gemarkeerd voor leren",
  "dictStageTagsPickerDesc": "Hier kunt u aangeven of u het woord kent (wit), het aan het leren bent (oranje) of het wilt overslaan (grijs). Voeg tags toe om deze als gekleurde onderstrepingen weer te geven.",
  "exportFromLanguageReactor": "Exporteer vanuit Language Reactor...",
  "viewAll": "Bekijk alles",
  "wordViewNotSupported": "Deze functie wordt momenteel niet ondersteund voor deze taal.",
  "green": "groen",
  "yellow": "geel",
  "red": "rood",
  "blue": "blauw",
  "lastSaved": "Laatst opgeslagen",
  "rank": "rang",
  "wordList": "Woordenlijst",
  "up1": "Voorheen bewaarde u woorden door ze met een kleur (rood, groen, geel, blauw) te markeren. Deze functionaliteit is nog steeds beschikbaar (nu \"tags\" genoemd), maar de kleuren worden als onderstrepingen onder het woord weergegeven. Standaard verandert een rechtermuisklik op een woord de kleur van de tag niet meer, maar u kunt dit in de instellingen aanpassen.",
  "up2": "In deze update kan Language Reactor nu bijhouden welke woorden u kent, en voor de woorden die u niet kent, suggereert het of u ze moet leren of niet. Dit stelt de software in staat om enkele nuttige dingen te doen. Het werkt voor ongeveer 40 talen.",
  "up3": "WITTE woorden zijn woorden die u kent of waarop u moet focussen.",
  "up4": "ORANJE woorden zijn gemarkeerd om te leren.",
  "up5": "GRIJZE woorden zijn minder gebruikelijk en kunnen wachten.",
  "up6": "Deze categorieën noemen we \"Leerfasen\".",
  "up7": "U kunt snel de grootte van uw vocabulaire instellen in de woordenboekinstellingen in plaats van woorden individueel te markeren.",
  "up8": "Als u al veel woorden met kleuren hebt opgeslagen, kunt u ze in één keer markeren met een leerfase:",
  "up9": "1. Open het tabblad \"Opgeslagen items\"",
  "up10": "Klik op \"Opgeslagen Woorden\".",
  "up11": "3. Selecteer de kleur van het label",
  "up12": "4. Gebruik het selectievakje \"alles selecteren\".",
  "up13": "5. Kies een Leerfase",
  "up14": "Overweeg om gekleurde onderstrepingen in de instellingen uit te schakelen om visuele rommel te verminderen.",
  "up15": "Het kleursysteem is optioneel - u kunt de kleurcodering van woorden op basis van de leerstatus in de instellingen uitschakelen:",
  "clickToReadMore": "Klik hier om meer te lezen",
  "layout_GT": "Indeling",
  "videoSize_GT": "Grootte van de videospeler",
  "youAreLearning_GT": "Studietaal",
  "start_screen": "Starten",
  "theTextSeemsToBeIn_lang_GT": "Deze tekst lijkt in <text> te zijn.",
  "changeSourceLanguageTo_lang_GT": "Overschakelen naar <text>?",
  "clearAllHistoryConfirmation_GT": "Alle <text> geschiedenis wissen?",
  "chatHomescreenText_1_GT": "Chat met de AI, want, tja, u heeft niemand beter om mee te praten?",
  "chatHomescreenText_2_GT": "We hebben het echter leuk gemaakt.",
  "chatPreprompt_label_GT": "Chatinstructies:",
  "chatPreprompt_tooltip_GT": "Instructies verzonden naar de AI voor elke chat",
  "typeTheTextToTranslate_GT": "Voer de tekst in om te vertalen",
  "showMiniDictionary_GT": "Toon miniwoordenboek",
  "yourMessage_GT": "Uw bericht",
  "other_GT": "Andere opties",
  "pressAndHoldToRecordVoice_GT": "Houd ingedrukt om op te nemen",
  "recording_GT": "Opname bezig...",
  "switchBetweenShortcutsAndInputMode_GT": "Schakel tussen sneltoetsen en invoermodus",
  "pressTabToswitchBetweenShortcutsAndInputMode_GT": "Druk op [ESC] om te schakelen tussen sneltoetsen en invoermodus",
  "preferredAudioSource_GT": "Voorkeurs audio bron",
  "originalAudioWhenAvailable_GT": "Originele audio (wanneer beschikbaar)",
  "computerAudioTTS_GT": "Tekst-naar-spraak",
  "include_GT": "Inbegrepen",
  "noItemsForThisLanguage_GT": "Geen items in deze taal",
  "startReading_GT": "Begin met lezen",
  "numberOfPages_GT": "Aantal pagina's",
  "nextDocument_GT": "Volgend document",
  "prevDocument_GT": "Vorige document",
  "noVerticalView_GT": "Geen verticale weergave",
  "playbackRate_GT": "Afspeelsnelheid",
  "numPages_GT": "<text> pagina's",
  "chapters_GT": "Hoofdstukken",
  "book_GT": "Boek",
  "audioTrack_GT": "Audiotrack",
  "simplifiedVersion_GT": "Vereenvoudigde versie",
  "dubbedAudio_GT": "Nagesynchroniseerd geluid",
  "dubbedAudioDesc_GT": "Deze video was oorspronkelijk in een andere taal. Gebruik spraakherkenning voor ondertitels die overeenkomen met de audio.",
  "rewindForward5s_GT": "5s vooruit",
  "rewindBack5s_GT": "Terugspoelen 5s",
  "readTheForumPost_GT": "Lees forumbericht",
  "youtubeChannels_GT": "YouTube-kanalen",
  "channels_GT": "Kanalen",
  "thisFeatureIsUnderDevelopmentWillBeImprovedSoon_GT": "Deze functie is in ontwikkeling en zal binnenkort worden verbeterd.",
  "loadingAudio_GT": "Audio wordt geladen...",
  "media_GT": "Media",
  "useOurDesktopBrowserExtension_GT": "Gebruik onze desktopbrowserextensie bij het bekijken van deze video's voor extra functies.",
  "holdDictButtonToRecordVoice_GT": "Houd de woordenboekknop ingedrukt om uw stem op te nemen",
  "showDictRecord_GT": "Woordenboek / Opnemen",
  "text_GT": "Tekst",
  "words_GT": "Woorden",
  "viewLessFrequentWordsLink_GT": "Bekijk minder voorkomende woorden op de pagina Gemarkeerde Woorden",
  "newText_GT": "Nieuwe tekst",
  "untitledText_GT": "Onbenoemde tekst",
  "title_GT": "Titel",
  "pleaseEnterSomeText_GT": "Voer tekst in om door te gaan",
  "saving_GT": "Bezig met opslaan...",
  "theTextSeemsToBeIn_lang_whileYourLangIs_GT": "De tekst lijkt in <text> te zijn, terwijl uw huidige studietaal <text> is.",
  "hideSubtitle_GT": "Verberg ondertitels",
  "translationThenSubtitle_GT": "Vertaling en dan ondertitel",
  "subtitleThenTranslation_GT": "Ondertitel en dan vertaling",
  "vocabLevel_GT": "Woordenschatniveau",
  "selection_GT": "Selectie",
  "preview_GT": "Voorbeeld",
  "noTextWasSelected_GT": "Er is geen tekst geselecteerd",
  "nViews_GT": "<text> weergaven",
  "viewCount_GT": "Weergaven",
  "date_GT": "Datum",
  "areYouTheOwnerYoutube_GT": "Bent u de eigenaar van dit YouTube-kanaal?",
  "nVideos_GT": "<text> video's",
  "clearFilters_GT": "Filters wissen",
  "recommendedChannels_GT": "Aanbevolen",
  "popularChannels_GT": "Populair",
  "allChannels_GT": "Alle kanalen",
  "channel_GT": "Kanaal",
  "lexaAiAssistantPrompts_placeholder_example_GT": "Uitleg: Gelieve het gebruik van het woord <WORD> in deze zin uit te leggen: <CONTEXT>\nVoorbeelden: Geef alstublieft meer voorbeelden met het woord <WORD> zoals gebruikt in deze zin: <CONTEXT>",
  "updateHistory_GT": "Updategeschiedenis",
  "recentAppUpdates_GT": "Recente updates",
  "moreInfo_GT": "Meer informatie",
  "continue_GT": "Doorgaan",
  "podcasts_GT": "Podcasts",
  "allPodcasts_GT": "Alle podcasts",
  "podcast_GT": "Podcast",
  "hidden_GT": "Verborgen",
  "lexaAiAssistant_GT": "Lexa AI Assistent",
  "lexaAiAssistantInfo_GT": "Lexa kan vragen beantwoorden over woorden en zinnen in het materiaal dat u bestudeert.\n\nU kunt de prompts (vragen) in de instellingen van Language Reactor bewerken.\n\nDe Pro-modus gebruikt een intelligenter model dat mogelijk betere antwoorden geeft.",
  "lexaAiAssistantPrompts_GT": "Lexa AI Assistent Aanwijzingen",
  "lexaAiAssistantPrompts_tooltip_GT": "U kunt deze prompts (vragen) bewerken, maar u moet het volgende formaat respecteren:\n\n[Tabblad Titel]: [Prompt]\n[Tabblad Titel]: [Prompt]\netc.\n\n[Prompt] kan de speciale plaatsaanduidingen <WORD> en <CONTEXT> bevatten.\n\nU kunt elke taal gebruiken bij het schrijven van de prompt. Wanneer een vraag naar Lexa wordt gestuurd, wordt deze tekst aan het begin toegevoegd: Beantwoord vragen voor een student die [studietaal] leert. Schrijf uw antwoord in [vertaaltaal].",
  "hold_GT": "Vasthouden",
  "invalidFormat_GT": "Ongeldig formaat",
  "howToUseTouch_GT": "Handleiding voor aanraakbediening",
  "removeThisMessageAndFollowingOnes_GT": "Verwijder dit en de volgende berichten",
  "install_GT": "Installeren",
  "refresh_GT": "Vernieuwen",
  "lexaAiAssistantPrompts_tooltip_intro_GT": "Lexa verschijnt boven het woordenboek wanneer u op een woord klikt",
  "homepage_blurb": "🚀 Een toolbox om te ontdekken, begrijpen en leren met authentieke materialen. ✨ Ervaar een meeslepende aanpak die niet alleen effectief is, maar ook opwindend! 🔥",
  "homepage_formerly_lln": "Voorheen bekend als Language Learning with Netflix",
  "homepage_cardBodyNetflix": "De browserextensie verandert uw favoriete shows in taallessen. De Pro-modus activeert spraakherkenning en machinevertaling voor een naadloze begrip. 🌍",
  "homepage_cardBodyYoutube": "Duizenden YouTube-kanalen over elk onderwerp dat u zich kunt voorstellen. Ontwikkel uw begrip met authentieke taal in context. Blader door onze zorgvuldig samengestelde collectie. 🎧",
  "homepage_cardBodyFSI": "Daag uzelf uit met bewezen overheidsopleidingsprogramma's. Volg gestructureerde spreekopdrachten en oefeningen die echte vloeiendheid opbouwen. 💪 Geef deze klassieke methoden een boost met de moderne tools van Language Reactor.",
  "homepage_cardTitleWhatToLearn": "Wat te Leren",
  "homepage_cardBodyWhatToLearn": "Leer slimmer, niet harder! 🏃‍♂️ Language Reactor stelt u de essentiële woorden voor uw leertraject voor, zodat u zich kunt concentreren op wat het belangrijkst is.",
  "homepage_cardBodyPhrasePump": "PhrasePump is voornamelijk een luisteroefening. 🎧 Zinnen worden geselecteerd die opgeslagen woorden versterken die herzien moeten worden, en nieuw vocabulaire wordt geïntroduceerd. Geweldig voor zowel beginners als gevorderde leerlingen.",
  "homepage_cardBodyAria": "Maak kennis met Aria: uw geestige taalpartner. Ze is deels tutor, deels komiek, en altijd klaar met een slimme opmerking. 💬 Ontvang directe correcties, verken eindeloze onderwerpen en bouw vertrouwen op uw eigen tempo. 💡",
  "homepage_cardTitleProMode": "Pro Modus - Optioneel",
  "homepage_cardBodyProMode": "Language Reactor is al voorzien van geweldige gratis functies. De Pro-modus voegt wat extra magie toe aan uw ervaring. ✨",
  "homepage_cardTitleBooksAndWebsites": "Boeken en websites",
  "homepage_cardBodyBooksAndWebsite": "Importeer elke webpagina in Language Reactor of upload uw favoriete boeken. Luister mee met tekst-naar-spraak. 🎯",
  "clickHereToUseKeyboardControls": "Klik hier om de toetsenbordbediening te gebruiken",
  "uiLanguage_GT": "UI-taal",
  "videoFileIntro_GT": "U kunt een videobestand en een ondertitelbestand (SRT) uploaden, en Language Reactor zal een vertaling voor u maken. Momenteel werkt deze functie alleen met videoformaten die door uw browser worden ondersteund.",
  "powerfulToolbox": "Language Reactor is een krachtige toolbox voor het leren van talen.",
  "discoverUnderstandLearn": "Het helpt u om native materialen te ontdekken, begrijpen en ervan te leren.",
  "effectiveInterestingEnjoyable": "Studeren wordt effectiever, interessanter en aangenamer.",
  "extensionAddsNetflixFeatures": "De extensie voegt ondertitels in twee talen toe, een pop-up woordenboek, nauwkeurige videoweergavecontroles en vele andere functies wanneer u films en series op de Netflix-website bekijkt.",
  "thousandsOfChannels": "Duizenden kanalen om te bekijken over elk onderwerp dat u zich kunt voorstellen. Ontwikkel uw begrip met authentieke taal in context.",
  "booksAndWebsites": "Boeken en websites",
  "importTextTranslationTTS": "Importeer tekst, Language Reactor voegt een machinevertaling in uw taal toe en leest de tekst met superrealistische tekst-naar-spraak. (komt binnenkort)",
  "intelligentFeeding": "Geautomatiseerde, intelligente presentatie van taalinformatie. Selecteer eenvoudig uw taalniveau en geniet van de reis.",
  "whatToLearn": "Wat te leren",
  "suggestVocab": "Language Reactor kan u suggesties doen over welk vocabulaire u moet focussen en wat u kunt overslaan, zodat u uw voortgang kunt versnellen.",
  "highlightWhenAppear": "Sla de woorden op die u wilt leren, ze worden gemarkeerd wanneer ze verschijnen.",
  "homepage_sectionTitleLearn": "Leer van wat u leuk vindt",
  "homepage_sectionSubtitleLearn": "Language Reactor helpt u om inhoud te vinden die past bij uw niveau en interesses",
  "homepage_cardTitleYoutube": "YouTube en podcasts",
  "homepage_sectionTitleSuperpowers": "Taal Superkrachten",
  "homepage_sectionSubtitleSuperpowers": "Maak elke inhoud begrijpelijk",
  "homepage_cardTitleBilingualSubs": "Tweetalige ondertitels",
  "homepage_cardBodyBilingualSubs": "Stem uw oor af op natuurlijke spraak terwijl u beide talen ziet. Ontdek hoe betekenissen zich tot elkaar verhouden. 👂",
  "homepage_cardTitlePlayback": "Nauwkeurige afspeelbediening",
  "homepage_cardBodyPlayback": "⚡ Pauzeer de tijd. Beheer de afspeelsnelheid. 🎮 Navigeer door video's met sneltoetsen en gebaren. Automatische pauze na elke ondertiteling tot u verdergaat. 🖱️",
  "homepage_cardTitleDictionary": "Woordenboek & Lexa AI",
  "homepage_cardBodyDictionary": "🔍 Klik op een woord voor directe vertalingen. Authentieke voorbeeldzinnen met bijbehorende audio. 🎧 AI-gestuurde contextuele uitleg over woordgebruik. 🌱 Pas aan om extra informatie weer te geven.",
  "homepage_sectionSubtitleMaster": "Een complete toolkit voor uw vocabulaire",
  "homepage_cardTitleSmartHighlighting": "Slimme markering",
  "homepage_cardBodySmartHighlighting": "Sla een woord eenmaal op en u ziet het overal—in elke vorm. Language Reactor herkent meervouden, werkwoordvervoegingen en gerelateerde vormen. Versterk uw leren op een natuurlijke manier door alle inhoud.",
  "homepage_cardTitleExportAnki": "Exporteer naar Anki",
  "homepage_cardBodyExportAnki": "Gebruikt u al Anki? 📤 Exporteer mooie flashcards naar Anki met screenshots en audiobestanden.",
  "homepage_sectionTitlePractice": "Oefening baart kunst",
  "homepage_sectionSubtitlePractice": "Breng uw leren van passief naar actief",
  "homepage_cardBodyPhoneTablet": "Language Reactor werkt ook op uw telefoon en tablet. We verbeteren de app voortdurend.",
  "homepage_cardTitlePhoneTablet": "Telefoon en tablet",
  "homepage_sectionTitleMaster": "Beheers elk woord en elke zin",
  "homepage_cardTitleExtension": "Browserextensie",
  "homepage_cardBodyExtension": "Installeer op desktopcomputers de browserextensie om Language Reactor-functies te gebruiken tijdens het bekijken van video's op Netflix en YouTube, en om webpagina's te importeren.",
  "pleaseRefreshAfterChanges": "Gelieve na wijzigingen te verversen:",
  "pdfsInThisCourseOnlyOnDesktop": "De PDF's in deze cursus kunnen alleen op desktop worden weergegeven.",
  "noAudioFiles": "Geen audiobestanden",
  "proFeatures_intro": "Ontgrendel het volledige potentieel van uw taalleerreis met Language Reactor Pro functies! 🚀📚",
  "proFeatures_netflixTitle": "Spraakherkenning en Machinevertaling (Netflix)",
  "proFeatures_netflixFree": "Gebruik ondertiteling van Netflix. 🍿",
  "proFeatures_netflixPro": "🎤 Geniet van spraakherkenning voor alle geluidssporen. Nauwkeurige ondertiteling voor nagesynchroniseerde audio in uw favoriete series! 🎬 Automatische vertalingen zijn letterlijker, voor een beter begrip van het bronmateriaal. 🌍",
  "proFeatures_saveWordsTitle": "Woorden en Zinnen Opslaan",
  "proFeatures_saveWordsFree": "Sla woorden en zinnen op tijdens het gebruik van de PhrasePump-functie. 📝",
  "proFeatures_saveWordsPro": "Sla woorden en zinnen op in alle Language Reactor functies. Pas uw leerproces aan op basis van persoonlijke interesses en hiaten in uw woordenschat. Gemarkeerde woorden worden in alle Language Reactor functies geaccentueerd en kunnen naar Anki worden geëxporteerd! 📈✨",
  "proFeatures_lexaTitle": "Lexa AI Woordenboek",
  "proFeatures_lexaFree": "Ontvang uitleg met een eenvoudig taalmodel. 🤖",
  "proFeatures_lexaPro": "Profiteer van een verbeterd AI-model met uitgebreidere kennis, in staat om complexere vragen effectief te beantwoorden! 🧠🌐",
  "proFeatures_supportTitle": "Steun de ontwikkelaars",
  "proFeatures_supportDetails": "Dankzij uw steun kunnen wij Language Reactor blijven verbeteren en u nieuwe functies bieden! ❤️",
  "youCanSubscribeAgainAfterTheEndOfThisPeriod": "U kunt zich aan het einde van deze periode opnieuw abonneren.",
  "tipHoldTheDictionaryButtonToRecordVoice": "Tip: Houd de woordenboekknop ingedrukt om spraak op te nemen",
  "sentenceOrTextSource": "Bron",
  "homepage_cardTitleLanguageSupport": "🌍 Uitgebreide Taalondersteuning",
  "homepage_cardBodyLanguageSupport": "Leer van content in meer dan 40 talen. 🔤 Bekijk transcripties voor talen met andere schriftsystemen. 👀 Verberg ondertitels tot u er met de muis overheen gaat—ideaal om uw luistervaardigheid te verbeteren.",
  "additional15DiscountUntil5thJanuary2025": "Extra 15% korting tot 5 januari 2025. Gebruik de kortingscode 'turtle' bij het afrekenen. 🎅",
  "includeDubbedAudioNF": "Inclusief nagesynchroniseerde audio",
  "phrasepumpNeedsImprovementForLang": "PhrasePump moet nog verbeterd worden voor taal:",
  "addToHomeScreen": "Toevoegen aan startscherm",
  "textToSpeechVoiceNotAvailableForThisLangError": "Tekst-naar-spraak stem niet beschikbaar voor deze taal. Probeer extra taalpakketten voor uw systeem te installeren (indien beschikbaar).",
  "textToSpeechInSafariNotGreatTryEdgeOrChrome": "Tekst-naar-spraak in Safari browser werkt niet optimaal. Installeer Microsoft Edge of Chrome voor betere stemkwaliteit.",
  "dueForReview": "Klaar voor herhaling",
  "signInWithGoogle": "Inloggen met Google",
  "allServersRunningNormally": "Alle servers functioneren normaal.",
  "clearHistory": "Wissen",
  "copiedText": "Gekopieerd:",
  "loadingText": "Tekst wordt geladen...",
  "installChromeExtension": "Chrome-extensie installeren",
  "itemsRemoved": "Items verwijderd",
  "removingItemsFailed": "Het verwijderen van items is mislukt.",
  "itemsUpdated": "Items bijgewerkt",
  "autopauseNotAvailableOnYoutube": "Automatisch pauzeren is niet beschikbaar op YouTube.",
  "sideBySideLayout": "Naast elkaar",
  "overAndUnderLayout": "Boven en onder",
  "youAlsoHaveItemsInOtherLanguages": "U heeft ook opgeslagen items in andere talen. Wijzig de taal in de instellingen om deze te zien.",
  "otherLanguages": "Andere talen",
  "paymentsAreCurrentlyNotSupportedInYourCountry": "Betalingen zijn momenteel niet beschikbaar in uw land.",
  "titles_header": "Titels",
  "sources_header": "Bronnen",
  "holdTheButtonToRecord": "Houd de knop ingedrukt om op te nemen",
  "noOption": "Geen optie",
  "learningResources": "Leermiddelen",
  "deleteMyData": "Verwijder mijn gegevens",
  "deleteMyData_confirmationMessage": "Dit zal al uw instellingen, opgeslagen items, oefengeschiedenis, opgeslagen media en teksten onherroepelijk verwijderen. Weet u het zeker?",
  "advancedActions": "Geavanceerde acties",
  "successDone": "Gelukt!",
  "qKey": "Automatisch pauzeren aan/uit",
  "rKey": "Huidige ondertitel opslaan",
  "copyKey": "Huidige zin kopiëren",
  "unknownRank": "Onbekende rangorde",
  "mostFrequentWord": "meest frequente woord",
  "studyStore_errorSavingCardStats": "Fout bij het opslaan van kaartstatistieken.",
  "studyStore_errorSavingCardRating": "Fout bij het opslaan van de kaartbeoordeling.",
  "studyStore_loginNoLongerValid": "Uw login is niet meer geldig, laad deze pagina opnieuw.",
  "studyStore_tooltip_extraPracticeSentence": "Deze zin wordt niet getoond vanwege een specifiek opgeslagen woord. Het is extra oefening om uw luistervaardigheid en grammaticakennis te verbeteren.",
  "studyStore_tooltip_savedInYoutube": "Opgeslagen in YouTube-video: ",
  "studyStore_tooltip_savedInNetflix": "Opgeslagen in Netflix-video: ",
  "studyStore_extraPracticeIndicator": "[extra oefening]",
  "studyStore_errorLoadFlashcardMetadataFailed": "Laden van woordkaart-metadata mislukt.",
  "studyStore_errorLoadPracticeItemsFailed": "Laden van oefenitems mislukt.",
  "studyStore_errorLoadAudioFailed": "Laden van audio mislukt.",
  "studyStore_errorGettingAudio": "Fout bij ophalen audio: ",
  "savedItemsStore_errorTooManyItems": "U heeft te veel items",
  "savedItemsStore_errorSavingItem": "Fout bij het opslaan van item.",
  "savedItemsStore_errorUpdatingItemsFailed": "Het bijwerken van items is mislukt.",
  "savedItemsStore_errorFailedToRemoveItem": "Kan item niet verwijderen.",
  "savedItemsStore_devError_itemNotFoundForSetStudied": "Opgeslagen item bestaat niet: ",
  "mediaStore_errorFailedToGetPlaylistInfo": "Kan afspeellijstinformatie niet ophalen.",
  "mediaStore_errorFailedToGetDocumentInfo": "Het ophalen van documentinformatie is mislukt.",
  "mediaStore_errorDocNotFoundInPlaylist": "Document niet gevonden in de afspeellijst.",
  "userDataStore_errorFailedToSaveUserData": "Het opslaan van uw instellingen is mislukt.",
  "userDataStore_errorUpdatingSavedItemKeys": "Kan opgeslagen items niet ophalen.",
  "chatStore_errorNannyRefusedMessage": "De chatservice kon uw bericht niet verwerken. Probeer het anders te formuleren.",
  "chatStore_errorQuotaExceededPro": "Chatquotum overschreden, probeer het morgen opnieuw.",
  "chatStore_errorAsrFailed": "Kan uw bericht niet verwerken, probeer het opnieuw.",
  "chatStore_errorGettingChatMessages": "Fout bij het ophalen van chatberichten.",
  "chatStore_errorQuotaExceededMachine": "Chatquotum overschreden. Controleer uw abonnement of probeer het later opnieuw.",
  "chatStore_errorQueueFull": "Onze excuses, de servers zijn momenteel op maximale capaciteit, we werken eraan.",
  "chatStore_infoProUsersPriorityAccess": "Pro-gebruikers krijgen voorrang.",
  "chatStore_errorLoadingConversationLangMismatch": "Fout bij laden gesprek: Taalinstellingen komen niet overeen.",
  "chatStore_placeholderEnterWordsHere": "[voer woorden in]",
  "notifications_prefixNetworkError": "Netwerkfout, controleer uw WiFi-verbinding. ",
  "notifications_prefixNotFound": "Fout: Niet gevonden. ",
  "notifications_prefixBadRequest": "Softwarefout, probeer het later opnieuw. ",
  "notifications_prefixTokenError": "Aanmeldfout, gelieve opnieuw in te loggen. ",
  "notifications_prefixServerError": "Serverfout, probeer het later opnieuw. ",
  "notifications_prefixNotProUser": "Pro-functies zijn niet meer beschikbaar. ",
  "notifications_prefixRateLimitExceeded": "Limiet overschreden. Probeer het later opnieuw. ",
  "mediaDocPodcast_errorTimeoutDownloadingAudio": "Time-out bij het downloaden van audio van URL.",
  "media_errorLoadingMediaTranslations": "Fout bij het laden van mediavertalingen.",
  "media_errorAsrQuotaExceeded": "U heeft de dagelijkse limiet voor audioverwerking bereikt. Probeer het morgen opnieuw.",
  "media_errorAsrQueueFull": "De audioserver is momenteel bezet. Probeert u het later opnieuw.",
  "media_errorLoadingAsr": "Fout bij laden van spraakherkenning.",
  "media_errorAsrTooLong": "De spraakherkenning duurt te lang. Probeert u het later opnieuw.",
  "media_errorLoadingNlpData": "Fout bij het laden van NLP-gegevens.",
  "mediaDocText_errorFetchingPageTranslations": "Fout bij het ophalen van paginavertalingen.",
  "mediaDocText_errorFetchingTextInfo": "Fout bij ophalen tekstinformatie.",
  "mediaDocText_errorFetchingPageNlp": "Fout bij ophalen van NLP-pagina.",
  "mediaDocText_errorFetchingPageTts": "Fout bij ophalen van pagina-voorlezing.",
  "media_errorLoadingMediaMetadata": "Fout bij het laden van mediagegevens.",
  "media_errorFetchingSubtitlesForVideo": "Fout bij het ophalen van ondertitels voor video.",
  "media_errorAsrNotAvailableForVideo": "Automatische spraakherkenning is niet beschikbaar voor deze video.",
  "media_errorFetchingVideoTranslations": "Fout bij ophalen van videovertaling."
}