{
  "langCode": "pl",
  "appNameTr": "Language Reactor",
  "appName": "Language Reactor",
  "appDesc": "Popraw swoje umiejętności samodzielnie, skutecznie i przyjemnie, oglądając filmy i seriale w języku, którego się uczysz.",
  "catalogue": "Katalog",
  "catalogue_tooltip": "Znajdź filmy i seriale odpowiednie do użytku z Language Reactor.",
  "help": "Pomoc",
  "help_tooltip": "Instrukcje użytkowania, porady.",
  "feedback": "Zgłoś opinię",
  "feedback_tooltip": "Coś nie tak? Pragniesz nowych funkcji?",
  "facebook": "Facebook",
  "facebook_tooltip": "Polub naszą stronę i sprawdź najnowsze wiadomości.",
  "originalLanguage_label": "Język oryginału:",
  "originalLanguage_tooltip": "Oryginalny język tego filmu na Netflix",
  "noDictionary_error": "Rozszerzenie Language Reactor nie obsługuje jeszcze używania słownika dla <text>. Ta funkcja będzie dostępna wkrótce!",
  "subtitleLanguage_label": "Język napisów Netflix",
  "subtitleLanguage_tooltip": "To jest język wybranych napisów Netflix.",
  "subtitlesNotLoaded_error": "Napisy Netflix nie zostały załadowane. Czy w menu odtwarzania Netflix wybrano język napisów?",
  "subtitlesNoMatchAudio_error": "Wybrane napisy Netflix (<text>) nie pasują do dźwięku. Spróbuj ustawić je na oryginalny język tytułu (<text>) w kontroli odtwarzania Netflix lub wyszukaj w katalogu Language Reactor sugerowane tytuły dla języka, którego się uczysz.",
  "subtitlesNoMatchAudio_ASR_error_GT": "Napisy <text> nie są zsynchronizowane z dźwiękiem. Proszę przełączyć na napisy w oryginalnym języku (<text>) w ustawieniach odtwarzania Netflix lub znaleźć sugerowany tytuł dla wybranego języka w katalogu Language Reactor. Można również skorzystać ze ścieżki rozpoznawania mowy (ASR).",
  "audioNoMatchSubtitles_error": "Wybrana ścieżka dźwiękowa Netflix (<text>) prawdopodobnie nie pasuje do napisów. Spróbuj ustawić ją na oryginalny język tytułu (<text>) w kontroli odtwarzania Netflix lub wyszukaj w katalogu Language Reactor sugerowane tytuły dla języka, którego się uczysz.",
  "audioLanguage_label": "Język dźwięku Netflix",
  "audioLanguage_tooltip": "To jest język wybranej ścieżki dźwiękowej Netflix.",
  "pleaseSelectSubtitles": "- Wybierz napisy w odtwarzaczu Netflix -",
  "pleaseSelectSubtitlesYoutube": "- Wybierz napisy w odtwarzaczu Youtube -",
  "loadingSubtitles": "- Ładowanie napisów, proszę czekać... -",
  "loadingTranslations": "Ładowanie tłumaczeń...",
  "firstSubtitleNotReached": "- Pierwszy podtytuł jeszcze się nie rozpoczął. -",
  "errorApology_OLD": "Language Reactor wykrył błąd. Twórcy zostali powiadomieni. Spróbuj odswieżyć stronę lub spróbuj ponownie za 24 godziny. Przepraszamy za niedogodności. Sprawdź naszą stronę na Facebooku, aby uzyskać aktualizacje. Komunikat błędu: <text>",
  "openClose_tooltip": "Otwórz / zamknij Language Reactor.",
  "vocabHighlight_label": "Podkreślanie słownictwa",
  "levelWithNumber": "Poziom <text>: <text> słów",
  "levelDisable": "Poziom <text>: wyłącz",
  "translationLanguage_label": "Język tłumaczenia",
  "translationLanguage_tooltip": "To jest język tłumaczenia/tłumaczeń. Ustaw tu swój język ojczysty.",
  "showMachineTranslation_label": "Pokaż tłumaczenie maszynowe",
  "showMachineTranslation_tooltip": "Pokaż tłumaczenie maszynowe napisów źródłowych w Twoim języku.",
  "showHumanTranslation_label": "Pokaż tłumaczenie ludzkie",
  "showHumanTranslation_tooltip": "Pokaż tłumaczenie ludzkie napisów źródłowych w Twoim języku, jeśli jest dostępne.",
  "slowSpeechSegments": "Wolne fragmenty wypowiedzi",
  "slowSpeechSegments_tooltip": "Zmniejsz prędkość odtwarzania wideo, gdy aktywny jest napis (0.8x), aby ułatwić zrozumienie.",
  "keyboardShortcuts": "Skróty klawiszowe:",
  "previous": "Poprzedni",
  "next": "Kolejny",
  "previousSub": "Poprzedni napis",
  "nextSub": "Kolejny napis",
  "play": "Odtwarzaj",
  "playPause": "Odtwarzaj / zatrzymaj",
  "repeat": "Powtórz",
  "infiniteRepeat": "Nieskończona powtarzalność",
  "alsoUseASD": "Możesz również użyć: A, S, D, Spacja",
  "autoPause": "Pauza automatyczna",
  "autoPause_tooltip": "Automatycznie wstrzymuj odtwarzanie na końcu każdego napisu.",
  "none": "Żaden",
  "nms_tip": "Uczysz się języka? Wypróbuj nasze nowe rozszerzenie do nauki języka z Netflix.",
  "welcomeModal_line1_string": "Drodzy Użytkownicy,",
  "welcomeModal_line2_string": "Dokonaliśmy ważnej aktualizacji rozszerzenia. Mamy nadzieję, że spodobają Wam się nowe funkcje:",
  "welcomeModal_line3_string": "Napisy mogą być teraz wyświetlane na górze filmu.",
  "welcomeModal_line4_string": "Dodatkowy panel boczny do przeglądania wszystkich napisów.",
  "welcomeModal_line5_string": "Lepsza obsługa języków azjatyckich.",
  "proFeatures_line1_string": "Tryb „Pro” umożliwia dodatkowe funkcje:",
  "proFeatures_line2_string": "Tłumaczenia automatyczne",
  "proFeatures_tt2_string": "Są one bliższe oryginalnym napisom oraz bardziej pomocne dla studentów studiów językowych.",
  "proFeatures_line3_string": "Zapisz słowa i wyrażenia",
  "proFeatures_tt3_string": "Każde zapisane słowo jest podświetlone we wszystkich napisach. Pomaga to zorganizować naukę. Zapisane słowa i wyrażenia można wyeksportować do programu Anki (program - Fiszka).",
  "proFeatures_line4_string": "Napisy do dubbingowanych filmów",
  "proFeatures_tt4_string_GT": "Wiele seriali na Netflix ma dodatkowe ścieżki dźwiękowe w innych językach (audio z dubbingiem), jednak Netflix nie posiada odpowiednich napisów do tych ścieżek. Language Reactor potrafi stworzyć napisy na podstawie dźwięku, dzięki czemu może Pan/Pani uczyć się na przykład niemieckiego oglądając Breaking Bad.",
  "proFeatures_line5_string": "Wspieraj programistów",
  "proFeatures_tt5_string": "Ciężko pracujemy nad ulepszeniem rozszerzenia i wprowadzeniem nowych funkcji.",
  "price_string": "Cena miesięczna to:",
  "welcomeModal_line6_string": "Tłumaczenie automatyczne było kiedyś bezpłatne, teraz jest to kosztowna usługa. Liczymy na wasze zrozumienie.",
  "useForFree_line_string": "Możesz korzystać z tych funkcji za darmo przez tydzień.",
  "useForFree_twoWeeks_line_string": "Możesz korzystać z tych funkcji za darmo przez dwa tygodnie.",
  "useProForFreeTwoWeeks_string": "Możesz korzystać z funkcji Pro za darmo przez dwa tygodnie.",
  "notNow_btn_string": "Nie teraz",
  "continueWithGoogle_btn_string": "Kontynuuj z kontem Google",
  "trialBegunModal_body_string": "Funkcje „Pro” zostały włączone!",
  "ok_btn_string": "dobrze",
  "prePaymentModal_line1_string": "Subskrybuj, aby kontynuować korzystanie z funkcji „Pro”.",
  "choosePaymentProvider_line_string": "Wybierz sposób zapłaty:",
  "payWithGoogle_btn_string": "Akceptowane karty kredytowe.",
  "payWithPaddle_btn_string": "Akceptujemy karty kredytowe i Paypal.",
  "christmasSale_GT": "20% zniżki do 1 stycznia",
  "youPayEveryMonth_GT": "Płatność miesięczna:",
  "or_GT": "lub",
  "youPayEvery3Months_GT": "Płatność kwartalna:",
  "youPayEveryYear_GT": "Płatność roczna:",
  "oneMonth_GT": "1 miesiąc",
  "threeMonths_GT": "3 miesiące",
  "oneYear_GT": "1 rok",
  "subscriptionLabel_GT": "Subskrypcja. Po dokonaniu płatności może Pan/Pani anulować, jeśli nie chce Pan/Pani automatycznego odnowienia.",
  "choose_GT": "Wybierz",
  "paymentSuccessful_line1_string": "Płatność zakończona pomyślnie! Dziękujemy za wsparcie naszego projektu!",
  "paymentSuccessful_line2_string": "Sukskrybcję możesz anulować w zakładce ustawienia w dowolnym momencie.",
  "paymentSuccessfulPaddleMessage_line_string": "Uwaga: Jeśli płatność musi zostać zweryfikowana manualnie, odczekaj kilka godzin, a następnie tryb „Pro” powinien zostać aktywowany automatycznie. Przepraszam za opóźnienie!",
  "cancelGoogle_line_string": "Uwaga: tryb „Pro” pozostanie aktywny przez 30 dni po ostatniej płatności.",
  "cancelSubscription_btn_string": "Anuluj subskrypcje",
  "problemWithPayment_line1_string": "Wystąpił problem z Twoją subskrypcją.",
  "problemWithPayment_line2_string": "Po zaktualizowaniu informacji o płatności ponownie załaduj to okno.",
  "updatePayment_btn_string": "Zaktualizuj informacje o płatności",
  "alreadyUserPleaseSignIn": "Jesteś już użytkownikiem? Zaloguj się tutaj.",
  "pleaseSignIn": "Zaloguj się tutaj.",
  "pleaseSignInOrRegister": "Zaloguj się lub zarejestruj, aby uzyskać dostęp do dodatkowych funkcji",
  "noCreditCardInfoNoChargeAfterTrial": "Nie są wymagane informacje dotyczące karty kredytowej. Po okresie próbnym nie zostaniesz obciążony żadnymi kosztami, chyba że w tym czasie wybierzesz subskrypcję.",
  "signIn": "Zaloguj",
  "signOut": "Wyrejestruj",
  "options": "Opcje",
  "mode": "Tryb:",
  "manageSubscription": "Zarządzaj subskrypcją",
  "mode_free": "Darmowy",
  "mode_basic": "Tryb podstawowy",
  "mode_pro": "Pro",
  "signInStatus": "Status logowania:",
  "signedIn": "Zalogowany",
  "notSignedIn": "Nie zarejestrowany",
  "fix": "Naprawić",
  "featureComingSoon": "Funkcja dostępna wkrótce.",
  "showTransliterations": "Pokaż transliteracje",
  "noTransliterations": "Brak transliteracji",
  "romaji": "Original + Romaji",
  "hiragana": "Original + Hiragana",
  "romajiOnly": "Romaji",
  "hiraganaOnly": "Hiragana",
  "withOriginalForm": "Z oryginalnym formatem",
  "transliterationsOnly": "Tylko transliteracje",
  "hideTransliterationsForKnownWords_GT": "Ukryj transkrypcję dla znanych słów",
  "playbackSpeed": "Prędkość odtwarzania",
  "normal": "normalna",
  "notAvailable": "Niedostępne.",
  "noHTAvailable": "Dla wybranego języka nie jest dostępne tłumaczenie wykonane przez człowieka.",
  "noMTAvailable": "Tłumaczenia automatyczne są dostępne tylko dla oryginalnych napisów filmu.",
  "proFeature": "Funkcja Pro",
  "saveCurrentSubtitle": "Zapisz bieżące napisy",
  "toggleAutoPause": "Przełącz automatyczną pauzę",
  "exportToAnki": "Eksport do Anki",
  "pleaseSelectItemsToExport": "Wybierz elementy do eksportu:",
  "allItems": "Wszystkie elementy",
  "download": "Ściągnij",
  "subtitles": "Napisy",
  "words": "Słowa",
  "savedItems_short": "Zapisane..",
  "savedItems": "Zapisane przedmioty",
  "saved": "Zapisano",
  "allLanguages": "Wszystkie języki",
  "allTypes": "Wszystkie typy",
  "yellowWords": "Żółte słowa",
  "blueWords": "Niebieskie słowa",
  "greenWords": "Zielone słowa",
  "purpleWords": "Fioletowe słowa",
  "redWords": "Czerwone słowa",
  "phrases": "Zwroty",
  "noSavedItems": "Brak zapisanych elementów.",
  "clickAStar": "Kliknij gwiazdkę, aby zapisać napisy, lub kolorowe przyciski w słowniku, aby zapisać słowo.",
  "loadingDotDotDot": "Ładuję...",
  "showMore": "Pokaż więcej",
  "openCloseBottomPanel": "Otwórz / zamknij dolny panel",
  "openCloseVerticalView": "Otwórz / zamknij widok pionowy",
  "close": "Zamknij",
  "autoPaused": "AUTO-WSTRZYMAJ",
  "pressSpaceToContinue": "(Naciśnij spację aby kontynuować)",
  "saveWordTooltip": "Zapisz słowo. Możesz również kliknąć na słowo prawym przyciskiem myszy , aby je zapisać.",
  "subscriptionToProFeatures": "Subskrypcja funkcji „Pro”.",
  "tryForFree": "Wypróbuj bezpłatnie",
  "noCreditCardRequired": "Karta kredytowa nie jest wymagana.",
  "noCharge": "W odróżnieniu od innych dostawców nie naliczymy Ci żadnych opłat w okresie próbnym ani nie uaktualnimy automatycznie Twojej subskrypcji.",
  "subscriptionActive": "Abonament jest aktywny.",
  "speedUpPlayback": "Przyspiesz odtwarzanie",
  "slowDownPlayback": "Spowolnij odtwarzanie",
  "highlightSavedWords_label": "Podświetl zapisane wyrazy",
  "onRightClick_label": "Kliknięcie prawego przycisku",
  "onLongPress_label_GT": "Akcja przy długim naciśnięciu",
  "suggestedToKnownWordsRatio_label_GT": "Stosunek słów sugerowanych do znanych",
  "showVV_label": "Pokaż widok listy napisów",
  "showSubsBelowVideo_label": "Pokaż napisy poniżej wideo",
  "otherPossibleTranslations": "Inne możliwe tłumaczenia",
  "doNothing_option": "Nie rób nic",
  "showDict_option": "Pokaż słownik",
  "showDictSpeak_option": "Pokaż słownik i wymów wyraz",
  "speakWord_option": "Wymów słowo",
  "saveWord_option": "Zapisz wyraz",
  "removeAllItems": "Usuń wszystkie",
  "areYouSure": "Czy na pewno?",
  "hideTranslation": "Ukryj tłumaczenie",
  "hideTranslation_tt": "Ukryj tłumaczenie podczas odtwarzania filmu. Kliknij tekst lub naciśnij [e], aby odsłonić tłumaczenie.",
  "littlePracticeEveryDay": "Nauka języka wymaga trochę praktyki każdego dnia.",
  "enableLln": "Włącz Language Reactor",
  "doYouLikeOurExtension": "Lubisz Language Reactor?",
  "reportBug": "Zgłoś błąd",
  "translationNotFound": "Nie znaleziono tłumaczenia.",
  "usageExamples": "Przykłady użycia",
  "userDefinedExternalDict_label": "Adresy URL słowników użytkownika",
  "turnOnOff": "Włącz / Wyłącz",
  "fontSize_label": "Rozmiar czcionki",
  "extraSmall": "Bardzo mały",
  "small": "mała",
  "large": "duża",
  "extraLarge": "Bardzo duży",
  "removeSubtitle": "Usuń",
  "settings": "Ustawienia",
  "subtitleLanguage_label_yt": "Język napisów YouTube",
  "subtitleLanguage_tooltip_yt": "To jest język wybranych napisów Youtube.",
  "subtitlesNotLoaded_error_yt": "Napisy Youtube nie zostały załadowane. Czy w menu odtwarzania Youtube wybrano język napisów?",
  "exportAsJson": "Eksportuj jako JSON",
  "exportAsCsv": "Eksportuj jako CSV",
  "exportAsExcel": "Eksportuj jako Excel",
  "overrideArrowKeys_label": "Zastąp klawisze strzałek",
  "overrideArrowKeys_tt": "Spraw, aby klawisze strzałek zachowywały się tak samo jak klawisze A, S, D",
  "changelist": "Changelist",
  "print": "Drukuj",
  "export": "Eksportuj",
  "appDescYoutube": "Skutecznie i przyjemnie doskonali Pan/Pani swoje umiejętności językowe, oglądając filmy w języku, którego się Pan/Pani uczy.",
  "externalDictsMessage": "Słowniki zewnętrzne. Może Pan/Pani otworzyć ostatnio używany słownik zewnętrzny bezpośrednio, naciskając klawisz Shift podczas kliknięcia na słowo.",
  "userDefinedExternalDict_tooltip": "Własne słowniki, które będą wyświetlane wraz z innymi słownikami zewnętrznymi w okienku słownika (będą oznaczone jako U1, U2...). Adres URL musi zawierać 'WORD' (wielkimi literami) - zostanie automatycznie zastąpiony wyszukiwanym słowem. Można wprowadzić wiele adresów URL w osobnych wierszach.",
  "pleaseLeaveReviewMessage": "Czy podoba się Panu/Pani Language Reactor? Prosimy o pomoc poprzez wystawienie opinii w sklepie Chrome.",
  "writeReview": "Napisz opinię",
  "saveSubtitle": "Zapisz",
  "translate": "Tłumacz",
  "selectLang": "Wybierz język",
  "searchVidsWithSubs": "Szukaj filmów z napisami (CC)",
  "searchSettings": "Ustawienia wyszukiwania",
  "sourceLang": "Język źródłowy:",
  "chatWithOtherUsers": "Czatuj z innymi użytkownikami Language Reactor",
  "forum": "Forum",
  "tip": "Porada:",
  "considerChangingYoutubeLanguage": "Aby uzyskać optymalne wyniki wyszukiwania, spróbuj zmienić swój język w ustawieniach YouTube.",
  "seeHow": "Zobacz jak",
  "helloPleaseSelectYourNativeLanguage": "Witaj. Wybierz swój język ojczysty:",
  "yourNativeLanguage_GT": "Pana/Pani język ojczysty:",
  "autoHideYoutubePlaybackBarRecommended": "Automatycznie ukryj pasek odtwarzania Youtube (zalecane)",
  "dontChangeTheInterface": "Nie zmieniaj interfejsu",
  "hidePlaybackBar": "Ukryj pasek odtwarzania",
  "font": "Czcionka",
  "defaultRecommended": "Ustawienia domyślne (zalecane)",
  "subtitlesHidden": "Napisy (ukryte)",
  "noSubsForThisVideo": "Brak napisów do tego filmu!",
  "forceOriginalTracks": "Wymuś oryginalne ścieżki",
  "forceOriginalTracks_desc": "Włączona opcja przełączy film na oryginalny dźwięk i napisy językowe, jeśli włączono rozszerzenie.",
  "hideSubtitles": "Ukryj napisy",
  "disabled": "Wyłączono",
  "hideTranslations": "Ukryj tłumaczenie",
  "hideBoth": "Ukryj obydwa",
  "showSubtitleControls": "Wyświetl sterowniki napisów",
  "moveToggleControls": "Przesuń / przełącz sterowniki",
  "netflixTestsMessage": "Netflix czasami przeprowadza testy, które mogą powodować, że Language Reactor nie działa poprawnie. Aby uniknąć problemów, zalecamy wyłączenie udziału w testach serwisu Netflix. To jest łatwe:",
  "disableTesting": "Wyłącz testowanie",
  "nextBillingDate": "Następna data płatności",
  "youCanUseProForXXDays": "Możesz wciąż korzystać z funkcji Pro przez <text> dni.",
  "youCanUseFreeForXXDays": "Możesz korzystać z darmowych funkcji przez <text> dni.",
  "subtitlesCouldNotBeLoaded": "Nie można załadować napisów.",
  "adIsPlaying": "Trwa odtwarzanie reklamy.",
  "yourSubscriptionHasExpired": "Twoja subskrypcja wygasła.",
  "youHaveCanceledYourSubscription": "Anulowano subskrypcję.",
  "nowYouCanStudyWithYoutubeToo": "Teraz możesz uczyć się języków również na Youtube!",
  "machineTranslations": "Tłumaczenie maszynowe",
  "humanTranslations": "Tłumaczenie przez człowieka",
  "belowAreWordsFromTheCurrentVideo_GT": "Słowa z tego filmu według częstości występowania",
  "rightClickWordToSaveIt_GT": "Kliknij prawym przyciskiem, aby zaznaczyć słowo",
  "leftClickToOpenDict": "Kliknij lewym, aby otworzyć słownik.",
  "selectVocabLevelToMarkPurple": "Wybierz w ustawieniach poziom słownictwa, aby zaznaczyć rzadsze słowa na fioletowo.",
  "aboveCurrentLevel": "Ponad aktualny poziom",
  "unsavedWords": "Niezapisane słowa",
  "levelX": "Poziom <text>",
  "tips": "Porady",
  "emptyTemplate": "",
  "thisExportHasMultipleParts": "Ten eksport obejmuje wiele części.",
  "downloadPartXX": "Pobierz część <text>",
  "thisItemWasSavedInAnotherVideo": "Ten element został zapisany w innym wideo.",
  "cancel": "Anuluj",
  "openVideo": "Otwórz wideo",
  "format": "Format",
  "printHtml": "Druk (HTML)",
  "mustReadHowToImportToAnki": "Ważne: jak importować do formatu Anki.",
  "infoAboutCsvExport": "Informacje o eksporcie do CSV",
  "jsonDataSchema": "Schemat danych JSON",
  "language": "Język",
  "itemType": "Typ elementu",
  "includeTimestamps": "Uwzględnij sygnatury czasowe",
  "youCanChangeTranslitsOptionsInSettings": "W ustawieniach można zmienić opcje transliteracji.",
  "preferredTranslations": "Preferowane tłumaczenia",
  "onlyNewItemsSinceLastExport": "Tylko nowe elementy od ostatniego eksportu",
  "includeMedia": "Dołącz media",
  "langName_is": "Islandzki",
  "langName_ga": "Irlandzki",
  "langName_az": "Azerbejdżański",
  "langName_af": "Afrikaans",
  "langName_am": "Amharski",
  "langName_ar": "Arabski",
  "langName_sq": "Albański",
  "langName_hy": "Ormiański",
  "langName_it": "Włoski",
  "langName_yi": "Jidysz",
  "langName_ig": "Igbo",
  "langName_id": "Indonezyjski",
  "langName_ug": "Ujgurski",
  "langName_cy": "Walijski",
  "langName_uk": "Ukraiński",
  "langName_uz": "Uzbecki",
  "langName_ur": "Urdu",
  "langName_et": "Estoński",
  "langName_eo": "Esperanto",
  "langName_or": "Orija",
  "langName_nl": "Niderlandzki",
  "langName_kk": "Kazachski",
  "langName_ca": "Kataloński",
  "langName_gl": "Galicyjski",
  "langName_kn": "Kannada",
  "langName_rw": "Kinya-Ruanda",
  "langName_el": "Grecki",
  "langName_ky": "Kirgiski",
  "langName_gu": "Gudżarati",
  "langName_km": "Khmerski",
  "langName_ku": "Kurdyjski",
  "langName_hr": "Chorwacki",
  "langName_xh": "Khosa",
  "langName_co": "Korsykański",
  "langName_sm": "Samoański",
  "langName_jv": "Jawajski",
  "langName_ka": "Gruziński",
  "langName_sn": "Shona",
  "langName_sd": "Sindhi",
  "langName_si": "Syngaleski",
  "langName_sv": "Szwedzki",
  "langName_zu": "Zulu",
  "langName_gd": "Szkocki Gaelicki",
  "langName_es": "Hiszpański",
  "langName_sk": "Słowacki",
  "langName_sl": "Słoweński",
  "langName_sw": "Suahili",
  "langName_su": "Sundajski",
  "langName_ceb": "Cebuano",
  "langName_sr": "Serbski",
  "langName_so": "Somalijski",
  "langName_th": "Tajski",
  "langName_tg": "Tadżycki",
  "langName_tt": "Tatarski",
  "langName_ta": "Tamilski",
  "langName_cs": "Czeski",
  "langName_te": "Telugu",
  "langName_da": "Duński",
  "langName_de": "Niemiecki",
  "langName_tk": "Turkmeński",
  "langName_tr": "Turecki",
  "langName_ny": "Njandża",
  "langName_ne": "Nepalski",
  "langName_no": "Norweski",
  "langName_ht": "Kreolski Haitański",
  "langName_ha": "Hausa",
  "langName_ps": "Paszto",
  "langName_eu": "Baskijski",
  "langName_haw": "Hawajski",
  "langName_hu": "Węgierski",
  "langName_pa": "Pendżabski",
  "langName_hi": "Hindi",
  "langName_tl": "Filipino",
  "langName_fi": "Fiński",
  "langName_hmn": "Hmong",
  "langName_fr": "Francuski",
  "langName_bg": "Bułgarski",
  "langName_vi": "Wietnamski",
  "langName_iw": "Hebrajski",
  "langName_be": "Białoruski",
  "langName_fa": "Perski",
  "langName_bn": "Bengalski",
  "langName_pl": "Polski",
  "langName_bs": "Bośniacki",
  "langName_pt": "Portugalski",
  "langName_mi": "Maoryjski",
  "langName_mk": "Macedoński",
  "langName_mg": "Malgaski",
  "langName_mr": "Marathi",
  "langName_ml": "Malajalam",
  "langName_mt": "Maltański",
  "langName_ms": "Malajski",
  "langName_my": "Birmański",
  "langName_mn": "Mongolski",
  "langName_yo": "Joruba",
  "langName_lo": "Laotański",
  "langName_la": "Łaciński",
  "langName_lv": "Łotewski",
  "langName_lt": "Litewski",
  "langName_ro": "Rumuński",
  "langName_lb": "Luksemburski",
  "langName_ru": "Rosyjski",
  "langName_en": "Angielski",
  "langName_ko": "Koreański",
  "langName_fy": "Zachodniofryzyjski",
  "langName_zh-CN": "Chiński (Uproszczone)",
  "langName_zh-TW": "Chiński (Tradycyjne)",
  "langName_st": "Sotho Południowy",
  "langName_ja": "Japoński",
  "netflixCatalogue": "Katalog Netflix",
  "notAllTitlesAllCountries": "Ponieważ nie wszystkie tytuły są dostępne we wszystkich krajach, należy wybrać lokalizację wykrytą przez serwis Netflix.",
  "catalogueByOriginalLanguage": "Katalog zawiera listę tytułów uporządkowaną według ich oryginalnego języka. Dzięki temu z łatwością odnajdziesz filmy francuskie do nauki francuskiego, niemieckie do nauki niemieckiego itd.",
  "goodSubtitlesForOriginal": "Netflix oferuje dobrej jakości napisy w języku oryginału, dopasowane do oryginalnej ścieżki dźwiękowej.",
  "oftenDontMatch": "Napisy często nie pokrywają się ze ścieżką dźwiękową w przypadku filmów z dubbingiem.",
  "yourCountry": "Twój kraj",
  "allCountries": "Wszystkie kraje",
  "numberFound_colon": "Znaleziono tytułów:",
  "genre_colon": "Gatunek:",
  "released_colon": "Premiera:",
  "runtime_colon": "Czas trwania:",
  "drama": "Dramat",
  "action": "Akcja",
  "crime": "Kryminał",
  "thriller": "Thriller",
  "adventure": "Przygoda",
  "scifi": "Sci-Fi",
  "romance": "Romans",
  "fantasy": "Fantasy",
  "mystery": "Tajemnica",
  "war": "Wojenny",
  "biography": "Biograficzny",
  "history": "Historyczny",
  "clearHistory_GT": "Wyczyść historię",
  "comedy": "Komedia",
  "horror": "Horror",
  "sport": "Sportowy",
  "music": "Muzyczny",
  "animation": "Animacja",
  "musical": "Musical",
  "noMoviesFoundForThisSearch": "Nie znaleziono filmów dla tego wyszukiwania.",
  "youtubeCatalogue": "Katalog YouTube",
  "installExtensionForEnhancedFeatures": "Wskazówka: zainstaluj rozszerzenie, aby skorzystać z dodatkowych funkcji podczas oglądania filmów w serwisach Netflix i YouTube!",
  "weCreatedYTCatalogue": "Stworzyliśmy ten katalog, aby pomóc Ci w odnalezieniu dobrych kanałów do nauki.",
  "errorLoadingData": "Błąd podczas ładowania danych.",
  "search": "Szukaj",
  "subscribers_colon": "Subskrybenci:",
  "withSubtitles_colon": "Z napisami:",
  "score_colon": "Wynik:",
  "installExtensionForBetterExperience": "Zainstaluj rozszerzenie przeglądarki, aby skorzystać z dodatkowych funkcji!",
  "translationSameAsSource_text_text": "Język tłumaczenia (<text>) jest taki sam jak język oryginalny (<text>). Rozważ zmianę języka tłumaczenia w ustawieniach.",
  "translationNotSupported_text_text": "Tłumaczenie z języka <text> na język <text> nie jest obecnie obsługiwane.",
  "selectDifferentTranslationLanguage": "Wybierz inny język tłumaczenia.",
  "nextVideo": "Następny film",
  "prevVideo": "Poprzedni film",
  "smallVideo": "Mały film",
  "bigVideo": "Duży film",
  "showTranslation": "Pokaż tłumaczenie (jeśli jest dostępne)",
  "watchingVideos": "Oglądanie filmów",
  "afterInstallingAdditionalFeatures": "Po zainstalowaniu rozszerzenia przeglądarki uzyskasz dostęp do dodatkowych funkcji do nauki języków obcych podczas oglądania filmów w serwisach Netflix i YouTube.",
  "whatToWatch": "Co obejrzeć",
  "weCreatedNetflixAndYoutubeCatalogue": "Aby pomóc Ci w wyszukiwaniu filmów, stworzyliśmy katalog dla serwisów Netflix i YouTube. Katalog ten dostępny jest w menu po lewej stronie tej strony.",
  "alreadyOpenPleaseReload": "Jeśli masz już otwartą stronę serwisu Netflix lub YouTube, odśwież okno.",
  "clickToOpenSettings": "Kliknij tutaj, aby otworzyć ustawienia.",
  "clickEnableExtraFeatures": "Kliknij tutaj, aby włączyć lub wyłączyć dodatkowe funkcje.",
  "formerlyCalled": "(poprzednia nazwa: \"Language Learning with Netflix\")",
  "startInstallExtension": "Aby rozpocząć, zainstaluj rozszerzenie przeglądarki.",
  "saveAndReview": "Zapisuj i wracaj",
  "reviewWordsAndPhrases": "Zapisane słowa i wyrażenia możesz wyświetlać jako fiszki, a także uczyć się w ten sposób nowych słów.",
  "underActiveDevelopment": "Ten projekt jest w fazie aktywnego rozwoju. Aby zasugerować implementację nowej funkcji lub zgłosić problem, odwiedź nasze forum.",
  "writeToUs": "W przypadku innych pytań prosimy o kontakt.",
  "setupComplete": "Konfiguracja zakończona",
  "clickWordDictionary": "Kliknij na słowo, aby wyświetlić słownik. Kliknij słowo prawym przyciskiem myszy, aby je zapisać.",
  "autopauseEverySubtitle": "Automatyczne wstrzymywanie odtwarzania po każdym napisie.",
  "machineAndHumanTranslations": "W ustawieniach możesz wybrać wyświetlanie dwóch rodzajów tłumaczeń: maszynowego i ludzkiego. Tłumaczenie maszynowe jest bardzo dosłowne i pomaga zrozumieć strukturę zdania w języku, którego się uczysz, ale może czasem zawierać błędy. Tłumaczenie ludzkie okazuje się często przydatne, ponieważ poprawnie tłumaczy utarte wyrażenia i idiomy.",
  "keyboardKeys": "Do sterowania odtwarzaczem można używać klawiszy klawiatury.",
  "aKey": "Poprzedni napis",
  "sKey": "Powtórz napisy",
  "dKey": "Następny napis",
  "spaceKey": "Odtwórz/Pauza",
  "settingsForMoreShortcuts": "W ustawieniach znajdziesz więcej skrótów klawiszowych.",
  "weCreatedNetflixCatalogue": "Stworzyliśmy specjalny katalog, aby pomóc Ci w odnalezieniu tytułów z serwisu Netflix z wysokiej jakości napisami w języku, którego się uczysz.",
  "youtubeHasAnyTopic": "W serwisie YouTube znajdzesz filmy na każdy temat we wszystkich najważniejsztch językach. Jednak YouTube stara się ukrywać przed użytkownikami treści zagraniczne.",
  "pageNotFound": "Nie znaleziono strony.",
  "videosNoLongerAvailable": "Niektóre z wymienionych filmów mogą nie być już dostępne w Twoim kraju.",
  "votes_text": "<text> głosów",
  "countries_text": "<text> krajów",
  "watch": "Włącz",
  "tryAgain": "Spróbuj jeszcze raz",
  "videoUnavailablePleaseContinue": "Ten film jest niedostępny. Przejdź do następnego filmu.",
  "nextPage": "Następna strona",
  "prevPage": "Poprzednia strona",
  "videos": "Film",
  "selectPlaylist": "Wybierz playlistę",
  "flashcardTooltipProposal": "Liczba nowych elementów wchodzących do cyklu nauki w tej sesji",
  "flashcardTooltipExposure": "Liczba elementów do powtórki w tej sesji",
  "flashcardTooltipTest": "Liczba elementów do powtórki w tej sesji",
  "flashcardExposureTooltip": "Karty ekspozycji pokazują różne przykładowe zdania z zapisanymi słowami, pomagając zrozumieć ich różnorodne zastosowania.",
  "flashcardExposure": "Ekspozycja",
  "flashcardTestTooltip": "Fiszki testowe sprawdzają znajomość słów i zdań",
  "flashcardTest": "Test",
  "lastPracticed_text": "Data ostatniego ćwiczenia: <text>",
  "itemsDueForPractice_text": "<text> pozycji do przećwiczenia.",
  "startPractice": "Rozpocznij ćwiczenie",
  "betterWaitTillTomorrow": "Z kolejną sesją lepiej poczekać do jutra.",
  "practiceMore": "Ćwicz więcej",
  "savedWordsAppearHere": "Wskazówka: jeśli zapiszesz słowa i wyrażenia, pojawią się one tutaj, gdy nadejdzie czas, aby je przećwiczyć.",
  "showAnswer": "Pokaż odpowiedzi",
  "fail": "Nie udało się",
  "hard": "Trudny",
  "easy": "Łatwy",
  "success": "Powodzenie",
  "ok": "Ok",
  "extraButtonsSearchBar": "Stworzyliśmy więc te dodatkowe przyciski, które pojawią się obok paska wyszukiwania na YouTube:",
  "leftTranslateRightSearch": "Przycisk po lewej stronie tłumaczy tekst w polu wyszukiwania, dzięki czemu można łatwiej znaleźć filmy w języku, którego się uczysz. Przycisk po prawej stronie wyszukuje filmy z napisami.",
  "youtubeInterfaceLanguageMoreVideos": "Możesz zmienić język interfejsu użytkownika YouTube na język, którego się uczysz. YouTube pokaże Ci wtedy więcej filmów w tym języku.",
  "howToChangeYoutubeInterfaceLanguage": "Jak zmienić język interfejsu YouTube",
  "clickButtonTopRight": "Kliknij na ten przycisk zlokalizowany w prawym górnym rogu ekranu:",
  "lookForLanguageSetting": "Znajdź pozycję \"Język\":",
  "whenChangeMoreResults": "Gdy zmienisz język, otrzymasz więcej wyników wyszukiwania w języku, którego się uczysz.",
  "onlyDesktopCheckBack": "Language Reactor jest na razie dostępny tylko na komputery stacjonarne. Zajrzyj do nas już wkrótce!",
  "open": "Otwórz",
  "word": "Słowo",
  "phrase": "Zwrot",
  "translation": "Tłumaczenie",
  "context": "Kontekst",
  "source": "Źródło",
  "actions": "Działania",
  "accountInformation": "Informacje o koncie",
  "quickSettings": "Podstawowe ustawienia",
  "fullSettings": "Pełne ustawienia",
  "gettingStarted": "Przewodnik po aplikacji",
  "exportHelp": "Instrukcje eksportowania",
  "studyTips": "Wskazówki dotyczące nauki",
  "howToImportWebpage": "Jak zaimportować stronę internetową",
  "importWithRightClick": "Możesz zaimportować stronę internetową do Language Reactora z menu dostępnego po kliknięciu prawym przyciskiem myszy.",
  "extensionInstalledForThisFeature": "Aby skorzystać z tej funkcji, musisz mieć zainstalowane rozszerzenie w przeglądarce.",
  "importText": "Importowanie tekstu",
  "goToReaderMode": "Przejdź do trybu Czytania",
  "edit": "EDYTUJ",
  "read": "CZYTAJ",
  "posADJ_UD": "Adj.",
  "posADP_UD": "Adp.",
  "posADV_UD": "Adv.",
  "posAUX_UD": "Aux.",
  "posNOU_UD": "Noun",
  "posPRO_UD": "Pronoun",
  "posVER_UD": "Verb",
  "posDET_UD": "Det.",
  "posSYM_UD": "Symbol",
  "posINT_UD": "Int.",
  "posCCO_UD": "Coord. Conj.",
  "posPUN_UD": "Punct.",
  "posNUM_UD": "Numerical",
  "posPAR_UD": "Particle",
  "posSCO_UD": "Sub. Conj.",
  "posX_UD": "Foreign",
  "posCONJ": "Conj.",
  "posPREP": "Prep.",
  "ok2": "OK",
  "pleaseWait": "Zaczekaj...",
  "ohNoPleaseAddPermissionLRLogin": "O nie! Prosimy o zezwolenie na uruchomienie rozszerzenia przeglądarki Language Reactor na stronie languagereactor.com, aby umożliwić pomyślne logowanie!",
  "recommended$Videos$": "Polecane",
  "$videos$WithSubtitles": "Z napisami",
  "$videosWith$MostSubscribers": "Najwięcej subskrybentów",
  "sortBy": "Sortuj według",
  "$video$Rating": "Ocena",
  "yearReleased": "Rok publikacji",
  "type$OfVideo$": "Typ",
  "any$TypeOfVideo$": "Dowolny",
  "movies": "Filmy",
  "series": "Seriale",
  "genres": "Gatunki",
  "all$Genres$": "Wszystkie",
  "goToIMDB": "Przejdź do IMDB",
  "availableIn": "Dostępne w:",
  "errorLoadingVideo": "Błąd podczas ładowania filmu",
  "goBack": "Wróć",
  "sorryThisPlaylistIsMissing": "Przepraszamy, nie ma tej playlisty.",
  "sorryThisVideoIsMissing": "Przepraszamy, nie ma tego filmu.",
  "videoList": "Lista filmów",
  "studyLanguage": "Język do nauki",
  "iAmLearning": "Uczę się",
  "playAll": "Odtwórz wszystko",
  "bigUpdate": "Duża aktualizacja!",
  "readMore": "Czytaj więcej",
  "iGotIt": "Już wiem",
  "allWords": "Wszystkie słowa",
  "savedWords": "Zapisane słowa",
  "savedPhrases": "Zapisane zwroty",
  "setVocabLevel_short": "Określ poziom słownictwa",
  "setVocabLevel": "Określ poziom słownictwa",
  "changeVocabLevelConfirmation_GT": "Zmienić poziom słownictwa z <text> na <text>?",
  "changeStudyLevel": "Zmień poziom słownictwa",
  "currentStudyLevel": "Aktualny poziom słownictwa",
  "change": "Zmień",
  "pleaseSelectYourStudyLevelToContinue": "Wybierz swój poziom słownictwa, aby kontynuować",
  "frequency": "Częstotliwość",
  "alphabetical": "Alfabetycznie",
  "LEARNING": "W trakcie nauki",
  "KNOWN": "Znane",
  "SKIPPED": "Nie ucz się",
  "SKIPPED_short": "Nie ucz się",
  "knownWords_GT": "Znane słowa",
  "tag": "Znaczniki",
  "errorLoadingList": "Błąd podczas ładowania słów",
  "pleaseSelectLanguageOnTop_GT": "Proszę wybrać język powyżej",
  "xSelected": "Wybrano <text>",
  "setLearningStage": "Ustaw etap nauki",
  "thisWillAffectXItemsAreYouSure": "To wpłynie na <text> pozycji. Czy na pewno?",
  "yes": "Tak",
  "no": "Nie",
  "removeItems": "Usuń pozycje",
  "setTag": "Ustaw znacznik",
  "selectAllOrNone": "Zaznacz wszystkie/żadne",
  "logIn": "Zaloguj się",
  "noItemsFound": "Nie znaleziono żadnych pozycji",
  "upgrade": "Subskrybuj",
  "transliterationsJapanese": "Transliteracje (japoński)",
  "transliterationsVisibility_GT": "Pokaż transkrypcję",
  "alwaysShow_GT": "Zawsze",
  "hideForKnownWords_GT": "Ukryj dla znanych słów",
  "hideForMarkedAndKnownWords_GT": "Ukryj dla oznaczonych i znanych słów",
  "specialWords_GT": "Słowa specjalne",
  "specialWords_info_GT": "Nazwy, miejsca, liczby itp.",
  "markedWords_GT": "Zaznaczone słowa",
  "markWord_GT": "Zaznacz słowo",
  "savedWordsMarkingTooltipDesc_GT": "Zaznaczone słowa zachowują swój status przy zmianie poziomu słownictwa. Wyświetlają się z obramowaniem.",
  "wordStatus_desc_GT": "Status zależy od poziomu słownictwa lub indywidualnego oznaczenia.",
  "wordColors_desc_GT": "Te ustawienia kontrolują wygląd słów w napisach i tekstach. W widoku 'Zapisane elementy' zawsze stosowane jest pełne kolorowanie słów.",
  "suggestedWords_desc_GT": "Najważniejsze słowa do nauki na następny etap.",
  "showKnownWordsInGreen": "Pokaż Znane słowa na zielono",
  "showMarkedLearningWordsInOrange_GT": "Pokaż oznaczone słowa do nauki na pomarańczowo",
  "showSuggestedWordsInOrange_GT": "Pokaż sugerowane słowa na pomarańczowo",
  "showRareWordsInGrey_GT": "Wygaś rzadko używane słowa",
  "outline_GT": "Kontur",
  "outlineMarkedWordsInText": "Wyróżnij zaznaczone słowa w tekście",
  "showTagsInText": "Pokaż znaczniki w tekście",
  "showLearningStageButtonsInMiniDictionary": "Pokaż przyciski etapu nauki po najechaniu myszką",
  "switchLearningStage_GT": "Przełącz znane / do nauki",
  "switchTags": "Przełącz znaczniki",
  "switchLanguage_GT": "Zmień język",
  "dictionary": "Słownik",
  "speakWordOnClick": "Wymów słowo po usłyszeniu kliknięcia",
  "basicSettings": "Ustawienia podstawowe",
  "machineTranslationsAvailable": "Dostępne są tłumaczenia maszynowe",
  "belowAreWordsOfIncreasingDifficultyDesc": "Poniżej znajdują się słowa o rosnącym stopniu trudności. Kliknij na ostatni rząd, w którym rozumiesz wszystkie słowa (przewiń, aby zobaczyć wszystkie).",
  "iDontKnowAnyWordsYet": "Nie znam jeszcze żadnych słów.",
  "exampleText": "Przykładowy tekst:",
  "wordColors_GT": "Kolory słów",
  "reset_GT": "Przywróć",
  "newChat_GT": "Nowa rozmowa",
  "autoCorrectGrammar_GT": "Automatyczna korekta gramatyki",
  "estimatedNumberOfKnownWords": "Szacowana liczba znanych słów",
  "article": "Artykuł",
  "fullText": "Pełny tekst",
  "textMode": "Tekst",
  "myText_GT": "Mój tekst",
  "myTexts_GT": "Moje teksty",
  "books_GT": "Książki",
  "pasteAnyTextYouWishToStudyHere": "Wklej tutaj tekst, którego chcesz się nauczyć",
  "videoFile": "Plik wideo",
  "selectVideo": "Wybierz wideo",
  "selectVideoFile": "Wybierz plik wideo",
  "selectSubtitles": "Wybierz napisy",
  "subtitlesLanguage": "Język napisów",
  "save": "Zapisz",
  "copy": "Kopiuj",
  "copyCurrentSentence": "Skopiuj aktualne zdanie",
  "wordNotFound": "Nie znaleziono słowa",
  "markWhetherYouKnowThisWordDesc": "Zaznacz, czy znasz to słowo, czy nie. Zaznaczenie słów na pomarańczowo (W trakcie nauki) spowoduje dodanie ich do twoich fiszek.",
  "shortcutRightClick": "Prawy przycisk myszy",
  "shortcutMiddleClick": "Środkowy przycisk myszy",
  "addTagToAWordDesc": "Możesz używać znaczników, aby tworzyć grupy słów. Słowa ze znacznikami można eksportować oddzielnie. Znaczniki mogą być wyświetlane jako kolorowe podkreślenia. Można to regulować w ustawieniach.",
  "markAsKnown": "Oznacz jako Znane",
  "markAsLearning": "Oznacz jako W trakcie nauki",
  "markedKnown_GT": "Oznaczone jako znane",
  "markedToLearn": "Oznacz jako Do nauki",
  "learningNow": "W trakcie nauki",
  "learnt": "Nauczone",
  "learn": "Ucz się",
  "remove": "Usuń",
  "noTag": "Brak znacznika",
  "examplesSavedItems": "Przykłady: Zapisane pozycje",
  "examplesCurrentText": "Przykłady: Aktualny tekst",
  "examples": "Przykłady:",
  "pleaseSignInToUseThisFeature": "Zaloguj się, aby móc korzystać z tej funkcji.",
  "pleaseSignInToUseThisFreeFeature": "Zaloguj się, aby móc korzystać z tej darmowej funkcji.",
  "soThatWeCanSaveYourProgress": "(abyśmy mogli zapisywać twoje postępy)",
  "phrasepumpInfoTooltipShort": "PhrasePump podaje wiele zdań, które w większości powinny być dla Ciebie zrozumiałe. Poprawia to Twoje słownictwo, rozumienie ze słuchu i znajomość gramatyki.",
  "phrasepumpInfoTooltip": "PhrasePump podaje wiele zdań, które w większości powinny być dla Ciebie zrozumiałe. Poprawia to Twoje słownictwo, rozumienie ze słuchu i znajomość gramatyki. Wybierane są zdania zawierające słowa, które należy przećwiczyć lub które zawierają nowe słowa do nauki.",
  "fumingRiver": "Pozwól, by język przepłynął przez ciebie jak rwąca rzeka i wyżłobił sobie koryta w twoim wnętrzu.",
  "itemsDueForReview": "pozycje do pilnej powtórki",
  "noCardsToStudy": "Brak fiszek do nauki.",
  "tryEnablingMoreStudyModes": "Wypróbuj więcej trybów nauki.",
  "pleaseMarkMoreItemsOrWait": "Zaznacz więcej pozycji do nauki lub poczekaj, aż istniejące pozycje będą gotowe do powtórki.",
  "statistics": "Statystyki",
  "xCards": "<text> kart",
  "cards": "Fiszki",
  "cardsPracticedToday": "Fiszki ćwiczone dzisiaj",
  "showLast": "Pokaż ostatni(e):",
  "day": "Dzień",
  "week": "Tydzień",
  "month": "Miesiąc",
  "threeMonths": "3 miesiące",
  "markedToLearnDesc": "Słowa i zwroty, które zapisałeś(-łaś), a które są nadal w kolejce do przećwiczenia.",
  "suggestions": "Sugestie",
  "suggestionsDesc": "Po przećwiczeniu zapisanych elementów, PhrasePump może zasugerować Ci słowa do nauki.",
  "suggestionsDesc_noMoreLeft": "Nie ma więcej sugestii do pokazania.",
  "suggestionsDesc_noSuggestionsForLang": "Sugestie nie są obsługiwane w tym języku.",
  "inTheLastXDaysYouStartedToPracticeYItems": "W ciągu ostatnich <text> dni zacząłeś/zaczęłaś ćwiczyć <text> nowych słów i zwrotów z kategorii „Oznaczone do nauki”.",
  "inTheLastXDaysYouStartedToPracticeYSuggestedWords": "W ciągu ostatnich <text> dni zacząłeś/zaczęłaś ćwiczyć <text> nowych zasugerowanych słów.",
  "youArePracticingXItems": "Aktywnie ćwiczysz <text> słów i zwrotów.",
  "inTheLastXDaysYouHaveLearntYItems": "W ciągu ostatnich <text> dni nauczyłeś(-łaś) się <text> słów i zwrotów.",
  "inTheLastXDaysYouHavePracticedYItems": "W ciągu ostatnich <text> dni przećwiczyłeś(-łaś) <text> słów i zwrotów.",
  "learntDescLearntXItems": "Słowa i zwroty, które prawdopodobnie będziesz pamiętać przez co najmniej sześć tygodni. Nauczyłeś(-łaś) się <text> pozycji.",
  "halflifeDays_GT": "Okres półtrwania (dni)",
  "languageSelector": "Wybór języka",
  "addLanguage": "Dodaj język",
  "dueItems": "Pozycje do powtórki:",
  "chooseALanguage": "Wybierz język",
  "showContext_GT": "Pokaż kontekst",
  "add": "Dodaj",
  "forgot": "Nie pamiętam",
  "okay": "OK",
  "quizzes": "Testy",
  "suggestedWords": "Sugerowane słowa",
  "practice": "Ćwiczenie",
  "thisIsTheFirstTimeYouArePracticingThisItem": "Po raz pierwszy ćwiczysz tę pozycję.",
  "quiz": "Test",
  "whatShouldGoInTheGap": "Co powinno zostać wpisane w luce?",
  "useTranslationForHelp": "Skorzystaj z tłumaczenia, aby uzyskać pomoc.",
  "suggestedWord": "Sugerowane słowo",
  "wouldYouLikeToLearnThisWord": "Czy chciał(a)byś poznać to nowe słowo?",
  "listeningPractice": "Ćwiczenie rozumienia ze słuchu",
  "tryToUnderstandBeforeYouRevealTheText": "Spróbuj zrozumieć, zanim odsłonisz tekst.",
  "newItems": "Nowe pozycje",
  "newWordsTooltip": "Maksymalny procent fiszek, które mają być używane do prezentowania nowych pozycji („Oznaczone do nauki” i „Sugestie”). Ogranicz go, aby więcej ćwiczyć pozycje, których już się uczysz. Jeśli do powtórki jest wiele pozycji, ilość nowego materiału do zaprezentowania zostanie ograniczona.",
  "sessionSize": "Wielkość sesji",
  "sessionSizeTooltip": "Liczba fiszek w sesji.",
  "reveal": "Odsłoń",
  "savePhrase": "Zapisz zwrot",
  "learningStage": "Etap nauki",
  "savingWords": "Zapisywanie słów",
  "oldSystem": "Stary system:",
  "newSystem": "Nowy system:",
  "greenKnownOrSuggestedWords": "biały: Znane i sugerowane słowa",
  "orangeMarkedWords": "pomarańczowy: słowa zaznaczone do nauki",
  "dictStageTagsPickerDesc": "Tutaj możesz zaznaczyć, czy znasz dane słowo (kolor zielony), czy się go uczysz (kolor pomarańczowy) lub czy nie chcesz się go uczyć (kolor szary). Możesz także dodawać znaczniki, które są wyświetlane jako kolorowe podkreślenia.",
  "exportFromLanguageReactor": "Eksport z Language Reactor...",
  "viewAll": "Zobacz wszystkie",
  "wordViewNotSupported": "Ta funkcja nie jest obecnie obsługiwana dla tego języka.",
  "green": "zielony",
  "yellow": "żółty",
  "red": "czerwony",
  "blue": "niebieski",
  "lastSaved": "Ostatnio zapisane",
  "rank": "pozycja",
  "wordList": "Lista słów",
  "up1": "Wcześniej zapisywałeś słowa, oznaczając je kolorem (czerwonym, zielonym, żółtym, niebieskim). Ta funkcja jest nadal dostępna (teraz nazywana „tagami”), ale kolory są wyświetlane jako podkreślenia pod słowem. Domyślnie kliknięcie prawym przyciskiem myszy nie zmienia już koloru tagu, ale możesz to skonfigurować w ustawieniach.",
  "up2": "W tej aktualizacji Language Reactor może teraz śledzić dla Ciebie, które słowa znasz, a w przypadku słów, których nie znasz, sugeruje, czy powinieneś się ich nauczyć, czy nie. Dzięki temu oprogramowanie może robić kilka przydatnych rzeczy. Działa dla około 40 języków.",
  "up3": "Słowa, które znasz lub na które powinieneś zwrócić uwagę, są wyświetlane na BIAŁO.",
  "up4": "Słowa zaznaczone do nauki są wyświetlane na POMARAŃCZOWO.",
  "up5": "Rzadkie słowa, których nie musisz się teraz uczyć, są oznaczone kolorem SZARYM.",
  "up6": "Te kategorie nazywamy „etapami nauki”.",
  "up7": "Możesz szybko ustawić przybliżony rozmiar słownictwa, klikając ikonę ustawienia w słowniku. Nie musisz zaznaczać każdego słowa indywidualnie.",
  "up8": "Jeśli masz już wiele słów zapisanych z kolorami, możesz je zbiorczo oznaczyć za pomocą etapu nauki:",
  "up9": "Kliknij zakładkę „Zapisane pozycje”.",
  "up10": "Kliknij „Zapisane słowa”.",
  "up11": "Wybierz kolor tagu z listy rozwijanej.",
  "up12": "Kliknij pole wyboru „zaznacz wszystko”.",
  "up13": "Wybierz „Etap nauki”, który chcesz przypisać do tych słów.",
  "up14": "Gdy to zrobisz, możesz wyłączyć kolorowe podkreślenia tagów na karcie ustawień, aby zredukować szum wizualny podczas oglądania filmów itp.",
  "up15": "Jeśli wolisz, nie musisz używać tego systemu kolorowania. W ustawieniach możesz wyłączyć kolorowanie słów poprzez stan nauki:",
  "clickToReadMore": "Kliknij, aby przeczytać więcej",
  "layout_GT": "Układ",
  "videoSize_GT": "Rozmiar wideo",
  "youAreLearning_GT": "Język nauki",
  "start_screen": "Start",
  "theTextSeemsToBeIn_lang_GT": "Ten tekst wydaje się być w języku <text>.",
  "changeSourceLanguageTo_lang_GT": "Przełączyć na <text>?",
  "clearAllHistoryConfirmation_GT": "Wyczyścić całą historię <text>?",
  "chatHomescreenText_1_GT": "Pogadaj z AI, bo cóż, nie masz nikogo lepszego do rozmowy?",
  "chatHomescreenText_2_GT": "Ale zrobiliśmy to w przyjemny sposób.",
  "chatPreprompt_label_GT": "Instrukcje do czatu",
  "chatPreprompt_tooltip_GT": "Instrukcje wysłane do AI przed każdą rozmową",
  "typeTheTextToTranslate_GT": "Wpisz tekst do przetłumaczenia",
  "showMiniDictionary_GT": "Pokaż mini słownik",
  "yourMessage_GT": "Pana/Pani wiadomość",
  "other_GT": "Inne",
  "pressAndHoldToRecordVoice_GT": "Przytrzymaj, aby nagrać",
  "recording_GT": "Nagrywanie...",
  "switchBetweenShortcutsAndInputMode_GT": "Przełącz tryb skrótów/wprowadzania",
  "pressTabToswitchBetweenShortcutsAndInputMode_GT": "Naciśnij [ESC], aby przełączyć tryb skrótów/wprowadzania",
  "preferredAudioSource_GT": "Preferowane źródło dźwięku",
  "originalAudioWhenAvailable_GT": "Oryginalne audio (jeśli dostępne)",
  "computerAudioTTS_GT": "Tekst na mowę",
  "include_GT": "Dołącz",
  "noItemsForThisLanguage_GT": "Brak elementów w tym języku",
  "startReading_GT": "Rozpocznij czytanie",
  "numberOfPages_GT": "Liczba stron",
  "nextDocument_GT": "Następny dokument",
  "prevDocument_GT": "Poprzedni dokument",
  "noVerticalView_GT": "Brak widoku pionowego",
  "playbackRate_GT": "Szybkość odtwarzania",
  "numPages_GT": "<text> stron",
  "chapters_GT": "Rozdziały",
  "book_GT": "Książka",
  "audioTrack_GT": "Ścieżka dźwiękowa",
  "simplifiedVersion_GT": "Wersja uproszczona",
  "dubbedAudio_GT": "Dźwięk z dubbingiem",
  "dubbedAudioDesc_GT": "To nagranie było oryginalnie w innym języku. Proszę użyć rozpoznawania mowy, aby uzyskać napisy zgodne z dźwiękiem.",
  "rewindForward5s_GT": "Do przodu 5s",
  "rewindBack5s_GT": "Cofnij 5s",
  "readTheForumPost_GT": "Przeczytaj post na forum",
  "youtubeChannels_GT": "Kanały YouTube",
  "channels_GT": "Kanały",
  "thisFeatureIsUnderDevelopmentWillBeImprovedSoon_GT": "Ta funkcja jest w trakcie rozwoju i wkrótce zostanie ulepszona.",
  "loadingAudio_GT": "Wczytywanie dźwięku...",
  "media_GT": "Multimedia",
  "useOurDesktopBrowserExtension_GT": "Podczas oglądania tych filmów proszę korzystać z naszego rozszerzenia do przeglądarki na komputerze, aby uzyskać dodatkowe funkcje.",
  "holdDictButtonToRecordVoice_GT": "Przytrzymaj przycisk słownika, aby nagrać głos",
  "showDictRecord_GT": "Słownik / Nagrywanie",
  "text_GT": "Tekst",
  "words_GT": "Słowa",
  "viewLessFrequentWordsLink_GT": "Zobacz rzadziej używane słowa na stronie Zaznaczone Słowa",
  "newText_GT": "Nowy tekst",
  "untitledText_GT": "Nowy tekst",
  "title_GT": "Tytuł",
  "pleaseEnterSomeText_GT": "Proszę wprowadzić tekst, aby kontynuować",
  "saving_GT": "Zapisywanie...",
  "theTextSeemsToBeIn_lang_whileYourLangIs_GT": "Tekst wydaje się być w języku <text>, podczas gdy Pana/Pani aktualny język nauki to <text>.",
  "hideSubtitle_GT": "Ukryj napisy",
  "translationThenSubtitle_GT": "Tłumaczenie, potem napisy",
  "subtitleThenTranslation_GT": "Najpierw napisy, potem tłumaczenie",
  "vocabLevel_GT": "Poziom słownictwa",
  "selection_GT": "Zaznaczenie",
  "preview_GT": "Podgląd",
  "noTextWasSelected_GT": "Nie zaznaczono tekstu",
  "nViews_GT": "<text> wyświetleń",
  "viewCount_GT": "Wyświetlenia",
  "date_GT": "Data",
  "areYouTheOwnerYoutube_GT": "Czy jest Pan/Pani właścicielem tego kanału YouTube?",
  "nVideos_GT": "<text> filmów",
  "clearFilters_GT": "Wyczyść filtry",
  "recommendedChannels_GT": "Polecane",
  "popularChannels_GT": "Popularne",
  "allChannels_GT": "Wszystkie kanały",
  "channel_GT": "Kanał",
  "lexaAiAssistantPrompts_placeholder_example_GT": "Wyjaśnienie: Proszę wyjaśnić użycie słowa <WORD> w tym zdaniu: <CONTEXT>\nPrzykłady: Proszę podać więcej przykładów ze słowem <WORD> użytym jak w tym zdaniu: <CONTEXT>",
  "updateHistory_GT": "Historia aktualizacji",
  "recentAppUpdates_GT": "Ostatnie aktualizacje",
  "moreInfo_GT": "Więcej informacji",
  "continue_GT": "Kontynuuj",
  "podcasts_GT": "Podcasty",
  "allPodcasts_GT": "Wszystkie podcasty",
  "podcast_GT": "Podkast",
  "hidden_GT": "Ukryte",
  "lexaAiAssistant_GT": "Asystent AI Lexa",
  "lexaAiAssistantInfo_GT": "Lexa może odpowiadać na pytania dotyczące słów i zdań w materiale, który Pan/Pani studiuje.\n\nMożna edytować zapytania (pytania) w ustawieniach Language Reactor.\n\nTryb Pro wykorzystuje bardziej zaawansowany model, który może udzielać lepszych odpowiedzi.",
  "lexaAiAssistantPrompts_GT": "Podpowiedzi Asystenta AI Lexa",
  "lexaAiAssistantPrompts_tooltip_GT": "Może Pan/Pani edytować te polecenia (pytania), ale należy zachować format:\n\n[Tytuł zakładki]: [Polecenie]\n[Tytuł zakładki]: [Polecenie]\nitd.\n\n[Polecenie] może zawierać specjalne znaczniki <WORD> i <CONTEXT>. \n\nMoże Pan/Pani używać dowolnego języka przy pisaniu poleceń. Gdy pytanie zostanie wysłane do Lexy, na początku zostanie dodany następujący tekst: Odpowiadaj na pytania dla ucznia uczącego się [język nauki]. Napisz swoją odpowiedź w [język tłumaczenia].",
  "hold_GT": "Przytrzymaj",
  "invalidFormat_GT": "Nieprawidłowy format",
  "howToUseTouch_GT": "Przewodnik po sterowaniu dotykowym",
  "removeThisMessageAndFollowingOnes_GT": "Usuń tę i następne wiadomości",
  "install_GT": "Zainstaluj",
  "refresh_GT": "Odśwież",
  "lexaAiAssistantPrompts_tooltip_intro_GT": "Lexa pojawia się nad słownikiem, gdy kliknie Pan/Pani słowo",
  "homepage_blurb": "🚀 Zestaw narzędzi do odkrywania, rozumienia i nauki z materiałów dla native speakerów. ✨ Poznaj wciągające podejście, które jest nie tylko skuteczne, ale i fascynujące! 🔥",
  "homepage_formerly_lln": "Poprzednio znany jako Language Learning with Netflix",
  "homepage_cardBodyNetflix": "Rozszerzenie przeglądarki zamienia Twoje ulubione programy w lekcje językowe! 🍿 Tryb Pro umożliwia rozpoznawanie mowy i tłumaczenie maszynowe, zapewniając płynne rozumienie treści. 🌍",
  "homepage_cardBodyYoutube": "Tysiące kanałów na każdy temat, jaki można sobie wyobrazić! 🧠 Rozwijaj swoje rozumienie języka, słuchając naturalnej mowy w kontekście. Zobacz nasz starannie wyselekcjonowany katalog! 🎧",
  "homepage_cardBodyFSI": "Podejmij wyzwanie sprawdzonych rządowych programów szkoleniowych. Wykonuj ustrukturyzowane ćwiczenia i zadania konwersacyjne, które budują prawdziwą biegłość językową. 💪 Wzmocnij te klasyczne metody nowoczesnymi narzędziami Language Reactor.",
  "homepage_cardTitleWhatToLearn": "Co się uczyć",
  "homepage_cardBodyWhatToLearn": "Ucz się mądrzej, nie ciężej! 🏃‍♂️ Language Reactor podpowiada najważniejsze słowa na Pana/Pani drodze do biegłości językowej, pomagając skupić się na tym, co najistotniejsze.",
  "homepage_cardBodyPhrasePump": "PhrasePump to przede wszystkim ćwiczenie słuchania. 🎧 Wybierane są zdania, które utrwalają zapisane słowa wymagające powtórki, a nowe słownictwo jest wprowadzane stopniowo. Doskonałe zarówno dla początkujących, jak i zaawansowanych uczących się.",
  "homepage_cardBodyAria": "Poznaj Arię: Twojego błyskotliwego partnera językowego. Jest po części nauczycielem, po części komikiem, zawsze gotowa na inteligentną ripostę. 💬 Otrzymuj natychmiastowe poprawki, odkrywaj niezliczone tematy i buduj pewność siebie we własnym tempie! 💡",
  "homepage_cardTitleProMode": "Pro Mode - Opcjonalnie!",
  "homepage_cardBodyProMode": "Language Reactor już teraz oferuje wiele świetnych bezpłatnych funkcji. Pro dodaje dodatkowego czaru do Twojego doświadczenia. ✨",
  "homepage_cardTitleBooksAndWebsites": "Książki i strony internetowe",
  "homepage_cardBodyBooksAndWebsite": "Importuj dowolną stronę internetową do Language Reactor. Możesz też wgrać swoje ulubione książki! Słuchaj z syntezatorem mowy. 🎯",
  "clickHereToUseKeyboardControls": "Kliknij tutaj, aby użyć sterowania klawiaturą",
  "uiLanguage_GT": "Język interfejsu",
  "videoFileIntro_GT": "Może Pan/Pani wczytać plik wideo oraz plik napisów (SRT), a Language Reactor utworzy dla Pana/Pani tłumaczenie. Na ten moment funkcja obsługuje tylko formaty wideo wspierane przez Pana/Pani przeglądarkę, inne formaty mogą nie wyświetlać obrazu.",
  "powerfulToolbox": "Language Reactor to potężny zestaw narzędzi do nauki języków obcych.",
  "discoverUnderstandLearn": "Pomaga on w odkrywaniu, rozumieniu i uczeniu się z treści w języku oryginału.",
  "effectiveInterestingEnjoyable": "Dzięki temu nauka jest bardziej efektywna, ciekawsza i przyjemniejsza!",
  "extensionAddsNetflixFeatures": "Rozszerzenie dodaje możliwość wyświetlania napisów w dwóch językach oraz korzystania ze słowniczka w wyskakującym okienku i precyzyjnego narzędzia do sterowania odtwarzaniem, a także wielu innych funkcji, które wzbogacą oglądanie filmów i seriali w witrynie serwisu Netflix!",
  "thousandsOfChannels": "Tysiące kanałów do oglądania na każdy temat, jaki tylko sobie wymarzysz! Rozwijaj swoje umiejętności słuchania ze zrozumieniem w oparciu o autentyczny język wykorzystywany w prawdziwych kontekstach.",
  "booksAndWebsites": "Książki i witryny internetowe",
  "importTextTranslationTTS": "Importuj tekst. Language Reactor doda tłumaczenie maszynowe w Twoim języku i przeczyta tekst za pomocą syntezatora mowy o realistycznym głosie (już wkrótce).",
  "intelligentFeeding": "Zautomatyzowane, inteligentne dostarczanie treści językowych. Po prostu określ swój poziom językowy i korzystaj do woli.",
  "whatToLearn": "Czego się uczyć",
  "suggestVocab": "Language Reactor może zasugerować Ci, na jakim słownictwie warto się skupić, a jakie można pominąć, aby szybciej osiągać postępy!",
  "highlightWhenAppear": "Zapisuj słowa, których chcesz się nauczyć. Zostaną one podświetlone, gdy tylko pojawią się w nagraniu.",
  "homepage_sectionTitleLearn": "Ucz się z tego, co kochasz",
  "homepage_sectionSubtitleLearn": "Language Reactor pomaga znaleźć treści dopasowane do Pana/Pani poziomu i zainteresowań",
  "homepage_cardTitleYoutube": "YouTube i podcasty",
  "homepage_sectionTitleSuperpowers": "Językowe Moce",
  "homepage_sectionSubtitleSuperpowers": "Spraw, by każda treść była zrozumiała",
  "homepage_cardTitleBilingualSubs": "Napisy dwujęzyczne",
  "homepage_cardBodyBilingualSubs": "Wsłuchaj się w naturalną mowę, widząc oba języki. Zobacz, jak znaczenia odpowiadają sobie nawzajem. 👂",
  "homepage_cardTitlePlayback": "Precyzyjne sterowanie odtwarzaniem",
  "homepage_cardBodyPlayback": "⚡ Zatrzymuj czas. Kontroluj prędkość odtwarzania. 🎮 Nawiguj po filmach za pomocą skrótów klawiszowych i gestów. Automatyczne zatrzymywanie po każdym napisie i powtarzanie do momentu kliknięcia. 🖱️",
  "homepage_cardTitleDictionary": "Słownik i Lexa AI",
  "homepage_cardBodyDictionary": "🔍 Kliknij dowolne słowo, aby zobaczyć tłumaczenie. Autentyczne przykłady zdań z dołączonym dźwiękiem. 🎧 Wyjaśnienia kontekstowego użycia słów wspierane przez SI. 🌱 Dostosuj widok, aby wyświetlić dodatkowe informacje.",
  "homepage_sectionSubtitleMaster": "Kompletny zestaw do nauki słownictwa",
  "homepage_cardTitleSmartHighlighting": "Inteligentne podświetlanie",
  "homepage_cardBodySmartHighlighting": "Zapisz słowo raz, a zobaczysz je wszędzie—we wszystkich formach. Language Reactor rozpoznaje liczby mnogie, odmiany czasowników i formy pokrewne. Wzmacniaj swoją naukę w naturalny sposób podczas przeglądania wszystkich treści.",
  "homepage_cardTitleExportAnki": "Eksportuj do Anki",
  "homepage_cardBodyExportAnki": "Używasz już Anki? 📤 Eksportuj eleganckie fiszki do Anki wraz ze zrzutami ekranu i plikami dźwiękowymi.",
  "homepage_sectionTitlePractice": "Ćwiczenie czyni mistrza",
  "homepage_sectionSubtitlePractice": "Zmień swoją naukę z biernej w czynną",
  "homepage_cardBodyPhoneTablet": "Language Reactor działa również na telefonie i tablecie. Stale wprowadzamy udoskonalenia.",
  "homepage_cardTitlePhoneTablet": "Telefon i tablet",
  "homepage_sectionTitleMaster": "Opanuj każde słowo i wyrażenie",
  "homepage_cardTitleExtension": "Rozszerzenie przeglądarki",
  "homepage_cardBodyExtension": "Na komputerach stacjonarnych zainstaluj rozszerzenie przeglądarki, aby włączyć funkcje Language Reactor podczas oglądania filmów na stronach Netflix i YouTube oraz importować strony internetowe!",
  "pleaseRefreshAfterChanges": "Proszę odświeżyć po zmianach:",
  "pdfsInThisCourseOnlyOnDesktop": "Pliki PDF w tym kursie można wyświetlać tylko na komputerze stacjonarnym.",
  "noAudioFiles": "Brak plików audio",
  "proFeatures_intro": "Odkryj pełnię możliwości w swojej przygodzie z nauką języków dzięki Language Reactor Pro! 🚀📚",
  "proFeatures_netflixTitle": "Rozpoznawanie Mowy i Tłumaczenie Maszynowe (Netflix)",
  "proFeatures_netflixFree": "Użyj napisów dostarczanych przez Netflix. 🍿",
  "proFeatures_netflixPro": "🎤 Korzystaj z rozpoznawania mowy dla wszystkich ścieżek dźwiękowych. Dokładne napisy do dubbingu w Twoich ulubionych serialach! 🎬 Tłumaczenia maszynowe są bardziej dosłowne, co pozwala lepiej zrozumieć materiał źródłowy. 🌍",
  "proFeatures_saveWordsTitle": "Zapisane słowa i zwroty",
  "proFeatures_saveWordsFree": "Zapisuj słowa i zwroty podczas korzystania z funkcji PhrasePump. 📝",
  "proFeatures_saveWordsPro": "Zapisuj słowa i zwroty we wszystkich funkcjach Language Reactor. Dostosuj naukę do swoich zainteresowań i braków w słownictwie. Zaznaczone słowa są podświetlane we wszystkich funkcjach Language Reactor i można je wyeksportować do Anki! 📈✨",
  "proFeatures_lexaTitle": "Słownik Lexa AI",
  "proFeatures_lexaFree": "Otrzymaj wyjaśnienia z pomocą podstawowego modelu sztucznej inteligencji. 🤖",
  "proFeatures_lexaPro": "Skorzystaj z udoskonalonego modelu sztucznej inteligencji o szerszej wiedzy, zdolnego do skutecznego odpowiadania na bardziej złożone zapytania! 🧠🌐",
  "proFeatures_supportTitle": "Wesprzyj twórców",
  "proFeatures_supportDetails": "Państwa wsparcie pozwala nam stale udoskonalać Language Reactor i wprowadzać nowe funkcje! ❤️",
  "youCanSubscribeAgainAfterTheEndOfThisPeriod": "Może Pan/Pani ponownie wykupić subskrypcję po zakończeniu tego okresu.",
  "tipHoldTheDictionaryButtonToRecordVoice": "Wskazówka: Przytrzymaj przycisk słownika, aby rozpocząć nagrywanie głosu!",
  "sentenceOrTextSource": "Źródło",
  "homepage_cardTitleLanguageSupport": "🌍 Szeroka obsługa języków",
  "homepage_cardBodyLanguageSupport": "Ucz się z treści w ponad 40 językach. 🔤 Zobacz transkrypcję dla języków używających innych systemów pisma. 👀 Napisy są ukryte do momentu najechania kursorem – idealne do doskonalenia umiejętności słuchania.",
  "additional15DiscountUntil5thJanuary2025": "Dodatkowe 15% zniżki do 5 stycznia 2025 r. Podczas finalizacji zakupu proszę użyć kodu 'turtle'. 🎅",
  "includeDubbedAudioNF": "Uwzględnij wersję z dubbingiem",
  "phrasepumpNeedsImprovementForLang": "PhrasePump wymaga jeszcze udoskonalenia dla języka:",
  "addToHomeScreen": "Dodaj do ekranu głównego",
  "textToSpeechVoiceNotAvailableForThisLangError": "Głos syntezy mowy nie jest dostępny dla tego języka. Proszę zainstalować dodatkowe pakiety językowe dla systemu (jeśli są dostępne).",
  "textToSpeechInSafariNotGreatTryEdgeOrChrome": "Funkcja text-to-speech w przeglądarce Safari nie jest najlepsza. Prosimy zainstalować Microsoft Edge lub Chrome, aby uzyskać lepszą jakość głosu.",
  "dueForReview": "Do powtórzenia",
  "signInWithGoogle": "Zaloguj się przez Google",
  "allServersRunningNormally": "Wszystkie serwery działają prawidłowo.",
  "clearHistory": "Wyczyść",
  "copiedText": "Skopiowano:",
  "loadingText": "Wczytywanie tekstu...",
  "installChromeExtension": "Zainstaluj rozszerzenie Chrome",
  "itemsRemoved": "Elementy usunięte",
  "removingItemsFailed": "Usunięcie elementów nie powiodło się.",
  "itemsUpdated": "Elementy zaktualizowane",
  "autopauseNotAvailableOnYoutube": "Autopauza nie jest dostępna na YouTube.",
  "sideBySideLayout": "Obok siebie",
  "overAndUnderLayout": "Góra i dół",
  "youAlsoHaveItemsInOtherLanguages": "Masz również zapisane elementy w innych językach. Przejdź do ustawień, aby je zobaczyć.",
  "otherLanguages": "Inne języki",
  "paymentsAreCurrentlyNotSupportedInYourCountry": "Płatności są obecnie niedostępne w Twoim kraju.",
  "titles_header": "Tytuły",
  "sources_header": "Źródła",
  "holdTheButtonToRecord": "Przytrzymaj przycisk, aby nagrać",
  "noOption": "Brak opcji",
  "learningResources": "Materiały",
  "deleteMyData": "Usuń moje dane",
  "deleteMyData_confirmationMessage": "Ta operacja nieodwracalnie usunie wszystkie Twoje ustawienia, zapisane elementy, historię ćwiczeń, zapisane multimedia i teksty. Czy na pewno chcesz kontynuować?",
  "advancedActions": "Zaawansowane działania",
  "successDone": "Sukces!",
  "qKey": "Automatyczne wstrzymywanie",
  "rKey": "Zapisz bieżące napisy",
  "copyKey": "Kopiuj bieżące zdanie",
  "unknownRank": "Nieznana pozycja",
  "mostFrequentWord": "najczęściej występujące słowo",
  "studyStore_errorSavingCardStats": "Błąd podczas zapisywania statystyk karty.",
  "studyStore_errorSavingCardRating": "Błąd podczas zapisywania oceny karty.",
  "studyStore_loginNoLongerValid": "Logowanie jest już nieważne, prosimy odświeżyć stronę.",
  "studyStore_tooltip_extraPracticeSentence": "To zdanie nie jest wyświetlane ze względu na konkretne zapisane słowo. Jest to dodatkowe ćwiczenie, które pomoże Panu/Pani udoskonalić umiejętności słuchania i znajomość gramatyki.",
  "studyStore_tooltip_savedInYoutube": "Zapisane w filmie YouTube: ",
  "studyStore_tooltip_savedInNetflix": "Zapisane w filmie Netflix: ",
  "studyStore_extraPracticeIndicator": "[dodatkowe ćwiczenie]",
  "studyStore_errorLoadFlashcardMetadataFailed": "Nie udało się wczytać metadanych fiszek.",
  "studyStore_errorLoadPracticeItemsFailed": "Nie udało się wczytać elementów do ćwiczeń.",
  "studyStore_errorLoadAudioFailed": "Nie udało się wczytać pliku audio.",
  "studyStore_errorGettingAudio": "Błąd podczas pobierania dźwięku: ",
  "savedItemsStore_errorTooManyItems": "Przekroczono dozwolony limit elementów",
  "savedItemsStore_errorSavingItem": "Błąd podczas zapisywania elementu.",
  "savedItemsStore_errorUpdatingItemsFailed": "Aktualizacja elementów nie powiodła się.",
  "savedItemsStore_errorFailedToRemoveItem": "Nie udało się usunąć elementu.",
  "savedItemsStore_devError_itemNotFoundForSetStudied": "Zapisany element nie istnieje: ",
  "mediaStore_errorFailedToGetPlaylistInfo": "Nie udało się pobrać informacji o playliście.",
  "mediaStore_errorFailedToGetDocumentInfo": "Nie udało się pobrać informacji o dokumencie.",
  "mediaStore_errorDocNotFoundInPlaylist": "Nie znaleziono dokumentu na liście odtwarzania.",
  "userDataStore_errorFailedToSaveUserData": "Nie udało się zaktualizować zapisanych ustawień.",
  "userDataStore_errorUpdatingSavedItemKeys": "Nie można pobrać kluczy zapisanych elementów.",
  "chatStore_errorNannyRefusedMessage": "System czatu nie mógł przetworzyć Pana/Pani wiadomości. Prosimy o inne sformułowanie treści.",
  "chatStore_errorQuotaExceededPro": "Przekroczono dzienny limit czatu, prosimy spróbować ponownie jutro.",
  "chatStore_errorAsrFailed": "Nie udało się przetworzyć wiadomości, proszę spróbować ponownie.",
  "chatStore_errorGettingChatMessages": "Błąd podczas pobierania wiadomości czatu.",
  "chatStore_errorQuotaExceededMachine": "Przekroczono limit czatu. Prosimy sprawdzić subskrypcję lub spróbować ponownie później.",
  "chatStore_errorQueueFull": "Przepraszamy, serwery są obecnie przeciążone. Pracujemy nad rozwiązaniem.",
  "chatStore_infoProUsersPriorityAccess": "Użytkownicy Pro mają priorytetowy dostęp.",
  "chatStore_errorLoadingConversationLangMismatch": "Błąd wczytywania konwersacji: Niezgodność ustawień języka.",
  "chatStore_placeholderEnterWordsHere": "[proszę wpisać słowa]",
  "notifications_prefixNetworkError": "Błąd sieci, prosimy sprawdzić połączenie WiFi. ",
  "notifications_prefixNotFound": "Błąd: Nie znaleziono. ",
  "notifications_prefixBadRequest": "Błąd aplikacji, prosimy spróbować ponownie później. ",
  "notifications_prefixTokenError": "Błąd logowania, prosimy zalogować się ponownie. ",
  "notifications_prefixServerError": "Błąd serwera, prosimy spróbować ponownie później. ",
  "notifications_prefixNotProUser": "Funkcje Pro nie są już dostępne. ",
  "notifications_prefixRateLimitExceeded": "Przekroczono limit zapytań. Spróbuj później. ",
  "mediaDocPodcast_errorTimeoutDownloadingAudio": "Przekroczono limit czasu podczas pobierania pliku audio z URL.",
  "media_errorLoadingMediaTranslations": "Błąd podczas wczytywania tłumaczeń mediów.",
  "media_errorAsrQuotaExceeded": "Przekroczono dzienny limit przetwarzania audio. Prosimy spróbować ponownie jutro.",
  "media_errorAsrQueueFull": "Serwer przetwarzania dźwięku jest zajęty. Prosimy spróbować później.",
  "media_errorLoadingAsr": "Błąd podczas wczytywania rozpoznawania mowy.",
  "media_errorAsrTooLong": "Rozpoznawanie mowy trwa zbyt długo. Prosimy spróbować ponownie później.",
  "media_errorLoadingNlpData": "Błąd podczas wczytywania danych NLP.",
  "mediaDocText_errorFetchingPageTranslations": "Błąd podczas pobierania tłumaczeń strony.",
  "mediaDocText_errorFetchingTextInfo": "Błąd podczas pobierania informacji o tekście.",
  "mediaDocText_errorFetchingPageNlp": "Błąd podczas pobierania strony NLP.",
  "mediaDocText_errorFetchingPageTts": "Błąd podczas pobierania syntezatora mowy.",
  "media_errorLoadingMediaMetadata": "Błąd podczas wczytywania metadanych.",
  "media_errorFetchingSubtitlesForVideo": "Błąd podczas pobierania napisów do filmu.",
  "media_errorAsrNotAvailableForVideo": "Przepraszamy, automatyczne rozpoznawanie mowy nie jest dostępne dla tego filmu.",
  "media_errorFetchingVideoTranslations": "Błąd podczas pobierania tłumaczeń wideo."
}