{
  "langCode": "pt_BR",
  "appNameTr": "Language Reactor",
  "appName": "Language Reactor",
  "appDesc": "Melhore sua proficiência de forma eficaz e divertida, assistindo a filmes e séries no idioma que você estuda.",
  "catalogue": "Catálogo",
  "catalogue_tooltip": "Encontre filmes e séries adequados para uso com o Language Reactor.",
  "help": "Ajuda",
  "help_tooltip": "Instruções de uso e dicas.",
  "feedback": "Enviar Feedback",
  "feedback_tooltip": "Algo errado? Solicitação de recurso?",
  "facebook": "Facebook",
  "facebook_tooltip": "Curta nossa página e confira as últimas novidades.",
  "originalLanguage_label": "Idioma original:",
  "originalLanguage_tooltip": "O idioma original deste filme na Netflix.",
  "noDictionary_error": "A extensão Language Reactor ainda não suporta o uso do dicionário para <text>. Este recurso estará disponível em breve!",
  "subtitleLanguage_label": "Idioma da legenda na Netflix",
  "subtitleLanguage_tooltip": "Este é o idioma das legendas selecionadas na Netflix.",
  "subtitlesNotLoaded_error": "As legendas da Netflix não foram carregadas. Um idioma de legenda está selecionado no menu de reprodução da Netflix?",
  "subtitlesNoMatchAudio_error": "As legendas selecionadas da Netflix (<text>) não correspondem ao áudio. Tente configurá-las para o idioma original do título (<text>) nos controles de reprodução da Netflix ou pesquise no catálogo do Language Reactor os títulos sugeridos para o idioma que você estuda.",
  "subtitlesNoMatchAudio_ASR_error_GT": "As legendas em <text> não correspondem ao áudio. Mude para as legendas no idioma original (<text>) nos controles de reprodução da Netflix, ou encontre um título sugerido para seu idioma-alvo no catálogo do Language Reactor. Como alternativa, use a faixa de reconhecimento de fala (ASR).",
  "audioNoMatchSubtitles_error": "A faixa de áudio selecionada da Netflix (<text>) provavelmente não corresponde às legendas. Tente configurá-la para o idioma original do título (<text>) nos controles de reprodução da Netflix ou pesquise no catálogo do Language Reactor os títulos sugeridos para o idioma que você estuda.",
  "audioLanguage_label": "Idioma do áudio na Netflix",
  "audioLanguage_tooltip": "Este é o idioma da faixa de áudio selecionada na Netflix.",
  "pleaseSelectSubtitles": "- Selecione as legendas no reprodutor da Netflix -",
  "pleaseSelectSubtitlesYoutube": "- Selecione Legendas no player do YouTube -",
  "loadingSubtitles": "- Carregando legendas, aguarde... -",
  "loadingTranslations": "Carregando traduções...",
  "firstSubtitleNotReached": "- Primeira legenda ainda não começou. -",
  "errorApology_OLD": "O Language Reactor detectou um erro. Os desenvolvedores foram notificados. Tente recarregar a página ou tente novamente em 24 horas. Desculpe pelo inconveniente. Confira nossa página no Facebook para atualizações. Mensagem de erro: <text>",
  "openClose_tooltip": "Abrir/fechar o Language Reactor.",
  "vocabHighlight_label": "Destaque de vocabulário",
  "levelWithNumber": "Nível <text>: <text> palavras",
  "levelDisable": "Nível <text>: desativar",
  "translationLanguage_label": "Idioma da tradução",
  "translationLanguage_tooltip": "Este é o idioma da(s) tradução(ões). Defina-o como seu idioma nativo.",
  "showMachineTranslation_label": "Exibir tradução automática",
  "showMachineTranslation_tooltip": "Exibe uma tradução automática das legendas de origem no seu idioma.",
  "showHumanTranslation_label": "Exibir tradução humana",
  "showHumanTranslation_tooltip": "Exibe uma tradução humana das legendas de origem no seu idioma, se disponível.",
  "slowSpeechSegments": "Desacelerar fala",
  "slowSpeechSegments_tooltip": "Reduza a velocidade de reprodução do vídeo quando uma legenda estiver ativa (0.8x), para facilitar o entendimento.",
  "keyboardShortcuts": "Atalhos do teclado:",
  "previous": "Anterior",
  "next": "Seguinte",
  "previousSub": "Legenda anterior",
  "nextSub": "Legenda seguinte",
  "play": "Reproduzir",
  "playPause": "Reproduzir/Pausar",
  "repeat": "Repetir",
  "infiniteRepeat": "Repetição infinita",
  "alsoUseASD": "Teclas alternativas: A, S, D, Espaço",
  "autoPause": "Pausa automática",
  "autoPause_tooltip": "Pausa a reprodução automaticamente no final de cada legenda.",
  "none": "Nenhum",
  "nms_tip": "Você está aprendendo um idioma? Experimente nossa nova extensão para estudar um idioma com a Netflix.",
  "welcomeModal_line1_string": "Prezados Usuários,",
  "welcomeModal_line2_string": "Fizemos uma atualização importante na extensão. Esperamos que aproveitem os novos recursos:",
  "welcomeModal_line3_string": "Agora as legendas aparecem sobre o vídeo.",
  "welcomeModal_line4_string": "Painel lateral adicional para ver todas as legendas.",
  "welcomeModal_line5_string": "Melhoria no suporte para idiomas asiáticos.",
  "proFeatures_line1_string": "O modo \"Pro\" oferece recursos extras:",
  "proFeatures_line2_string": "Traduções automáticas",
  "proFeatures_tt2_string": "Estão mais próximas do sentido das legendas originais. Elas são mais úteis para estudantes de idiomas.",
  "proFeatures_line3_string": "Salvar palavras e frases",
  "proFeatures_tt3_string": "Qualquer palavra que você salvar será destacada em todas as legendas. Isso ajuda a organizar seu aprendizado. Palavras e frases salvas podem ser exportadas para o Anki (programa de flashcards).",
  "proFeatures_line4_string": "Legendas para filmes dublados",
  "proFeatures_tt4_string_GT": "Muitas séries na Netflix têm faixas de áudio adicionais em outros idiomas (áudio dublado), mas a Netflix não possui legendas corretas para essas faixas de áudio. O Language Reactor pode criar legendas a partir do áudio, então você pode estudar, por exemplo, alemão com Breaking Bad.",
  "proFeatures_line5_string": "Suporte aos desenvolvedores",
  "proFeatures_tt5_string": "Estamos trabalhando duro para melhorar a extensão e oferecer novos recursos.",
  "price_string": "O preço por mês é:",
  "welcomeModal_line6_string": "A tradução automática costumava ser gratuita, mas esse é um serviço caro para fornecer. Esperamos que você entenda.",
  "useForFree_line_string": "Esses recursos podem ser usados gratuitamente por uma semana.",
  "useForFree_twoWeeks_line_string": "Esses recursos podem ser usados gratuitamente por duas semanas.",
  "useProForFreeTwoWeeks_string": "Você pode usar os recursos Pro gratuitamente por duas semanas.",
  "notNow_btn_string": "Agora não",
  "continueWithGoogle_btn_string": "Continuar com o Google",
  "trialBegunModal_body_string": "Os recursos \"Pro\" foram ativados!",
  "ok_btn_string": "OK",
  "prePaymentModal_line1_string": "Inscreva-se para continuar usando os recursos \"Pro\".",
  "choosePaymentProvider_line_string": "Por favor, selecione uma forma de pagamento:",
  "payWithGoogle_btn_string": "Cartões de crédito aceitos.",
  "payWithPaddle_btn_string": "Cartões de crédito e PayPal aceitos.",
  "christmasSale_GT": "20% de desconto até 1º de janeiro",
  "youPayEveryMonth_GT": "Pagamento mensal:",
  "or_GT": "ou",
  "youPayEvery3Months_GT": "Pagamento trimestral:",
  "youPayEveryYear_GT": "Pagamento anual:",
  "oneMonth_GT": "1 mês",
  "threeMonths_GT": "3 meses",
  "oneYear_GT": "1 ano",
  "subscriptionLabel_GT": "Assinatura. Você pode cancelar após o pagamento se não quiser a renovação automática.",
  "choose_GT": "Escolher",
  "paymentSuccessful_line1_string": "Pagamento bem-sucedido! Obrigado por apoiar o nosso projeto!",
  "paymentSuccessful_line2_string": "Você pode cancelar sua assinatura a qualquer momento acessando as definições.",
  "paymentSuccessfulPaddleMessage_line_string": "Nota: caso precise verificar manualmente o pagamento, aguarde algumas horas. O modo \"Pro\" deverá ser ativado automaticamente. Desculpe o atraso!",
  "cancelGoogle_line_string": "Nota: o modo \"Pro\" permanecerá ativo por 30 dias após seu último pagamento.",
  "cancelSubscription_btn_string": "Cancelar assinatura",
  "problemWithPayment_line1_string": "Houve um problema com o pagamento da sua assinatura.",
  "problemWithPayment_line2_string": "Depois de atualizar suas informações de pagamento, recarregue esta janela.",
  "updatePayment_btn_string": "Atualizar informações de pagamento",
  "alreadyUserPleaseSignIn": "Já é usuário? Por favor, faça o login.",
  "pleaseSignIn": "Por favor, faça o login.",
  "pleaseSignInOrRegister": "Faça login ou inscreva-se para acessar recursos adicionais",
  "noCreditCardInfoNoChargeAfterTrial": "Não solicitamos informações de cartão de crédito. Você não será cobrado após o teste, a menos que decida adquirir uma assinatura nessa data.",
  "signIn": "Entrar",
  "signOut": "Sair",
  "options": "Opções",
  "mode": "Modo:",
  "manageSubscription": "Gerenciar Assinatura",
  "mode_free": "Grátis",
  "mode_basic": "Modo Básico",
  "mode_pro": "Pro",
  "signInStatus": "Status de login:",
  "signedIn": "Conectado",
  "notSignedIn": "Não conectado",
  "fix": "Consertar",
  "featureComingSoon": "Recurso em breve.",
  "showTransliterations": "Mostrar Transliterações",
  "noTransliterations": "Nenhuma transliteração",
  "romaji": "Original + Romaji",
  "hiragana": "Original + Hiragana",
  "romajiOnly": "Romaji",
  "hiraganaOnly": "Hiragana",
  "withOriginalForm": "Com formato original",
  "transliterationsOnly": "Apenas transliterações",
  "hideTransliterationsForKnownWords_GT": "Ocultar transliterações para palavras conhecidas",
  "playbackSpeed": "Velocidade de reprodução",
  "normal": "Normal",
  "notAvailable": "Não disponível.",
  "noHTAvailable": "Nenhuma tradução humana está disponível para o idioma de tradução selecionado.",
  "noMTAvailable": "As traduções automáticas só estão disponíveis para as legendas originais do filme.",
  "proFeature": "Recurso Pro",
  "saveCurrentSubtitle": "Salvar legenda atual",
  "toggleAutoPause": "Ativar/Desativar pausa automática",
  "exportToAnki": "Exportar para Anki",
  "pleaseSelectItemsToExport": "Por favor, selecione os itens para exportar:",
  "allItems": "Todos os Itens",
  "download": "Baixar",
  "subtitles": "Legendas",
  "words": "Palavras",
  "savedItems_short": "Itens salvos",
  "savedItems": "Itens salvos",
  "saved": "Salvo",
  "allLanguages": "Todos os idiomas",
  "allTypes": "Todos os tipos",
  "yellowWords": "Palavras amarelas",
  "blueWords": "Palavras azuis",
  "greenWords": "Palavras verdes",
  "purpleWords": "Palavras roxas",
  "redWords": "Palavras vermelhas",
  "phrases": "Frases",
  "noSavedItems": "Nenhum item salvo.",
  "clickAStar": "Clique em uma estrela para salvar uma legenda ou nos botões coloridos do dicionário para salvar uma palavra.",
  "loadingDotDotDot": "Carregando...",
  "showMore": "Mostrar mais",
  "openCloseBottomPanel": "Abrir/fechar painel inferior",
  "openCloseVerticalView": "Abrir/fechar visão vertical",
  "close": "Fechar",
  "autoPaused": "PAUSA AUTOMÁTICA",
  "pressSpaceToContinue": "(Pressione ESPAÇO para continuar)",
  "saveWordTooltip": "Salvar palavra. Você também pode clicar com o botão direito do mouse em uma palavra para salvá-la.",
  "subscriptionToProFeatures": "Assinatura dos recursos \"Pro\".",
  "tryForFree": "Experimente gratuitamente",
  "noCreditCardRequired": "Não é necessário cartão de crédito.",
  "noCharge": "Ao contrário de outros serviços, não cobraremos durante a avaliação nem atualizaremos automaticamente sua assinatura.",
  "subscriptionActive": "Sua assinatura está ativa.",
  "speedUpPlayback": "Acelerar reprodução",
  "slowDownPlayback": "Desacelerar reprodução",
  "highlightSavedWords_label": "Destacar palavras salvas",
  "onRightClick_label": "Clicar botão direito",
  "onLongPress_label_GT": "Ação de pressionar e segurar",
  "suggestedToKnownWordsRatio_label_GT": "Proporção entre palavras sugeridas e conhecidas",
  "showVV_label": "Mostrar exibição de lista de legendas",
  "showSubsBelowVideo_label": "Mostrar legendas abaixo do vídeo",
  "otherPossibleTranslations": "Outras traduções possíveis",
  "doNothing_option": "Não fazer nada",
  "showDict_option": "Mostrar dicionário",
  "showDictSpeak_option": "Mostrar dicionário e falar palavra",
  "speakWord_option": "Falar palavra",
  "saveWord_option": "Salvar palavra",
  "removeAllItems": "Remover todos os itens",
  "areYouSure": "Tem certeza?",
  "hideTranslation": "Ocultar tradução",
  "hideTranslation_tt": "Oculte a tradução quando o vídeo é reproduzido. Clique no texto ou pressione [e] para exibir a tradução.",
  "littlePracticeEveryDay": "Aprender um idioma requer praticar um pouco todos os dias.",
  "enableLln": "Ativar Language Reactor",
  "doYouLikeOurExtension": "Gosta do Language Reactor?",
  "reportBug": "Relatar problema",
  "translationNotFound": "Tradução não encontrada.",
  "usageExamples": "Exemplos de uso",
  "userDefinedExternalDict_label": "URLs de dicionário do usuário",
  "turnOnOff": "Ativar/desativar",
  "fontSize_label": "Tamanho da fonte",
  "extraSmall": "Extra pequeno",
  "small": "Pequena",
  "large": "Grande",
  "extraLarge": "Extra grande",
  "removeSubtitle": "Remover",
  "settings": "Configurações",
  "subtitleLanguage_label_yt": "Idioma das legendas do YouTube",
  "subtitleLanguage_tooltip_yt": "Este é o idioma das legendas selecionadas no YouTube.",
  "subtitlesNotLoaded_error_yt": "As legendas do YouTube não foram carregadas. Um idioma de legenda está selecionado no menu de reprodução do YouTube?",
  "exportAsJson": "Exportar como JSON",
  "exportAsCsv": "Exportar como CSV",
  "exportAsExcel": "Exportar em formato Excel",
  "overrideArrowKeys_label": "Substituir teclas de seta",
  "overrideArrowKeys_tt": "As teclas de seta funcionarão da mesma forma que as teclas A, S e D",
  "changelist": "Alterações recentes",
  "print": "Imprimir",
  "export": "Exportar",
  "appDescYoutube": "Melhore suas habilidades no idioma de forma eficaz e prazerosa assistindo vídeos na língua que você quer aprender.",
  "externalDictsMessage": "Dicionários externos. Você pode abrir o último dicionário externo usado diretamente pressionando a tecla Shift enquanto clica em uma palavra.",
  "userDefinedExternalDict_tooltip": "Dicionários personalizados que aparecerão junto com outros dicionários externos no popup do dicionário (serão nomeados U1, U2...). A URL deve conter 'WORD' (em maiúsculas) - que será automaticamente substituída pela palavra que você procurar. Você pode inserir várias URLs em linhas separadas.",
  "pleaseLeaveReviewMessage": "Você gosta do Language Reactor? Ajude-nos deixando uma avaliação na Chrome Web Store.",
  "writeReview": "Escrever avaliação",
  "saveSubtitle": "Salvar",
  "translate": "Traduzir",
  "selectLang": "Selecionar idioma",
  "searchVidsWithSubs": "Pesquisar vídeos com legendas (CC)",
  "searchSettings": "Configurações de pesquisa",
  "sourceLang": "Idioma de origem:",
  "chatWithOtherUsers": "Converse com outros usuários do Language Reactor",
  "forum": "Fórum",
  "tip": "Dica:",
  "considerChangingYoutubeLanguage": "Para obter melhores resultados de pesquisa, considere alterar seu idioma nas configurações do YouTube.",
  "seeHow": "Aprenda como",
  "helloPleaseSelectYourNativeLanguage": "Olá. Selecione seu idioma nativo:",
  "yourNativeLanguage_GT": "Seu idioma nativo:",
  "autoHideYoutubePlaybackBarRecommended": "Ocultar automaticamente a barra de reprodução do YouTube (recomendado)",
  "dontChangeTheInterface": "Não alterar a interface",
  "hidePlaybackBar": "Ocultar barra de reprodução",
  "font": "Fonte",
  "defaultRecommended": "Padrão (recomendado)",
  "subtitlesHidden": "Legendas (ocultas)",
  "noSubsForThisVideo": "Sem legendas para este vídeo!",
  "forceOriginalTracks": "Forçar faixas originais",
  "forceOriginalTracks_desc": "Se ativada, esta opção alterna para o áudio e legendas do idioma original do vídeo quando a extensão estiver ativada.",
  "hideSubtitles": "Ocultar legendas",
  "disabled": "Desativado",
  "hideTranslations": "Ocultar traduções",
  "hideBoth": "Ocultar ambos",
  "showSubtitleControls": "Mostrar controles de legendas",
  "moveToggleControls": "Mover/alternar controles",
  "netflixTestsMessage": "Às vezes, a Netflix executa testes que podem fazer com que o Language Reactor não funcione corretamente. Para evitar problemas, recomendamos que você desative a participação no teste da Netflix. É fácil:",
  "disableTesting": "Desativar teste",
  "nextBillingDate": "Data da próxima cobrança",
  "youCanUseProForXXDays": "Você pode continuar a usar os recursos Pro por <text> dias.",
  "youCanUseFreeForXXDays": "Você pode usar os recursos gratuitos por <text> dias.",
  "subtitlesCouldNotBeLoaded": "Não foi possível carregar as legendas.",
  "adIsPlaying": "Anúncio sendo reproduzido.",
  "yourSubscriptionHasExpired": "Sua assinatura expirou.",
  "youHaveCanceledYourSubscription": "Você cancelou sua assinatura.",
  "nowYouCanStudyWithYoutubeToo": "Agora você também pode estudar idiomas com o YouTube!",
  "machineTranslations": "Tradução automática",
  "humanTranslations": "Tradução humana",
  "belowAreWordsFromTheCurrentVideo_GT": "Palavras deste vídeo, ordenadas por frequência",
  "rightClickWordToSaveIt_GT": "Clique com o botão direito para marcar uma palavra",
  "leftClickToOpenDict": "Clique com o botão esquerdo do mouse para abrir o dicionário.",
  "selectVocabLevelToMarkPurple": "Selecione um nível de vocabulário nas configurações para marcar palavras menos comuns em roxo.",
  "aboveCurrentLevel": "Acima do nível atual",
  "unsavedWords": "Palavras não salvas",
  "levelX": "Nível <text>",
  "tips": "Dicas",
  "emptyTemplate": "",
  "thisExportHasMultipleParts": "Esta exportação tem várias partes.",
  "downloadPartXX": "Baixar parte <text>",
  "thisItemWasSavedInAnotherVideo": "Este item foi salvo em outro vídeo.",
  "cancel": "Cancelar",
  "openVideo": "Abrir vídeo",
  "format": "Formato",
  "printHtml": "Imprimir (HTML)",
  "mustReadHowToImportToAnki": "Leitura obrigatória: Como importar para Anki",
  "infoAboutCsvExport": "Informações sobre exportar CSV",
  "jsonDataSchema": "Esquema de dados JSON",
  "language": "Idioma",
  "itemType": "Tipo de item",
  "includeTimestamps": "Incluir carimbos de data/hora",
  "youCanChangeTranslitsOptionsInSettings": "Você pode alterar as opções de transliteração nas definições.",
  "preferredTranslations": "Traduções preferidas",
  "onlyNewItemsSinceLastExport": "Apenas novos itens desde a última exportação",
  "includeMedia": "Incluir mídia",
  "langName_is": "Islandês",
  "langName_ga": "Irlandês",
  "langName_az": "Azerbaijano",
  "langName_af": "Africâner",
  "langName_am": "Amárico",
  "langName_ar": "Árabe",
  "langName_sq": "Albanês",
  "langName_hy": "Armênio",
  "langName_it": "Italiano",
  "langName_yi": "Iídiche",
  "langName_ig": "Igbo",
  "langName_id": "Indonésio",
  "langName_ug": "Uigur",
  "langName_cy": "Galês",
  "langName_uk": "Ucraniano",
  "langName_uz": "Uzbeque",
  "langName_ur": "Urdu",
  "langName_et": "Estoniano",
  "langName_eo": "Esperanto",
  "langName_or": "Oriá",
  "langName_nl": "Holandês",
  "langName_kk": "Cazaque",
  "langName_ca": "Catalão",
  "langName_gl": "Galego",
  "langName_kn": "Canarim",
  "langName_rw": "Quiniaruanda",
  "langName_el": "Grego",
  "langName_ky": "Quirguiz",
  "langName_gu": "Guzerate",
  "langName_km": "Khmer",
  "langName_ku": "Curdo",
  "langName_hr": "Croata",
  "langName_xh": "Xhosa",
  "langName_co": "Corso",
  "langName_sm": "Samoano",
  "langName_jv": "Javanês",
  "langName_ka": "Georgiano",
  "langName_sn": "Xona",
  "langName_sd": "Sindi",
  "langName_si": "Cingalês",
  "langName_sv": "Sueco",
  "langName_zu": "Zulu",
  "langName_gd": "Gaélico Escocês",
  "langName_es": "Espanhol",
  "langName_sk": "Eslovaco",
  "langName_sl": "Esloveno",
  "langName_sw": "Suaíli",
  "langName_su": "Sundanês",
  "langName_ceb": "Cebuano",
  "langName_sr": "Sérvio",
  "langName_so": "Somali",
  "langName_th": "Tailandês",
  "langName_tg": "Tadjique",
  "langName_tt": "Tártaro",
  "langName_ta": "Tâmil",
  "langName_cs": "Tcheco",
  "langName_te": "Télugo",
  "langName_da": "Dinamarquês",
  "langName_de": "Alemão",
  "langName_tk": "Turcomeno",
  "langName_tr": "Turco",
  "langName_ny": "Nianja",
  "langName_ne": "Nepalês",
  "langName_no": "Norueguês",
  "langName_ht": "Haitiano",
  "langName_ha": "Hauçá",
  "langName_ps": "Pashto",
  "langName_eu": "Basco",
  "langName_haw": "Havaiano",
  "langName_hu": "Húngaro",
  "langName_pa": "Panjabi",
  "langName_hi": "Híndi",
  "langName_tl": "Filipino",
  "langName_fi": "Finlandês",
  "langName_hmn": "Hmong",
  "langName_fr": "Francês",
  "langName_bg": "Búlgaro",
  "langName_vi": "Vietnamita",
  "langName_iw": "Hebraico",
  "langName_be": "Bielorrusso",
  "langName_fa": "Persa",
  "langName_bn": "Bengali",
  "langName_pl": "Polonês",
  "langName_bs": "Bósnio",
  "langName_pt": "Português",
  "langName_mi": "Maori",
  "langName_mk": "Macedônio",
  "langName_mg": "Malgaxe",
  "langName_mr": "Marati",
  "langName_ml": "Malaiala",
  "langName_mt": "Maltês",
  "langName_ms": "Malaio",
  "langName_my": "Birmanês",
  "langName_mn": "Mongol",
  "langName_yo": "Iorubá",
  "langName_lo": "Laosiano",
  "langName_la": "Latim",
  "langName_lv": "Letão",
  "langName_lt": "Lituano",
  "langName_ro": "Romeno",
  "langName_lb": "Luxemburguês",
  "langName_ru": "Russo",
  "langName_en": "Inglês",
  "langName_ko": "Coreano",
  "langName_fy": "Frísio Ocidental",
  "langName_zh-CN": "Chinês (Simplificado)",
  "langName_zh-TW": "Chinês (Tradicional)",
  "langName_st": "Soto Do Sul",
  "langName_ja": "Japonês",
  "netflixCatalogue": "Catálogo Netflix",
  "notAllTitlesAllCountries": "Nem todos os títulos estão disponíveis em todos os países. Selecione o país que a Netflix identifica como sua localização.",
  "catalogueByOriginalLanguage": "O catálogo lista os títulos de acordo com o idioma original, permitindo encontrar filmes franceses para estudar francês, filmes alemães para estudar alemão, etc.",
  "goodSubtitlesForOriginal": "A Netflix tem boas legendas para o idioma original dos títulos, que coincidem com a faixa de áudio.",
  "oftenDontMatch": "As legendas frequentemente não correspondem ao áudio em versões dubladas.",
  "yourCountry": "Seu país",
  "allCountries": "Todos os países",
  "numberFound_colon": "Número encontrado:",
  "genre_colon": "Gênero:",
  "released_colon": "Lançamento:",
  "runtime_colon": "Duração:",
  "drama": "Drama",
  "action": "Ação",
  "crime": "Crime",
  "thriller": "Suspense",
  "adventure": "Aventura",
  "scifi": "Ficção Científica",
  "romance": "Romance",
  "fantasy": "Fantasia",
  "mystery": "Mistério",
  "war": "Guerra",
  "biography": "Biografia",
  "history": "História",
  "clearHistory_GT": "Limpar histórico",
  "comedy": "Comédia",
  "horror": "Terror",
  "sport": "Esporte",
  "music": "Música",
  "animation": "Animação",
  "musical": "Musical",
  "noMoviesFoundForThisSearch": "Nenhum filme encontrado nesta pesquisa.",
  "youtubeCatalogue": "Catálogo do YouTube",
  "installExtensionForEnhancedFeatures": "Dica: instale a extensão para ter recursos aprimorados enquanto assiste à Netflix e YouTube!",
  "weCreatedYTCatalogue": "Criamos este catálogo para ajudar você a encontrar bons canais para estudar.",
  "errorLoadingData": "Erro ao carregar dados.",
  "search": "Pesquisar",
  "subscribers_colon": "Inscritos:",
  "withSubtitles_colon": "Com legendas:",
  "score_colon": "Pontuação:",
  "installExtensionForBetterExperience": "Instale a extensão do navegador para ter uma experiência melhor!",
  "translationSameAsSource_text_text": "O idioma de tradução (<text>) é o mesmo que o idioma de origem (<text>). Tente alterá-lo nas definições.",
  "translationNotSupported_text_text": "A tradução de <text> para <text> não é compatível no momento.",
  "selectDifferentTranslationLanguage": "Por favor, selecione um idioma de tradução diferente.",
  "nextVideo": "Próximo vídeo",
  "prevVideo": "Vídeo anterior",
  "smallVideo": "Vídeo Pequeno",
  "bigVideo": "Vídeo Grande",
  "showTranslation": "Exibir tradução (se disponível)",
  "watchingVideos": "Assistindo Vídeos",
  "afterInstallingAdditionalFeatures": "Depois de instalar a extensão do navegador, você terá recursos adicionais para aprender idiomas enquanto assiste a vídeos na Netflix e no YouTube.",
  "whatToWatch": "O que assistir",
  "weCreatedNetflixAndYoutubeCatalogue": "Para ajudar a encontrar vídeos, criamos um catálogo para a Netflix e YouTube. Você pode abrir o catálogo no menu à esquerda desta página.",
  "alreadyOpenPleaseReload": "Se já estiver com a Netflix ou YouTube abertos, por favor, recarregue a janela.",
  "clickToOpenSettings": "Clique aqui para abrir as definições.",
  "clickEnableExtraFeatures": "Clique aqui para habilitar ou desabilitar os recursos extras.",
  "formerlyCalled": "(anteriormente chamado de 'Language Learning with Netflix')",
  "startInstallExtension": "Para começar, instale a extensão do navegador.",
  "saveAndReview": "Salvar e revisar",
  "reviewWordsAndPhrases": "Você pode revisar as palavras e frases que salvou usando flashcards, além de aprender novas palavras.",
  "underActiveDevelopment": "Este projeto está em desenvolvimento contínuo. Para sugerir um recurso ou relatar um problema, por favor, visite nosso fórum.",
  "writeToUs": "Envie-nos uma mensagem se tiver outras perguntas.",
  "setupComplete": "Configuração concluída",
  "clickWordDictionary": "Clique em uma palavra para ver o dicionário. Clique em uma palavra com o botão direito para salvá-la.",
  "autopauseEverySubtitle": "Pausa automaticamente a reprodução no final de cada legenda.",
  "machineAndHumanTranslations": "As definições permitem selecionar a exibição de dois tipos de tradução: automática e humana. Traduções automáticas são muito literais e ajudam a entender a estrutura da frase no idioma sendo estudado. Às vezes podem conter erros. Traduções humanas costumam ser úteis por traduzirem corretamente estilos e expressões idiomáticas.",
  "keyboardKeys": "Você pode usar as teclas do teclado para controlar o reprodutor.",
  "aKey": "Legenda anterior",
  "sKey": "Repetir legenda",
  "dKey": "Próxima legenda",
  "spaceKey": "Reproduzir/Pausar",
  "settingsForMoreShortcuts": "Pesquise nas definições para encontrar outros atalhos de teclado.",
  "weCreatedNetflixCatalogue": "Criamos um catálogo especial para ajudá-lo a encontrar títulos da Netflix com legendas de alta qualidade no idioma que você está estudando.",
  "youtubeHasAnyTopic": "O YouTube tem vídeos sobre qualquer assunto, em todos os principais idiomas. Contudo, o YouTube tenta não exibir conteúdos estrangeiros para você.",
  "pageNotFound": "Página não encontrada.",
  "videosNoLongerAvailable": "Talvez alguns dos vídeos listados não estejam mais disponíveis em seu país.",
  "votes_text": "<text> votos",
  "countries_text": "<text> países",
  "watch": "Assistir",
  "tryAgain": "Tentar novamente",
  "videoUnavailablePleaseContinue": "Vídeo não disponível; continue para o próximo vídeo.",
  "nextPage": "Próxima página",
  "prevPage": "Página anterior",
  "videos": "Vídeos",
  "selectPlaylist": "Selecione uma playlist.",
  "flashcardTooltipProposal": "Número de novos itens entrando no ciclo de estudos nesta sessão",
  "flashcardTooltipExposure": "Número de itens para Revisão nesta sessão",
  "flashcardTooltipTest": "Número de itens para o Quiz desta sessão",
  "flashcardExposureTooltip": "Os cartões de exposição mostram diferentes frases de exemplo usando palavras salvas para ajudar você a entender seus diversos usos.",
  "flashcardExposure": "Exposição",
  "flashcardTestTooltip": "Cartões de teste avaliam seu conhecimento de palavras e frases",
  "flashcardTest": "Teste",
  "lastPracticed_text": "Última prática: <text>",
  "itemsDueForPractice_text": "<text> itens para praticar.",
  "startPractice": "Começar prática",
  "betterWaitTillTomorrow": "É melhor esperar até amanhã para a próxima prática.",
  "practiceMore": "Praticar mais",
  "savedWordsAppearHere": "Dica: Quando você salvar palavras e frases, elas aparecerão aqui quando for hora de praticá-las.",
  "showAnswer": "Mostrar resposta",
  "fail": "Incorreto",
  "hard": "Difícil",
  "easy": "Fácil",
  "success": "Correto",
  "ok": "Entendi",
  "extraButtonsSearchBar": "Então, criamos estes botões extras ao lado da barra de pesquisa no YouTube:",
  "leftTranslateRightSearch": "O botão à esquerda traduz o texto na caixa de pesquisa, para facilitar a procura de vídeos no idioma que você estuda. O botão à direita procura vídeos com legendas.",
  "youtubeInterfaceLanguageMoreVideos": "Você pode alterar o idioma da interface de usuário do YouTube para o idioma sendo estudado. Com isso, o YouTube mostrará mais vídeos nesse idioma.",
  "howToChangeYoutubeInterfaceLanguage": "Como alterar o idioma de interface do YouTube",
  "clickButtonTopRight": "Clique neste botão no canto superior direito da tela:",
  "lookForLanguageSetting": "Procure a definição \"Idioma\":",
  "whenChangeMoreResults": "Quando o idioma for alterado, aparecerão mais resultados de pesquisa no idioma que você estuda.",
  "onlyDesktopCheckBack": "O Language Reactor está disponível apenas em computadores de mesa no momento. Volte em breve para verificar novamente!",
  "open": "Abrir",
  "word": "Palavra",
  "phrase": "Frase",
  "translation": "Tradução",
  "context": "Contexto",
  "source": "Fonte",
  "actions": "Ações",
  "accountInformation": "Informações da conta",
  "quickSettings": "Definições rápidas",
  "fullSettings": "Definições completas",
  "gettingStarted": "Começar",
  "exportHelp": "Guia de Exportação",
  "studyTips": "Dicas de estudo",
  "howToImportWebpage": "Como importar uma página da web",
  "importWithRightClick": "Você pode importar uma página da web para o Language Reactor pelas opções no menu do botão direito do mouse.",
  "extensionInstalledForThisFeature": "É necessário instalar a extensão do navegador para esta função.",
  "importText": "Importar texto",
  "goToReaderMode": "Mudar para modo Leitor",
  "edit": "EDITAR",
  "read": "LER",
  "posADJ_UD": "Adj.",
  "posADP_UD": "Adp.",
  "posADV_UD": "Adv.",
  "posAUX_UD": "Aux.",
  "posNOU_UD": "Noun",
  "posPRO_UD": "Pronoun",
  "posVER_UD": "Verb",
  "posDET_UD": "Det.",
  "posSYM_UD": "Symbol",
  "posINT_UD": "Int.",
  "posCCO_UD": "Coord. Conj.",
  "posPUN_UD": "Punct.",
  "posNUM_UD": "Numerical",
  "posPAR_UD": "Particle",
  "posSCO_UD": "Sub. Conj.",
  "posX_UD": "Foreign",
  "posCONJ": "Conj.",
  "posPREP": "Prep.",
  "ok2": "OK",
  "pleaseWait": "Por favor, aguarde...",
  "ohNoPleaseAddPermissionLRLogin": "Ah, não! Por favor, conceda permissão para que a extensão do navegador Language Reactor execute em languagereactor.com e o login seja bem-sucedido!",
  "recommended$Videos$": "Recomendados",
  "$videos$WithSubtitles": "Com legendas",
  "$videosWith$MostSubscribers": "Maior número de inscritos",
  "sortBy": "Classificar por",
  "$video$Rating": "Avaliação",
  "yearReleased": "Ano de lançamento",
  "type$OfVideo$": "Tipo",
  "any$TypeOfVideo$": "Todos",
  "movies": "Filmes",
  "series": "Séries",
  "genres": "Gêneros",
  "all$Genres$": "Todos",
  "goToIMDB": "Ver no IMDB",
  "availableIn": "Disponível em:",
  "errorLoadingVideo": "Erro ao carregar vídeo",
  "goBack": "Voltar",
  "sorryThisPlaylistIsMissing": "Desculpe, essa lista de reprodução não foi encontrada.",
  "sorryThisVideoIsMissing": "Desculpe, esse vídeo não foi encontrado.",
  "videoList": "Lista de vídeos",
  "studyLanguage": "Idioma em estudo",
  "iAmLearning": "Estou aprendendo",
  "playAll": "Reproduzir todos",
  "bigUpdate": "Grande atualização!",
  "readMore": "Saiba mais",
  "iGotIt": "Entendi",
  "allWords": "Todas as palavras",
  "savedWords": "Palavras salvas",
  "savedPhrases": "Frases salvas",
  "setVocabLevel_short": "Nível de vocabulário",
  "setVocabLevel": "Definir nível de vocabulário",
  "changeVocabLevelConfirmation_GT": "Alterar nível de vocabulário de <text> para <text>?",
  "changeStudyLevel": "Mudar nível de estudo",
  "currentStudyLevel": "Nível de estudo atual",
  "change": "Alterar",
  "pleaseSelectYourStudyLevelToContinue": "Por favor, selecione o seu nível de estudo para continuar",
  "frequency": "Frequência",
  "alphabetical": "Alfabética",
  "LEARNING": "Aprendendo",
  "KNOWN": "Conhecido",
  "SKIPPED": "Não estudar",
  "SKIPPED_short": "Não estudar",
  "knownWords_GT": "Palavras conhecidas",
  "tag": "Tags",
  "errorLoadingList": "Erro ao carregar lista",
  "pleaseSelectLanguageOnTop_GT": "Selecione um idioma acima",
  "xSelected": "<text> selecionadas",
  "setLearningStage": "Definir estágio de aprendizado",
  "thisWillAffectXItemsAreYouSure": "Isso afetará <text> itens. Tem certeza?",
  "yes": "Sim",
  "no": "Não",
  "removeItems": "Remover itens",
  "setTag": "Definir tag",
  "selectAllOrNone": "Selecionar todos / nenhum",
  "logIn": "Entrar",
  "noItemsFound": "Nenhum item encontrado",
  "upgrade": "Assinar",
  "transliterationsJapanese": "Transliterações japonesas",
  "transliterationsVisibility_GT": "Mostrar transliterações",
  "alwaysShow_GT": "Sempre",
  "hideForKnownWords_GT": "Ocultar para palavras conhecidas",
  "hideForMarkedAndKnownWords_GT": "Ocultar para palavras marcadas e conhecidas",
  "specialWords_GT": "Palavras especiais",
  "specialWords_info_GT": "Nomes, lugares, números, etc.",
  "markedWords_GT": "Palavras marcadas",
  "markWord_GT": "Marcar palavra",
  "savedWordsMarkingTooltipDesc_GT": "Palavras marcadas mantêm seu status quando você muda o nível de vocabulário. Elas aparecem com um contorno.",
  "wordStatus_desc_GT": "O status vem do nível de vocabulário ou marcação individual.",
  "wordColors_desc_GT": "Essas definições controlam a aparência das palavras em legendas e textos. Na visualização de 'Itens Salvos', a coloração completa das palavras é sempre usada.",
  "suggestedWords_desc_GT": "As palavras mais úteis para você aprender a seguir",
  "showKnownWordsInGreen": "Exibir palavras conhecidas em verde",
  "showMarkedLearningWordsInOrange_GT": "Mostrar palavras marcadas como Aprendendo em laranja",
  "showSuggestedWordsInOrange_GT": "Mostrar palavras sugeridas em laranja",
  "showRareWordsInGrey_GT": "Reduzir palavras raras",
  "outline_GT": "Contorno",
  "outlineMarkedWordsInText": "Contornar palavras marcadas no texto",
  "showTagsInText": "Mostrar tags no texto",
  "showLearningStageButtonsInMiniDictionary": "Mostrar botões de estágio de aprendizagem ao passar o mouse",
  "switchLearningStage_GT": "Alternar entre conhecido / aprendendo",
  "switchTags": "Alternar etiquetas",
  "switchLanguage_GT": "Mudar idioma",
  "dictionary": "Dicionário",
  "speakWordOnClick": "Falar palavra ao clicar",
  "basicSettings": "Configurações básicas",
  "machineTranslationsAvailable": "Traduções automáticas disponíveis",
  "belowAreWordsOfIncreasingDifficultyDesc": "Abaixo estão palavras de dificuldade crescente. Clique na última linha onde você consegue entender todas as palavras (role para ver todas).",
  "iDontKnowAnyWordsYet": "Ainda não conheço nenhuma palavra.",
  "exampleText": "Texto de exemplo:",
  "wordColors_GT": "Cores das palavras",
  "reset_GT": "Redefinir",
  "newChat_GT": "Nova conversa",
  "autoCorrectGrammar_GT": "Corrigir gramática automaticamente",
  "estimatedNumberOfKnownWords": "Número estimado de palavras conhecidas",
  "article": "Artigo",
  "fullText": "Texto completo",
  "textMode": "Texto",
  "myText_GT": "Meu texto",
  "myTexts_GT": "Meus textos",
  "books_GT": "Livros",
  "pasteAnyTextYouWishToStudyHere": "Cole aqui o texto que você deseja estudar",
  "videoFile": "Arquivo de vídeo",
  "selectVideo": "Selecionar vídeo",
  "selectVideoFile": "Selecionar arquivo de vídeo",
  "selectSubtitles": "Selecionar legendas",
  "subtitlesLanguage": "Idioma das legendas",
  "save": "Salvar",
  "copy": "Copiar",
  "copyCurrentSentence": "Copiar a frase atual",
  "wordNotFound": "Palavra não encontrada",
  "markWhetherYouKnowThisWordDesc": "Marque se você conhece ou não esta palavra. Marcar em laranja (aprendendo) adicionará as palavras aos seus flashcards.",
  "shortcutRightClick": "Clique com o botão direito do mouse",
  "shortcutMiddleClick": "Clique com o botão do meio do mouse",
  "addTagToAWordDesc": "Você pode usar etiquetas para criar grupos de palavras. As palavras com etiquetas podem ser exportadas separadamente. As etiquetas podem ser exibidas como sublinhados coloridos. Isso pode ser controlado nas configurações.",
  "markAsKnown": "Marcar como conhecida",
  "markAsLearning": "Marcar como aprendendo",
  "markedKnown_GT": "Marcado como Conhecido",
  "markedToLearn": "Marcado para aprender",
  "learningNow": "Aprendendo agora",
  "learnt": "Aprendido",
  "learn": "Aprender",
  "remove": "Remover",
  "noTag": "Sem etiquetas",
  "examplesSavedItems": "Exemplos: itens salvos",
  "examplesCurrentText": "Exemplos: texto atual",
  "examples": "Exemplos:",
  "pleaseSignInToUseThisFeature": "Por favor, entre para usar este recurso.",
  "pleaseSignInToUseThisFreeFeature": "Por favor, entre para usar este recurso gratuito.",
  "soThatWeCanSaveYourProgress": "(para que possamos salvar seu progresso)",
  "phrasepumpInfoTooltipShort": "O PhrasePump oferece muitas frases que você deve conseguir entender. Ele melhora seu vocabulário, habilidades de escuta e conhecimento gramatical.",
  "phrasepumpInfoTooltip": "O PhrasePump oferece muitas frases que você deve conseguir entender. Ele melhora seu vocabulário, habilidades de escuta e conhecimento gramatical. As frases são selecionadas com palavras pendentes de prática ou com novas palavras para aprender.",
  "fumingRiver": "Deixe que o idioma flua em você como a correnteza de um rio; deixe que ele abra canais em seu ser.",
  "itemsDueForReview": "itens pendentes de revisão urgente",
  "noCardsToStudy": "Nenhum cartão para estudar.",
  "tryEnablingMoreStudyModes": "Tente habilitar mais modos de estudo.",
  "pleaseMarkMoreItemsOrWait": "Por favor, marque mais itens para estudar ou aguarde os itens existentes ficarem pendentes.",
  "statistics": "Estatísticas",
  "xCards": "<text> cartões",
  "cards": "Cartões",
  "cardsPracticedToday": "Cartões praticados hoje",
  "showLast": "Mostrar últimos:",
  "day": "Dia",
  "week": "Semana",
  "month": "Mês",
  "threeMonths": "3 meses",
  "markedToLearnDesc": "Palavras e frases que você salvou e ainda estão na fila de prática.",
  "suggestions": "Sugestões",
  "suggestionsDesc": "Após praticar seus itens salvos, o PhrasePump pode sugerir palavras para você aprender.",
  "suggestionsDesc_noMoreLeft": "Nenhuma outra sugestão para mostrar.",
  "suggestionsDesc_noSuggestionsForLang": "Não há suporte a sugestões neste idioma.",
  "inTheLastXDaysYouStartedToPracticeYItems": "Nos últimos <text> dia(s), você começou a praticar <text> novas palavras e frases \"Marcadas para aprender\".",
  "inTheLastXDaysYouStartedToPracticeYSuggestedWords": "Nos últimos <text> dia(s), você começou a praticar <text> novas palavras sugeridas.",
  "youArePracticingXItems": "Você está praticando ativamente <text> palavras e frases.",
  "inTheLastXDaysYouHaveLearntYItems": "Nos últimos <text> dia(s), você aprendeu <text> palavras e frases.",
  "inTheLastXDaysYouHavePracticedYItems": "Nos últimos <text> dia(s), você praticou <text> palavras e frases.",
  "learntDescLearntXItems": "Palavras e frases das quais você provavelmente se lembrará por pelo menos seis semanas. Você aprendeu <text> itens.",
  "halflifeDays_GT": "Meia-vida (dias)",
  "languageSelector": "Seletor de idioma",
  "addLanguage": "Adicionar idioma",
  "dueItems": "Itens pendentes:",
  "chooseALanguage": "Escolha um idioma",
  "showContext_GT": "Mostrar contexto",
  "add": "Adicionar",
  "forgot": "Esqueci",
  "okay": "Correto",
  "quizzes": "Quizzes",
  "suggestedWords": "Palavras sugeridas",
  "practice": "Praticar",
  "thisIsTheFirstTimeYouArePracticingThisItem": "Esta é a primeira vez que você está praticando este item.",
  "quiz": "Quiz",
  "whatShouldGoInTheGap": "O que deve preencher a lacuna?",
  "useTranslationForHelp": "Use a tradução para ajudar.",
  "suggestedWord": "Palavra sugerida",
  "wouldYouLikeToLearnThisWord": "Você gostaria de aprender esta nova palavra?",
  "listeningPractice": "Prática de escuta",
  "tryToUnderstandBeforeYouRevealTheText": "Tente entender antes de revelar o texto",
  "newItems": "Novos itens",
  "newWordsTooltip": "O percentual máximo de cartões para usar ao apresentar novos itens (\"Marcados para aprender\" e \"Sugestões\"). Reduza isso para ter mais prática com itens que você já está aprendendo. Se muitos itens estiverem pendentes de revisão, a quantidade de novos materiais apresentados será reduzida.",
  "sessionSize": "Tamanho da Sessão",
  "sessionSizeTooltip": "Número de cartões na sessão.",
  "reveal": "Mostrar Resposta",
  "savePhrase": "Salvar frase",
  "learningStage": "Estágio de Aprendizagem",
  "savingWords": "Como Salvar Palavras",
  "oldSystem": "Sistema antigo:",
  "newSystem": "Sistema novo:",
  "greenKnownOrSuggestedWords": "branco: palavras conhecidas e sugeridas",
  "orangeMarkedWords": "laranja: palavras marcadas para aprender",
  "dictStageTagsPickerDesc": "Aqui você pode marcar se conhece a palavra (verde), está aprendendo (laranja) ou se não quer aprendê-la (cinza). Você também pode adicionar tags, exibidas como sublinhados coloridos.",
  "exportFromLanguageReactor": "Exportar a partir do Language Reactor...",
  "viewAll": "Ver tudo",
  "wordViewNotSupported": "Esse recurso não é compatível com este idioma no momento.",
  "green": "verde",
  "yellow": "amarelo",
  "red": "vermelho",
  "blue": "azul",
  "lastSaved": "Último salvamento",
  "rank": "posição",
  "wordList": "Lista de palavras",
  "up1": "Anteriormente, você salvava palavras marcando-as com uma cor (vermelho, verde, amarelo, azul). Essa funcionalidade ainda está disponível (agora chamada de 'tags'), mas as cores são mostradas como sublinhados sob a palavra. Por padrão, clicar com o botão direito do mouse em uma palavra não altera mais a cor da tag, mas você pode configurar isso nas definições.",
  "up2": "Nesta atualização, o Language Reactor agora pode rastrear para você quais palavras você conhece e, para as palavras que você não conhece, sugere se deve aprendê-las ou não. Isso permite que o software faça algumas coisas úteis. Funciona para cerca de 40 idiomas.",
  "up3": "As palavras que você conhece ou às quais deve prestar atenção são mostradas em BRANCO.",
  "up4": "As palavras que você marcou para aprender são mostradas em LARANJA.",
  "up5": "Palavras raras que você não precisa aprender agora são coloridas em CINZA.",
  "up6": "Essas categorias chamamos de “Estágios de Aprendizagem”.",
  "up7": "Você pode definir rapidamente o tamanho aproximado do seu vocabulário clicando no ícone de configuração no dicionário. Você não precisa marcar cada palavra individualmente.",
  "up8": "Se você já tiver muitas palavras salvas com cores, poderá marcá-las em massa com um estágio de aprendizado:",
  "up9": "Clique na guia \"Itens salvos\".",
  "up10": "Clique em 'Palavras salvas'.",
  "up11": "Selecione a cor da tag no menu suspenso.",
  "up12": "Clique na caixa de seleção \"selecionar tudo\".",
  "up13": "Selecione o 'Estágio de Aprendizagem' que você deseja atribuir a essas palavras.",
  "up14": "Depois de fazer isso, você pode desabilitar os sublinhados coloridos para tags, na guia de definições, para reduzir o ruído visual ao assistir a filmes etc.",
  "up15": "Se preferir, não precisa usar esse sistema de coloração. Nas definições, você pode desativar a coloração das palavras por estado de aprendizagem:",
  "clickToReadMore": "Clique para ler mais",
  "layout_GT": "Layout",
  "videoSize_GT": "Tamanho do vídeo",
  "youAreLearning_GT": "Idioma de estudo",
  "start_screen": "Iniciar",
  "theTextSeemsToBeIn_lang_GT": "Este texto parece estar em <text>.",
  "changeSourceLanguageTo_lang_GT": "Mudar para <text>?",
  "clearAllHistoryConfirmation_GT": "Limpar todo o histórico de <text>?",
  "chatHomescreenText_1_GT": "Converse com a IA, porque, bem, você não tem ninguém melhor para bater papo?",
  "chatHomescreenText_2_GT": "Mas tornamos divertido.",
  "chatPreprompt_label_GT": "Instruções de conversa",
  "chatPreprompt_tooltip_GT": "Instruções enviadas à IA antes de cada conversa",
  "typeTheTextToTranslate_GT": "Digite o texto para traduzir",
  "showMiniDictionary_GT": "Mostrar minidicionário",
  "yourMessage_GT": "Sua mensagem",
  "other_GT": "Outros",
  "pressAndHoldToRecordVoice_GT": "Mantenha pressionado para gravar",
  "recording_GT": "Gravando...",
  "switchBetweenShortcutsAndInputMode_GT": "Alternar entre atalhos e modo de entrada",
  "pressTabToswitchBetweenShortcutsAndInputMode_GT": "Pressione [ESC] para alternar entre atalhos e modo de entrada",
  "preferredAudioSource_GT": "Fonte de áudio preferida",
  "originalAudioWhenAvailable_GT": "Áudio original (quando disponível)",
  "computerAudioTTS_GT": "Texto para Fala",
  "include_GT": "Incluir",
  "noItemsForThisLanguage_GT": "Nenhum item neste idioma",
  "startReading_GT": "Começar a leitura",
  "numberOfPages_GT": "Número de páginas",
  "nextDocument_GT": "Próximo documento",
  "prevDocument_GT": "Documento anterior",
  "noVerticalView_GT": "Sem visualização vertical",
  "playbackRate_GT": "Velocidade de reprodução",
  "numPages_GT": "<text> páginas",
  "chapters_GT": "Capítulos",
  "book_GT": "Livro",
  "audioTrack_GT": "Faixa de áudio",
  "simplifiedVersion_GT": "Versão simplificada",
  "dubbedAudio_GT": "Áudio dublado",
  "dubbedAudioDesc_GT": "Este vídeo foi originalmente em outro idioma. Use o reconhecimento de fala para legendas que correspondam ao áudio.",
  "rewindForward5s_GT": "Avançar 5s",
  "rewindBack5s_GT": "Voltar 5s",
  "readTheForumPost_GT": "Ler postagem do fórum",
  "youtubeChannels_GT": "Canais do YouTube",
  "channels_GT": "Canais",
  "thisFeatureIsUnderDevelopmentWillBeImprovedSoon_GT": "Este recurso está em desenvolvimento e será aprimorado em breve.",
  "loadingAudio_GT": "Carregando áudio...",
  "media_GT": "Mídia",
  "useOurDesktopBrowserExtension_GT": "Use nossa extensão para navegador desktop ao assistir esses vídeos para recursos adicionais.",
  "holdDictButtonToRecordVoice_GT": "Mantenha pressionado o botão do dicionário para gravar voz",
  "showDictRecord_GT": "Dicionário / Gravar",
  "text_GT": "Texto",
  "words_GT": "Palavras",
  "viewLessFrequentWordsLink_GT": "Ver palavras menos comuns na página de Palavras Marcadas",
  "newText_GT": "Novo Texto",
  "untitledText_GT": "Texto sem título",
  "title_GT": "Título",
  "pleaseEnterSomeText_GT": "Digite algum texto para continuar",
  "saving_GT": "Salvando...",
  "theTextSeemsToBeIn_lang_whileYourLangIs_GT": "O texto parece estar em <text>, enquanto seu idioma de estudo atual é <text>.",
  "hideSubtitle_GT": "Ocultar legenda",
  "translationThenSubtitle_GT": "Tradução e depois legenda",
  "subtitleThenTranslation_GT": "Legenda e depois tradução",
  "vocabLevel_GT": "Nível de vocabulário",
  "selection_GT": "Seleção",
  "preview_GT": "Visualizar",
  "noTextWasSelected_GT": "Nenhum texto foi selecionado",
  "nViews_GT": "<text> visualizações",
  "viewCount_GT": "Visualizações",
  "date_GT": "Data",
  "areYouTheOwnerYoutube_GT": "Você é o proprietário deste canal do YouTube?",
  "nVideos_GT": "<text> vídeos",
  "clearFilters_GT": "Limpar filtros",
  "recommendedChannels_GT": "Recomendado",
  "popularChannels_GT": "Popular",
  "allChannels_GT": "Todos os canais",
  "channel_GT": "Canal",
  "lexaAiAssistantPrompts_placeholder_example_GT": "Explicar: Por favor, explique o uso da palavra <WORD> nesta frase: <CONTEXT>\nExemplos: Por favor, dê mais exemplos com a palavra <WORD> como usada nesta frase: <CONTEXT>",
  "updateHistory_GT": "Histórico de atualizações",
  "recentAppUpdates_GT": "Atualizações recentes",
  "moreInfo_GT": "Mais informações",
  "continue_GT": "Continuar",
  "podcasts_GT": "Podcasts",
  "allPodcasts_GT": "Todos os podcasts",
  "podcast_GT": "Podcast",
  "hidden_GT": "Oculto",
  "lexaAiAssistant_GT": "Assistente de IA Lexa",
  "lexaAiAssistantInfo_GT": "Lexa pode responder perguntas sobre palavras e frases no material que você está estudando.\n\nVocê pode editar as perguntas nas definições do Language Reactor.\n\nO modo Pro usa um modelo mais inteligente que pode fornecer respostas melhores.",
  "lexaAiAssistantPrompts_GT": "Prompts do Assistente de IA Lexa",
  "lexaAiAssistantPrompts_tooltip_GT": "Você pode editar estes prompts (perguntas), mas deve respeitar o formato:\n\n[Título da Aba]: [Prompt]\n[Título da Aba]: [Prompt]\netc.\n\nO [Prompt] pode conter os marcadores especiais <WORD> e <CONTEXT>.\n\nVocê pode usar qualquer idioma ao escrever o prompt. Quando uma pergunta for enviada à Lexa, este texto será adicionado no início: Responda às perguntas para um estudante aprendendo [idioma de estudo]. Escreva sua resposta em [idioma de tradução].",
  "hold_GT": "Pressione",
  "invalidFormat_GT": "Formato inválido",
  "howToUseTouch_GT": "Guia de controles de toque",
  "removeThisMessageAndFollowingOnes_GT": "Remover esta e as próximas mensagens",
  "install_GT": "Instalar",
  "refresh_GT": "Atualizar",
  "lexaAiAssistantPrompts_tooltip_intro_GT": "Lexa aparece acima do dicionário quando você clica em uma palavra",
  "homepage_blurb": "🚀 Um conjunto de ferramentas para descobrir, compreender e aprender com materiais nativos. ✨ Experimente uma abordagem imersiva que não é apenas eficaz, mas empolgante! 🔥",
  "homepage_formerly_lln": "Anteriormente conhecido como Language Learning with Netflix",
  "homepage_cardBodyNetflix": "A extensão do navegador transforma suas séries favoritas em aulas de idiomas! 🍿 O modo Pro ativa o reconhecimento de voz e a tradução automática para uma compreensão sem interrupções. 🌍",
  "homepage_cardBodyYoutube": "Milhares de canais sobre qualquer tema que você possa imaginar! 🧠 Desenvolva sua compreensão com linguagem autêntica em contexto. Confira nosso catálogo selecionado! 🎧",
  "homepage_cardBodyFSI": "Desafie-se com programas comprovados de treinamento governamental. Siga exercícios e práticas estruturadas de conversação que desenvolvem fluência real. 💪 Potencialize esses métodos clássicos com as ferramentas modernas do Language Reactor.",
  "homepage_cardTitleWhatToLearn": "O que Aprender",
  "homepage_cardBodyWhatToLearn": "Aprenda de forma inteligente, não apenas intensamente! 🏃‍♂️ Language Reactor sugere as palavras essenciais para sua jornada de aprendizado, ajudando você a focar no que realmente importa.",
  "homepage_cardBodyPhrasePump": "PhrasePump é principalmente um exercício de compreensão auditiva. 🎧 As frases são selecionadas para reforçar palavras salvas que precisam de revisão, e novo vocabulário é introduzido. Ótimo tanto para iniciantes quanto para estudantes avançados.",
  "homepage_cardBodyAria": "Conheça Aria: Sua parceira de idiomas esperta e divertida. Ela é parte professora, parte comediante, e sempre tem uma resposta inteligente na ponta da língua. 💬 Receba correções instantâneas, explore temas ilimitados e desenvolva confiança no seu próprio ritmo! 💡",
  "homepage_cardTitleProMode": "Pro Mode - Opcional",
  "homepage_cardBodyProMode": "Language Reactor já vem repleto de ótimos recursos gratuitos. O modo Pro adiciona um toque especial à sua experiência. ✨",
  "homepage_cardTitleBooksAndWebsites": "Livros e Sites",
  "homepage_cardBodyBooksAndWebsite": "Importe qualquer página da web para o Language Reactor. Ou carregue seus livros favoritos! Acompanhe com a função Texto para Voz. 🎯",
  "clickHereToUseKeyboardControls": "Clique aqui para usar os controles do teclado",
  "uiLanguage_GT": "Idioma da interface",
  "videoFileIntro_GT": "Você pode carregar um arquivo de vídeo e um arquivo de legendas (SRT), e o Language Reactor criará uma tradução para você. Por enquanto, este recurso suporta apenas formatos de vídeo compatíveis com seu navegador, outros formatos podem não exibir imagem.",
  "powerfulToolbox": "O Language Reactor é um poderoso conjunto de ferramentas para aprender idiomas.",
  "discoverUnderstandLearn": "Ele ajuda a descobrir, entender e aprender com materiais nativos.",
  "effectiveInterestingEnjoyable": "Será mais eficaz, interessante e agradável estudar!",
  "extensionAddsNetflixFeatures": "A extensão adiciona legendas em dois idiomas, um dicionário em pop-up, controles precisos de reprodução de vídeo e muitos recursos ao assistir a filmes e séries na Netflix!",
  "thousandsOfChannels": "Milhares de canais para assistir sobre qualquer tema que puder imaginar! Desenvolva sua compreensão com o idioma autêntico em contexto.",
  "booksAndWebsites": "Livros e sites",
  "importTextTranslationTTS": "Importe textos: o Language Reactor adicionará uma tradução automática para o seu idioma e fará a leitura dos textos com um recurso de texto para fala super-realista. (em breve)",
  "intelligentFeeding": "Feed automático e inteligente de conteúdo do idioma. Basta selecionar seu nível de idioma e aproveitar a experiência.",
  "whatToLearn": "O que aprender",
  "suggestVocab": "O Language Reactor pode sugerir em que vocabulário focar, e o que ignorar, para que você possa acelerar o seu progresso!",
  "highlightWhenAppear": "Salve palavras que gostaria de aprender: elas serão destacadas sempre que aparecerem.",
  "homepage_sectionTitleLearn": "Aprenda Com O Que Você Ama",
  "homepage_sectionSubtitleLearn": "Language Reactor ajuda você a encontrar conteúdo para seu nível e interesses",
  "homepage_cardTitleYoutube": "YouTube e Podcasts",
  "homepage_sectionTitleSuperpowers": "Poderes Linguísticos",
  "homepage_sectionSubtitleSuperpowers": "Torne qualquer conteúdo compreensível",
  "homepage_cardTitleBilingualSubs": "Legendas Bilíngues",
  "homepage_cardBodyBilingualSubs": "Aprimore sua compreensão do idioma falado enquanto vê ambas as línguas. Descubra como os significados se conectam entre elas. 👂",
  "homepage_cardTitlePlayback": "Controles precisos de reprodução",
  "homepage_cardBodyPlayback": "⚡ Pause o tempo. Controle a velocidade de reprodução. 🎮 Navegue pelos vídeos usando atalhos do teclado e gestos. Pausa automática após cada legenda e repete até você clicar. 🖱️",
  "homepage_cardTitleDictionary": "Dicionário e Lexa AI",
  "homepage_cardBodyDictionary": "🔍 Clique em qualquer palavra para traduções instantâneas. Frases autênticas com áudio incluído. 🎧 Explicações contextuais do uso das palavras com ajuda da IA. 🌱 Personalize para mostrar informações adicionais!",
  "homepage_sectionSubtitleMaster": "Um conjunto completo de recursos para vocabulário",
  "homepage_cardTitleSmartHighlighting": "Destaque Inteligente",
  "homepage_cardBodySmartHighlighting": "Salve uma palavra uma vez e a veja em todo lugar—em todas as formas. O Language Reactor reconhece plurais, conjugações verbais e formas relacionadas. Reforce seu aprendizado naturalmente em todo o conteúdo.",
  "homepage_cardTitleExportAnki": "Exportar para Anki",
  "homepage_cardBodyExportAnki": "Já usa Anki? 📤 Exporte cartões de memorização para o Anki com capturas de tela e arquivos de áudio.",
  "homepage_sectionTitlePractice": "A prática leva à perfeição",
  "homepage_sectionSubtitlePractice": "Transforme seu aprendizado de passivo em ativo",
  "homepage_cardBodyPhoneTablet": "Language Reactor funciona no seu celular e tablet também. Estamos fazendo melhorias constantemente.",
  "homepage_cardTitlePhoneTablet": "Celular e Tablet",
  "homepage_sectionTitleMaster": "Domine Cada Palavra e Frase",
  "homepage_cardTitleExtension": "Extensão do Navegador",
  "homepage_cardBodyExtension": "Em computadores, instale a extensão do navegador para ativar os recursos do Language Reactor enquanto assiste vídeos nos sites do Netflix e YouTube, e para importar páginas web!",
  "pleaseRefreshAfterChanges": "Atualize após as alterações:",
  "pdfsInThisCourseOnlyOnDesktop": "Os PDFs deste curso só podem ser exibidos no computador.",
  "noAudioFiles": "Sem arquivos de áudio",
  "proFeatures_intro": "Libere todo o potencial da sua jornada de aprendizado com os recursos do Language Reactor Pro! 🚀📚",
  "proFeatures_netflixTitle": "Reconhecimento de Voz e Tradução Automática (Netflix)",
  "proFeatures_netflixFree": "Use legendas fornecidas pela Netflix. 🍿",
  "proFeatures_netflixPro": "🎤 Aproveite o reconhecimento de voz para todas as faixas de áudio. Legendas precisas para áudio dublado nas suas séries favoritas! 🎬 Traduções automáticas são mais literais, para melhor compreensão do material original. 🌍",
  "proFeatures_saveWordsTitle": "Salvar Palavras e Frases",
  "proFeatures_saveWordsFree": "Salve palavras e frases enquanto usa o PhrasePump. 📝",
  "proFeatures_saveWordsPro": "Salve palavras e frases em todas as funcionalidades do Language Reactor. Personalize seu aprendizado com base em seus interesses e lacunas de vocabulário. As palavras marcadas são destacadas em todas as funcionalidades do Language Reactor e podem ser exportadas para o Anki! 📈✨",
  "proFeatures_lexaTitle": "Dicionário Lexa AI",
  "proFeatures_lexaFree": "Obtenha explicações com um modelo básico de inteligência artificial. 🤖",
  "proFeatures_lexaPro": "Aproveite um modelo de IA aprimorado com conhecimento mais amplo, capaz de responder consultas mais complexas com eficiência! 🧠🌐",
  "proFeatures_supportTitle": "Apoie os desenvolvedores",
  "proFeatures_supportDetails": "Seu apoio nos permite continuar melhorando o Language Reactor e trazendo novos recursos para você! ❤️",
  "youCanSubscribeAgainAfterTheEndOfThisPeriod": "Você poderá assinar novamente ao final deste período.",
  "tipHoldTheDictionaryButtonToRecordVoice": "Dica: Mantenha pressionado o botão do dicionário para gravar voz",
  "sentenceOrTextSource": "Fonte",
  "homepage_cardTitleLanguageSupport": "🌍 Suporte para Vários Idiomas",
  "homepage_cardBodyLanguageSupport": "Aprenda com conteúdo em mais de 40 idiomas! 🔤 Veja transliterações para idiomas com sistemas de escrita diferentes. 👀 Oculte legendas até passar o mouse—perfeito para aprimorar suas habilidades de compreensão auditiva.",
  "additional15DiscountUntil5thJanuary2025": "Desconto adicional de 15% até 5 de janeiro de 2025. Use o código 'turtle' durante a compra. 🎅",
  "includeDubbedAudioNF": "Incluir áudio dublado",
  "phrasepumpNeedsImprovementForLang": "PhrasePump ainda precisa de melhorias para o idioma:",
  "addToHomeScreen": "Adicionar à Tela Inicial",
  "textToSpeechVoiceNotAvailableForThisLangError": "Voz de texto para fala não disponível para este idioma. Tente instalar pacotes de idioma adicionais para o seu sistema (se disponível).",
  "textToSpeechInSafariNotGreatTryEdgeOrChrome": "O texto para voz no navegador Safari não é muito bom. Instale o Microsoft Edge ou Chrome para ter vozes melhores.",
  "dueForReview": "Para revisar",
  "signInWithGoogle": "Entrar com o Google",
  "allServersRunningNormally": "Todos os servidores funcionando normalmente.",
  "clearHistory": "Limpar",
  "copiedText": "Copiado:",
  "loadingText": "Carregando texto...",
  "installChromeExtension": "Instalar extensão do Chrome",
  "itemsRemoved": "Itens removidos",
  "removingItemsFailed": "Falha ao remover itens.",
  "itemsUpdated": "Itens atualizados",
  "autopauseNotAvailableOnYoutube": "Pausa automática não disponível no YouTube.",
  "sideBySideLayout": "Lado a lado",
  "overAndUnderLayout": "Em cima e embaixo",
  "youAlsoHaveItemsInOtherLanguages": "Você também tem itens salvos em outros idiomas. Altere o idioma nas definições para vê-los.",
  "otherLanguages": "Outros idiomas",
  "paymentsAreCurrentlyNotSupportedInYourCountry": "As transações não estão disponíveis no seu país.",
  "titles_header": "Títulos",
  "sources_header": "Fontes",
  "holdTheButtonToRecord": "Mantenha o botão pressionado para gravar",
  "noOption": "Nenhuma opção",
  "learningResources": "Recursos",
  "deleteMyData": "Excluir meus dados",
  "deleteMyData_confirmationMessage": "Isso irá apagar permanentemente todas as suas definições, itens salvos, histórico de prática, mídia e textos salvos. Você tem certeza?",
  "advancedActions": "Ações avançadas",
  "successDone": "Sucesso!",
  "qKey": "Alternar pausa automática",
  "rKey": "Salvar legenda atual",
  "copyKey": "Copiar frase atual",
  "unknownRank": "Classificação desconhecida",
  "mostFrequentWord": "palavra mais frequente",
  "studyStore_errorSavingCardStats": "Erro ao salvar estatísticas do cartão.",
  "studyStore_errorSavingCardRating": "Erro ao salvar a avaliação do cartão.",
  "studyStore_loginNoLongerValid": "O login não é mais válido, por favor recarregue esta página.",
  "studyStore_tooltip_extraPracticeSentence": "Esta frase não é mostrada por causa de uma palavra específica que você salvou. É uma prática extra para melhorar seu conhecimento de compreensão auditiva e gramática.",
  "studyStore_tooltip_savedInYoutube": "Salvo no vídeo do Youtube: ",
  "studyStore_tooltip_savedInNetflix": "Salvo no vídeo da Netflix: ",
  "studyStore_extraPracticeIndicator": "[prática extra]",
  "studyStore_errorLoadFlashcardMetadataFailed": "Falha ao carregar metadados do cartão de estudo.",
  "studyStore_errorLoadPracticeItemsFailed": "Falha ao carregar os itens de prática.",
  "studyStore_errorLoadAudioFailed": "Falha ao carregar áudio.",
  "studyStore_errorGettingAudio": "Erro ao obter áudio: ",
  "savedItemsStore_errorTooManyItems": "Você tem itens demais",
  "savedItemsStore_errorSavingItem": "Erro ao salvar item.",
  "savedItemsStore_errorUpdatingItemsFailed": "Falha ao atualizar os itens.",
  "savedItemsStore_errorFailedToRemoveItem": "Falha ao remover item.",
  "savedItemsStore_devError_itemNotFoundForSetStudied": "Item salvo não existe: ",
  "mediaStore_errorFailedToGetPlaylistInfo": "Falha ao obter informações da playlist.",
  "mediaStore_errorFailedToGetDocumentInfo": "Falha ao obter informações do documento.",
  "mediaStore_errorDocNotFoundInPlaylist": "Documento não encontrado na playlist.",
  "userDataStore_errorFailedToSaveUserData": "Não foi possível atualizar as definições salvas.",
  "userDataStore_errorUpdatingSavedItemKeys": "Não foi possível recuperar os itens salvos.",
  "chatStore_errorNannyRefusedMessage": "O serviço de chat não conseguiu processar sua mensagem, tente escrevê-la de outra forma.",
  "chatStore_errorQuotaExceededPro": "Cota de uso do chat excedida, tente novamente amanhã.",
  "chatStore_errorAsrFailed": "Não foi possível processar sua mensagem, tente novamente.",
  "chatStore_errorGettingChatMessages": "Erro ao obter mensagens do Chat.",
  "chatStore_errorQuotaExceededMachine": "Cota de chat excedida. Verifique sua assinatura ou tente novamente mais tarde.",
  "chatStore_errorQueueFull": "Desculpe, os servidores estão em capacidade máxima no momento, estamos trabalhando nisso.",
  "chatStore_infoProUsersPriorityAccess": "Usuários Pro têm acesso prioritário.",
  "chatStore_errorLoadingConversationLangMismatch": "Erro ao carregar conversa: Incompatibilidade nas definições de idioma.",
  "chatStore_placeholderEnterWordsHere": "[digite as palavras aqui]",
  "notifications_prefixNetworkError": "Erro de rede, verifique sua conexão WiFi. ",
  "notifications_prefixNotFound": "Erro: Não encontrado. ",
  "notifications_prefixBadRequest": "Erro no sistema, tente novamente mais tarde. ",
  "notifications_prefixTokenError": "Erro de login, por favor faça login novamente. ",
  "notifications_prefixServerError": "Erro no servidor, tente novamente mais tarde. ",
  "notifications_prefixNotProUser": "Os recursos Pro não estão mais disponíveis. ",
  "notifications_prefixRateLimitExceeded": "Limite de tentativas excedido. Tente mais tarde. ",
  "mediaDocPodcast_errorTimeoutDownloadingAudio": "Tempo limite excedido ao baixar áudio do URL.",
  "media_errorLoadingMediaTranslations": "Erro ao carregar traduções de mídia.",
  "media_errorAsrQuotaExceeded": "Você atingiu o limite diário de processamento de áudio. Tente novamente amanhã.",
  "media_errorAsrQueueFull": "O servidor de processamento de áudio está ocupado. Por favor, tente novamente mais tarde.",
  "media_errorLoadingAsr": "Erro ao carregar o reconhecimento de fala.",
  "media_errorAsrTooLong": "O reconhecimento de voz está demorando muito para processar. Por favor, tente novamente mais tarde.",
  "media_errorLoadingNlpData": "Erro ao carregar dados de PLN.",
  "mediaDocText_errorFetchingPageTranslations": "Erro ao buscar traduções da página.",
  "mediaDocText_errorFetchingTextInfo": "Erro ao buscar informações do texto.",
  "mediaDocText_errorFetchingPageNlp": "Erro ao buscar página de PLN.",
  "mediaDocText_errorFetchingPageTts": "Erro ao buscar áudio da página.",
  "media_errorLoadingMediaMetadata": "Erro ao carregar metadados da mídia.",
  "media_errorFetchingSubtitlesForVideo": "Erro ao buscar legendas para o vídeo.",
  "media_errorAsrNotAvailableForVideo": "O reconhecimento de fala não está disponível para este vídeo, desculpe.",
  "media_errorFetchingVideoTranslations": "Erro ao buscar traduções do vídeo."
}