{
  "langCode": "ro",
  "appNameTr": "Reactor de Limbă",
  "appName": "Reactor de Limbă",
  "appDesc": "Îmbunătățiți-vă abilitățile eficient și plăcut, vizionând filme și serii în limba pe care o studiați.",
  "catalogue": "Catalog",
  "catalogue_tooltip": "Găsiți filme și serii potrivite pentru utilizarea cu Language Reactor.",
  "help": "Ajutor",
  "help_tooltip": "Ghiduri de utilizare și sfaturi.",
  "feedback": "Trimiteți feedback",
  "feedback_tooltip": "Raportați probleme sau sugerați funcții",
  "facebook": "Facebook",
  "facebook_tooltip": "Urmăriți-ne pentru actualizări.",
  "originalLanguage_label": "Limba originală:",
  "originalLanguage_tooltip": "Limba originală a acestui film Netflix.",
  "noDictionary_error": "Suportul pentru dicționar pentru <text> va fi disponibil în curând.",
  "subtitleLanguage_label": "Limba subtitrărilor Netflix",
  "subtitleLanguage_tooltip": "Aceasta este limba subtitrărilor Netflix selectate.",
  "subtitlesNotLoaded_error": "Subtitrările Netflix nu au fost încărcate. A fost selectată o limbă de subtitrări în setările de redare Netflix?",
  "subtitlesNoMatchAudio_error": "Subtitrările Netflix selectate (<text>) nu se potrivesc cu audio. Vă rugăm să le setați pe limba originală a titlului (<text>) în controalele de redare Netflix sau căutați în catalogul Language Reactor titluri sugerate pentru limba pe care o studiați.",
  "subtitlesNoMatchAudio_ASR_error_GT": "Subtitrările în <text> nu se potrivesc cu audio. Schimbați la subtitrările în limba originală (<text>) în controalele de redare Netflix, sau căutați un titlu sugerat pentru limba dumneavoastră țintă în catalogul Language Reactor. Alternativ, puteți folosi pista de recunoaștere vocală (ASR).",
  "audioNoMatchSubtitles_error": "Pista audio Netflix selectată (<text>) nu corespunde probabil cu subtitrările. Vă rugăm să schimbați la limba originală a titlului (<text>) în controalele de redare Netflix sau căutați un titlu sugerat pentru limba dumneavoastră țintă în catalogul Language Reactor.",
  "audioLanguage_label": "Limba audio Netflix",
  "audioLanguage_tooltip": "Aceasta este limba pistei audio Netflix selectate.",
  "pleaseSelectSubtitles": "- Selectați subtitrările în controalele Netflix -",
  "pleaseSelectSubtitlesYoutube": "- Selectați subtitrările în controlul Youtube -",
  "loadingSubtitles": "- Se încarcă subtitrările, vă rugăm să așteptați... -",
  "loadingTranslations": "Se încarcă traducerile...",
  "firstSubtitleNotReached": "- Primul subtitlu nu a început încă. -",
  "errorApology_OLD": "Language Reactor a detectat că a apărut o eroare. Dezvoltatorii au fost notificați. Vă rugăm să încercați să reîncărcați pagina sau să încercați din nou în 24 de ore. Ne cerem scuze pentru inconvenient. Verificați pagina noastră de Facebook pentru actualizări. Mesaj de eroare: <text>",
  "openClose_tooltip": "Deschideți / închideți Language Reactor.",
  "vocabHighlight_label": "Evidențierea vocabularului",
  "levelWithNumber": "Nivel <text>: <text> cuvinte",
  "levelDisable": "Nivel <text>: dezactivați",
  "translationLanguage_label": "Limba de traducere",
  "translationLanguage_tooltip": "Aceasta este limba pentru traducere - setați-o ca limba dumneavoastră nativă.",
  "showMachineTranslation_label": "Afișați traducerea automată",
  "showMachineTranslation_tooltip": "Afișați o traducere automată a subtitrărilor sursă în limba dumneavoastră.",
  "showHumanTranslation_label": "Afișați traducerea umană",
  "showHumanTranslation_tooltip": "Afișați o traducere profesională atunci când este disponibilă.",
  "slowSpeechSegments": "Încetiniți segmentele de vorbire",
  "slowSpeechSegments_tooltip": "Reduceți viteza de redare a videoclipului la 0,8x atunci când un subtitlu este activ, pentru a facilita înțelegerea.",
  "keyboardShortcuts": "Comenzi rapide de tastatură:",
  "previous": "Anterior",
  "next": "Următorul",
  "previousSub": "Subtitrare anterioară",
  "nextSub": "Subtitrare următoare",
  "play": "Reda",
  "playPause": "Redare / Pauză",
  "repeat": "Repetă",
  "infiniteRepeat": "Repetare infinită",
  "alsoUseASD": "Taste alternative: A, S, D, Spațiu",
  "autoPause": "Pauză automată",
  "autoPause_tooltip": "Pauzați automat redarea la sfârșitul fiecărui subtitlu.",
  "none": "Niciunul",
  "nms_tip": "Învățați o limbă? Încercați extensia noastră pentru studierea unei limbi cu Netflix.",
  "welcomeModal_line1_string": "Bine ați venit la noul Reactor de Limbaje",
  "welcomeModal_line2_string": "Am adăugat mai multe îmbunătățiri:",
  "welcomeModal_line3_string": "Subtitrările pot apărea acum deasupra videoclipului.",
  "welcomeModal_line4_string": "Panoul lateral nou arată toate subtitrările.",
  "welcomeModal_line5_string": "Suport mai bun pentru limbile asiatice.",
  "proFeatures_line1_string": "Modul \"Pro\" include:",
  "proFeatures_line2_string": "Traduceri automate",
  "proFeatures_tt2_string": "Traducerile sunt mai precise și surprind mai bine sensul original.",
  "proFeatures_line3_string": "Salvați cuvinte și expresii",
  "proFeatures_tt3_string": "Urmăriți progresul vocabularului dumneavoastră cu evidențiere automată. Exportați în carduri Anki.",
  "proFeatures_line4_string": "Subtitrări pentru conținut dublat",
  "proFeatures_tt4_string_GT": "Multe serii de pe Netflix au piste audio suplimentare în alte limbi (audio dublat), dar Netflix nu are subtitrări corecte pentru aceste piste audio. Language Reactor poate crea subtitrări din audio, astfel încât dumneavoastră să puteți studia, de exemplu, limba germană cu Breaking Bad.",
  "proFeatures_line5_string": "Susțineți dezvoltatorii",
  "proFeatures_tt5_string": "Lucrăm din greu pentru a îmbunătăți extensia și a vă aduce noi funcții.",
  "price_string": "Prețul pe lună este:",
  "welcomeModal_line6_string": "Traducerea automată era gratuită înainte, dar acesta este un serviciu costisitor de oferit. Sperăm că înțelegeți.",
  "useForFree_line_string": "Puteți utiliza aceste funcții gratuit timp de o săptămână.",
  "useForFree_twoWeeks_line_string": "Puteți utiliza aceste funcții gratuit timp de două săptămâni.",
  "useProForFreeTwoWeeks_string": "Puteți utiliza funcțiile Pro gratuit timp de două săptămâni.",
  "notNow_btn_string": "Nu acum",
  "continueWithGoogle_btn_string": "Continuați cu Google",
  "trialBegunModal_body_string": "Funcțiile „Pro” au fost activate.",
  "ok_btn_string": "OK",
  "prePaymentModal_line1_string": "Abonați-vă pentru a continua să utilizați funcțiile „Pro”.",
  "choosePaymentProvider_line_string": "Alegeți metoda de plată:",
  "payWithGoogle_btn_string": "Plătiți cu cardul de credit.",
  "payWithPaddle_btn_string": "Plătiți cu cardul de credit sau PayPal.",
  "christmasSale_GT": "20% reducere până la 1 ianuarie",
  "youPayEveryMonth_GT": "Plată lunară:",
  "or_GT": "sau",
  "youPayEvery3Months_GT": "Plată trimestrială:",
  "youPayEveryYear_GT": "Plată anuală:",
  "oneMonth_GT": "1 lună",
  "threeMonths_GT": "3 luni",
  "oneYear_GT": "1 an",
  "subscriptionLabel_GT": "Abonament. Puteți anula după plată dacă nu doriți reînnoirea automată.",
  "choose_GT": "Alege",
  "paymentSuccessful_line1_string": "Plata a fost finalizată. Vă mulțumim pentru sprijinul dumneavoastră.",
  "paymentSuccessful_line2_string": "Puteți anula abonamentul dumneavoastră oricând din setări.",
  "paymentSuccessfulPaddleMessage_line_string": "Notă: Dacă plata dumneavoastră necesită verificare manuală, vă rugăm să așteptați câteva ore. Modului 'Pro' se va activa automat.",
  "cancelGoogle_line_string": "Notă: modul ‘Pro’ va rămâne activ timp de 30 de zile după ultima dumneavoastră plată.",
  "cancelSubscription_btn_string": "Anulați abonamentul",
  "problemWithPayment_line1_string": "A fost detectată o problemă cu plata dumneavoastră.",
  "problemWithPayment_line2_string": "Reîncărcați această fereastră după ce ați actualizat informațiile de plată.",
  "updatePayment_btn_string": "Actualizați informațiile de plată",
  "alreadyUserPleaseSignIn": "Aveți deja un cont? Conectați-vă.",
  "pleaseSignIn": "Conectați-vă pentru a continua.",
  "pleaseSignInOrRegister": "Conectați-vă sau creați un cont pentru a accesa funcții suplimentare.",
  "noCreditCardInfoNoChargeAfterTrial": "Nu sunt necesare informații despre cardul de credit. Nu vă vom percepe taxe după perioada de probă, decât dacă alegeți să vă abonați.",
  "signIn": "Conectați-vă",
  "signOut": "Deconectare",
  "options": "Setări",
  "mode": "Mod:",
  "manageSubscription": "Gestionați abonamentul",
  "mode_free": "Gratuit",
  "mode_basic": "Mod de bază",
  "mode_pro": "Pro",
  "signInStatus": "Starea autentificării:",
  "signedIn": "Conectat",
  "notSignedIn": "Nu sunteți conectat",
  "fix": "Repara",
  "featureComingSoon": "Funcția va fi disponibilă în curând.",
  "showTransliterations": "Afișați transliterările",
  "noTransliterations": "Fără transliterări",
  "romaji": "Original + Romaji",
  "hiragana": "Original + Hiragana",
  "romajiOnly": "Numai Romaji",
  "hiraganaOnly": "Numai Hiragana",
  "withOriginalForm": "Cu forma originală",
  "transliterationsOnly": "Numai transliterări",
  "hideTransliterationsForKnownWords_GT": "Ascundeți transliterările pentru cuvintele cunoscute",
  "playbackSpeed": "Viteza de redare",
  "normal": "Normal",
  "notAvailable": "Nu este disponibil.",
  "noHTAvailable": "Nu există traducere umană disponibilă pentru limba selectată.",
  "noMTAvailable": "Traducerea automată funcționează doar cu subtitrările originale ale filmului.",
  "proFeature": "Funcție Premium",
  "saveCurrentSubtitle": "Salvați subtitrarea curentă",
  "toggleAutoPause": "Comutare pauză automată",
  "exportToAnki": "Exportați în Anki",
  "pleaseSelectItemsToExport": "Alegeți articolele pe care doriți să le exportați:",
  "allItems": "Toate elementele",
  "download": "Descarcă",
  "subtitles": "Subtitrări",
  "words": "Cuvinte",
  "savedItems_short": "Salvate",
  "savedItems": "Elemente salvate",
  "saved": "Salvat",
  "allLanguages": "Toate limbile",
  "allTypes": "Toate tipurile",
  "yellowWords": "Cuvinte galbene",
  "blueWords": "Cuvinte albastre",
  "greenWords": "Cuvinte verzi",
  "purpleWords": "Cuvinte violet",
  "redWords": "Cuvinte roșii",
  "phrases": "Expresii",
  "noSavedItems": "Nu există elemente salvate.",
  "clickAStar": "Salvați subtitrările cu pictograma stelei, salvați cuvintele cu butoanele colorate din dicționar.",
  "loadingDotDotDot": "Se încarcă...",
  "showMore": "Afișați mai mult",
  "openCloseBottomPanel": "Deschide/închide panoul de jos",
  "openCloseVerticalView": "Deschide/închide vizualizarea verticală",
  "close": "Închide",
  "autoPaused": "PORNIT AUTOMAT",
  "pressSpaceToContinue": "(Apăsați tasta SPAȚIU pentru a continua)",
  "saveWordTooltip": "Salvați cuvântul (disponibil și prin clic dreapta)",
  "subscriptionToProFeatures": "Abonament pentru funcțiile \"Pro\".",
  "tryForFree": "Încercați gratuit",
  "noCreditCardRequired": "Nu este necesară o carte de credit.",
  "noCharge": "Spre deosebire de altele, nu vă vom percepe taxe în timpul perioadei de evaluare și nu vom actualiza automat abonamentul dumneavoastră.",
  "subscriptionActive": "Abonamentul dumneavoastră este activ.",
  "speedUpPlayback": "Accelerați redarea",
  "slowDownPlayback": "Încetiniți redarea",
  "highlightSavedWords_label": "Evidențiați cuvintele salvate",
  "onRightClick_label": "Acțiune la clic dreapta",
  "onLongPress_label_GT": "Acțiune de apăsare lungă",
  "suggestedToKnownWordsRatio_label_GT": "Proporția între cuvintele sugerate și cele cunoscute",
  "showVV_label": "Afișați lista de subtitrări",
  "showSubsBelowVideo_label": "Afișați subtitrările sub video",
  "otherPossibleTranslations": "Alte traduceri posibile",
  "doNothing_option": "Nu faceți nimic",
  "showDict_option": "Afișați dicționarul",
  "showDictSpeak_option": "Afișați dicționarul și pronunțați cuvântul",
  "speakWord_option": "Pronunța cuvântul",
  "saveWord_option": "Salvați cuvântul",
  "removeAllItems": "Eliminați toate elementele",
  "areYouSure": "Sunteți sigur?",
  "hideTranslation": "Ascunde traducerea",
  "hideTranslation_tt": "Ascundeți traducerea în timpul redării. Faceți clic pe text sau apăsați [e] pentru a arăta traducerea.",
  "littlePracticeEveryDay": "Practica regulată este cheia învățării unei limbi.",
  "enableLln": "Activați Reactorul de Limbă",
  "doYouLikeOurExtension": "Cum vi se pare Language Reactor?",
  "reportBug": "Raportați o problemă",
  "translationNotFound": "Nu se găsește traducerea.",
  "usageExamples": "Exemple de utilizare",
  "userDefinedExternalDict_label": "URL-uri personalizate pentru dicționar",
  "turnOnOff": "Activare/Dezactivare",
  "fontSize_label": "Dimensiunea fontului",
  "extraSmall": "Foarte mic",
  "small": "Mic",
  "large": "Mare",
  "extraLarge": "Foarte mare",
  "removeSubtitle": "Eliminare",
  "settings": "Setări",
  "subtitleLanguage_label_yt": "Limba subtitrărilor YouTube",
  "subtitleLanguage_tooltip_yt": "Aceasta este limba subtitrărilor YouTube selectate.",
  "subtitlesNotLoaded_error_yt": "Subtitrările YouTube nu au fost încărcate. Ați selectat o limbă de subtitrare în meniul de redare YouTube?",
  "exportAsJson": "Exportați ca JSON",
  "exportAsCsv": "Exportați ca CSV",
  "exportAsExcel": "Exportați ca Excel",
  "overrideArrowKeys_label": "Utilizați tastele săgeată pentru navigarea subtitrărilor",
  "overrideArrowKeys_tt": "Tastele săgeată vor funcționa la fel ca tastele A, S și D",
  "changelist": "Modificări recente",
  "print": "Tipăriți",
  "export": "Exportați",
  "appDescYoutube": "Învățați limbi în mod natural vizionând videoclipuri în limba dumneavoastră țintă.",
  "externalDictsMessage": "Accesați ultimul dicționar extern utilizat ținând apăsată tasta Shift în timp ce faceți clic pe un cuvânt.",
  "userDefinedExternalDict_tooltip": "Adăugați URL-uri personalizate pentru dicționare care vor apărea în dicționar alături de celelalte butoane pentru dicționare externe (denumite U1, U2...). Includeți 'WORD' cu majuscule - acesta va fi înlocuit cu cuvântul pe care îl căutați. Adăugați fiecare URL pe o linie nouă.",
  "pleaseLeaveReviewMessage": "Îți place Language Reactor? Te rugăm să ne ajuți lăsând un review în Chrome Web Store.",
  "writeReview": "Scrieți o recenzie",
  "saveSubtitle": "Salvează",
  "translate": "Traducere",
  "selectLang": "Selectați limba",
  "searchVidsWithSubs": "Căutați videoclipuri cu subtitrări (CC)",
  "searchSettings": "Setările de căutare",
  "sourceLang": "Limba sursă:",
  "chatWithOtherUsers": "Discutați cu alți utilizatori ai Language Reactor",
  "forum": "Forum",
  "tip": "Sfat:",
  "considerChangingYoutubeLanguage": "Schimbați setările de limbă YouTube pentru rezultate de căutare mai bune.",
  "seeHow": "Învățați cum",
  "helloPleaseSelectYourNativeLanguage": "Vă rugăm să selectați limba dumneavoastră maternă:",
  "yourNativeLanguage_GT": "Limba dumneavoastră maternă:",
  "autoHideYoutubePlaybackBarRecommended": "Ascundeți automat bara de redare YouTube (recomandat)",
  "dontChangeTheInterface": "Nu schimbați interfața",
  "hidePlaybackBar": "Ascunde bara de redare",
  "font": "Font:",
  "defaultRecommended": "Implicit (recomandat)",
  "subtitlesHidden": "Subtitrări (ascunse)",
  "noSubsForThisVideo": "Nu sunt subtitrări pentru acest videoclip.",
  "forceOriginalTracks": "Forțați pistele originale",
  "forceOriginalTracks_desc": "Dacă este activată, această opțiune va comuta video-ul la audio și subtitrări în limba originală atunci când extensia este activată.",
  "hideSubtitles": "Ascunde subtitrările",
  "disabled": "Dezactivat",
  "hideTranslations": "Ascunde traducerile",
  "hideBoth": "Ascundeți ambele",
  "showSubtitleControls": "Afișați controalele subtitrărilor",
  "moveToggleControls": "Mutare/activare controale",
  "netflixTestsMessage": "Pentru a asigura funcționarea corectă a Language Reactor, dezactivați participarea la testele Netflix:",
  "disableTesting": "Dezactivați testarea",
  "nextBillingDate": "Următoarea dată de facturare",
  "youCanUseProForXXDays": "Puteți folosi funcțiile Pro pentru încă <text> zile.",
  "youCanUseFreeForXXDays": "Puteți utiliza funcțiile gratuite timp de <text> zile.",
  "subtitlesCouldNotBeLoaded": "Nu s-au putut încărca subtitrările.",
  "adIsPlaying": "Se redă o reclamă.",
  "yourSubscriptionHasExpired": "Abonamentul dumneavoastră a expirat.",
  "youHaveCanceledYourSubscription": "Abonamentul dumneavoastră a fost anulat.",
  "nowYouCanStudyWithYoutubeToo": "Acum puteți învăța și cu videoclipuri YouTube.",
  "machineTranslations": "Traducere automată",
  "humanTranslations": "Traducere umană",
  "belowAreWordsFromTheCurrentVideo_GT": "Cuvinte din acest videoclip, sortate după frecvență",
  "rightClickWordToSaveIt_GT": "Faceți clic dreapta pentru a marca un cuvânt",
  "leftClickToOpenDict": "Faceți clic stânga pentru dicționar și exemple.",
  "selectVocabLevelToMarkPurple": "Setați nivelul de vocabular în setări pentru a marca cu violet cuvintele mai puțin comune.",
  "aboveCurrentLevel": "Deasupra nivelului actual",
  "unsavedWords": "Cuvinte nesalvate",
  "levelX": "Nivel <text>",
  "tips": "Sfaturi",
  "emptyTemplate": "",
  "thisExportHasMultipleParts": "Această exportare conține mai multe părți.",
  "downloadPartXX": "Descărcați partea <text>",
  "thisItemWasSavedInAnotherVideo": "Acest element a fost salvat dintr-un alt videoclip.",
  "cancel": "Anulați",
  "openVideo": "Deschideți videoclipul",
  "format": "Format",
  "printHtml": "Tipăriți (HTML)",
  "mustReadHowToImportToAnki": "Lectură importantă: Cum să importați în Anki.",
  "infoAboutCsvExport": "Informații despre exportul CSV",
  "jsonDataSchema": "Schema de date JSON",
  "language": "Limba",
  "itemType": "Tip de articol",
  "includeTimestamps": "Includeți marcaje de timp",
  "youCanChangeTranslitsOptionsInSettings": "Puteți ajusta opțiunile de transliterare în setări.",
  "preferredTranslations": "Traduceri preferate",
  "onlyNewItemsSinceLastExport": "Numai articole noi de la ultima exportare",
  "includeMedia": "Includeți media",
  "langName_is": "islandeză",
  "langName_ga": "Irlandez",
  "langName_az": "Azerbaidjan",
  "langName_af": "Afrikaans",
  "langName_am": "Amhară",
  "langName_ar": "Arabă",
  "langName_sq": "Albanez",
  "langName_hy": "Armeană",
  "langName_it": "Italiană",
  "langName_yi": "Iidiș",
  "langName_ig": "Igbo",
  "langName_id": "Indoneziană",
  "langName_ug": "Uigur",
  "langName_cy": "Wales",
  "langName_uk": "Ucrainian",
  "langName_uz": "Uzbec",
  "langName_ur": "Urdu",
  "langName_et": "Estonian",
  "langName_eo": "Esperanto",
  "langName_or": "Odia",
  "langName_nl": "Olandeză",
  "langName_kk": "Kazah",
  "langName_ca": "Catalană",
  "langName_gl": "Galițian",
  "langName_kn": "Kannada",
  "langName_rw": "Kinyarwanda",
  "langName_el": "Grec",
  "langName_ky": "Kârgâz",
  "langName_gu": "Gujarat",
  "langName_km": "Khmer",
  "langName_ku": "Kurdă",
  "langName_hr": "Croată",
  "langName_xh": "Xhosa",
  "langName_co": "Corsicană",
  "langName_sm": "Samoan",
  "langName_jv": "Javanese",
  "langName_ka": "Georgian",
  "langName_sn": "Shona",
  "langName_sd": "Sindhi",
  "langName_si": "Sinhala",
  "langName_sv": "Suedeză",
  "langName_zu": "Zulu",
  "langName_gd": "Gaelic Scoțian",
  "langName_es": "Spaniolă",
  "langName_sk": "Slovacă",
  "langName_sl": "Slovenă",
  "langName_sw": "Suaheli",
  "langName_su": "Sundanez",
  "langName_ceb": "Cebuano",
  "langName_sr": "sârbo",
  "langName_so": "Somalez",
  "langName_th": "Thailandeză",
  "langName_tg": "Tadjik",
  "langName_tt": "Tătar",
  "langName_ta": "Tamil",
  "langName_cs": "Ceha",
  "langName_te": "Telugu",
  "langName_da": "Danez",
  "langName_de": "Germană",
  "langName_tk": "Turkmen",
  "langName_tr": "Turcă",
  "langName_ny": "Nyanja",
  "langName_ne": "Nepaleză",
  "langName_no": "Norvegian",
  "langName_ht": "Creolă haitiană",
  "langName_ha": "Hausa",
  "langName_ps": "Pashto",
  "langName_eu": "Bască",
  "langName_haw": "Hawaian",
  "langName_hu": "Ungară",
  "langName_pa": "Punjabi",
  "langName_hi": "Hindi",
  "langName_tl": "Filipineză",
  "langName_fi": "Finlandeză",
  "langName_hmn": "Hmong",
  "langName_fr": "Franceză",
  "langName_bg": "Bulgăre",
  "langName_vi": "Vietnameză",
  "langName_iw": "Ebraică",
  "langName_be": "Bielorusă",
  "langName_fa": "Persan",
  "langName_bn": "Bengaleză",
  "langName_pl": "Poloneză",
  "langName_bs": "Bosniacă",
  "langName_pt": "Portugheză",
  "langName_mi": "Maori",
  "langName_mk": "Macedonean",
  "langName_mg": "Malgache",
  "langName_mr": "Marathi",
  "langName_ml": "Malayalam",
  "langName_mt": "Maltese",
  "langName_ms": "Malay",
  "langName_my": "Birmaneză",
  "langName_mn": "Mongol",
  "langName_yo": "Yoruba",
  "langName_lo": "Lao",
  "langName_la": "Latină",
  "langName_lv": "Leton",
  "langName_lt": "Lituaniană",
  "langName_ro": "Română",
  "langName_lb": "Luxemburghez",
  "langName_ru": "Rusă",
  "langName_en": "Engleză",
  "langName_ko": "Coreeană",
  "langName_fy": "Frisian Occidental",
  "langName_zh-CN": "Chineză (Simplificată)",
  "langName_zh-TW": "Chineză (Tradițională)",
  "langName_st": "Sotho Meridional",
  "langName_ja": "Japoneză",
  "netflixCatalogue": "Catalog Netflix",
  "notAllTitlesAllCountries": "Pentru că nu toate titlurile sunt disponibile în toate țările, trebuie să selectați țara în care Netflix detectează că vă aflați.",
  "catalogueByOriginalLanguage": "Catalogul listează titlurile în funcție de limba lor originală. Vă permite să găsiți filme franțuzești pentru a studia limba franceză și filme germane pentru a studia limba germană, etc.",
  "goodSubtitlesForOriginal": "Netflix are subtitrări bune pentru limba originală a unui titlu, care se potrivesc cu pista audio.",
  "oftenDontMatch": "Subtitrările nu se potrivesc adesea cu audio pentru versiunile dublate.",
  "yourCountry": "Țara dumneavoastră",
  "allCountries": "Toate țările",
  "numberFound_colon": "Găsit:",
  "genre_colon": "Genul:",
  "released_colon": "Lansat:",
  "runtime_colon": "Timp de execuție:",
  "drama": "Dramă",
  "action": "Acțiune",
  "crime": "Crimă",
  "thriller": "Thriller",
  "adventure": "Aventura",
  "scifi": "Ficțiune științifică",
  "romance": "Romantism",
  "fantasy": "Fantezie",
  "mystery": "Mister",
  "war": "Război",
  "biography": "Biografie",
  "history": "Istorie",
  "clearHistory_GT": "Șterge istoricul",
  "comedy": "Comedie",
  "horror": "Groază",
  "sport": "Sport",
  "music": "Muzică",
  "animation": "Animație",
  "musical": "Musical",
  "noMoviesFoundForThisSearch": "Nu s-au găsit titluri corespunzătoare.",
  "youtubeCatalogue": "Catalog YouTube",
  "installExtensionForEnhancedFeatures": "Sfaturi: Instalați extensia pentru a obține funcții îmbunătățite în timp ce vizionați Netflix și YouTube.",
  "weCreatedYTCatalogue": "Am creat acest catalog pentru a vă ajuta să găsiți canale excelente pentru învățare.",
  "errorLoadingData": "Imposibil de încărcat datele.",
  "search": "Căutare",
  "subscribers_colon": "Abonați:",
  "withSubtitles_colon": "Cu subtitrări:",
  "score_colon": "Scor:",
  "installExtensionForBetterExperience": "Adăugați extensia noastră de browser pentru o experiență mai bună.",
  "translationSameAsSource_text_text": "Limba de traducere (<text>) este aceeași cu limba sursă (<text>). Vă rugăm să luați în considerare schimbarea limbii de traducere în setări.",
  "translationNotSupported_text_text": "Traducerea din <text> în <text> nu este disponibilă în prezent.",
  "selectDifferentTranslationLanguage": "Alegeți o altă limbă de traducere.",
  "nextVideo": "Următorul videoclip",
  "prevVideo": "Videoclip anterior",
  "smallVideo": "Video mic",
  "bigVideo": "Video mare",
  "showTranslation": "Afișați traducerea (dacă este disponibilă)",
  "watchingVideos": "Vizionarea videoclipurilor:",
  "afterInstallingAdditionalFeatures": "Extensia noastră de browser adaugă instrumente de învățare a limbilor pe site-urile Netflix și YouTube.",
  "whatToWatch": "Ce să vizionați",
  "weCreatedNetflixAndYoutubeCatalogue": "Pentru a vă ajuta să găsiți videoclipuri, am creat un catalog pentru Netflix și YouTube. Puteți deschide acest catalog din meniul din stânga acestei pagini.",
  "alreadyOpenPleaseReload": "Dacă aveți deja deschis Netflix sau YouTube, vă rugăm să reîncărcați fereastra.",
  "clickToOpenSettings": "Faceți clic aici pentru a deschide setările.",
  "clickEnableExtraFeatures": "Faceți clic aici pentru a activa sau dezactiva funcțiile suplimentare.",
  "formerlyCalled": "(anterior numit „Language Learning with Netflix”)",
  "startInstallExtension": "Instalați extensia noastră de browser pentru a începe.",
  "saveAndReview": "Salvați și revizuiți",
  "reviewWordsAndPhrases": "Puteți revizui cuvintele și expresiile pe care le-ați salvat ca fișe, precum și să învățați cuvinte noi.",
  "underActiveDevelopment": "Acest proiect este în dezvoltare activă. Pentru a sugera o funcție sau a raporta o problemă, vă rugăm să vizitați forumul nostru.",
  "writeToUs": "Vă rugăm să ne scrieți pentru alte întrebări.",
  "setupComplete": "Configurare completă",
  "clickWordDictionary": "Faceți clic pe un cuvânt pentru definiția sa. Faceți clic dreapta pentru a-l salva.",
  "autopauseEverySubtitle": "Pauză automată după fiecare subtitlu.",
  "machineAndHumanTranslations": "În setări, puteți alege între două tipuri de traduceri: automată și umană. Traducerea automată este foarte literală și vă ajută să înțelegeți structura frazei în limba pe care o studiați. Uneori poate conține erori. Traducerea umană este adesea utilă, deoarece traduce corect expresiile și modismele.",
  "keyboardKeys": "Controlați redarea cu tastele de pe tastatură:",
  "aKey": "Subtitrarea anterioară",
  "sKey": "Repetă subtitrarea",
  "dKey": "Subtitrarea următoare",
  "spaceKey": "Redare/Pauză",
  "settingsForMoreShortcuts": "Găsiți mai multe scurtături în setări.",
  "weCreatedNetflixCatalogue": "Am creat un catalog special pentru a vă ajuta să găsiți titluri Netflix cu subtitrări de înaltă calitate în limba pe care o studiați.",
  "youtubeHasAnyTopic": "YouTube are conținut pe orice subiect, în toate limbile majore, deși poate filtra conținutul străin în mod implicit.",
  "pageNotFound": "Pagina nu a fost găsită.",
  "videosNoLongerAvailable": "Este posibil ca unele dintre videoclipurile listate să nu mai fie disponibile în țara dumneavoastră.",
  "votes_text": "<text> voturi",
  "countries_text": "<text> țări",
  "watch": "Vizionați",
  "tryAgain": "Încercați din nou",
  "videoUnavailablePleaseContinue": "Acest videoclip nu este disponibil. Vă rugăm să continuați cu următorul.",
  "nextPage": "Pagina următoare",
  "prevPage": "Pagina anterioară",
  "videos": "Videoclipuri",
  "selectPlaylist": "Vă rugăm să selectați o listă de redare.",
  "flashcardTooltipProposal": "Numărul de elemente noi care intră în ciclul de studiu în această sesiune",
  "flashcardTooltipExposure": "Numărul de elemente pentru revizuire în această sesiune",
  "flashcardTooltipTest": "Numărul de elemente pentru Quiz în această sesiune",
  "flashcardExposureTooltip": "Cardurile de expunere arată diferite propoziții exemplu folosind cuvintele salvate pentru a vă ajuta să înțelegeți diversele lor utilizări.",
  "flashcardExposure": "Expunere",
  "flashcardTestTooltip": "Cardurile de test evaluează cunoștințele dumneavoastră despre cuvinte și propoziții",
  "flashcardTest": "Test",
  "lastPracticed_text": "Ultima practică: <text>",
  "itemsDueForPractice_text": "<text> elemente datorate pentru practică.",
  "startPractice": "Începe practica",
  "betterWaitTillTomorrow": "Este mai bine să așteptați până mâine pentru următoarea sesiune de practică.",
  "practiceMore": "Continuă să exersezi",
  "savedWordsAppearHere": "Sugestie: când salvați cuvinte și expresii, acestea vor apărea aici când va fi timpul să le revizuiți.",
  "showAnswer": "Afișați răspunsul",
  "fail": "Incorect",
  "hard": "Dificil",
  "easy": "Ușor",
  "success": "Corect",
  "ok": "Înțeles",
  "extraButtonsSearchBar": "Utilizați aceste butoane lângă bara de căutare YouTube:",
  "leftTranslateRightSearch": "Butonul din stânga traduce textul din câmpul de căutare, pentru a vă ajuta să găsiți mai ușor videoclipuri în limba pe care o studiați. Butonul din dreapta caută videoclipuri cu subtitrări.",
  "youtubeInterfaceLanguageMoreVideos": "Puteți schimba limba interfeței YouTube în limba pe care o studiați. YouTube vă va arăta mai multe videoclipuri în această limbă.",
  "howToChangeYoutubeInterfaceLanguage": "Cum să schimbați limba interfeței YouTube",
  "clickButtonTopRight": "Faceți clic pe butonul din colțul din dreapta sus al ecranului dumneavoastră:",
  "lookForLanguageSetting": "Găsiți setarea „Limba”:",
  "whenChangeMoreResults": "Schimbarea limbii va afișa mai multe rezultate în limba pe care o studiați.",
  "onlyDesktopCheckBack": "Language Reactor este disponibil în prezent doar pe desktop.",
  "open": "Deschide",
  "word": "Cuvânt",
  "phrase": "Frază",
  "translation": "Traducere",
  "context": "Context",
  "source": "Sursă",
  "actions": "Acțiuni",
  "accountInformation": "Informații despre cont",
  "quickSettings": "Setări rapide",
  "fullSettings": "Setări complete",
  "gettingStarted": "Începeți",
  "exportHelp": "Ghid de export",
  "studyTips": "Sfaturi pentru studiu",
  "howToImportWebpage": "Importați o pagină web",
  "importWithRightClick": "Puteți importa o pagină web în Language Reactor din meniul clic dreapta.",
  "extensionInstalledForThisFeature": "Este necesară instalarea extensiei de browser pentru această funcție.",
  "importText": "Importați text",
  "goToReaderMode": "Comutați la modul de Lectură",
  "edit": "EDITAȚI",
  "read": "CITEȘTE",
  "posADJ_UD": "Adj.",
  "posADP_UD": "Adp.",
  "posADV_UD": "Adv.",
  "posAUX_UD": "Aux.",
  "posNOU_UD": "Substantiv",
  "posPRO_UD": "Pronume",
  "posVER_UD": "Verb",
  "posDET_UD": "Det.",
  "posSYM_UD": "Simbol",
  "posINT_UD": "Int.",
  "posCCO_UD": "Coord. Conj.",
  "posPUN_UD": "Punct.",
  "posNUM_UD": "Numerical",
  "posPAR_UD": "Particulă",
  "posSCO_UD": "Sub. Conj.",
  "posX_UD": "Străin",
  "posCONJ": "Conj.",
  "posPREP": "Prep.",
  "ok2": "OK",
  "pleaseWait": "Vă rugăm să așteptați...",
  "ohNoPleaseAddPermissionLRLogin": "Vă rugăm să permiteți extensiei de browser Language Reactor să funcționeze pe languagereactor.com pentru a permite o conectare reușită.",
  "recommended$Videos$": "Recomandat",
  "$videos$WithSubtitles": "Cu subtitrări",
  "$videosWith$MostSubscribers": "Cei mai mulți abonați",
  "sortBy": "Sortează după",
  "$video$Rating": "Evaluare",
  "yearReleased": "Anul",
  "type$OfVideo$": "Tip",
  "any$TypeOfVideo$": "Toate",
  "movies": "Filme",
  "series": "Serii",
  "genres": "Genuri",
  "all$Genres$": "Toate",
  "goToIMDB": "Vizualizați pe IMDB",
  "availableIn": "Disponibil în:",
  "errorLoadingVideo": "Imposibil de încărcat video",
  "goBack": "Înapoi",
  "sorryThisPlaylistIsMissing": "Ne pare rău, această listă de redare nu a fost găsită.",
  "sorryThisVideoIsMissing": "Ne pare rău, acest video nu este disponibil.",
  "videoList": "Lista de videoclipuri",
  "studyLanguage": "Studiați limba",
  "iAmLearning": "Învăț",
  "playAll": "Redați tot",
  "bigUpdate": "Actualizare nouă",
  "readMore": "Citiți mai mult",
  "iGotIt": "Am înțeles",
  "allWords": "Toate cuvintele",
  "savedWords": "Cuvinte salvate",
  "savedPhrases": "Frase salvate",
  "setVocabLevel_short": "Nivel vocabular:",
  "setVocabLevel": "Stabiliți nivelul de vocabular",
  "changeVocabLevelConfirmation_GT": "Doriți să schimbați nivelul de vocabular de la <text> la <text>?",
  "changeStudyLevel": "Schimbați nivelul",
  "currentStudyLevel": "Nivelul actual de vocabular:",
  "change": "Schimbați",
  "pleaseSelectYourStudyLevelToContinue": "Selectați nivelul dumneavoastră de vocabular pentru a continua",
  "frequency": "Frecvență",
  "alphabetical": "Alfabetic",
  "LEARNING": "Învățare",
  "KNOWN": "Cunoscut",
  "SKIPPED": "Nu învățați",
  "SKIPPED_short": "Nu învăța",
  "knownWords_GT": "Cuvinte cunoscute",
  "tag": "Etichete",
  "errorLoadingList": "Imposibil de încărcat cuvintele",
  "pleaseSelectLanguageOnTop_GT": "Selectați o limbă mai sus",
  "xSelected": "<text> selectate",
  "setLearningStage": "Setați etapa de învățare",
  "thisWillAffectXItemsAreYouSure": "Aceasta va schimba <text> elemente. Continuați?",
  "yes": "Da",
  "no": "Nu",
  "removeItems": "Eliminați elementele",
  "setTag": "Setați eticheta",
  "selectAllOrNone": "Selectați tot / nimic",
  "logIn": "Conectați-vă",
  "noItemsFound": "Nu s-au găsit elemente",
  "upgrade": "Abonare",
  "transliterationsJapanese": "Transliterări japoneze",
  "transliterationsVisibility_GT": "Afișați transliterările",
  "alwaysShow_GT": "Întotdeauna",
  "hideForKnownWords_GT": "Ascunde pentru cuvintele cunoscute",
  "hideForMarkedAndKnownWords_GT": "Ascunde pentru cuvintele marcate și cunoscute",
  "specialWords_GT": "Cuvinte speciale",
  "specialWords_info_GT": "Nume, locuri, numere, etc.",
  "markedWords_GT": "Cuvinte marcate",
  "markWord_GT": "Marcați cuvântul",
  "savedWordsMarkingTooltipDesc_GT": "Cuvintele marcate își păstrează statutul atunci când schimbați nivelul de vocabular. Ele apar cu un contur.",
  "wordStatus_desc_GT": "Starea provine din nivelul de vocabular sau din marcarea individuală.",
  "wordColors_desc_GT": "Aceste setări controlează apariția cuvintelor în subtitrări și texte. În vizualizarea 'Elemente salvate', se folosește întotdeauna colorarea completă a cuvintelor.",
  "suggestedWords_desc_GT": "Cele mai utile cuvinte pe care să le învățați în continuare.",
  "showKnownWordsInGreen": "Afișați cuvintele cunoscute în verde",
  "showMarkedLearningWordsInOrange_GT": "Afișați cuvintele de învățare marcate în portocaliu",
  "showSuggestedWordsInOrange_GT": "Afișați cuvintele sugerate în portocaliu",
  "showRareWordsInGrey_GT": "Ascundeți cuvinte rare",
  "outline_GT": "Contur",
  "outlineMarkedWordsInText": "Subliniați cuvintele marcate în text",
  "showTagsInText": "Afișați etichetele în text",
  "showLearningStageButtonsInMiniDictionary": "Afișați butoanele etapei de învățare la trecerea mouse-ului",
  "switchLearningStage_GT": "Comuta între cunoscute / învățare",
  "switchTags": "Comutare etichete",
  "switchLanguage_GT": "Schimbați limba",
  "dictionary": "Dicționar",
  "speakWordOnClick": "Pronunțați cuvântul la clic",
  "basicSettings": "Setări de bază",
  "machineTranslationsAvailable": "Traduceri automate disponibile",
  "belowAreWordsOfIncreasingDifficultyDesc": "Mai jos sunt cuvinte de dificultate crescătoare. Faceți clic pe ultima linie unde cunoașteți toate cuvintele (derulați pentru a vedea mai multe).",
  "iDontKnowAnyWordsYet": "Abia încep.",
  "exampleText": "Text de exemplu:",
  "wordColors_GT": "Culorile cuvintelor",
  "reset_GT": "Resetare",
  "newChat_GT": "Chat nou",
  "autoCorrectGrammar_GT": "Corectare automată a gramaticii",
  "estimatedNumberOfKnownWords": "Număr estimat de cuvinte cunoscute",
  "article": "Articol",
  "fullText": "Text complet",
  "textMode": "Text",
  "myText_GT": "Textul meu",
  "myTexts_GT": "Textele dumneavoastră",
  "books_GT": "Cărți",
  "pasteAnyTextYouWishToStudyHere": "Lipiti textul dumneavoastră de studiu aici",
  "videoFile": "Fișier video",
  "selectVideo": "Selectați video",
  "selectVideoFile": "Selectați fișierul video",
  "selectSubtitles": "Selectați subtitrările",
  "subtitlesLanguage": "Limba subtitrărilor",
  "save": "Salvați",
  "copy": "Copiază",
  "copyCurrentSentence": "Copiați propoziția curentă",
  "wordNotFound": "Cuvântul nu a fost găsit",
  "markWhetherYouKnowThisWordDesc": "Marcați dacă cunoașteți acest cuvânt. Marcarea cuvintelor în portocaliu (În învățare) le va adăuga la cardurile dumneavoastră de studiu.",
  "shortcutRightClick": "Click dreapta",
  "shortcutMiddleClick": "Click mediu",
  "addTagToAWordDesc": "Puteți folosi etichete pentru a crea grupuri de cuvinte. Cuvintele etichetate pot fi exportate separat. Etichetele pot fi afișate ca sublinieri colorate; acest lucru poate fi controlat în setări.",
  "markAsKnown": "Marchează ca cunoscut",
  "markAsLearning": "Marchează ca învățare",
  "markedKnown_GT": "Marcat ca cunoscut",
  "markedToLearn": "Marcat pentru a învăța",
  "learningNow": "Învățare acum",
  "learnt": "Învățat",
  "learn": "Învățați",
  "remove": "Eliminare",
  "noTag": "Fără etichetă",
  "examplesSavedItems": "Exemple: Elemente salvate",
  "examplesCurrentText": "Exemple: textul curent",
  "examples": "Exemple:",
  "pleaseSignInToUseThisFeature": "Conectați-vă pentru a utiliza această funcție.",
  "pleaseSignInToUseThisFreeFeature": "Conectați-vă pentru a utiliza această funcție gratuită.",
  "soThatWeCanSaveYourProgress": "(pentru a putea salva progresul dumneavoastră)",
  "phrasepumpInfoTooltipShort": "PhrasePump vă ajută să învățați prin propoziții pe care le puteți înțelege, îmbunătățind vocabularul, ascultarea și gramatica.",
  "phrasepumpInfoTooltip": "PhrasePump vă oferă un set de propoziții pe care ar trebui să le înțelegeți în mare parte. Îmbunătățește vocabularul, abilitățile de ascultare și cunoștințele gramaticale. Se selectează propoziții cu cuvinte pe care trebuie să le exersați sau care conțin cuvinte noi de învățat.",
  "fumingRiver": "Lăsați limba să curgă prin dumneavoastră ca un râu, sculptând noi căi în mintea dumneavoastră.",
  "itemsDueForReview": "elemente datorate pentru revizuire urgentă",
  "noCardsToStudy": "Nu sunt carduri de studiat.",
  "tryEnablingMoreStudyModes": "Încercați să activați mai multe moduri de studiu.",
  "pleaseMarkMoreItemsOrWait": "Marcați mai multe elemente de studiat sau așteptați ca elementele existente să devină disponibile.",
  "statistics": "Statistici",
  "xCards": "<text> cărți",
  "cards": "Carduri",
  "cardsPracticedToday": "Practica de astăzi",
  "showLast": "Afișați ultimele:",
  "day": "Zi",
  "week": "Săptămână",
  "month": "Lună",
  "threeMonths": "3 luni",
  "markedToLearnDesc": "Cuvintele și expresiile salvate care sunt încă în așteptare pentru a fi exersate.",
  "suggestions": "Sugestii",
  "suggestionsDesc": "După ce ați practicat elementele salvate, PhrasePump vă poate sugera cuvinte de învățat.",
  "suggestionsDesc_noMoreLeft": "Nu mai sunt sugestii disponibile.",
  "suggestionsDesc_noSuggestionsForLang": "Sugestiile nu sunt disponibile pentru această limbă.",
  "inTheLastXDaysYouStartedToPracticeYItems": "În ultimele <text> zile, ați început să practicați <text> cuvinte și expresii noi „marcate pentru a fi învățate”.",
  "inTheLastXDaysYouStartedToPracticeYSuggestedWords": "Ați început să practicați <text> cuvinte sugerate în ultimele <text> zile.",
  "youArePracticingXItems": "Practicați activ <text> cuvinte și expresii.",
  "inTheLastXDaysYouHaveLearntYItems": "În ultimele <text> zile, ați învățat <text> cuvinte și expresii.",
  "inTheLastXDaysYouHavePracticedYItems": "În ultimele <text> zile, ați practicat <text> cuvinte și expresii.",
  "learntDescLearntXItems": "Ați învățat <text> elemente. Acestea sunt cuvinte și expresii pe care este probabil să le rețineți timp de cel puțin șase săptămâni.",
  "halflifeDays_GT": "Timpul de înjumătățire (zile)",
  "languageSelector": "Selector de limbă",
  "addLanguage": "Adăugați limbă",
  "dueItems": "Elemente de revizuit:",
  "chooseALanguage": "Alegeți o limbă",
  "showContext_GT": "Afișați contextul",
  "add": "Adăugați",
  "forgot": "Am uitat",
  "okay": "Corect",
  "quizzes": "Chestionare",
  "suggestedWords": "Cuvinte sugerate",
  "practice": "Exersați",
  "thisIsTheFirstTimeYouArePracticingThisItem": "Aceasta este prima dată când practicați acest element.",
  "quiz": "Chestionar",
  "whatShouldGoInTheGap": "Completați spațiul.",
  "useTranslationForHelp": "Verificați traducerea pentru ajutor.",
  "suggestedWord": "Cuvânt sugerat",
  "wouldYouLikeToLearnThisWord": "Ați dori să învățați acest cuvânt nou?",
  "listeningPractice": "Exercițiu de ascultare",
  "tryToUnderstandBeforeYouRevealTheText": "Încercați să înțelegeți înainte de a dezvălui textul.",
  "newItems": "Articole noi",
  "newWordsTooltip": "Procentajul maxim de carduri utilizate pentru prezentarea de noi elemente ('Marcate pentru a învăța' și 'Sugestii'). Reduceți acest procentaj pentru a vă concentra mai mult pe revizuire. Când multe elemente sunt datorate, numărul de elemente noi este redus automat.",
  "sessionSize": "Dimensiunea sesiunii",
  "sessionSizeTooltip": "Numărul de carduri pe sesiune de practică.",
  "reveal": "Afișați răspunsul",
  "savePhrase": "Salvați fraza",
  "learningStage": "Etapa de învățare",
  "savingWords": "Cum să salvați cuvinte",
  "oldSystem": "Sistemul anterior:",
  "newSystem": "Sistemul actual:",
  "greenKnownOrSuggestedWords": "Alb: Cuvinte cunoscute și sugerate",
  "orangeMarkedWords": "Portocală: Cuvinte marcate pentru învățare",
  "dictStageTagsPickerDesc": "Aici puteți marca dacă cunoașteți cuvântul (alb), dacă îl învățați (portocaliu) sau dacă doriți să-l săriți (gri). Puteți adăuga etichete care se vor afișa ca sublinieri colorate.",
  "exportFromLanguageReactor": "Exportați din Language Reactor...",
  "viewAll": "Vezi tot",
  "wordViewNotSupported": "Această funcție nu este disponibilă pentru această limbă în prezent.",
  "green": "verde",
  "yellow": "galben",
  "red": "roșu",
  "blue": "albastru",
  "lastSaved": "Ultima salvare",
  "rank": "rang",
  "wordList": "Lista de cuvinte",
  "up1": "Anterior, ați salvat cuvinte folosind culori (roșu, verde, galben, albastru). Această funcționalitate este acum denumită \"etichete\" și se afișează ca sublinieri. Comportamentul clicului dreapta poate fi personalizat în setări.",
  "up2": "În această actualizare, Language Reactor poate acum să urmărească cuvintele pe care le cunoașteți și, pentru cuvintele pe care nu le cunoașteți, vă sugerează dacă ar trebui să le învățați sau nu. Acest lucru permite software-ului să efectueze lucruri utile. Funcționează pentru aproximativ 40 de limbi.",
  "up3": "Cuvintele ALBE sunt cele pe care le cunoașteți sau la care ar trebui să acordați atenție.",
  "up4": "Cuvintele pe care le-ați marcat pentru învățare sunt evidențiate în ORANGE.",
  "up5": "Cuvintele mai puțin frecvente pe care nu trebuie să le învățați acum sunt colorate în GRI.",
  "up6": "Aceste categorii se numesc „Etape de învățare”.",
  "up7": "Puteți seta rapid dimensiunea vocabularului dumneavoastră în setările dicționarului, în loc să marcați fiecare cuvânt individual.",
  "up8": "Pentru a actualiza cuvintele dumneavoastră existente colorate:",
  "up9": "1. Deschideți fila „Elemente salvate”",
  "up10": "2. Faceți clic pe „Cuvinte salvate”.",
  "up11": "3. Selectați culoarea etichetei",
  "up12": "Bifați caseta de selectare „selectați tot”.",
  "up13": "5. Alegeți o Etapă de Învățare",
  "up14": "Odată ce ați făcut acest lucru, este posibil să doriți să dezactivați sublinierile colorate pentru etichete, în tab-ul Setări, pentru a reduce zgomotul vizual atunci când vizionați filme, etc.",
  "up15": "Sistemul de colorare este opțional - puteți dezactiva colorarea cuvintelor în funcție de starea de învățare în setări:",
  "clickToReadMore": "Citiți mai mult",
  "layout_GT": "Aspect",
  "videoSize_GT": "Dimensiunea videoclipului",
  "youAreLearning_GT": "Studiați limba",
  "start_screen": "Începe",
  "theTextSeemsToBeIn_lang_GT": "Acest text pare să fie în <text>.",
  "changeSourceLanguageTo_lang_GT": "Doriți să treceți la <text>?",
  "clearAllHistoryConfirmation_GT": "Doriți să ștergeți tot istoricul de <text>?",
  "chatHomescreenText_1_GT": "Discută cu AI, pentru că, ei bine, nu ai pe nimeni mai bun cu cine să vorbești?",
  "chatHomescreenText_2_GT": "Totuși, am făcut-o distractivă.",
  "chatPreprompt_label_GT": "Instrucțiuni pentru chat:",
  "chatPreprompt_tooltip_GT": "Instrucțiuni trimise către IA înainte de fiecare conversație",
  "typeTheTextToTranslate_GT": "Introduceți textul de tradus",
  "showMiniDictionary_GT": "Afișați mini dicționarul",
  "yourMessage_GT": "Mesajul dumneavoastră",
  "other_GT": "Altele",
  "pressAndHoldToRecordVoice_GT": "Mențineți apăsat pentru a înregistra",
  "recording_GT": "Înregistrare în curs...",
  "switchBetweenShortcutsAndInputMode_GT": "Comuta între scurtături și modul de introducere",
  "pressTabToswitchBetweenShortcutsAndInputMode_GT": "Apăsați [ESC] pentru a comuta între scurtăturile de tastatură și modul de introducere",
  "preferredAudioSource_GT": "Sursa audio preferată",
  "originalAudioWhenAvailable_GT": "Audio original (când este disponibil)",
  "computerAudioTTS_GT": "Text-to-Speech",
  "include_GT": "Includeți",
  "noItemsForThisLanguage_GT": "Nu sunt elemente în această limbă",
  "startReading_GT": "Începeți lectura",
  "numberOfPages_GT": "Numărul de pagini",
  "nextDocument_GT": "Documentul următor",
  "prevDocument_GT": "Document anterior",
  "noVerticalView_GT": "Fără vizualizare verticală",
  "playbackRate_GT": "Rata de redare",
  "numPages_GT": "<text> pagini",
  "chapters_GT": "Capitole",
  "book_GT": "Carte",
  "audioTrack_GT": "Pista audio",
  "simplifiedVersion_GT": "Versiune simplificată",
  "dubbedAudio_GT": "Audio dublat",
  "dubbedAudioDesc_GT": "Acest videoclip a fost inițial într-o altă limbă. Utilizați recunoașterea vocală pentru subtitrări care să corespundă audio-ului.",
  "rewindForward5s_GT": "Avansați cu 5s",
  "rewindBack5s_GT": "Înapoi 5s",
  "readTheForumPost_GT": "Citiți mesajul de pe forum",
  "youtubeChannels_GT": "Canale YouTube",
  "channels_GT": "Canale",
  "thisFeatureIsUnderDevelopmentWillBeImprovedSoon_GT": "Această funcție este în curs de dezvoltare și va fi îmbunătățită în curând.",
  "loadingAudio_GT": "Se încarcă audio...",
  "media_GT": "Media",
  "useOurDesktopBrowserExtension_GT": "Utilizați extensia noastră pentru browser de birou atunci când vizionați aceste videoclipuri pentru funcții suplimentare.",
  "holdDictButtonToRecordVoice_GT": "Mențineți apăsat butonul dicționarului pentru a înregistra vocea dumneavoastră",
  "showDictRecord_GT": "Dicționar / Înregistrare",
  "text_GT": "Text",
  "words_GT": "Cuvinte",
  "viewLessFrequentWordsLink_GT": "Vizualizați cuvinte mai puțin comune pe pagina Cuvinte Marcate",
  "newText_GT": "Text nou",
  "untitledText_GT": "Text fără titlu",
  "title_GT": "Titlu",
  "pleaseEnterSomeText_GT": "Introduceți un text pentru a continua",
  "saving_GT": "Se salvează...",
  "theTextSeemsToBeIn_lang_whileYourLangIs_GT": "Textul pare să fie în <text>, în timp ce limba dumneavoastră de studiu actuală este <text>.",
  "hideSubtitle_GT": "Ascunde subtitrarea",
  "translationThenSubtitle_GT": "Traducere apoi subtitlu",
  "subtitleThenTranslation_GT": "Subtitrare, apoi traducere",
  "vocabLevel_GT": "Nivel de vocabular:",
  "selection_GT": "Selecție",
  "preview_GT": "Previzualizare",
  "noTextWasSelected_GT": "Nu a fost selectat niciun text",
  "nViews_GT": "<text> vizualizări",
  "viewCount_GT": "Vizualizări",
  "date_GT": "Data",
  "areYouTheOwnerYoutube_GT": "Sunteți dumneavoastră proprietarul acestui canal de YouTube?",
  "nVideos_GT": "<text> videoclipuri",
  "clearFilters_GT": "Șterge filtrele",
  "recommendedChannels_GT": "Recomandat",
  "popularChannels_GT": "Popular",
  "allChannels_GT": "Toate canalele",
  "channel_GT": "Canal",
  "lexaAiAssistantPrompts_placeholder_example_GT": "Explicație: Vă rugăm să explicați utilizarea cuvântului <WORD> în această propoziție: <CONTEXT>\nExemple: Vă rugăm să oferiți mai multe exemple cu cuvântul <WORD> așa cum este folosit în această propoziție: <CONTEXT>",
  "updateHistory_GT": "Istoricul actualizărilor",
  "recentAppUpdates_GT": "Actualizări recente",
  "moreInfo_GT": "Mai multe informații",
  "continue_GT": "Continuă",
  "podcasts_GT": "Podcasts",
  "allPodcasts_GT": "Toate podcasturile",
  "podcast_GT": "Podcast",
  "hidden_GT": "Ascuns",
  "lexaAiAssistant_GT": "Asistentul AI Lexa",
  "lexaAiAssistantInfo_GT": "Lexa poate răspunde la întrebări despre cuvinte și propoziții din materialul pe care îl studiați.\n\nPuteți edita întrebările în setările Language Reactor.\n\nModul Pro folosește un model mai inteligent care poate oferi răspunsuri mai bune.",
  "lexaAiAssistantPrompts_GT": "Indicații pentru Asistentul AI Lexa",
  "lexaAiAssistantPrompts_tooltip_GT": "Puteți edita aceste sugestii (întrebări), dar trebuie să respectați formatul:\n\n[Titlu Tab]: [Sugestie]\n[Titlu Tab]: [Sugestie]\netc.\n\n[Sugestia] poate conține marcajele speciale <WORD> și <CONTEXT>.\n\nPuteți folosi orice limbă atunci când scrieți sugestia. Când o întrebare este trimisă către Lexa, acest text va fi adăugat la început: Răspundeți la întrebări pentru un student care învață [limba de studiu]. Scrieți răspunsul dumneavoastră în [limba de traducere].",
  "hold_GT": "Mențineți apăsat",
  "invalidFormat_GT": "Format invalid",
  "howToUseTouch_GT": "Ghid pentru controalele tactile",
  "removeThisMessageAndFollowingOnes_GT": "Eliminați acest mesaj și pe cele următoare",
  "install_GT": "Instalați",
  "refresh_GT": "Actualizează",
  "lexaAiAssistantPrompts_tooltip_intro_GT": "Lexa apare deasupra dicționarului când faceți clic pe un cuvânt",
  "homepage_blurb": "🚀 O cutie de unelte pentru a descoperi, înțelege și învăța din materiale native. ✨ Experimentați o abordare imersivă care nu este doar eficientă, ci și captivantă 🔥",
  "homepage_formerly_lln": "Anterior cunoscut sub numele de Language Learning with Netflix",
  "homepage_cardBodyNetflix": "Extensia de browser transformă emisiunile dumneavoastră preferate în lecții de limbă. Modul Pro activează recunoașterea vocală și traducerea automată pentru o înțelegere fluidă. 🌍",
  "homepage_cardBodyYoutube": "Mii de canale YouTube pe orice subiect vă puteți imagina. Dezvoltați-vă înțelegerea cu limbaj autentic în context. Răsfoiți colecția noastră selectată. 🎧",
  "homepage_cardBodyFSI": "Provocați-vă cu programe de formare dovedite de guvern. Urmați exerciții structurate de conversație care dezvoltă o adevărată fluență. 💪 Îmbunătățiți aceste metode clasice cu instrumentele moderne ale Language Reactor.",
  "homepage_cardTitleWhatToLearn": "Ce să învățați",
  "homepage_cardBodyWhatToLearn": "Învățați mai eficient 🏃‍♂️ Language Reactor vă sugerează cuvintele esențiale pentru parcursul dumneavoastră de învățare, ajutându-vă să vă concentrați pe ceea ce contează cel mai mult.",
  "homepage_cardBodyPhrasePump": "PhrasePump este în principal un exercițiu de ascultare. 🎧 Se selectează propoziții care întăresc cuvintele salvate ce necesită revizuire, iar vocabularul nou este introdus. Ideal atât pentru începători, cât și pentru învățăcei avansați.",
  "homepage_cardBodyAria": "Întâlniți-o pe Aria: partenera dumneavoastră de învățare a limbilor străine, cu un spirit ager. Este parte tutore, parte comediană și întotdeauna pregătită cu o replică isteață. 💬 Obțineți corecturi instantanee, explorați subiecte nelimitate și construiți-vă încrederea în propriul ritm. 💡",
  "homepage_cardTitleProMode": "Mod Pro - Opțional",
  "homepage_cardBodyProMode": "Language Reactor este deja dotat cu excelente funcții gratuite. Modul Pro adaugă un strop de magie experienței dumneavoastră. ✨",
  "homepage_cardTitleBooksAndWebsites": "Cărți și site-uri web",
  "homepage_cardBodyBooksAndWebsite": "Importați orice pagină web în Language Reactor sau încărcați-vă cărțile preferate. Ascultați împreună cu Text-to-Speech. 🎯",
  "clickHereToUseKeyboardControls": "Faceți clic aici pentru a utiliza comenzile de la tastatură",
  "uiLanguage_GT": "Limba interfeței",
  "videoFileIntro_GT": "Puteți încărca un fișier video și un fișier de subtitrări (SRT), iar Language Reactor va crea o traducere pentru dumneavoastră. În prezent, această funcție funcționează doar cu formate video acceptate de browserul dumneavoastră, alte formate pot să nu afișeze o imagine.",
  "powerfulToolbox": "Language Reactor este un instrument puternic pentru învățarea limbilor.",
  "discoverUnderstandLearn": "Vă ajută să descoperiți, să înțelegeți și să învățați din materiale native.",
  "effectiveInterestingEnjoyable": "Studii vor deveni mai eficiente, interesante și plăcute.",
  "extensionAddsNetflixFeatures": "Extensia adaugă subtitrări în două limbi, un dicționar pop-up, controale precise pentru redarea video și multe alte funcții atunci când vizionați filme și serii pe site-ul Netflix.",
  "thousandsOfChannels": "Mii de canale pe care le puteți viziona despre orice subiect vă puteți imagina! Dezvoltați-vă înțelegerea cu un limbaj autentic în context.",
  "booksAndWebsites": "Cărți și site-uri web",
  "importTextTranslationTTS": "Importați un text, Language Reactor va adăuga o traducere automată în limba dumneavoastră și va citi textul cu o sinteză vocală super-realistă. (în curând)",
  "intelligentFeeding": "Prezentare automată și inteligentă a conținutului lingvistic. Selectați nivelul dumneavoastră de limbă și bucurați-vă de experiență.",
  "whatToLearn": "Ce să învățați",
  "suggestVocab": "Language Reactor vă poate sugera ce vocabular să vă concentrați asupra lui și ce să omiteți, astfel încât să puteți accelera progresul dumneavoastră.",
  "highlightWhenAppear": "Salvați cuvintele pe care doriți să le învățați, acestea vor fi evidențiate de fiecare dată când apar.",
  "homepage_sectionTitleLearn": "Învățați din ceea ce vă place",
  "homepage_sectionSubtitleLearn": "Language Reactor vă ajută să găsiți conținut potrivit pentru nivelul și interesele dumneavoastră",
  "homepage_cardTitleYoutube": "YouTube și podcasturi",
  "homepage_sectionTitleSuperpowers": "Superputeri Lingvistice",
  "homepage_sectionSubtitleSuperpowers": "Faceți orice conținut comprehensibil",
  "homepage_cardTitleBilingualSubs": "Subtitrări bilingve",
  "homepage_cardBodyBilingualSubs": "Acordați-vă urechea la vorbirea naturală, văzând ambele limbi. Descoperiți cum se corelează semnificațiile între ele. 👂",
  "homepage_cardTitlePlayback": "Controale precise de redare",
  "homepage_cardBodyPlayback": "⚡ Pauză. Controlați viteza de redare. 🎮 Navigați prin videoclipuri folosind combinații de taste și gesturi. Pauză automată după fiecare subtitlu până când continuați. 🖱️",
  "homepage_cardTitleDictionary": "Dicționar & Lexa AI",
  "homepage_cardBodyDictionary": "🔍 Apăsați pe orice cuvânt pentru traduceri instantanee. Propoziții autentice cu înregistrări audio incluse. 🎧 Explicații contextuale ale utilizării cuvintelor, bazate pe inteligență artificială. 🌱 Personalizați pentru a afișa informații suplimentare!",
  "homepage_sectionSubtitleMaster": "Un set complet de instrumente pentru vocabular",
  "homepage_cardTitleSmartHighlighting": "Evidențiere inteligentă",
  "homepage_cardBodySmartHighlighting": "Salvați un cuvânt o dată și îl veți vedea peste tot—în toate formele sale. Language Reactor recunoaște pluralurile, conjugările verbale și formele înrudite. Întăriți-vă învățarea în mod natural prin tot conținutul.",
  "homepage_cardTitleExportAnki": "Exportați în Anki",
  "homepage_cardBodyExportAnki": "Utilizați deja Anki? 📤 Exportați carduri frumoase în Anki cu capturi de ecran și fișiere audio.",
  "homepage_sectionTitlePractice": "Practica duce la perfecțiune",
  "homepage_sectionSubtitlePractice": "Transformați-vă învățarea din pasiv în activ",
  "homepage_cardBodyPhoneTablet": "Language Reactor funcționează și pe telefonul dumneavoastră mobil și pe tabletă. Facem îmbunătățiri în mod constant.",
  "homepage_cardTitlePhoneTablet": "Telefon și tabletă",
  "homepage_sectionTitleMaster": "Stăpâniți fiecare cuvânt și expresie",
  "homepage_cardTitleExtension": "Extensie de Browser",
  "homepage_cardBodyExtension": "Pe calculatoare desktop, instalați extensia pentru browser pentru a activa funcțiile Language Reactor în timp ce vizionați videoclipuri pe site-urile Netflix și YouTube și pentru a importa pagini web!",
  "pleaseRefreshAfterChanges": "Vă rugăm să actualizați după modificări:",
  "pdfsInThisCourseOnlyOnDesktop": "Fișierele PDF din acest curs pot fi afișate doar pe calculator.",
  "noAudioFiles": "Fără fișiere audio",
  "proFeatures_intro": "Descoperiți potențialul maxim al călătoriei dumneavoastră în învățarea limbilor străine cu Language Reactor Pro! 🚀📚",
  "proFeatures_netflixTitle": "Recunoaștere Vocală și Traducere Automată (Netflix)",
  "proFeatures_netflixFree": "Folosiți subtitrările oferite de Netflix. 🍿",
  "proFeatures_netflixPro": "🎤 Beneficiați de recunoaștere vocală pentru toate pistele audio. Subtitrări precise pentru audio dublat în serialele dumneavoastră preferate! 🎬 Traducerile automate sunt mai literale, pentru o mai bună înțelegere a materialului original. 🌍",
  "proFeatures_saveWordsTitle": "Salvați Cuvinte și Expresii",
  "proFeatures_saveWordsFree": "Salvați cuvinte și expresii în timp ce folosiți funcția PhrasePump. 📝",
  "proFeatures_saveWordsPro": "Salvați cuvinte și expresii în toate funcționalitățile Language Reactor. Personalizați-vă învățarea în funcție de interesele personale și lacunele din vocabular. Cuvintele marcate sunt evidențiate în toate funcționalitățile Language Reactor și pot fi exportate în Anki! 📈✨",
  "proFeatures_lexaTitle": "Dicționar Lexa AI",
  "proFeatures_lexaFree": "Obțineți explicații cu ajutorul unui model simplu de inteligență artificială. 🤖",
  "proFeatures_lexaPro": "Beneficiați de un model de inteligență artificială îmbunătățit, cu cunoștințe extinse, capabil să răspundă eficient la întrebări mai complexe! 🧠🌐",
  "proFeatures_supportTitle": "Susțineți echipa de dezvoltare",
  "proFeatures_supportDetails": "Sprijinul dumneavoastră ne permite să continuăm să îmbunătățim Language Reactor și să vă aducem funcții noi! ❤️",
  "youCanSubscribeAgainAfterTheEndOfThisPeriod": "Puteți să vă reabonați din nou la sfârșitul acestei perioade.",
  "tipHoldTheDictionaryButtonToRecordVoice": "Sfat: Țineți apăsat butonul dicționar pentru înregistrare vocală",
  "sentenceOrTextSource": "Sursă",
  "homepage_cardTitleLanguageSupport": "🌍 Suport Extins pentru Limbi",
  "homepage_cardBodyLanguageSupport": "Învățați din conținut în peste 40 de limbi. 🔤 Vedeți transcrierea fonetică pentru limbile cu sisteme de scriere diferite. 👀 Ascundeți subtitrările până treceți cursorul peste text—perfect pentru a vă îmbunătăți abilitățile de ascultare.",
  "additional15DiscountUntil5thJanuary2025": "Reducere suplimentară de 15% până pe 5 ianuarie 2025. Folosiți codul 'turtle' la finalizarea comenzii. 🎅",
  "includeDubbedAudioNF": "Include conținut dublat",
  "phrasepumpNeedsImprovementForLang": "PhrasePump necesită încă îmbunătățiri pentru limba:",
  "addToHomeScreen": "Adaugă pe ecranul principal",
  "textToSpeechVoiceNotAvailableForThisLangError": "Vocea pentru citire automată nu este disponibilă pentru această limbă. Încercați să instalați pachete lingvistice suplimentare pentru sistemul dumneavoastră (dacă sunt disponibile).",
  "textToSpeechInSafariNotGreatTryEdgeOrChrome": "Funcția text-to-speech în browserul Safari nu este optimă. Vă recomandăm să instalați Microsoft Edge sau Chrome pentru o calitate mai bună a vocii.",
  "dueForReview": "De revizuit",
  "signInWithGoogle": "Conectați-vă cu Google",
  "allServersRunningNormally": "Toate serverele funcționează normal.",
  "clearHistory": "Șterge",
  "copiedText": "Copiat:",
  "loadingText": "Se încarcă textul...",
  "installChromeExtension": "Instalați extensia Chrome",
  "itemsRemoved": "Elemente eliminate",
  "removingItemsFailed": "Eliminarea elementelor a eșuat.",
  "itemsUpdated": "Elemente actualizate",
  "autopauseNotAvailableOnYoutube": "Pauza automată nu este disponibilă pe YouTube.",
  "sideBySideLayout": "Alăturat",
  "overAndUnderLayout": "Sus și jos",
  "youAlsoHaveItemsInOtherLanguages": "Aveți elemente salvate și în alte limbi. Schimbați limba din setări pentru a le vedea.",
  "otherLanguages": "Alte limbi",
  "paymentsAreCurrentlyNotSupportedInYourCountry": "Plățile nu sunt disponibile în acest moment în țara dumneavoastră.",
  "titles_header": "Titluri",
  "sources_header": "Surse",
  "holdTheButtonToRecord": "Țineți apăsat butonul pentru a înregistra",
  "noOption": "Nicio opțiune",
  "learningResources": "Resurse",
  "deleteMyData": "Ștergeți datele mele",
  "deleteMyData_confirmationMessage": "Această acțiune va șterge definitiv toate setările dumneavoastră, elementele salvate, istoricul de practică, fișierele media și textele. Sunteți sigur?",
  "advancedActions": "Acțiuni avansate",
  "successDone": "Succes!",
  "qKey": "Comutare pauză automată",
  "rKey": "Salvează subtitrarea curentă",
  "copyKey": "Copiază propoziția curentă",
  "unknownRank": "Rang necunoscut",
  "mostFrequentWord": "cel mai frecvent cuvânt",
  "studyStore_errorSavingCardStats": "Eroare la salvarea statisticilor cardului.",
  "studyStore_errorSavingCardRating": "Eroare la salvarea evaluării cardului.",
  "studyStore_loginNoLongerValid": "Autentificarea nu mai este validă, vă rugăm să reîncărcați această pagină.",
  "studyStore_tooltip_extraPracticeSentence": "Această propoziție nu este afișată datorită unui anumit cuvânt salvat. Este un exercițiu suplimentar pentru a vă îmbunătăți abilitățile de ascultare și cunoștințele de gramatică.",
  "studyStore_tooltip_savedInYoutube": "Salvat în videoclipul YouTube: ",
  "studyStore_tooltip_savedInNetflix": "Salvat din videoul Netflix: ",
  "studyStore_extraPracticeIndicator": "[exercițiu suplimentar]",
  "studyStore_errorLoadFlashcardMetadataFailed": "Încărcarea metadatelor fișelor de învățare a eșuat.",
  "studyStore_errorLoadPracticeItemsFailed": "Încărcarea elementelor de practică a eșuat.",
  "studyStore_errorLoadAudioFailed": "Încărcarea fișierului audio a eșuat.",
  "studyStore_errorGettingAudio": "Eroare la obținerea fișierului audio: ",
  "savedItemsStore_errorTooManyItems": "Aveți prea multe elemente",
  "savedItemsStore_errorSavingItem": "Eroare la salvarea elementului.",
  "savedItemsStore_errorUpdatingItemsFailed": "Actualizarea elementelor a eșuat.",
  "savedItemsStore_errorFailedToRemoveItem": "Nu s-a putut elimina elementul.",
  "savedItemsStore_devError_itemNotFoundForSetStudied": "Elementul salvat nu există: ",
  "mediaStore_errorFailedToGetPlaylistInfo": "Nu s-au putut obține informațiile despre playlist.",
  "mediaStore_errorFailedToGetDocumentInfo": "Nu s-au putut obține informațiile documentului.",
  "mediaStore_errorDocNotFoundInPlaylist": "Documentul nu a fost găsit în lista de redare.",
  "userDataStore_errorFailedToSaveUserData": "Nu s-au putut actualiza setările salvate.",
  "userDataStore_errorUpdatingSavedItemKeys": "Nu s-au putut prelua elementele salvate.",
  "chatStore_errorNannyRefusedMessage": "Serviciul de chat nu a putut procesa mesajul dumneavoastră, vă rugăm să îl reformulați.",
  "chatStore_errorQuotaExceededPro": "Cota de conversație a fost depășită, vă rugăm să încercați din nou mâine.",
  "chatStore_errorAsrFailed": "Nu s-a putut procesa mesajul dumneavoastră, vă rugăm să încercați din nou.",
  "chatStore_errorGettingChatMessages": "Eroare la obținerea mesajelor din chat.",
  "chatStore_errorQuotaExceededMachine": "Cota de chat a fost depășită. Vă rugăm să verificați abonamentul dumneavoastră sau să încercați mai târziu.",
  "chatStore_errorQueueFull": "Ne pare rău, serverele sunt la capacitate maximă în acest moment, lucrăm la rezolvarea problemei.",
  "chatStore_infoProUsersPriorityAccess": "Utilizatorii Pro beneficiază de acces prioritar.",
  "chatStore_errorLoadingConversationLangMismatch": "Eroare la încărcarea conversației: Setările de limbă nu corespund.",
  "chatStore_placeholderEnterWordsHere": "[introduceți cuvintele aici]",
  "notifications_prefixNetworkError": "Eroare de rețea, vă rugăm să verificați conexiunea WiFi. ",
  "notifications_prefixNotFound": "Eroare: Nu a fost găsit. ",
  "notifications_prefixBadRequest": "Eroare de sistem, vă rugăm să încercați din nou mai târziu. ",
  "notifications_prefixTokenError": "Eroare de autentificare, vă rugăm să vă conectați din nou.",
  "notifications_prefixServerError": "Eroare de server, vă rugăm să încercați din nou mai târziu. ",
  "notifications_prefixNotProUser": "Funcțiile Pro nu mai sunt disponibile. ",
  "notifications_prefixRateLimitExceeded": "Limită de accesări depășită. Încercați mai târziu. ",
  "mediaDocPodcast_errorTimeoutDownloadingAudio": "Timpul de descărcare a fișierului audio de la URL a expirat.",
  "media_errorLoadingMediaTranslations": "Eroare la încărcarea traducerilor pentru conținutul media.",
  "media_errorAsrQuotaExceeded": "Ați depășit limita zilnică pentru procesarea audio. Vă rugăm să încercați din nou mâine.",
  "media_errorAsrQueueFull": "Serverul de procesare audio este ocupat. Vă rugăm să încercați mai târziu.",
  "media_errorLoadingAsr": "Eroare la încărcarea recunoașterii vocale.",
  "media_errorAsrTooLong": "Procesarea ASR durează prea mult. Vă rugăm să încercați din nou mai târziu.",
  "media_errorLoadingNlpData": "Eroare la încărcarea datelor NLP.",
  "mediaDocText_errorFetchingPageTranslations": "Eroare la încărcarea traducerilor paginii.",
  "mediaDocText_errorFetchingTextInfo": "Eroare la preluarea informațiilor despre text.",
  "mediaDocText_errorFetchingPageNlp": "Eroare la încărcarea paginii NLP.",
  "mediaDocText_errorFetchingPageTts": "Eroare la încărcarea TTS pentru pagină.",
  "media_errorLoadingMediaMetadata": "Eroare la încărcarea metadatelor media.",
  "media_errorFetchingSubtitlesForVideo": "Eroare la încărcarea subtitrărilor pentru video.",
  "media_errorAsrNotAvailableForVideo": "Recunoașterea vocală nu este disponibilă pentru acest videoclip.",
  "media_errorFetchingVideoTranslations": "Eroare la încărcarea traducerilor pentru video."
}