{
  "langCode": "ru",
  "appNameTr": "Language Reactor",
  "appName": "Language Reactor",
  "appDesc": "Совершенствуйте свои навыки самостоятельно, эффективно и с удовольствием, просматривая фильмы и сериалы на изучаемом языке.",
  "catalogue": "Каталог",
  "catalogue_tooltip": "Найдите фильмы и сериалы, подходящие для использования с Language Reactor.",
  "help": "Помощь",
  "help_tooltip": "Инструкция по применению, советы.",
  "feedback": "Отправить отзыв",
  "feedback_tooltip": "Что-то не так? Запрос функции?",
  "facebook": "Facebook",
  "facebook_tooltip": "Поставьте лайк нашей странице и узнавайте последние новости.",
  "originalLanguage_label": "Исходный язык:",
  "originalLanguage_tooltip": "Оригинальный язык этого фильма на Netflix",
  "noDictionary_error": "Расширение Language Reactor пока не поддерживает использование словаря для <text>. Эта функция скоро появится!",
  "subtitleLanguage_label": "Язык субтитров Netflix",
  "subtitleLanguage_tooltip": "Это язык выбранных субтитров Netflix.",
  "subtitlesNotLoaded_error": "Субтитры Netflix не были загружены. Выбран ли язык субтитров в меню воспроизведения Netflix?",
  "subtitlesNoMatchAudio_error": "Выбранные субтитры Netflix (<text>) не соответствуют аудио. Попробуйте установить для них исходный язык заголовка (<text>) в элементах управления воспроизведением Netflix или найдите в каталоге Language Reactor предлагаемые заголовки для изучаемого языка.",
  "subtitlesNoMatchAudio_ASR_error_GT": "Субтитры <text> не совпадают с аудио. Переключитесь на оригинальные субтитры (<text>) в настройках воспроизведения Netflix или найдите подходящий материал для вашего целевого языка в каталоге Language Reactor. Также вы можете использовать дорожку с автоматическим распознаванием речи (ASR).",
  "audioNoMatchSubtitles_error": "Выбранная звуковая дорожка Netflix (<text>), вероятно, не соответствует субтитрам. Попробуйте настроить её на исходный язык заголовка (<text>) в элементах управления воспроизведением Netflix или поищите в каталоге Language Reactor предлагаемые заголовки для изучаемого языка.",
  "audioLanguage_label": "Язык аудио Netflix",
  "audioLanguage_tooltip": "Это язык выбранной звуковой дорожки Netflix.",
  "pleaseSelectSubtitles": "- Пожалуйста, выберите субтитры в плеере Netflix -",
  "pleaseSelectSubtitlesYoutube": "- Пожалуйста, выберите субтитры в плеере Youtube -",
  "loadingSubtitles": "- Загрузка субтитров, пожалуйста, подождите ... -",
  "loadingTranslations": "Загрузка переводов ...",
  "firstSubtitleNotReached": "- Первый субтитр еще не начался. -",
  "errorApology_OLD": "Language Reactor обнаружил ошибку. Разработчики были уведомлены. Попробуйте перезагрузить страницу или повторите попытку через 24 часа. Приносим извинения за неудобства. Проверьте наличие обновлений на нашей странице на Facebook. Сообщение об ошибке: <text>",
  "openClose_tooltip": "Открыть / закрыть Language Reactor.",
  "vocabHighlight_label": "Выделение лексики",
  "levelWithNumber": "Уровень <text>: <text> слова",
  "levelDisable": "Уровень <text>: отключить",
  "translationLanguage_label": "Язык перевода",
  "translationLanguage_tooltip": "Это язык перевода. Установите его как ваш родной язык.",
  "showMachineTranslation_label": "Показать машинный перевод",
  "showMachineTranslation_tooltip": "Показать машинный перевод исходных субтитров на вашем языке.",
  "showHumanTranslation_label": "Показать перевод, выполненный человеком",
  "showHumanTranslation_tooltip": "Показать перевод исходных субтитров, выполненный человеком, на ваш язык, если он доступен.",
  "slowSpeechSegments": "Замедленные фрагменты речи",
  "slowSpeechSegments_tooltip": "Уменьшите скорость воспроизведения видео, когда субтитры активны (0,8х), чтобы их было легче понять.",
  "keyboardShortcuts": "Горячие клавиши:",
  "previous": "Предыдущий",
  "next": "Следующий",
  "previousSub": "Предыдущий субтитр",
  "nextSub": "Следующий субтитр",
  "play": "Воспроизведение",
  "playPause": "Воспроизвести/Пауза",
  "repeat": "Повтор",
  "infiniteRepeat": "Бесконечное повторение",
  "alsoUseASD": "Вы также можете использовать: A, S, D, пробел",
  "autoPause": "Авто-пауза",
  "autoPause_tooltip": "Автоматически приостанавливать воспроизведение в конце каждого субтитра.",
  "none": "Нет",
  "nms_tip": "Вы изучаете язык? Попробуйте наше новое расширение для изучения языка с Netflix.",
  "welcomeModal_line1_string": "Уважаемые пользователи,",
  "welcomeModal_line2_string": "Мы выполнили важное обновление расширения. Надеемся, вам понравятся новые функции:",
  "welcomeModal_line3_string": "Субтитры теперь могут отображаться поверх видео.",
  "welcomeModal_line4_string": "Дополнительная боковая панель для просмотра всех субтитров.",
  "welcomeModal_line5_string": "Улучшенная поддержка азиатских языков.",
  "proFeatures_line1_string": "Режим «Pro» включает в себя дополнительные функции:",
  "proFeatures_line2_string": "Машинные переводы",
  "proFeatures_tt2_string": "Они ближе по смыслу к оригинальным субтитрам. Более полезны для изучающих языки.",
  "proFeatures_line3_string": "Сохранить слова и фразы",
  "proFeatures_tt3_string": "Любые слова, которые вы сохраняете, выделяются во всех субтитрах. Это помогает организовать ваше обучение. Сохраненные слова и фразы могут быть экспортированы в Anki (программа для запоминания иностранных слов с помощью карточек).",
  "proFeatures_line4_string": "Субтитры для дублированных фильмов",
  "proFeatures_tt4_string_GT": "Многие сериалы на Netflix имеют дополнительные аудиодорожки на других языках (дубляж), но Netflix не предоставляет корректных субтитров для этих аудиодорожек. Language Reactor может создавать субтитры на основе аудио, что позволяет вам изучать, например, немецкий язык с помощью сериала Breaking Bad.",
  "proFeatures_line5_string": "Поддержите разработчиков",
  "proFeatures_tt5_string": "Мы прилагаем все усилия, чтобы улучшить расширение браузера и предложить вам новые функции.",
  "price_string": "Цена за месяц составляет:",
  "welcomeModal_line6_string": "Раньше машинный перевод был бесплатным, но это дорогостоящий сервис. Мы надеемся на ваше понимание.",
  "useForFree_line_string": "Вы можете бесплатно использовать эти функции одну неделю.",
  "useForFree_twoWeeks_line_string": "Вы можете бесплатно использовать эти функции две недели.",
  "useProForFreeTwoWeeks_string": "В течение двух недель вы можете бесплатно пользоваться функциями Pro.",
  "notNow_btn_string": "Не сейчас",
  "continueWithGoogle_btn_string": "Продолжить с учетной записью Google",
  "trialBegunModal_body_string": "«Pro» функции включены!",
  "ok_btn_string": "ОК",
  "prePaymentModal_line1_string": "Подпишитесь, чтобы продолжить использование «Pro» функций.",
  "choosePaymentProvider_line_string": "Пожалуйста, выберите способ оплаты:",
  "payWithGoogle_btn_string": "Кредитные карты принимаются.",
  "payWithPaddle_btn_string": "Кредитные карты и Paypal принимаются.",
  "christmasSale_GT": "Скидка 20% до 1 января",
  "youPayEveryMonth_GT": "Ежемесячный платеж:",
  "or_GT": "или",
  "youPayEvery3Months_GT": "Ежеквартальный платеж:",
  "youPayEveryYear_GT": "Годовая оплата:",
  "oneMonth_GT": "1 месяц",
  "threeMonths_GT": "3 месяца",
  "oneYear_GT": "1 год",
  "subscriptionLabel_GT": "Подписка. После оплаты вы можете отменить автопродление.",
  "choose_GT": "Выбрать",
  "paymentSuccessful_line1_string": "Оплата прошла успешно! Спасибо за поддержку нашего проекта!",
  "paymentSuccessful_line2_string": "Вы в любое время можете отменить свою подписку в настройках.",
  "paymentSuccessfulPaddleMessage_line_string": "Примечание. Если ваш платеж необходимо проверить вручную, пожалуйста, подождите несколько часов, затем режим «Pro» должен активироваться автоматически. Приносим свои извинения за задержку!",
  "cancelGoogle_line_string": "Примечание. Режим «Pro» будет активен в течение 30 дней после последнего платежа.",
  "cancelSubscription_btn_string": "Отменить подписку",
  "problemWithPayment_line1_string": "Возникла проблема с вашей оплатой подписки.",
  "problemWithPayment_line2_string": "После обновления информации о платеже, пожалуйста, перезагрузите это окно.",
  "updatePayment_btn_string": "Обновить информацию о платеже",
  "alreadyUserPleaseSignIn": "Уже зарегистрированный пользователь? Пожалуйста, войдите в систему.",
  "pleaseSignIn": "Пожалуйста, войдите в систему.",
  "pleaseSignInOrRegister": "Для получения доступа к дополнительным опциям войдите в свой аккаунт или зарегистрируйтесь",
  "noCreditCardInfoNoChargeAfterTrial": "Данные кредитной карты не требуются. Плата за пробный период не будет списана, если вы не решите приобрести подписку.",
  "signIn": "Войти в систему",
  "signOut": "Выйти",
  "options": "Опции",
  "mode": "Режим:",
  "manageSubscription": "Управление подпиской",
  "mode_free": "Бесплатный",
  "mode_basic": "Простой режим",
  "mode_pro": "Pro",
  "signInStatus": "Статус входа:",
  "signedIn": "Вошли в систему",
  "notSignedIn": "Не вошли в систему",
  "fix": "Исправить",
  "featureComingSoon": "Функция скоро появится.",
  "showTransliterations": "Показывать транслитерацию",
  "noTransliterations": "Нет транслитерации",
  "romaji": "Оригинал + Ромадзи",
  "hiragana": "Оригинал + Хирагана",
  "romajiOnly": "Только Ромадзи",
  "hiraganaOnly": "Только Хирагана",
  "withOriginalForm": "С исходной формой",
  "transliterationsOnly": "Только транслитерация",
  "hideTransliterationsForKnownWords_GT": "Скрыть транслитерацию для знакомых слов",
  "playbackSpeed": "Скорость воспроизведения",
  "normal": "Обычная",
  "notAvailable": "Недоступно.",
  "noHTAvailable": "Для выбранного языка перевода перевод человеком недоступен.",
  "noMTAvailable": "Машинные переводы доступны только для оригинальных субтитров фильма.",
  "proFeature": "Премиум-функция",
  "saveCurrentSubtitle": "Сохранить текущие субтитры",
  "toggleAutoPause": "Включить/выключить автоматическую паузу",
  "exportToAnki": "Экспорт в Anki",
  "pleaseSelectItemsToExport": "Пожалуйста, выберите элементы для экспорта:",
  "allItems": "Все элементы",
  "download": "Скачать",
  "subtitles": "Субтитры",
  "words": "Слова",
  "savedItems_short": "Сохраненные",
  "savedItems": "Сохраненные элементы",
  "saved": "Сохранено",
  "allLanguages": "Все языки",
  "allTypes": "Все типы",
  "yellowWords": "Желтые слова",
  "blueWords": "Синие слова",
  "greenWords": "Зеленые слова",
  "purpleWords": "Фиолетовые слова",
  "redWords": "Красные слова",
  "phrases": "Фразы",
  "noSavedItems": "Нет сохраненных элементов.",
  "clickAStar": "Нажмите на звездочку, чтобы сохранить субтитры, или на цветные кнопки в словаре, чтобы сохранить слово.",
  "loadingDotDotDot": "Загрузка…",
  "showMore": "Показать больше",
  "openCloseBottomPanel": "Открыть/закрыть нижнюю панель",
  "openCloseVerticalView": "Открыть/закрыть вертикальный вид",
  "close": "Закрыть",
  "autoPaused": "АВТОПАУЗА",
  "pressSpaceToContinue": "(Нажмите ПРОБЕЛ, чтобы продолжить)",
  "saveWordTooltip": "Сохранить слово. Вы также можете кликнуть по слову правой кнопкой мыши, чтобы сохранить его.",
  "subscriptionToProFeatures": "Подписка на функции Pro.",
  "tryForFree": "Попробовать бесплатно",
  "noCreditCardRequired": "Кредитная карта не требуется.",
  "noCharge": "Мы не будем взимать плату во время пробной версии или автоматически продлевать подписку.",
  "subscriptionActive": "Ваша подписка активна.",
  "speedUpPlayback": "Ускорить воспроизведение",
  "slowDownPlayback": "Замедлить воспроизведение",
  "highlightSavedWords_label": "Выделять сохраненные слова",
  "onRightClick_label": "По правому клику",
  "onLongPress_label_GT": "Действие при долгом нажатии",
  "suggestedToKnownWordsRatio_label_GT": "Соотношение предложенных и изученных слов",
  "showVV_label": "Показать субтитры в виде списка",
  "showSubsBelowVideo_label": "Показать субтитры под видео",
  "otherPossibleTranslations": "Другие возможные переводы",
  "doNothing_option": "Ничего не делать",
  "showDict_option": "Показать словарь",
  "showDictSpeak_option": "Показать словарь и произнести слово",
  "speakWord_option": "Произнести слово",
  "saveWord_option": "Сохранить слово",
  "removeAllItems": "Удалить все",
  "areYouSure": "Вы уверены?",
  "hideTranslation": "Скрыть перевод",
  "hideTranslation_tt": "Скрывайте перевод при воспроизведении видео. Нажмите на текст или [e] для отображения перевода.",
  "littlePracticeEveryDay": "Для изучения языка нужно ежедневно немного практиковаться.",
  "enableLln": "Включить Language Reactor",
  "doYouLikeOurExtension": "Вам нравится Language Reactor?",
  "reportBug": "Сообщить об ошибке",
  "translationNotFound": "Перевод не найден.",
  "usageExamples": "Примеры использования",
  "userDefinedExternalDict_label": "URL-адреса пользовательского словаря",
  "turnOnOff": "Включить/выключить",
  "fontSize_label": "Размер шрифта",
  "extraSmall": "Очень маленький",
  "small": "Маленький",
  "large": "Большой",
  "extraLarge": "Очень крупный",
  "removeSubtitle": "Удалить",
  "settings": "Настройки",
  "subtitleLanguage_label_yt": "Язык субтитров YouTube",
  "subtitleLanguage_tooltip_yt": "Это язык выбранных субтитров YouTube.",
  "subtitlesNotLoaded_error_yt": "Субтитры YouTube не были загружены. Выбран ли язык субтитров в меню воспроизведения YouTube?",
  "exportAsJson": "Экспорт в JSON",
  "exportAsCsv": "Экспорт в CSV",
  "exportAsExcel": "Экспорт в Excel",
  "overrideArrowKeys_label": "Переопределение клавиш со стрелками",
  "overrideArrowKeys_tt": "Клавиши со стрелками работают так же, как клавиши A, S и D",
  "changelist": "Список изменений",
  "print": "Печать",
  "export": "Экспорт",
  "appDescYoutube": "Улучшайте свои языковые навыки эффективно и с удовольствием, просматривая видео на изучаемом языке.",
  "externalDictsMessage": "Внешние словари. Вы можете открыть последний использованный внешний словарь напрямую, удерживая клавишу Shift при клике на слово.",
  "userDefinedExternalDict_tooltip": "Пользовательские словари, которые будут отображаться вместе с другими внешними словарями во всплывающем окне (они будут названы U1, U2...). URL должен содержать 'WORD' (заглавными буквами) - это слово будет автоматически заменяться на любое слово, которое вы ищете. Вы можете добавить несколько URL, каждый с новой строки.",
  "pleaseLeaveReviewMessage": "Вам нравится Language Reactor? Поддержите нас, оставив отзыв в магазине Chrome.",
  "writeReview": "Написать отзыв",
  "saveSubtitle": "Сохранить",
  "translate": "Перевести",
  "selectLang": "Выберите язык",
  "searchVidsWithSubs": "Поиск видео с субтитрами (CC)",
  "searchSettings": "Настройки поиска",
  "sourceLang": "Исходный язык:",
  "chatWithOtherUsers": "Общайтесь с другими пользователями Language Reactor в чате",
  "forum": "Форум",
  "tip": "Совет:",
  "considerChangingYoutubeLanguage": "Чтобы оптимизировать результаты поиска, попробуйте сменить язык в настройках YouTube.",
  "seeHow": "Узнать как",
  "helloPleaseSelectYourNativeLanguage": "Здравствуйте! Выберите свой родной язык:",
  "yourNativeLanguage_GT": "Ваш родной язык:",
  "autoHideYoutubePlaybackBarRecommended": "Автоматически скрывать панель воспроизведения YouTube (рекомендуется)",
  "dontChangeTheInterface": "Не изменять интерфейс",
  "hidePlaybackBar": "Скрыть панель воспроизведения",
  "font": "Шрифт",
  "defaultRecommended": "По умолчанию (рекомендуется)",
  "subtitlesHidden": "Субтитры (скрыты)",
  "noSubsForThisVideo": "У этого видео нет субтитров!",
  "forceOriginalTracks": "Включить оригинальные дорожки",
  "forceOriginalTracks_desc": "При включении этой опции видео переключится на звуковую дорожку и субтитры на первоначальном языке.",
  "hideSubtitles": "Скрыть субтитры",
  "disabled": "Отключено",
  "hideTranslations": "Скрыть переводы",
  "hideBoth": "Скрыть и то, и другое",
  "showSubtitleControls": "Показать управление субтитрами",
  "moveToggleControls": "Переместить/переключить элементы управления",
  "netflixTestsMessage": "Netflix иногда запускает тесты, из-за которых Language Reactor может работать некорректно. Чтобы избежать проблем, мы рекомендуем отключить участие в тестировании Netflix. Это просто:",
  "disableTesting": "Отключить тестирование",
  "nextBillingDate": "Дата следующей оплаты",
  "youCanUseProForXXDays": "Вы можете по-прежнему использовать функции Pro в течение <text> дней.",
  "youCanUseFreeForXXDays": "Вы можете пользоваться бесплатными функциями в течение <text> дней.",
  "subtitlesCouldNotBeLoaded": "Не удалось загрузить субтитры.",
  "adIsPlaying": "Выполняется показ рекламы.",
  "yourSubscriptionHasExpired": "Срок действия вашей подписки истек.",
  "youHaveCanceledYourSubscription": "Вы отменили подписку.",
  "nowYouCanStudyWithYoutubeToo": "Теперь вы можете изучать языки и с помощью YouTube!",
  "machineTranslations": "Машинный перевод",
  "humanTranslations": "Человеческий перевод",
  "belowAreWordsFromTheCurrentVideo_GT": "Слова из этого видео, отсортированные по частоте",
  "rightClickWordToSaveIt_GT": "Нажмите правой кнопкой мыши, чтобы отметить слово",
  "leftClickToOpenDict": "Нажмите левой кнопкой мыши, чтобы открыть словарь.",
  "selectVocabLevelToMarkPurple": "Выберите уровень словаря в настройках, чтобы пометить менее распространенные слова фиолетовым.",
  "aboveCurrentLevel": "Выше текущего уровня",
  "unsavedWords": "Несохраненные слова",
  "levelX": "Уровень <text>",
  "tips": "Советы",
  "emptyTemplate": "",
  "thisExportHasMultipleParts": "Этот экспорт включает несколько частей.",
  "downloadPartXX": "Скачать часть <text>",
  "thisItemWasSavedInAnotherVideo": "Этот элемент был сохранен в другом видео.",
  "cancel": "Отмена",
  "openVideo": "Открыть видео",
  "format": "Формат",
  "printHtml": "Печать (HTML)",
  "mustReadHowToImportToAnki": "Обязательно к прочтению: как импортировать в Anki",
  "infoAboutCsvExport": "Информация об экспорте CSV",
  "jsonDataSchema": "Схема данных JSON",
  "language": "Язык",
  "itemType": "Тип элемента",
  "includeTimestamps": "Включить временные метки",
  "youCanChangeTranslitsOptionsInSettings": "Вы можете изменить параметры транслитерации в настройках.",
  "preferredTranslations": "Предпочтительные переводы",
  "onlyNewItemsSinceLastExport": "Только новые элементы с последнего экспорта",
  "includeMedia": "Включить медиафайлы",
  "langName_is": "Исландский",
  "langName_ga": "Ирландский",
  "langName_az": "Азербайджанский",
  "langName_af": "Африкаанс",
  "langName_am": "Амхарский",
  "langName_ar": "Арабский",
  "langName_sq": "Албанский",
  "langName_hy": "Армянский",
  "langName_it": "Итальянский",
  "langName_yi": "Идиш",
  "langName_ig": "Игбо",
  "langName_id": "Индонезийский",
  "langName_ug": "Уйгурский",
  "langName_cy": "Валлийский",
  "langName_uk": "Украинский",
  "langName_uz": "Узбекский",
  "langName_ur": "Урду",
  "langName_et": "Эстонский",
  "langName_eo": "Эсперанто",
  "langName_or": "Ория",
  "langName_nl": "Нидерландский",
  "langName_kk": "Казахский",
  "langName_ca": "Каталанский",
  "langName_gl": "Галисийский",
  "langName_kn": "Каннада",
  "langName_rw": "Киньяруанда",
  "langName_el": "Греческий",
  "langName_ky": "Киргизский",
  "langName_gu": "Гуджарати",
  "langName_km": "Кхмерский",
  "langName_ku": "Курдский",
  "langName_hr": "Хорватский",
  "langName_xh": "Коса",
  "langName_co": "Корсиканский",
  "langName_sm": "Самоанский",
  "langName_jv": "Яванский",
  "langName_ka": "Грузинский",
  "langName_sn": "Шона",
  "langName_sd": "Синдхи",
  "langName_si": "Сингальский",
  "langName_sv": "Шведский",
  "langName_zu": "Зулу",
  "langName_gd": "Гэльский",
  "langName_es": "Испанский",
  "langName_sk": "Словацкий",
  "langName_sl": "Словенский",
  "langName_sw": "Суахили",
  "langName_su": "Сунданский",
  "langName_ceb": "Себуано",
  "langName_sr": "Сербский",
  "langName_so": "Сомали",
  "langName_th": "Тайский",
  "langName_tg": "Таджикский",
  "langName_tt": "Татарский",
  "langName_ta": "Тамильский",
  "langName_cs": "Чешский",
  "langName_te": "Телугу",
  "langName_da": "Датский",
  "langName_de": "Немецкий",
  "langName_tk": "Туркменский",
  "langName_tr": "Турецкий",
  "langName_ny": "Ньянджа",
  "langName_ne": "Непальский",
  "langName_no": "Норвежский",
  "langName_ht": "Гаитянский",
  "langName_ha": "Хауса",
  "langName_ps": "Пушту",
  "langName_eu": "Баскский",
  "langName_haw": "Гавайский",
  "langName_hu": "Венгерский",
  "langName_pa": "Панджаби",
  "langName_hi": "Хинди",
  "langName_tl": "Филиппинский",
  "langName_fi": "Финский",
  "langName_hmn": "Хмонг",
  "langName_fr": "Французский",
  "langName_bg": "Болгарский",
  "langName_vi": "Вьетнамский",
  "langName_iw": "Иврит",
  "langName_be": "Белорусский",
  "langName_fa": "Персидский",
  "langName_bn": "Бенгальский",
  "langName_pl": "Польский",
  "langName_bs": "Боснийский",
  "langName_pt": "Португальский",
  "langName_mi": "Маори",
  "langName_mk": "Македонский",
  "langName_mg": "Малагасийский",
  "langName_mr": "Маратхи",
  "langName_ml": "Малаялам",
  "langName_mt": "Мальтийский",
  "langName_ms": "Малайский",
  "langName_my": "Бирманский",
  "langName_mn": "Монгольский",
  "langName_yo": "Йоруба",
  "langName_lo": "Лаосский",
  "langName_la": "Латинский",
  "langName_lv": "Латышский",
  "langName_lt": "Литовский",
  "langName_ro": "Румынский",
  "langName_lb": "Люксембургский",
  "langName_ru": "Русский",
  "langName_en": "Английский",
  "langName_ko": "Корейский",
  "langName_fy": "Западнофризский",
  "langName_zh-CN": "Китайский (Упрощенная Китайская)",
  "langName_zh-TW": "Китайский (Традиционная Китайская)",
  "langName_st": "Южный Сото",
  "langName_ja": "Японский",
  "netflixCatalogue": "Каталог Netflix",
  "notAllTitlesAllCountries": "Поскольку не все фильмы и сериалы доступны во всех странах, выберите страну, в которой Netflix определяет ваше местоположение.",
  "catalogueByOriginalLanguage": "В каталоге названия перечислены на языке оригинала. Это позволяет вам находить французские фильмы для изучения французского, немецкие фильмы для изучения немецкого и т. д.",
  "goodSubtitlesForOriginal": "У Netflix хорошие субтитры для видео на оригинальном языке, которые соответствуют звуковой дорожке.",
  "oftenDontMatch": "В дублированных видео субтитры часто не соответствуют звуку.",
  "yourCountry": "Ваша страна",
  "allCountries": "Все страны",
  "numberFound_colon": "Найдено:",
  "genre_colon": "Жанр:",
  "released_colon": "Дата выхода:",
  "runtime_colon": "Продолжительность:",
  "drama": "Драма",
  "action": "Боевик",
  "crime": "Криминал",
  "thriller": "Триллер",
  "adventure": "Приключения",
  "scifi": "Научная фантастика",
  "romance": "Романтика",
  "fantasy": "Фэнтези",
  "mystery": "Детектив",
  "war": "Военный",
  "biography": "Биография",
  "history": "История",
  "clearHistory_GT": "Очистить историю",
  "comedy": "Комедия",
  "horror": "Ужасы",
  "sport": "Спорт",
  "music": "Музыка",
  "animation": "Анимация",
  "musical": "Мюзикл",
  "noMoviesFoundForThisSearch": "По этому запросу фильмов не найдено.",
  "youtubeCatalogue": "Каталог YouTube",
  "installExtensionForEnhancedFeatures": "Совет: установите расширение для дополнительных функций при просмотре Netflix и YouTube!",
  "weCreatedYTCatalogue": "Мы создали этот каталог, чтобы помочь вам найти хорошие каналы для обучения.",
  "errorLoadingData": "Ошибка загрузки данных.",
  "search": "Поиск",
  "subscribers_colon": "Подписчики:",
  "withSubtitles_colon": "С субтитрами:",
  "score_colon": "Оценка:",
  "installExtensionForBetterExperience": "Установите расширение для браузера для более удобного использования!",
  "translationSameAsSource_text_text": "Язык перевода (<text>) совпадает с исходным языком (<text>). Попробуйте изменить его в настройках.",
  "translationNotSupported_text_text": "Перевод с <text> на <text> пока не поддерживается.",
  "selectDifferentTranslationLanguage": "Выберите другой язык перевода.",
  "nextVideo": "Следующее видео",
  "prevVideo": "Предыдущее видео",
  "smallVideo": "Уменьшить видео",
  "bigVideo": "Большое видео",
  "showTranslation": "Показать перевод (если доступно)",
  "watchingVideos": "Просмотр видео",
  "afterInstallingAdditionalFeatures": "После установки расширения для браузера у вас появятся дополнительные возможности для изучения языка при просмотре видео на Netflix и YouTube.",
  "whatToWatch": "Что посмотреть",
  "weCreatedNetflixAndYoutubeCatalogue": "Чтобы помочь вам в поисках видео, мы создали каталог для Netflix и YouTube. Открыть каталог можно в меню слева на этой странице.",
  "alreadyOpenPleaseReload": "Если у вас уже открыт Netflix или YouTube, перезагрузите это окно.",
  "clickToOpenSettings": "Нажмите здесь, чтобы открыть настройки.",
  "clickEnableExtraFeatures": "Нажмите здесь, чтобы включить или отключить дополнительные функции.",
  "formerlyCalled": "(ранее называлось \"Language Learning with Netflix\").",
  "startInstallExtension": "Для начала установите расширение для браузера.",
  "saveAndReview": "Сохранить и повторить",
  "reviewWordsAndPhrases": "Можно просматривать слова и фразы, сохраненные в виде карточек, а также учить новые слова.",
  "underActiveDevelopment": "Этот проект находится в активной разработке. Чтобы предложить функцию или сообщить о проблеме, зайдите на наш форум.",
  "writeToUs": "Если у вас есть другие вопросы, напишите нам.",
  "setupComplete": "Настройка завершена",
  "clickWordDictionary": "Нажмите на слово, чтобы увидеть его определение. Нажмите правой кнопкой мыши, чтобы сохранить слово.",
  "autopauseEverySubtitle": "Автоматически приостанавливать воспроизведение в конце каждого субтитра.",
  "machineAndHumanTranslations": "В настройках можно выбрать отображение двух типов переводов: машинного и ручного. Машинный перевод очень дословный, он помогает понять структуру предложения на изучаемом языке. Иногда он может содержать ошибки. Ручной перевод часто бывает полезен, поскольку он правильно передает на другом языке выражения и идиомы.",
  "keyboardKeys": "Управлять плеером можно с клавиатуры.",
  "aKey": "Предыдущие субтитры",
  "sKey": "Повторить субтитры",
  "dKey": "Следующие субтитры",
  "spaceKey": "Воспр./Пауза",
  "settingsForMoreShortcuts": "Дополнительные сочетания клавиш можно найти в настройках.",
  "weCreatedNetflixCatalogue": "Мы создали специальный каталог, чтобы помочь вам найти названия Netflix с качественными субтитрами на изучаемом вами языке.",
  "youtubeHasAnyTopic": "В YouTube есть видео на любую тему на всех основных языках. Однако YouTube может скрывать от вас иностранный контент.",
  "pageNotFound": "Страница не найдена.",
  "videosNoLongerAvailable": "Возможно, некоторые из указанных видео больше недоступны в вашей стране.",
  "votes_text": "<text> голосов",
  "countries_text": "<text> стран",
  "watch": "Смотреть",
  "tryAgain": "Повторить попытку",
  "videoUnavailablePleaseContinue": "Это видео недоступно, перейдите к следующему видео.",
  "nextPage": "Следующая страница",
  "prevPage": "Предыдущая страница",
  "videos": "Видео",
  "selectPlaylist": "Выберите плейлист.",
  "flashcardTooltipProposal": "Количество новых элементов, входящих в цикл обучения за этот сеанс",
  "flashcardTooltipExposure": "Количество элементов для повторения в этом сеансе",
  "flashcardTooltipTest": "Количество вопросов для теста в этом сеансе",
  "flashcardExposureTooltip": "Карточки погружения показывают различные примеры предложений с сохранёнными словами, помогая понять их разные способы употребления.",
  "flashcardExposure": "Погружение",
  "flashcardTestTooltip": "Тестовые карточки оценивают ваше знание слов и предложений",
  "flashcardTest": "Тест",
  "lastPracticed_text": "Упражнение в последний раз выполнялось: <text>",
  "itemsDueForPractice_text": "<text> элементов для повторения.",
  "startPractice": "Начать практику",
  "betterWaitTillTomorrow": "Лучше подождать до завтра для следующего занятия.",
  "practiceMore": "Практикуйтесь больше",
  "savedWordsAppearHere": "Совет: когда вы сохраняете слова и фразы, они появятся здесь, когда придет время отработать их.",
  "showAnswer": "Показать ответ",
  "fail": "Неверно",
  "hard": "Сложно",
  "easy": "Легко",
  "success": "Верно",
  "ok": "Понятно",
  "extraButtonsSearchBar": "Итак, мы добавили дополнительные кнопки рядом с панелью поиска на YouTube:",
  "leftTranslateRightSearch": "Кнопка слева переводит текст в поле поиска, чтобы вы смогли легко найти видео на языке, который вы изучаете. Кнопка справа выполняет поиск видео с субтитрами.",
  "youtubeInterfaceLanguageMoreVideos": "Вы можете изменить язык пользовательского интерфейса YouTube на язык, который вы изучаете. Затем YouTube покажет вам больше видео на этом языке.",
  "howToChangeYoutubeInterfaceLanguage": "Как изменить язык интерфейса YouTube",
  "clickButtonTopRight": "Нажмите на эту кнопку в верхнем правом углу экрана:",
  "lookForLanguageSetting": "Найдите настройку «Язык»:",
  "whenChangeMoreResults": "Когда вы измените язык, будет отображаться больше результатов поиска на изучаемом вами языке.",
  "onlyDesktopCheckBack": "Language Reactor пока доступен только на компьютерах. Загляните к нам позже!",
  "open": "Открыть",
  "word": "Слово",
  "phrase": "Фраза",
  "translation": "Перевод",
  "context": "Контекст",
  "source": "Источник",
  "actions": "Действия",
  "accountInformation": "Информация об аккаунте",
  "quickSettings": "Быстрые настройки",
  "fullSettings": "Полные настройки",
  "gettingStarted": "Начать работу",
  "exportHelp": "Руководство по экспорту",
  "studyTips": "Советы по учебе",
  "howToImportWebpage": "Как импортировать веб-страницу",
  "importWithRightClick": "Вы можете импортировать веб-страницу в Language Reactor с помощью контекстного меню, которое открывается правой кнопкой мыши.",
  "extensionInstalledForThisFeature": "Вам необходимо установить расширение браузера для использования этой функции.",
  "importText": "Импортировать текст",
  "goToReaderMode": "Перейти в режим чтения",
  "edit": "ИЗМЕНИТЬ",
  "read": "ЧИТАТЬ",
  "posADJ_UD": "Adj.",
  "posADP_UD": "Adp.",
  "posADV_UD": "Adv.",
  "posAUX_UD": "Aux.",
  "posNOU_UD": "Noun",
  "posPRO_UD": "Pronoun",
  "posVER_UD": "Verb",
  "posDET_UD": "Det.",
  "posSYM_UD": "Symbol",
  "posINT_UD": "Int.",
  "posCCO_UD": "Coord. Conj.",
  "posPUN_UD": "Punct.",
  "posNUM_UD": "Numerical",
  "posPAR_UD": "Particle",
  "posSCO_UD": "Sub. Conj.",
  "posX_UD": "Foreign",
  "posCONJ": "Conj.",
  "posPREP": "Prep.",
  "ok2": "ОК",
  "pleaseWait": "Пожалуйста, подождите...",
  "ohNoPleaseAddPermissionLRLogin": "О, нет! Предоставьте разрешение на запуск расширения браузера Language Reactor на languagereactor.com, чтобы разрешить вход в систему!",
  "recommended$Videos$": "Рекомендованные",
  "$videos$WithSubtitles": "С субтитрами",
  "$videosWith$MostSubscribers": "Больше всего подписчиков",
  "sortBy": "Сортировать по",
  "$video$Rating": "Рейтинг",
  "yearReleased": "Год выпуска",
  "type$OfVideo$": "Тип",
  "any$TypeOfVideo$": "Все",
  "movies": "Фильмы",
  "series": "Сериалы",
  "genres": "Жанры",
  "all$Genres$": "Все",
  "goToIMDB": "Перейти на IMDB",
  "availableIn": "Доступно в:",
  "errorLoadingVideo": "Ошибка загрузки видео",
  "goBack": "Назад",
  "sorryThisPlaylistIsMissing": "Извините, этот плейлист отсутствует.",
  "sorryThisVideoIsMissing": "Извините, это видео отсутствует.",
  "videoList": "Список видео",
  "studyLanguage": "Язык обучения",
  "iAmLearning": "Я учусь",
  "playAll": "Воспроизвести все",
  "bigUpdate": "Большое обновление!",
  "readMore": "Подробнее",
  "iGotIt": "Я уже знаю",
  "allWords": "Все слова",
  "savedWords": "Сохраненные слова",
  "savedPhrases": "Сохраненные фразы",
  "setVocabLevel_short": "Уровень словаря",
  "setVocabLevel": "Выбрать уровень словарного запаса",
  "changeVocabLevelConfirmation_GT": "Изменить уровень словарного запаса с <text> на <text>?",
  "changeStudyLevel": "Изменить уровень обучения",
  "currentStudyLevel": "Текущий уровень обучения",
  "change": "Изменить",
  "pleaseSelectYourStudyLevelToContinue": "Пожалуйста, выберите свой уровень обучения, чтобы продолжить",
  "frequency": "Частота",
  "alphabetical": "По алфавиту",
  "LEARNING": "Изучение",
  "KNOWN": "Известно",
  "SKIPPED": "Не изучать",
  "SKIPPED_short": "Не изучать",
  "knownWords_GT": "Изученные слова",
  "tag": "Ярлыки",
  "errorLoadingList": "Ошибка загрузки списка",
  "pleaseSelectLanguageOnTop_GT": "Выберите язык выше",
  "xSelected": "Выбрано: <text>",
  "setLearningStage": "Установить этап изучения",
  "thisWillAffectXItemsAreYouSure": "Это затронет <text> элементов. Вы уверены?",
  "yes": "Да",
  "no": "Нет",
  "removeItems": "Удалить элементы",
  "setTag": "Задать ярлык",
  "selectAllOrNone": "Выбрать все / отменить",
  "logIn": "Войти",
  "noItemsFound": "Элементы не найдены",
  "upgrade": "Подписаться",
  "transliterationsJapanese": "Транслитерация японского",
  "transliterationsVisibility_GT": "Показать транслитерацию",
  "alwaysShow_GT": "Всегда",
  "hideForKnownWords_GT": "Скрыть для изученных слов",
  "hideForMarkedAndKnownWords_GT": "Скрыть для отмеченных и изученных слов",
  "specialWords_GT": "Особые слова",
  "specialWords_info_GT": "Имена, места, числа и др.",
  "markedWords_GT": "Отмеченные слова",
  "markWord_GT": "Отметить слово",
  "savedWordsMarkingTooltipDesc_GT": "Отмеченные слова сохраняют свой статус при смене уровня словаря. Они отображаются с контуром.",
  "wordStatus_desc_GT": "Статус зависит от уровня словарного запаса или индивидуальной отметки.",
  "wordColors_desc_GT": "Эти настройки определяют отображение слов в субтитрах и текстах. В разделе 'Сохраненные элементы' всегда используется полная цветовая разметка слов.",
  "suggestedWords_desc_GT": "Самые полезные слова для вашего дальнейшего изучения",
  "showKnownWordsInGreen": "Показывать известные слова зеленым цветом",
  "showMarkedLearningWordsInOrange_GT": "Показывать отмеченные для изучения слова оранжевым цветом",
  "showSuggestedWordsInOrange_GT": "Показывать предлагаемые слова оранжевым цветом",
  "showRareWordsInGrey_GT": "Скрыть редкие слова",
  "outline_GT": "Контур",
  "outlineMarkedWordsInText": "Очерчивать контур отмеченных слов в тексте",
  "showTagsInText": "Показывать ярлыки в тексте",
  "showLearningStageButtonsInMiniDictionary": "Показывать кнопки этапа обучения в мини-словаре",
  "switchLearningStage_GT": "Переключить известные / изучаемые",
  "switchTags": "Переключить метки",
  "switchLanguage_GT": "Сменить язык",
  "dictionary": "Словарь",
  "speakWordOnClick": "Произносить слово при нажатии",
  "basicSettings": "Основные настройки",
  "machineTranslationsAvailable": "Доступны машинные переводы",
  "belowAreWordsOfIncreasingDifficultyDesc": "Ниже приведены слова по возрастанию сложности. Нажмите на последнюю строку, где вы можете понять все слова (прокрутите, чтобы увидеть все).",
  "iDontKnowAnyWordsYet": "Я ещё не знаю ни одного слова.",
  "exampleText": "Пример текста:",
  "wordColors_GT": "Цвета слов",
  "reset_GT": "Сбросить",
  "newChat_GT": "Новый диалог",
  "autoCorrectGrammar_GT": "Автоисправление грамматики",
  "estimatedNumberOfKnownWords": "Примерное количество известных слов",
  "article": "Статья",
  "fullText": "Полный текст",
  "textMode": "Текст",
  "myText_GT": "Мой текст",
  "myTexts_GT": "Мои тексты",
  "books_GT": "Книги",
  "pasteAnyTextYouWishToStudyHere": "Вставьте сюда текст, который хотите изучить",
  "videoFile": "Видеофайл",
  "selectVideo": "Выберите видео",
  "selectVideoFile": "Выберите видеофайл",
  "selectSubtitles": "Выберите субтитры",
  "subtitlesLanguage": "Язык субтитров",
  "save": "Сохранить",
  "copy": "Копировать",
  "copyCurrentSentence": "Копировать текущее предложение",
  "wordNotFound": "Слово не найдено",
  "markWhetherYouKnowThisWordDesc": "Отметьте, знаете ли вы это слово. Пометка слов оранжевым цветом (Изучается) добавит их в ваши карточки.",
  "shortcutRightClick": "Щелчок правой кнопкой мыши",
  "shortcutMiddleClick": "Нажатие средней кнопкой мыши",
  "addTagToAWordDesc": "Вы можете использовать теги для создания групп слов. Слова с тегами можно экспортировать отдельно. Теги могут отображаться в виде цветных подчеркиваний. Этим можно управлять в настройках.",
  "markAsKnown": "Пометить как известное",
  "markAsLearning": "Пометить как изучаемое",
  "markedKnown_GT": "Отмечено как известное",
  "markedToLearn": "Помечено для изучения",
  "learningNow": "Сейчас изучаете",
  "learnt": "Изучено",
  "learn": "Изучить",
  "remove": "Удалить",
  "noTag": "Без тега",
  "examplesSavedItems": "Примеры: сохранённые элементы",
  "examplesCurrentText": "Примеры: текущий текст",
  "examples": "Примеры:",
  "pleaseSignInToUseThisFeature": "Войдите, чтобы использовать эту функцию.",
  "pleaseSignInToUseThisFreeFeature": "Войдите, чтобы использовать эту бесплатную функцию.",
  "soThatWeCanSaveYourProgress": "(чтобы мы могли сохранить ваш прогресс)",
  "phrasepumpInfoTooltipShort": "PhrasePump предлагает вам множество предложений, которые вы в основном должны понимать. Это улучшает ваш словарный запас, навыки аудирования и знания грамматики.",
  "phrasepumpInfoTooltip": "PhrasePump предлагает вам множество предложений, которые вы в основном должны понимать. Это улучшает ваш словарный запас, навыки аудирования и знания грамматики. Отбираются предложения со словами, которые необходимо практиковать, или предложения с новыми словами для изучения.",
  "fumingRiver": "Позвольте языку течь сквозь вас, словно бурлящая река, позвольте ему проложить свои каналы в вашем существе.",
  "itemsDueForReview": "Элементы, требующие срочного рассмотрения",
  "noCardsToStudy": "Нет карточек для изучения.",
  "tryEnablingMoreStudyModes": "Попробуйте включить больше режимов обучения.",
  "pleaseMarkMoreItemsOrWait": "Отметьте дополнительные элементы для изучения или подождите, пока наступит срок имеющихся элементов.",
  "statistics": "Статистика",
  "xCards": "<text> карточек",
  "cards": "Карточки",
  "cardsPracticedToday": "Карточки, отработанные сегодня",
  "showLast": "Показать за:",
  "day": "День",
  "week": "Неделя",
  "month": "Месяц",
  "threeMonths": "3 месяца",
  "markedToLearnDesc": "Сохраненные вами слова и фразы, которые все еще находятся в очереди на отработку.",
  "suggestions": "Рекомендации",
  "suggestionsDesc": "После того как ваши сохраненные элементы отработаны, PhrasePump может рекомендовать вам слова для изучения.",
  "suggestionsDesc_noMoreLeft": "Больше нет рекомендаций для показа.",
  "suggestionsDesc_noSuggestionsForLang": "Рекомендации не поддерживаются для этого языка.",
  "inTheLastXDaysYouStartedToPracticeYItems": "В последние <text> дней вы начали отрабатывать <text> новых слов и фраз «Помечено для изучения».",
  "inTheLastXDaysYouStartedToPracticeYSuggestedWords": "В последние <text> дней вы начали отрабатывать <text> новых рекомендованных слов.",
  "youArePracticingXItems": "Вы активно отрабатываете <text> слов и фраз.",
  "inTheLastXDaysYouHaveLearntYItems": "За последние <text> дней вы выучили <text> слов и фраз.",
  "inTheLastXDaysYouHavePracticedYItems": "За последние <text> дня вы отработали <text> слов и фраз.",
  "learntDescLearntXItems": "Слова и фразы, которые вы, скорее всего, будете помнить в течение как минимум шести недель. Вы изучили <text> элементов.",
  "halflifeDays_GT": "Период полураспада (дни)",
  "languageSelector": "Выбор языка",
  "addLanguage": "Добавить язык",
  "dueItems": "К повторению:",
  "chooseALanguage": "Выбрать язык",
  "showContext_GT": "Показать контекст",
  "add": "Добавить",
  "forgot": "Забыли",
  "okay": "Верно",
  "quizzes": "Тесты",
  "suggestedWords": "Рекомендуемые слова",
  "practice": "Отработать",
  "thisIsTheFirstTimeYouArePracticingThisItem": "Вы впервые отрабатываете этот элемент.",
  "quiz": "Тест",
  "whatShouldGoInTheGap": "Что должно быть в промежутке?",
  "useTranslationForHelp": "Воспользуйтесь переводом для получения справки.",
  "suggestedWord": "Рекомендуемое слово",
  "wouldYouLikeToLearnThisWord": "Хотите выучить это новое слово?",
  "listeningPractice": "Аудирование",
  "tryToUnderstandBeforeYouRevealTheText": "Постарайтесь понять, прежде чем открывать текст.",
  "newItems": "Новые элементы",
  "newWordsTooltip": "Максимальный процент карточек, которые можно использовать для представления новых элементов («Помечено для изучения» и «Рекомендации»). Уменьшите это значения, чтобы больше отрабатывать элементы, которые вы уже изучаете. Если нужно повторить много элементов, количество представляемого нового материала будет уменьшено.",
  "sessionSize": "Размер сессии",
  "sessionSizeTooltip": "Количество карточек в сеансе.",
  "reveal": "Показать ответ",
  "savePhrase": "Сохранить фразу",
  "learningStage": "Этап обучения",
  "savingWords": "Сохранение слов",
  "oldSystem": "Старая система:",
  "newSystem": "Новая система:",
  "greenKnownOrSuggestedWords": "белый: известные и рекомендуемые слова",
  "orangeMarkedWords": "оранжевый: слова, помеченные для заучивания",
  "dictStageTagsPickerDesc": "Здесь вы можете отметить, знаете ли вы это слово (зелёное), изучаете ли вы его (оранжевое) или вы не хотите его учить (серое). Вы также можете добавлять ярлыки, которые отображаются в виде цветных подчеркиваний.",
  "exportFromLanguageReactor": "Экспорт из Language Reactor...",
  "viewAll": "Смотреть все",
  "wordViewNotSupported": "Сейчас эта функция не поддерживается для этого языка.",
  "green": "зелёный",
  "yellow": "жёлтый",
  "red": "красный",
  "blue": "синий",
  "lastSaved": "Последнее сохранённое",
  "rank": "ранг",
  "wordList": "Список слов",
  "up1": "Раньше вы сохраняли слова, помечая их цветом (красным, зелёным, жёлтым, синим). Эта функция по-прежнему доступна (теперь она называется «теги»), но цвета отображаются в виде подчеркивания под словом. По умолчанию щелчок правой кнопкой мыши по слову больше не меняет цвет его тега, но вы можете настроить это в настройках.",
  "up2": "В этом обновлении Language Reactor теперь может отслеживать для вас, какие слова вы знаете, а для слов, которые вы не знаете, он предлагает, следует ли вам учить их или нет. Это позволяет программе делать некоторые полезные вещи. Он работает примерно для 40 языков.",
  "up3": "Слова, которые вы знаете или на которые следует обратить внимание, выделены БЕЛЫМ цветом.",
  "up4": "Слова, которые вы отметили для изучения, показаны ОРАНЖЕВЫМ цветом.",
  "up5": "Нечастые слова, которые вам не нужно сейчас учить, окрашены в СЕРЫЙ цвет.",
  "up6": "Эти категории мы называем «Этапами обучения».",
  "up7": "Вы можете быстро установить приблизительный размер словарного запаса, щелкнув значок настройки в словаре. Вам не нужно отмечать каждое слово отдельно.",
  "up8": "Если у вас уже есть много слов, сохранённых с цветами, вы можете массово пометить их с помощью этапа обучения:",
  "up9": "Перейдите на вкладку «Сохранённые элементы».",
  "up10": "Нажмите «Сохранённые слова».",
  "up11": "Выберите цвет тега в раскрывающемся списке.",
  "up12": "Установите флажок «Выбрать все».",
  "up13": "Выберите «Этап обучения», который вы хотите назначить этим словам.",
  "up14": "После того, как вы это сделаете, вы можете отключить цветные подчеркивания для тегов на вкладке настроек, чтобы уменьшить визуальный шум при просмотре фильмов и т. д.",
  "up15": "Если вы предпочитаете, вам не нужно использовать эту систему окраски. В настройках можно отключить окраску слов по состоянию обучения:",
  "clickToReadMore": "Нажмите, чтобы узнать больше",
  "layout_GT": "Макет",
  "videoSize_GT": "Размер видео",
  "youAreLearning_GT": "Изучаемый язык",
  "start_screen": "Пуск",
  "theTextSeemsToBeIn_lang_GT": "Похоже, этот текст на <text>.",
  "changeSourceLanguageTo_lang_GT": "Перейти на <text>?",
  "clearAllHistoryConfirmation_GT": "Очистить всю историю <text>?",
  "chatHomescreenText_1_GT": "Поболтайте с ИИ, ведь, ну, с кем ещё вам общаться?",
  "chatHomescreenText_2_GT": "Но мы сделали это увлекательным.",
  "chatPreprompt_label_GT": "Инструкции для чата",
  "chatPreprompt_tooltip_GT": "Инструкции, отправляемые ИИ перед каждым диалогом",
  "typeTheTextToTranslate_GT": "Введите текст для перевода",
  "showMiniDictionary_GT": "Показать мини-словарь",
  "yourMessage_GT": "Ваше сообщение",
  "other_GT": "Другое",
  "pressAndHoldToRecordVoice_GT": "Удерживайте для записи",
  "recording_GT": "Идёт запись...",
  "switchBetweenShortcutsAndInputMode_GT": "Переключить режим ввода/быстрые клавиши",
  "pressTabToswitchBetweenShortcutsAndInputMode_GT": "Нажмите [ESC] для переключения между режимами ввода и быстрых клавиш",
  "preferredAudioSource_GT": "Предпочтительный источник аудио",
  "originalAudioWhenAvailable_GT": "Оригинальное аудио (при наличии)",
  "computerAudioTTS_GT": "Озвучивание текста",
  "include_GT": "Включить",
  "noItemsForThisLanguage_GT": "В этом языке нет элементов",
  "startReading_GT": "Начать чтение",
  "numberOfPages_GT": "Количество страниц",
  "nextDocument_GT": "Следующий документ",
  "prevDocument_GT": "Предыдущий документ",
  "noVerticalView_GT": "Нет вертикального представления",
  "playbackRate_GT": "Скорость воспроизведения",
  "numPages_GT": "<text> страниц",
  "chapters_GT": "Главы",
  "book_GT": "Книга",
  "audioTrack_GT": "Аудиодорожка",
  "simplifiedVersion_GT": "Упрощенная версия",
  "dubbedAudio_GT": "Дублированное аудио",
  "dubbedAudioDesc_GT": "Это видео изначально было на другом языке. Используйте распознавание речи для субтитров, соответствующих аудио.",
  "rewindForward5s_GT": "Вперёд на 5с",
  "rewindBack5s_GT": "Назад 5с",
  "readTheForumPost_GT": "Прочитать сообщение на форуме",
  "youtubeChannels_GT": "YouTube-каналы",
  "channels_GT": "Каналы",
  "thisFeatureIsUnderDevelopmentWillBeImprovedSoon_GT": "Эта функция в разработке и скоро будет улучшена.",
  "loadingAudio_GT": "Загрузка аудио...",
  "media_GT": "Медиа",
  "useOurDesktopBrowserExtension_GT": "Используйте наше расширение для браузера на компьютере при просмотре этих видео для доступа к дополнительным функциям.",
  "holdDictButtonToRecordVoice_GT": "Удерживайте кнопку словаря для записи голоса",
  "showDictRecord_GT": "Словарь / Запись",
  "text_GT": "Текст",
  "words_GT": "Слова",
  "viewLessFrequentWordsLink_GT": "Просмотреть менее употребительные слова на странице отмеченных слов",
  "newText_GT": "Новый текст",
  "untitledText_GT": "Новый текст",
  "title_GT": "Заголовок",
  "pleaseEnterSomeText_GT": "Введите текст, чтобы продолжить",
  "saving_GT": "Сохранение...",
  "theTextSeemsToBeIn_lang_whileYourLangIs_GT": "Похоже, текст на языке <text>, а ваш текущий изучаемый язык - <text>.",
  "hideSubtitle_GT": "Скрыть субтитры",
  "translationThenSubtitle_GT": "Перевод, затем субтитры",
  "subtitleThenTranslation_GT": "Субтитры, затем перевод",
  "vocabLevel_GT": "Уровень словарного запаса",
  "selection_GT": "Выделение",
  "preview_GT": "Предпросмотр",
  "noTextWasSelected_GT": "Текст не выбран",
  "nViews_GT": "<text> просмотров",
  "viewCount_GT": "Просмотры",
  "date_GT": "Дата",
  "areYouTheOwnerYoutube_GT": "Вы владелец этого YouTube-канала?",
  "nVideos_GT": "<text> видео",
  "clearFilters_GT": "Сбросить фильтры",
  "recommendedChannels_GT": "Рекомендуемое",
  "popularChannels_GT": "Популярное",
  "allChannels_GT": "Все каналы",
  "channel_GT": "Канал",
  "lexaAiAssistantPrompts_placeholder_example_GT": "Объяснение: Пожалуйста, объясните использование слова <WORD> в этом предложении: <CONTEXT>\nПримеры: Приведите, пожалуйста, больше примеров со словом <WORD>, как оно используется в этом предложении: <CONTEXT>",
  "updateHistory_GT": "История обновлений",
  "recentAppUpdates_GT": "Последние обновления",
  "moreInfo_GT": "Подробнее",
  "continue_GT": "Продолжить",
  "podcasts_GT": "Подкасты",
  "allPodcasts_GT": "Все подкасты",
  "podcast_GT": "Подкаст",
  "hidden_GT": "Скрыто",
  "lexaAiAssistant_GT": "Лекса ИИ-помощник",
  "lexaAiAssistantInfo_GT": "Лекса может отвечать на вопросы о словах и предложениях в изучаемом вами материале.\n\nВы можете редактировать подсказки (вопросы) в настройках Language Reactor.\n\nПрофессиональный режим использует более интеллектуальную модель, которая может давать лучшие ответы.",
  "lexaAiAssistantPrompts_GT": "Подсказки ИИ-ассистента Лекса",
  "lexaAiAssistantPrompts_tooltip_GT": "Вы можете редактировать эти подсказки (вопросы), но должны соблюдать формат:\n\n[Заголовок вкладки]: [Подсказка]\n[Заголовок вкладки]: [Подсказка]\nи т.д.\n\n[Подсказка] может содержать специальные заполнители <WORD> и <CONTEXT>.\n\nВы можете использовать любой язык при написании подсказки. Когда вопрос отправляется Лексе, в начало будет добавлен следующий текст: Отвечайте на вопросы для ученика, изучающего [язык изучения]. Пишите ваш ответ на [языке перевода].",
  "hold_GT": "Удерживайте",
  "invalidFormat_GT": "Неверный формат",
  "howToUseTouch_GT": "Руководство по сенсорному управлению",
  "removeThisMessageAndFollowingOnes_GT": "Удалить это и последующие сообщения",
  "install_GT": "Установить",
  "refresh_GT": "Обновить",
  "lexaAiAssistantPrompts_tooltip_intro_GT": "Лекса появляется над словарем, когда вы нажимаете на слово",
  "homepage_blurb": "🚀 Набор инструментов для изучения, понимания и обучения на аутентичных материалах. ✨ Погрузитесь в эффективный и захватывающий процесс обучения! 🔥",
  "homepage_formerly_lln": "Предыдущее название: Language Learning with Netflix",
  "homepage_cardBodyNetflix": "Расширение для браузера превращает ваши любимые шоу в уроки языка! 🍿 Pro режим активирует распознавание речи и машинный перевод для полного понимания. 🌍",
  "homepage_cardBodyYoutube": "Тысячи каналов на любую интересующую вас тему! 🧠 Развивайте понимание языка с помощью живой речи в контексте. Познакомьтесь с нашей тщательно подобранной коллекцией! 🎧",
  "homepage_cardBodyFSI": "Бросьте себе вызов с помощью проверенных государственных учебных программ. Следуйте структурированным упражнениям по разговорной практике, которые формируют настоящую беглость речи. 💪 Усильте эти классические методы современными инструментами Language Reactor.",
  "homepage_cardTitleWhatToLearn": "Что изучать",
  "homepage_cardBodyWhatToLearn": "Учитесь эффективнее, а не усерднее! 🏃‍♂️ Language Reactor подбирает самые важные слова для вашего пути к знаниям, помогая сосредоточиться на главном.",
  "homepage_cardBodyPhrasePump": "PhrasePump — это прежде всего упражнение на аудирование. 🎧 Подбираются предложения, которые закрепляют сохранённые слова, требующие повторения, и вводится новая лексика. Подходит как для начинающих, так и для продвинутых учащихся.",
  "homepage_cardBodyAria": "Знакомьтесь с Aria: Вашим находчивым языковым партнером. Она и преподаватель, и юморист, и всегда готова дать остроумный ответ. 💬 Получайте мгновенные исправления, изучайте любые темы и развивайте уверенность в удобном для вас темпе! 💡",
  "homepage_cardTitleProMode": "Pro режим - необязательно",
  "homepage_cardBodyProMode": "Language Reactor уже наполнен отличными бесплатными функциями. Pro-режим добавит особую изюминку в ваши занятия. ✨",
  "homepage_cardTitleBooksAndWebsites": "Книги и сайты",
  "homepage_cardBodyBooksAndWebsite": "Импортируйте любую веб-страницу в Language Reactor. Или загрузите ваши любимые книги! Слушайте с помощью синтеза речи. 🎯",
  "clickHereToUseKeyboardControls": "Нажмите здесь, чтобы использовать управление с клавиатуры",
  "uiLanguage_GT": "Язык интерфейса",
  "videoFileIntro_GT": "Вы можете загрузить видеофайл и файл субтитров (SRT), и Language Reactor создаст для вас перевод. На данный момент эта функция поддерживает только видеоформаты, совместимые с вашим браузером, другие форматы могут отображаться без изображения.",
  "powerfulToolbox": "Language Reactor — мощный набор инструментов для изучения языков.",
  "discoverUnderstandLearn": "Он помогает узнавать, понимать и учить язык с использованием материалов на языке оригинала.",
  "effectiveInterestingEnjoyable": "Учеба станет более эффективной, интересной и приятной!",
  "extensionAddsNetflixFeatures": "Расширение добавляет субтитры на двух языках, всплывающий словарь, точные элементы управления воспроизведением видео и многие другие функции для просмотра фильмов и сериалов на сайте Netflix!",
  "thousandsOfChannels": "Тысячи каналов на любую тему, которую вы только можете себе представить! Развивайте свое понимание с помощью аутентичного языка в контексте.",
  "booksAndWebsites": "Книги и сайты",
  "importTextTranslationTTS": "Импортируйте текст, Language Reactor добавит машинный перевод на ваш язык и прочитает текст с помощью сверхреалистичного преобразования текста в речь. (скоро появится)",
  "intelligentFeeding": "Автоматическая интеллектуальная подача языкового контента. Просто выберите свой уровень владения языком и наслаждайтесь процессом.",
  "whatToLearn": "Что учить",
  "suggestVocab": "Language Reactor может подсказать, каким словарным словам уделить больше внимания, а что пропустить, чтобы вы могли ускорить свой прогресс!",
  "highlightWhenAppear": "Сохраняйте слова, которые вы хотите выучить, они будут подсвечиваться при каждом появлении.",
  "homepage_sectionTitleLearn": "Учитесь на том, что вам нравится",
  "homepage_sectionSubtitleLearn": "Language Reactor помогает вам найти контент в соответствии с вашим уровнем и интересами",
  "homepage_cardTitleYoutube": "YouTube и подкасты",
  "homepage_sectionTitleSuperpowers": "Языковые возможности",
  "homepage_sectionSubtitleSuperpowers": "Сделайте любой контент понятным",
  "homepage_cardTitleBilingualSubs": "Двуязычные субтитры",
  "homepage_cardBodyBilingualSubs": "Тренируйте восприятие естественной речи, видя оба языка. Откройте для себя, как значения соотносятся между собой. 👂",
  "homepage_cardTitlePlayback": "Точное управление воспроизведением",
  "homepage_cardBodyPlayback": "⚡ Остановка времени. Управление скоростью воспроизведения. 🎮 Навигация по видео с помощью горячих клавиш и жестов. Автоматическая пауза после каждых субтитров до нажатия. 🖱️",
  "homepage_cardTitleDictionary": "Словарь и Lexa AI",
  "homepage_cardBodyDictionary": "🔍 Нажмите на любое слово для мгновенного перевода. Реальные примеры предложений с аудиосопровождением. 🎧 Контекстные объяснения использования слов на основе ИИ. 🌱 Настройте отображение дополнительной информации",
  "homepage_sectionSubtitleMaster": "Полный набор для изучения лексики",
  "homepage_cardTitleSmartHighlighting": "Умное выделение",
  "homepage_cardBodySmartHighlighting": "Сохраните слово один раз и встречайте его повсюду—во всех формах. Language Reactor распознает множественное число, спряжения глаголов и родственные формы. Закрепляйте изученное естественным образом во всем контенте.",
  "homepage_cardTitleExportAnki": "Экспорт в Anki",
  "homepage_cardBodyExportAnki": "Уже используете Anki? 📤 Экспортируйте красивые карточки для запоминания в Anki со скриншотами и аудиозаписями.",
  "homepage_sectionTitlePractice": "Повторение - мать учения",
  "homepage_sectionSubtitlePractice": "Переходите от пассивного обучения к активному",
  "homepage_cardBodyPhoneTablet": "Language Reactor работает на вашем телефоне и планшете. Мы постоянно совершенствуем приложение.",
  "homepage_cardTitlePhoneTablet": "Телефон и планшет",
  "homepage_sectionTitleMaster": "Освойте каждое слово и фразу",
  "homepage_cardTitleExtension": "Расширение браузера",
  "homepage_cardBodyExtension": "На компьютерах установите расширение для браузера, чтобы использовать функции Language Reactor при просмотре видео на сайтах Netflix и YouTube, а также для импорта веб-страниц!",
  "pleaseRefreshAfterChanges": "Пожалуйста, обновите после изменений:",
  "pdfsInThisCourseOnlyOnDesktop": "PDF-файлы в этом курсе можно просматривать только на компьютере.",
  "noAudioFiles": "Нет аудиофайлов",
  "proFeatures_intro": "Раскройте весь потенциал вашего пути к изучению языков с функциями Language Reactor Pro! 🚀📚",
  "proFeatures_netflixTitle": "Распознавание речи и машинный перевод (Netflix)",
  "proFeatures_netflixFree": "Используйте субтитры от Netflix. 🍿",
  "proFeatures_netflixPro": "🎤 Используйте распознавание речи для всех аудиодорожек. Точные субтитры для дублированного аудио в ваших любимых сериалах! 🎬 Машинный перевод более дословный, для лучшего понимания исходного материала. 🌍",
  "proFeatures_saveWordsTitle": "Сохранённые слова и фразы",
  "proFeatures_saveWordsFree": "Сохраняйте слова и фразы во время использования функции PhrasePump. 📝",
  "proFeatures_saveWordsPro": "Сохраняйте слова и фразы во всех функциях Language Reactor. Настраивайте обучение с учётом личных интересов и пробелов в словарном запасе. Отмеченные слова подсвечиваются во всех функциях Language Reactor и могут быть экспортированы в Anki! 📈✨",
  "proFeatures_lexaTitle": "Словарь Lexa AI",
  "proFeatures_lexaFree": "Получите объяснения с помощью базовой языковой модели. 🤖",
  "proFeatures_lexaPro": "Воспользуйтесь преимуществами улучшенной модели ИИ с расширенными знаниями, способной эффективно отвечать на более сложные запросы! 🧠🌐",
  "proFeatures_supportTitle": "Поддержать разработчиков",
  "proFeatures_supportDetails": "Благодаря вашей поддержке мы можем продолжать улучшать Language Reactor и создавать новые функции! ❤️",
  "youCanSubscribeAgainAfterTheEndOfThisPeriod": "Вы сможете оформить подписку снова после окончания этого периода.",
  "tipHoldTheDictionaryButtonToRecordVoice": "Подсказка: Удерживайте кнопку словаря для голосового ввода",
  "sentenceOrTextSource": "Источник",
  "homepage_cardTitleLanguageSupport": "🌍 Поддержка множества языков",
  "homepage_cardBodyLanguageSupport": "Изучайте контент на более чем 40 языках! 🔤 Смотрите транслитерацию для языков с другими системами письменности. 👀 Скрывайте субтитры до наведения курсора — идеально для развития навыков аудирования.",
  "additional15DiscountUntil5thJanuary2025": "Дополнительная скидка 15% до 5 января 2025 года. Используйте промокод 'turtle' при оформлении заказа. 🎅",
  "includeDubbedAudioNF": "Включить дублированное аудио",
  "phrasepumpNeedsImprovementForLang": "PhrasePump требует улучшения для языка:",
  "addToHomeScreen": "Добавить на главный экран",
  "textToSpeechVoiceNotAvailableForThisLangError": "Голосовое воспроизведение для данного языка недоступно. Попробуйте установить дополнительные языковые пакеты для вашей системы (при наличии).",
  "textToSpeechInSafariNotGreatTryEdgeOrChrome": "Озвучивание текста в браузере Safari работает не лучшим образом. Установите Microsoft Edge или Chrome для более качественного воспроизведения голоса.",
  "dueForReview": "Ожидает проверки",
  "signInWithGoogle": "Войти с Google",
  "allServersRunningNormally": "Все серверы работают нормально.",
  "clearHistory": "Очистить",
  "copiedText": "Скопировано:",
  "loadingText": "Загрузка текста...",
  "installChromeExtension": "Установить расширение Chrome",
  "itemsRemoved": "Элементы удалены",
  "removingItemsFailed": "Не удалось удалить элементы.",
  "itemsUpdated": "Элементы обновлены",
  "autopauseNotAvailableOnYoutube": "Автопауза недоступна на YouTube.",
  "sideBySideLayout": "Параллельный текст",
  "overAndUnderLayout": "Сверху и снизу",
  "youAlsoHaveItemsInOtherLanguages": "У вас также есть сохраненные элементы на других языках. Чтобы их увидеть, измените язык в настройках.",
  "otherLanguages": "Другие языки",
  "paymentsAreCurrentlyNotSupportedInYourCountry": "В настоящее время платежи не поддерживаются в вашей стране.",
  "titles_header": "Заголовки",
  "sources_header": "Источники",
  "holdTheButtonToRecord": "Удерживайте кнопку для записи",
  "noOption": "Нет вариантов",
  "learningResources": "Ресурсы",
  "deleteMyData": "Удалить мои данные",
  "deleteMyData_confirmationMessage": "Это безвозвратно удалит все ваши настройки, сохраненные элементы, историю практики, сохраненные медиафайлы и тексты. Вы уверены?",
  "advancedActions": "Расширенные действия",
  "successDone": "Готово!",
  "qKey": "Автопауза",
  "rKey": "Сохранить текущие субтитры",
  "copyKey": "Копировать текущее предложение",
  "unknownRank": "Неизвестный ранг",
  "mostFrequentWord": "самое частое слово",
  "studyStore_errorSavingCardStats": "Ошибка при сохранении статистики карточки.",
  "studyStore_errorSavingCardRating": "Ошибка при сохранении оценки карточки.",
  "studyStore_loginNoLongerValid": "Вход в систему недействителен, пожалуйста, обновите страницу.",
  "studyStore_tooltip_extraPracticeSentence": "Это предложение показано не из-за какого-либо сохраненного слова. Это дополнительная практика для улучшения ваших навыков восприятия на слух и знания грамматики.",
  "studyStore_tooltip_savedInYoutube": "Сохранено из видео на Youtube: ",
  "studyStore_tooltip_savedInNetflix": "Сохранено из видео Netflix: ",
  "studyStore_extraPracticeIndicator": "[дополнительная практика]",
  "studyStore_errorLoadFlashcardMetadataFailed": "Не удалось загрузить метаданные карточек.",
  "studyStore_errorLoadPracticeItemsFailed": "Не удалось загрузить учебные материалы.",
  "studyStore_errorLoadAudioFailed": "Не удалось загрузить аудио.",
  "studyStore_errorGettingAudio": "Ошибка при получении аудио: ",
  "savedItemsStore_errorTooManyItems": "У вас слишком много элементов",
  "savedItemsStore_errorSavingItem": "Ошибка при сохранении.",
  "savedItemsStore_errorUpdatingItemsFailed": "Не удалось обновить элементы.",
  "savedItemsStore_errorFailedToRemoveItem": "Не удалось удалить элемент.",
  "savedItemsStore_devError_itemNotFoundForSetStudied": "Сохраненный элемент не существует: ",
  "mediaStore_errorFailedToGetPlaylistInfo": "Не удалось получить информацию о плейлисте.",
  "mediaStore_errorFailedToGetDocumentInfo": "Не удалось получить информацию о документе.",
  "mediaStore_errorDocNotFoundInPlaylist": "Документ не найден в плейлисте.",
  "userDataStore_errorFailedToSaveUserData": "Не удалось обновить сохраненные настройки.",
  "userDataStore_errorUpdatingSavedItemKeys": "Не удалось получить ключи сохраненных элементов.",
  "chatStore_errorNannyRefusedMessage": "Сервис чата не смог обработать ваше сообщение, пожалуйста, попробуйте сформулировать его иначе.",
  "chatStore_errorQuotaExceededPro": "Превышен лимит чата на сегодня, попробуйте снова завтра.",
  "chatStore_errorAsrFailed": "Не удалось обработать ваше сообщение, пожалуйста, попробуйте еще раз.",
  "chatStore_errorGettingChatMessages": "Ошибка при получении сообщений чата.",
  "chatStore_errorQuotaExceededMachine": "Превышен лимит чата. Пожалуйста, проверьте вашу подписку или попробуйте позже.",
  "chatStore_errorQueueFull": "Извините, серверы сейчас работают на максимальной мощности, мы решаем этот вопрос.",
  "chatStore_infoProUsersPriorityAccess": "Пользователи Pro получают приоритетный доступ.",
  "chatStore_errorLoadingConversationLangMismatch": "Ошибка загрузки диалога: несоответствие языковых настроек.",
  "chatStore_placeholderEnterWordsHere": "[введите слова]",
  "notifications_prefixNetworkError": "Ошибка сети, проверьте подключение к WiFi. ",
  "notifications_prefixNotFound": "Ошибка: Не найдено. ",
  "notifications_prefixBadRequest": "Ошибка программы, пожалуйста, повторите попытку позже. ",
  "notifications_prefixTokenError": "Ошибка входа, пожалуйста, войдите снова. ",
  "notifications_prefixServerError": "Ошибка сервера, пожалуйста, повторите попытку позже. ",
  "notifications_prefixNotProUser": "Функции Pro больше недоступны. ",
  "notifications_prefixRateLimitExceeded": "Превышен лимит запросов. Попробуйте позже. ",
  "mediaDocPodcast_errorTimeoutDownloadingAudio": "Превышено время ожидания при загрузке аудио по ссылке.",
  "media_errorLoadingMediaTranslations": "Ошибка при загрузке переводов медиафайлов.",
  "media_errorAsrQuotaExceeded": "Вы превысили дневной лимит обработки аудио. Пожалуйста, попробуйте снова завтра.",
  "media_errorAsrQueueFull": "Сервер обработки аудио перегружен. Пожалуйста, повторите попытку позже.",
  "media_errorLoadingAsr": "Ошибка при загрузке распознавания речи.",
  "media_errorAsrTooLong": "Распознавание речи занимает слишком много времени. Пожалуйста, повторите попытку позже.",
  "media_errorLoadingNlpData": "Ошибка загрузки данных NLP.",
  "mediaDocText_errorFetchingPageTranslations": "Ошибка при загрузке переводов страницы.",
  "mediaDocText_errorFetchingTextInfo": "Ошибка при получении информации о тексте.",
  "mediaDocText_errorFetchingPageNlp": "Ошибка при загрузке страницы NLP.",
  "mediaDocText_errorFetchingPageTts": "Ошибка при загрузке озвучивания страницы.",
  "media_errorLoadingMediaMetadata": "Ошибка при загрузке метаданных медиафайла.",
  "media_errorFetchingSubtitlesForVideo": "Ошибка при загрузке субтитров к видео.",
  "media_errorAsrNotAvailableForVideo": "Автоматическое распознавание речи недоступно для этого видео.",
  "media_errorFetchingVideoTranslations": "Ошибка при загрузке переводов видео."
}