{
  "langCode": "sr",
  "appNameTr": "Language Reactor",
  "appName": "Language Reactor",
  "appDesc": "Poboljšaj svoje veštine samostalno, efektivno i sa uživanjem, gledajući filmove i serije na jeziku koji učiš.",
  "catalogue": "Katalog",
  "catalogue_tooltip": "Pronađi filmove i serije pogodne za uporebu sa Language Reactor-om.",
  "help": "Pomoć",
  "help_tooltip": "Uputstvo za upotrebu, saveti.",
  "feedback": "Pošaljite povratne informacije",
  "feedback_tooltip": "Nešto nije u redu? Imaš ideje za nove funkcionalnosti?",
  "facebook": "Facebook",
  "facebook_tooltip": "Lajkuj našu stranicu i prati najnovije vesti.",
  "originalLanguage_label": "Originalni jezik:",
  "originalLanguage_tooltip": "Originalni jezik ovog Netflix filma",
  "noDictionary_error": "Language Reactor ekstenzija još ne podržava korišćenje rečnika za <text>. Ova funkcionalnost stiže uskoro!",
  "subtitleLanguage_label": "Jezik titlova na Netflix-u",
  "subtitleLanguage_tooltip": "Ovo je odabrani jezik Netflix filma ili serije.",
  "subtitlesNotLoaded_error": "Netflix titlovi nisu učitani. Da li je izabran jezik titlova u Netflix meniju?",
  "subtitlesNoMatchAudio_error": "Odabrani Netflix titlovi (<text>) nisu isti kao audio zapis. Bilo bi bolje da ih postaviš na izvorni jezik filma (<text>) u Netflix meniju. Ili pogledaj Language Reactor katalog i pronađi filmove na jeziku koji učiš.",
  "subtitlesNoMatchAudio_ASR_error_GT": "<text> titlovi se ne podudaraju sa zvukom. Prebacite na originalne titlove (<text>) u Netflix kontrolama reprodukcije, ili pronađite predloženi naslov za Vaš ciljni jezik u Language Reactor katalogu. Alternativno, koristite automatsko prepoznavanje govora (ASR).",
  "audioNoMatchSubtitles_error": "Odabrani Netflix audio zapis (<text>) verovatno ne odgovara titlovima. Pokušaj da ga postaviš na izvorni jezik filma (<text>) u Netflix meniju ili pogledaj Language Reactor katalog i pronađi filmove na jeziku koji učiš.",
  "audioLanguage_label": "Jezik audio zapisa",
  "audioLanguage_tooltip": "Ovo je jezik odabranog Netflix audio zapisa.",
  "pleaseSelectSubtitles": "- Odaberi titlove u Netflix plejeru -",
  "pleaseSelectSubtitlesYoutube": "- Odaberi titlove u Youtube plejeru -",
  "loadingSubtitles": "- Učitavanje titlova je u toku... -",
  "loadingTranslations": "Učitavanje prevoda ...",
  "firstSubtitleNotReached": "- Prvi titl još nije započeo. -",
  "errorApology_OLD": "Došlo je do greške u Language Reactor ekstenziji. Programeri su automatski obavešteni. Pokušaj da ponovo učitaš stranicu ili se vrati za 24 sata. Izvinjavamo se zbog neprijatnosti. Poruka o grešci: <text>",
  "openClose_tooltip": "Otvori / zatvori Language Reactor.",
  "vocabHighlight_label": "Markiranje reči",
  "levelWithNumber": "Nivo <text>: <text> reči",
  "levelDisable": "Nivo <text>: isključi",
  "translationLanguage_label": "Jezik prevoda",
  "translationLanguage_tooltip": "Ovo je jezik prevoda. Postavi ga na svoj materinji jezik.",
  "showMachineTranslation_label": "Prikaži mašinski prevod",
  "showMachineTranslation_tooltip": "Prikaži mašinski prevod izvornih titlova na mom jeziku.",
  "showHumanTranslation_label": "Prikaži ručni prevod",
  "showHumanTranslation_tooltip": "Prikaži ručni prevod izvornih titlova na mom jeziku, ako je dostupan.",
  "slowSpeechSegments": "Usporeni govorni segmenti",
  "slowSpeechSegments_tooltip": "Smanji brzinu reprodukcije video zapisa kada je titl aktivan (0.8x), kako bi se lakše razumeo.",
  "keyboardShortcuts": "Prečice na tastaturi:",
  "previous": "Prethodni",
  "next": "Sledeći",
  "previousSub": "Prethodni titl",
  "nextSub": "Sledeći titl",
  "play": "Pusti",
  "playPause": "Pusti / pauziraj",
  "repeat": "Ponovi",
  "infiniteRepeat": "Beskonačno ponavljanje",
  "alsoUseASD": "Takođe možeš koristiti: A, S, D, Space",
  "autoPause": "Auto-pauza",
  "autoPause_tooltip": "Automatski zaustavi reprodukciju na kraju svakog titla.",
  "none": "Nijedan",
  "nms_tip": "Učiš strani jezik? Isprobaj našu novu ekstenziju za učenje jezika na Netflixu.",
  "welcomeModal_line1_string": "Poštovani korisnici,",
  "welcomeModal_line2_string": "Napravili smo veliku nadogradnju ekstenzije. Nadamo se da će vam se svideti nove funkcionalnosti:",
  "welcomeModal_line3_string": "Titlovi sada mogu da se prikazuju preko videa.",
  "welcomeModal_line4_string": "Dodatni bočni panel za prikaz svih titlova.",
  "welcomeModal_line5_string": "Bolja podrška za azijske jezike.",
  "proFeatures_line1_string": "Pro' režim omogućava dodatne funkcionalnosti:",
  "proFeatures_line2_string": "Mašinski prevodi",
  "proFeatures_tt2_string": "Oni su bliži značenju izvornih titlova, pa su time korisniji za učenje jezika.",
  "proFeatures_line3_string": "Sačuvaj reči i fraze",
  "proFeatures_tt3_string": "Reči koje čuvaš označene su u svim titlovima. Ovo pomaže da organizuješ učenje. Sačuvane reči i fraze mogu se eksportovati u Anki (program za pamćenje kartica).",
  "proFeatures_line4_string": "Titlovi za sinhronizovane filmove",
  "proFeatures_tt4_string_GT": "Mnoge serije na Netflix-u imaju dodatne audio zapise na drugim jezicima (sinhronizovani audio), ali Netflix nema odgovarajuće titlove za ove audio zapise. Language Reactor može da kreira titlove iz audio zapisa, tako da možete da učite, na primer, nemački uz Breaking Bad.",
  "proFeatures_line5_string": "Podrži programere",
  "proFeatures_tt5_string": "Radimo naporno da poboljšamo ekstenziju i razvijemo nove funkcionalnosti",
  "price_string": "Mesečna cena je: ",
  "welcomeModal_line6_string": "Mašinsko prevođenje je ranije bilo besplatno, ali je to skup servis. Nadamo se da ćete razumeti zašto moramo da naplaćujemo ovu funkcionalnost.",
  "useForFree_line_string": "Možeš koristiti ove funkcionalnosti besplatno nedelju dana.",
  "useForFree_twoWeeks_line_string": "Možeš koristiti ove funkcionalnosti besplatno dve nedelje.",
  "useProForFreeTwoWeeks_string": "Možeš koristiti Pro funkcionalnosti besplatno dve nedelje.",
  "notNow_btn_string": "Ne sada",
  "continueWithGoogle_btn_string": "Nastavi sa Google nalogom",
  "trialBegunModal_body_string": "'Pro' funkcionalnosti su omogućene!",
  "ok_btn_string": "OK",
  "prePaymentModal_line1_string": "Pretplati se kako bi nastavio da koristiš 'Pro' funkcionalnosti.",
  "choosePaymentProvider_line_string": "Odaberi način plaćanja:",
  "payWithGoogle_btn_string": "Prihvata kreditne kartice.",
  "payWithPaddle_btn_string": "Prihvata kreditne kartice i Paypal.",
  "christmasSale_GT": "20% popusta do 1. januara",
  "youPayEveryMonth_GT": "Mesečna pretplata:",
  "or_GT": "ili",
  "youPayEvery3Months_GT": "Kvartalna uplata:",
  "youPayEveryYear_GT": "Godišnja pretplata:",
  "oneMonth_GT": "1 mesec",
  "threeMonths_GT": "3 meseca",
  "oneYear_GT": "1 godina",
  "subscriptionLabel_GT": "Pretplata. Nakon plaćanja možete otkazati ako ne želite automatsku obnovu.",
  "choose_GT": "Izaberi",
  "paymentSuccessful_line1_string": "Plaćanje uspešno! Hvala što podržavaš naš projekat!",
  "paymentSuccessful_line2_string": "Možeš da otkažeš pretplatu bilo kad iz panela sa podešavanjima.",
  "paymentSuccessfulPaddleMessage_line_string": "Napomena: ako bude potrebno da se plaćanje ručno proveri, treba sačekati par sati da se aktivira 'Pro' režim. Izvinite zbog čekanja!",
  "cancelGoogle_line_string": "Napomena: 'Pro' režim ostaje aktivan 30 dana nakon poslednje uplate.",
  "cancelSubscription_btn_string": "Otkaži pretplatu",
  "problemWithPayment_line1_string": "Došlo je do greške pri plaćanju.",
  "problemWithPayment_line2_string": "Molimo osvežite ovaj prozor nakon ažuriranja vaših informacija o plaćanju.",
  "updatePayment_btn_string": "Izmeni pretplatu",
  "alreadyUserPleaseSignIn": "Već si korisnik? Molimo,uloguj se.",
  "pleaseSignIn": "Molimo uloguj se.",
  "pleaseSignInOrRegister": "Uloguj se ili registruj da bi pristupio dodatnim funkcionalnostima",
  "noCreditCardInfoNoChargeAfterTrial": "Nisu potrebne informacije o kreditnoj kartici. Nakon probnog perioda ništa ti neće biti naplaćeno, ukoliko tada ne izabereš da se pretplatiš.",
  "signIn": "Prijavi se",
  "signOut": "Odjavljivanje",
  "options": "Opcije",
  "mode": "Mod:",
  "manageSubscription": "Izmeni pretplatu",
  "mode_free": "Besplatno",
  "mode_basic": "Osnovni režim",
  "mode_pro": "Pro",
  "signInStatus": "Status prijave:",
  "signedIn": "Prijavljen",
  "notSignedIn": "Odjavljen",
  "fix": "Ispravi",
  "featureComingSoon": "Funkcionalnost još nije implementirana.",
  "showTransliterations": "Prikaži transliteracije",
  "noTransliterations": "Bez transkripcija",
  "romaji": "Original + Romaji",
  "hiragana": "Original + Hiragana",
  "romajiOnly": "Romaji",
  "hiraganaOnly": "Hiragana",
  "withOriginalForm": "Sa originalnom formom",
  "transliterationsOnly": "Samo transliteracije",
  "hideTransliterationsForKnownWords_GT": "Sakrij transliteraciju za poznate reči",
  "playbackSpeed": "Brzina reprodukcije",
  "normal": "Srednja",
  "notAvailable": "Nije dostupno.",
  "noHTAvailable": "Ručni prevodi nisu dostupni za izabrani jezik.",
  "noMTAvailable": "Mašinski prevodi su dostupni samo za titlove u originalnom jeziku filma.",
  "proFeature": "Pro funkcija",
  "saveCurrentSubtitle": "Sačuvaj titl",
  "toggleAutoPause": "Uključi / isključi automatsko pauziranje",
  "exportToAnki": "Izvezi u Anki",
  "pleaseSelectItemsToExport": "Izaberi stavke za izvoz:",
  "allItems": "Sve stavke",
  "download": "Preuzmi",
  "subtitles": "Titlovi",
  "words": "Reči",
  "savedItems_short": "Sačuvane stavke",
  "savedItems": "Sačuvane stavke",
  "saved": "Sačuvano",
  "allLanguages": "Svi jezici",
  "allTypes": "Svi tipovi",
  "yellowWords": "Žute reči",
  "blueWords": "Plave reči",
  "greenWords": "Zelene reči",
  "purpleWords": "Ljubičaste reči",
  "redWords": "Crvene reči",
  "phrases": "Titlovi",
  "noSavedItems": "Nema sačuvanih stavki.",
  "clickAStar": "Klikni na zvezdu da bi se sačuvao titl, ili na dugmiće u boji u rečniku, da bi se sačuvala reč.",
  "loadingDotDotDot": "Učitavanje...",
  "showMore": "Prikaži više",
  "openCloseBottomPanel": "Otvori / zatvori donji odeljak",
  "openCloseVerticalView": "Otvori / zatvori vertikalni prikaz",
  "close": "Zatvori",
  "autoPaused": "AUTOMATSKI PAUZIRANO",
  "pressSpaceToContinue": "(Pritisnite SPACE za nastavak)",
  "saveWordTooltip": "Sačuvaj reč. Takođe možeš sačuvati reč desnim klikom na reč.",
  "subscriptionToProFeatures": "Pretplata na 'Pro' funkcionalnosti.",
  "tryForFree": "Isprobaj besplatno",
  "noCreditCardRequired": "Nije potrebna kreditna kartica.",
  "noCharge": "Za razliku od nekih drugih, mi vam nećemo naplatiti bilo šta tokom probnog perioda, niti automatski nadograditi vašu licencu.",
  "subscriptionActive": "Pretplata je aktivna.",
  "speedUpPlayback": "Ubrzaj reprodukciju",
  "slowDownPlayback": "Uspori reprodukciju",
  "highlightSavedWords_label": "Istakni sačuvane reči",
  "onRightClick_label": "Na desni klik",
  "onLongPress_label_GT": "Akcija dugog pritiska",
  "suggestedToKnownWordsRatio_label_GT": "Odnos predloženih i poznatih reči",
  "showVV_label": "Prikaži listu titlova",
  "showSubsBelowVideo_label": "Prikaži titlove ispod videa",
  "otherPossibleTranslations": "Ostali mogući prevodi",
  "doNothing_option": "Ne radi ništa",
  "showDict_option": "Prikaži rečnik",
  "showDictSpeak_option": "Prikaži rečnik i izgovori reč",
  "speakWord_option": "Izgovorite reč",
  "saveWord_option": "Sačuvaj reč",
  "removeAllItems": "Ukloni sve",
  "areYouSure": "Da li ste sigurni?",
  "hideTranslation": "Sakrij prevode",
  "hideTranslation_tt": "Sakrij prevode tokom gledanja videa. Klikni na tekst ili pritisni [e] za prevode.",
  "littlePracticeEveryDay": "Za učenje jezika potrebno je malo vežbe svaki dan. ",
  "enableLln": "Uključi Language Reactor",
  "doYouLikeOurExtension": "Da li ti se dopada Language Reactor?",
  "reportBug": "Prijavi grešku",
  "translationNotFound": "Prevod nije pronađen.",
  "usageExamples": "Primeri upotrebe",
  "userDefinedExternalDict_label": "Dodatni URL-ovi za rečnik",
  "turnOnOff": "Upali / ugasi",
  "fontSize_label": "Veličina fonta",
  "extraSmall": "Ekstra malo",
  "small": "Mala",
  "large": "Velika",
  "extraLarge": "Veoma veliko",
  "removeSubtitle": "Ukloni",
  "settings": "Podešavanja",
  "subtitleLanguage_label_yt": "Jezik titlova na YouTube-u",
  "subtitleLanguage_tooltip_yt": "Ovo je odabrani jezik YouTube filma ili serije.",
  "subtitlesNotLoaded_error_yt": "Youtube titlovi nisu učitani. Da li je izabran jezik titlova u Youtube meniju?",
  "exportAsJson": "Eksportuj kao JSON",
  "exportAsCsv": "Eksportuj kao CSV",
  "exportAsExcel": "Eksportuj kao Excel",
  "overrideArrowKeys_label": "Zameni strelice",
  "overrideArrowKeys_tt": "Sa ovom opcijom će se strelice na tastaturi ponašati isto kao A, S, D tasteri",
  "changelist": "Lista izmena",
  "print": "Štampa",
  "export": "Eksportuj",
  "appDescYoutube": "Unapredite svoje jezičke veštine efikasno i zabavno gledanjem video sadržaja na jeziku koji učite.",
  "externalDictsMessage": "Spoljni rečnici. Možete otvoriti poslednji korišćeni spoljni rečnik direktno, pritiskom tastera Shift dok kliknete na reč.",
  "userDefinedExternalDict_tooltip": "Korisnički rečnici koji će se prikazivati sa ostalim spoljnim rečnicima u iskačućem prozoru rečnika (biće označeni kao U1, U2...). URL mora da sadrži 'WORD' (velikim slovima) - koji će automatski biti zamenjen rečju koju pretražujete. Možete uneti više URL-ova u zasebnim redovima.",
  "pleaseLeaveReviewMessage": "Da li Vam se sviđa Language Reactor? Pomozite nam tako što ćete ostaviti recenziju u Chrome web prodavnici.",
  "writeReview": "Napišite recenziju",
  "saveSubtitle": "Sačuvaj",
  "translate": "Prevedi",
  "selectLang": "Izbor jezika",
  "searchVidsWithSubs": "Traži klipove sa titlovima (CC)",
  "searchSettings": "Podešavanja pretrage",
  "sourceLang": "Izvorni jezik:",
  "chatWithOtherUsers": "Ćaskaj sa drugim korisnicima Language Reactora",
  "forum": "Forum",
  "tip": "Savet:",
  "considerChangingYoutubeLanguage": "Za najbolje rezultate pretrage, probaj da promeniš jezik u YouTube podešavanjima.",
  "seeHow": "Saznajte kako",
  "helloPleaseSelectYourNativeLanguage": "Zdravo! Izaberi svoj maternji jezik:",
  "yourNativeLanguage_GT": "Vaš maternji jezik:",
  "autoHideYoutubePlaybackBarRecommended": "Automatsko sakrivanje YouTube kontrola (preporučeno)",
  "dontChangeTheInterface": "Ne menjaj interfejs",
  "hidePlaybackBar": "Sakrivanje kontrola",
  "font": "Font",
  "defaultRecommended": "Podrazumevano (preporučeno)",
  "subtitlesHidden": "Titlovi (sakriveni)",
  "noSubsForThisVideo": "Ovaj video nema titlove!",
  "forceOriginalTracks": "Forsiraj originalne zapise",
  "forceOriginalTracks_desc": "Sa ovim podešavanjem, video se automatski prebacuje na audio i titlove u originalnom jeziku kad god je ekstenzija uključena.",
  "hideSubtitles": "Sakrij titlove",
  "disabled": "Onemogućeno",
  "hideTranslations": "Sakrij prevode",
  "hideBoth": "Sakrij oboje",
  "showSubtitleControls": "Prikaži kontrole za titlove",
  "moveToggleControls": "Pomeri / isključi kontrole",
  "netflixTestsMessage": "Netfliks ponekad pokreće testove, koji mogu uzrokovati da Language Reactor ne radi pravilno. Da biste izbegli probleme, preporučujemo da isključite učešće u Netfliks testu. To je lako:",
  "disableTesting": "Onemogući testiranje",
  "nextBillingDate": "Datum naredne naplate",
  "youCanUseProForXXDays": "Možeš koristiti Pro funkcionalnosti još <text> dana.",
  "youCanUseFreeForXXDays": "Možeš koristiti besplatne funkcionalnosti <text> dana.",
  "subtitlesCouldNotBeLoaded": "Greška pri učitavanju titlova.",
  "adIsPlaying": "Reklama u toku.",
  "yourSubscriptionHasExpired": "Vaša pretplata je istekla.",
  "youHaveCanceledYourSubscription": "Tvoja pretplata je prekinuta.",
  "nowYouCanStudyWithYoutubeToo": "Sada možeš učiti jezike i na YouTube-u!",
  "machineTranslations": "Mašinski prevod",
  "humanTranslations": "Ručni prevod",
  "belowAreWordsFromTheCurrentVideo_GT": "Reči iz ovog videa, sortirane po učestalosti",
  "rightClickWordToSaveIt_GT": "Kliknite desnim tasterom miša da označite reč",
  "leftClickToOpenDict": "Levim klikom otvori rečnik.",
  "selectVocabLevelToMarkPurple": "Izaberi nivo znanja u podešavanjima da bi se ljubičastom bojom označile manje česte reči.",
  "aboveCurrentLevel": "Iznad trenutnog nivoa",
  "unsavedWords": "Nesačuvane reči",
  "levelX": "Nivo <text>",
  "tips": "Uputstvo",
  "emptyTemplate": "",
  "thisExportHasMultipleParts": "Ovaj eksport se sastoji iz više delova.",
  "downloadPartXX": "Skini deo <text>",
  "thisItemWasSavedInAnotherVideo": "Ova stavka je iz drugog videa.",
  "cancel": "Odustani",
  "openVideo": "Otvori video",
  "format": "Format",
  "printHtml": "Štampa (HTML)",
  "mustReadHowToImportToAnki": "Obavezno pročitati: Kako importovati u Anki",
  "infoAboutCsvExport": "Info o CSV eksportu",
  "jsonDataSchema": "JSON struktura podataka",
  "language": "Jezik",
  "itemType": "Tip stavke",
  "includeTimestamps": "Uključi vremena",
  "youCanChangeTranslitsOptionsInSettings": "Možeš promeniti opcije za transliteracije u podešavanjima",
  "preferredTranslations": "Prioritetni prevodi",
  "onlyNewItemsSinceLastExport": "Samo nove stavke, od poslednjeg eksporta",
  "includeMedia": "Uključi medije",
  "langName_is": "Islandski",
  "langName_ga": "Irski",
  "langName_az": "Azerbejdžanski",
  "langName_af": "Afrikans",
  "langName_am": "Amharski",
  "langName_ar": "Arapski",
  "langName_sq": "Albanski",
  "langName_hy": "Jermenski",
  "langName_it": "Italijanski",
  "langName_yi": "Jidiš",
  "langName_ig": "Igbo",
  "langName_id": "Indonežanski",
  "langName_ug": "Ujgurski",
  "langName_cy": "Velški",
  "langName_uk": "Ukrajinski",
  "langName_uz": "Uzbečki",
  "langName_ur": "Urdu",
  "langName_et": "Estonski",
  "langName_eo": "Esperanto",
  "langName_or": "Odija",
  "langName_nl": "Holandski",
  "langName_kk": "Kazaški",
  "langName_ca": "Katalonski",
  "langName_gl": "Galicijski",
  "langName_kn": "Kanada",
  "langName_rw": "Kinjaruanda",
  "langName_el": "Grčki",
  "langName_ky": "Kirgiski",
  "langName_gu": "Gudžarati",
  "langName_km": "Kmerski",
  "langName_ku": "Kurdski",
  "langName_hr": "Hrvatski",
  "langName_xh": "Kosa",
  "langName_co": "Korzikanski",
  "langName_sm": "Samoanski",
  "langName_jv": "Javanski",
  "langName_ka": "Gruzijski",
  "langName_sn": "Šona",
  "langName_sd": "Sindi",
  "langName_si": "Sinhaleški",
  "langName_sv": "Švedski",
  "langName_zu": "Zulu",
  "langName_gd": "Škotski Gelski",
  "langName_es": "Španski",
  "langName_sk": "Slovački",
  "langName_sl": "Slovenački",
  "langName_sw": "Svahili",
  "langName_su": "Sundanski",
  "langName_ceb": "Sebuanski",
  "langName_sr": "Srpski",
  "langName_so": "Somalski",
  "langName_th": "Tajski",
  "langName_tg": "Tadžički",
  "langName_tt": "Tatarski",
  "langName_ta": "Tamilski",
  "langName_cs": "Češki",
  "langName_te": "Telugu",
  "langName_da": "Danski",
  "langName_de": "Nemački",
  "langName_tk": "Turkmenski",
  "langName_tr": "Turski",
  "langName_ny": "Njandža",
  "langName_ne": "Nepalski",
  "langName_no": "Norveški",
  "langName_ht": "Haićanski",
  "langName_ha": "Hausa",
  "langName_ps": "Paštunski",
  "langName_eu": "Baskijski",
  "langName_haw": "Havajski",
  "langName_hu": "Mađarski",
  "langName_pa": "Pendžapski",
  "langName_hi": "Hindi",
  "langName_tl": "Filipinski",
  "langName_fi": "Finski",
  "langName_hmn": "Hmonški",
  "langName_fr": "Francuski",
  "langName_bg": "Bugarski",
  "langName_vi": "Vijetnamski",
  "langName_iw": "Hebrejski",
  "langName_be": "Beloruski",
  "langName_fa": "Persijski",
  "langName_bn": "Bengalski",
  "langName_pl": "Poljski",
  "langName_bs": "Bosanski",
  "langName_pt": "Portugalski",
  "langName_mi": "Maorski",
  "langName_mk": "Makedonski",
  "langName_mg": "Malgaški",
  "langName_mr": "Marati",
  "langName_ml": "Malajalam",
  "langName_mt": "Malteški",
  "langName_ms": "Malajski",
  "langName_my": "Burmanski",
  "langName_mn": "Mongolski",
  "langName_yo": "Joruba",
  "langName_lo": "Laoski",
  "langName_la": "Latinski",
  "langName_lv": "Letonski",
  "langName_lt": "Litvanski",
  "langName_ro": "Rumunski",
  "langName_lb": "Luksemburški",
  "langName_ru": "Ruski",
  "langName_en": "Engleski",
  "langName_ko": "Korejski",
  "langName_fy": "Zapadni Frizijski",
  "langName_zh-CN": "Kineski (Pojednostavljeno Kinesko Pismo)",
  "langName_zh-TW": "Kineski (Tradicionalno Kinesko Pismo)",
  "langName_st": "Sesoto",
  "langName_ja": "Japanski",
  "netflixCatalogue": "Netflix katalog",
  "notAllTitlesAllCountries": "Budući da nisu svi naslovi dostupni u svim zemljama, trebalo bi da izaberete zemlju u kojoj Netflix prepoznaje da ste locirani.",
  "catalogueByOriginalLanguage": "U katalogu su navedeni naslovi prema izvornom jeziku. To vam omogućava pronalaženje francuskih filmova za učenje francuskog, ili nemačkih filmova za učenje nemačkog jezika itd.",
  "goodSubtitlesForOriginal": "Netflix ima dobre titlove za izvorni jezik naslova koji se podudaraju sa audio zapisom.",
  "oftenDontMatch": "Titlovi se često ne podudaraju sa zvukom kod sinhronizovanog zvuka.",
  "yourCountry": "Tvoja zemlja",
  "allCountries": "Sve zemlje",
  "numberFound_colon": "Pronađen broj:",
  "genre_colon": "Žanr:",
  "released_colon": "Objavljeno:",
  "runtime_colon": "Dužina trajanja:",
  "drama": "Drama",
  "action": "Akcija",
  "crime": "Krimi",
  "thriller": "Triler",
  "adventure": "Avantura",
  "scifi": "Naučna fantastika",
  "romance": "Romansa",
  "fantasy": "Fantazija",
  "mystery": "Misterija",
  "war": "Ratni",
  "biography": "Biografija",
  "history": "Istorija",
  "clearHistory_GT": "Obriši istoriju",
  "comedy": "Komedija",
  "horror": "Horor",
  "sport": "Sport",
  "music": "Muzika",
  "animation": "Animacija",
  "musical": "Mjuzikl",
  "noMoviesFoundForThisSearch": "Nije pronađen nijedan film za ovu pretragu.",
  "youtubeCatalogue": "YouTube katalog",
  "installExtensionForEnhancedFeatures": "Savet: instaliraj ekstenziju za poboljšane funkcije dok gledaš Netflix i YouTube!",
  "weCreatedYTCatalogue": "Napravili smo ovaj katalog kako bismo ti pomogli da pronađeš dobre kanale za učenje.",
  "errorLoadingData": "Greška pri učitavanju podataka.",
  "search": "Pretraga",
  "subscribers_colon": "Pretplatnici:",
  "withSubtitles_colon": "Sa titlovima:",
  "score_colon": "Rezultat:",
  "installExtensionForBetterExperience": "Instaliraj ekstenziju za bolji doživljaj!",
  "translationSameAsSource_text_text": "Jezik za prevod (<text>) je isti kao i izvorni jezik (<text>). Razmisli o promeni jezika za prevod u podešavanjima.",
  "translationNotSupported_text_text": "Prevod sa jezika <text> na <text> trenutno nije podržan.",
  "selectDifferentTranslationLanguage": "Molimo vas da izaberete drugi jezik za prevod.",
  "nextVideo": "Sledeći video",
  "prevVideo": "Prethodni video",
  "smallVideo": "Mali video",
  "bigVideo": "Veliki video",
  "showTranslation": "Prikaži prevod (ako je dostupan)",
  "watchingVideos": "Gledanje videa",
  "afterInstallingAdditionalFeatures": "Nakon instaliranja ekstenzije pregledača, imaćeš dodatne funkcije za učenje jezika, kada gledaš video snimke na veb lokacijama za Netflix i YouTube.",
  "whatToWatch": "Šta gledati",
  "weCreatedNetflixAndYoutubeCatalogue": "Da bismo vti pomogli da pronađeš video snimke, kreirali smo katalog za Netflix i YouTube. Katalog možeš otvoriti u meniju na levoj strani ove stranice.",
  "alreadyOpenPleaseReload": "Ako je Netflix ili YouTube već otvoren, potrebno je da ponovo učitaš prozor.",
  "clickToOpenSettings": "Klikni ovde da otvoriš podešavanja.",
  "clickEnableExtraFeatures": "Klikni ovde da omogućiš ili onemogućiš dodatne funkcije.",
  "formerlyCalled": "(raniji naziv: „Language Learning with Netflix”)",
  "startInstallExtension": "Da započneš, instaliraj ekstenziju.",
  "saveAndReview": "Čuvanje i pregled",
  "reviewWordsAndPhrases": "Možeš da pregledaš reči i fraze koje su sačuvane kao fleš kartice, a takođe da naučiš i nove reči.",
  "underActiveDevelopment": "Ovaj projekat se aktivno razvija. Da biste predložili npvu funkciju, ili prijavili uočeni problem, molimo vas da posetite naš forum.",
  "writeToUs": "Molimo vas da nam pišete za ostala pitanja.",
  "setupComplete": "Podešavanje je završeno",
  "clickWordDictionary": "Klikni na reč za prikaz rečnika. Klikni na reč desnim tasterom da je sačuvaš.",
  "autopauseEverySubtitle": "Automatski pauziraj reprodukciju na kraju svakog titla.",
  "machineAndHumanTranslations": "U podešavanjima možeš odabati prikaz dve vrste prevoda: mašinski i ljudski (ručni). Mašinski prevod je vrlo doslovan, pomaže da razumeš strukturu rečenice na jeziku koji učiš. Ponekad može da sadrži greške. Ručni prevod je često koristan, jer pravilno prevodi izraze i idiome.",
  "keyboardKeys": "Možeš da koristiš tastere na tastaturi za upravljanje programom za reporodukciju.",
  "aKey": "Prethodni titl",
  "sKey": "Ponovi titl",
  "dKey": "Sledeći titl",
  "spaceKey": "Pusti/Pauza",
  "settingsForMoreShortcuts": "Potraži još prečica na tastaturi u podešavanjima.",
  "weCreatedNetflixCatalogue": "Napravili smo specijalni katalog kako bismo ti pomogli da pronađeš Netflix naslove sa visokokvalitetnim titlovima na jeziku koji učiš.",
  "youtubeHasAnyTopic": "YouTube sadrži video zapise na bilo koju temu, na svim glavnim jezicima. Međutim, YouTube pokušava da sakrije strani sadržaj od tebe.",
  "pageNotFound": "Stranica nije pronađena.",
  "videosNoLongerAvailable": "Neki od video snimaka na listi možda više nisu dostupni u tvojoj zemlji.",
  "votes_text": "<text> glasova",
  "countries_text": "<text> zemlja",
  "watch": "Gledaj",
  "tryAgain": "Pokušaj ponovo",
  "videoUnavailablePleaseContinue": "Ovaj video nije dostupan, molimo da pređete na sledeći.",
  "nextPage": "Sledeća stranica",
  "prevPage": "Prethodna stranica",
  "videos": "Video snimci",
  "selectPlaylist": "Molimo vas da izaberete listu za reprodukciju.",
  "flashcardTooltipProposal": "Broj novih stavki koje ulaze u ciklus učenja u ovoj sesiji",
  "flashcardTooltipExposure": "Broj stavki za obnavljanje u ovoj sesiji",
  "flashcardTooltipTest": "Broj pitanja za kviz u ovoj sesiji",
  "flashcardExposureTooltip": "Kartice za izlaganje prikazuju različite primere rečenica sa sačuvanim rečima kako biste bolje razumeli njihovu raznovrsnu upotrebu.",
  "flashcardExposure": "Izloženost",
  "flashcardTestTooltip": "Test kartice procenjuju Vaše znanje reči i rečenica",
  "flashcardTest": "Test",
  "lastPracticed_text": "Poslednje vežbanje: <text>",
  "itemsDueForPractice_text": "<text> stavki za vežbanje.",
  "startPractice": "Započnite vežbu",
  "betterWaitTillTomorrow": "Bolje je da sačekaš do sutra za sledeću sesiju vežbanja.",
  "practiceMore": "Vežbaj još",
  "savedWordsAppearHere": "Savet: ako sačuvaš nove reči i fraze, one će se pojaviti ovde, kada dođe vreme da ih uvežbaš.",
  "showAnswer": "Prikaži odgovor",
  "fail": "Netačno",
  "hard": "Teško",
  "easy": "Lako",
  "success": "Tačno",
  "ok": "U redu",
  "extraButtonsSearchBar": "Zbog toga smo napravili ovu dodatnu dugmad pored trake za pretragu na YouTube-u:",
  "leftTranslateRightSearch": "Dugme sa leve strane prevodi tekst u polju za pretragu, tako da možeš lakše da pronađeš video snimke na jeziku koji učiš. Dugme sa desne strane pretražuje samo video snimke koji imaju titlove.",
  "youtubeInterfaceLanguageMoreVideos": "Možeš da promeniš YouTube jezik korisničkog interfejsa u jezik koji učiš. YouTube će ti tada prikazati još video snimaka na tom jeziku.",
  "howToChangeYoutubeInterfaceLanguage": "Kako promeniti YouTube jezik interfejsa",
  "clickButtonTopRight": "Klikni na ovo dugme u gornjem desnom uglu ekrana:",
  "lookForLanguageSetting": "Potraži podešavanje „Jezik”:",
  "whenChangeMoreResults": "Kada promeniš jezik, pojaviće se više rezultata pretrage na jeziku koji učiš.",
  "onlyDesktopCheckBack": "Language Reactor je za sada dostupan samo na desktop računarima. Molimo da proverite ponovo uskoro!",
  "open": "Otvori",
  "word": "Reč",
  "phrase": "Fraza",
  "translation": "Prevod",
  "context": "Kontekst",
  "source": "Izvor",
  "actions": "Radnje",
  "accountInformation": "Informacije o nalogu",
  "quickSettings": "Brza podešavanja",
  "fullSettings": "Kompletna podešavanja",
  "gettingStarted": "Započnite",
  "exportHelp": "Vodič za izvoz",
  "studyTips": "Saveti za učenje",
  "howToImportWebpage": "Kako izvršiti uvoz veb stranice",
  "importWithRightClick": "Možeš da uvezeš veb stranicu u Language Reactor iz menija koji se dobija desnim klikom miša.",
  "extensionInstalledForThisFeature": "Za ovu funkciju moraš da imaš instaliranu Language Reactor ekstenziju.",
  "importText": "Uvezi tekst",
  "goToReaderMode": "Idi na režim čitanja",
  "edit": "UREDI",
  "read": "ČITAJ",
  "posADJ_UD": "Adj.",
  "posADP_UD": "Adp.",
  "posADV_UD": "Adv.",
  "posAUX_UD": "Aux.",
  "posNOU_UD": "Noun",
  "posPRO_UD": "Pronoun",
  "posVER_UD": "Verb",
  "posDET_UD": "Det.",
  "posSYM_UD": "Symbol",
  "posINT_UD": "Int.",
  "posCCO_UD": "Coord. Conj.",
  "posPUN_UD": "Punct.",
  "posNUM_UD": "Numerical",
  "posPAR_UD": "Particle",
  "posSCO_UD": "Sub. Conj.",
  "posX_UD": "Foreign",
  "posCONJ": "Conj.",
  "posPREP": "Prep.",
  "ok2": "U redu",
  "pleaseWait": "Sačekaj...",
  "ohNoPleaseAddPermissionLRLogin": "O, ne! Molimo te da dozvoliš da se ekstenzija Language Reactor pokrene na languagereactor.com da bi se onogućila uspešna prijava!",
  "recommended$Videos$": "Preporučeno",
  "$videos$WithSubtitles": "Sa titlovima",
  "$videosWith$MostSubscribers": "Većina pratilaca",
  "sortBy": "Sortiraj",
  "$video$Rating": "Ocena",
  "yearReleased": "Godina izdanja",
  "type$OfVideo$": "Tip",
  "any$TypeOfVideo$": "Sve",
  "movies": "Filmovi",
  "series": "Serije",
  "genres": "Žanrovi",
  "all$Genres$": "Sve",
  "goToIMDB": "Idi na IMDB",
  "availableIn": "Dostupno u:",
  "errorLoadingVideo": "Greška pri učitavanju videa",
  "goBack": "Nazad",
  "sorryThisPlaylistIsMissing": "Žao nam je, ova plejlista nedostaje.",
  "sorryThisVideoIsMissing": "Žao nam je, ovaj video nedostaje.",
  "videoList": "Lista video zapisa",
  "studyLanguage": "Jezik koji učim",
  "iAmLearning": "Jezik koji učim",
  "playAll": "Pusti sve",
  "bigUpdate": "Veliko unapređenje!",
  "readMore": "Detaljnije",
  "iGotIt": "Već znam",
  "allWords": "Sve reči",
  "savedWords": "Sačuvane reči",
  "savedPhrases": "Sačuvane fraze",
  "setVocabLevel_short": "Nivo vokabulara",
  "setVocabLevel": "Podesite nivo vokabulara",
  "changeVocabLevelConfirmation_GT": "Promeniti nivo vokabulara sa <text> na <text>?",
  "changeStudyLevel": "Promeni nivo rečnika",
  "currentStudyLevel": "Trenutni nivo rečnika",
  "change": "Promeni",
  "pleaseSelectYourStudyLevelToContinue": "Molimo izaberi nivo rečnika da nastaviš",
  "frequency": "Učestalost",
  "alphabetical": "Abecedno",
  "LEARNING": "Učenje",
  "KNOWN": "Poznato",
  "SKIPPED": "Ne uči",
  "SKIPPED_short": "Ne uči",
  "knownWords_GT": "Poznate reči",
  "tag": "Tagovi",
  "errorLoadingList": "Greška pri učitavanju reči",
  "pleaseSelectLanguageOnTop_GT": "Izaberite jezik iznad",
  "xSelected": "<text> izabrano",
  "setLearningStage": "Postavite nivo učenja",
  "thisWillAffectXItemsAreYouSure": "Ovo će uticati na <text> stavki. Da li si siguran?",
  "yes": "Da",
  "no": "Ne",
  "removeItems": "Ukloni stavke",
  "setTag": "Postavi tag",
  "selectAllOrNone": "Izaberite sve / ništa",
  "logIn": "Prijavi se",
  "noItemsFound": "Nema pronađenih stavki",
  "upgrade": "Pretplati se",
  "transliterationsJapanese": "Japanske transliteracije",
  "transliterationsVisibility_GT": "Prikaži transkripciju",
  "alwaysShow_GT": "Uvek",
  "hideForKnownWords_GT": "Sakrij za poznate reči",
  "hideForMarkedAndKnownWords_GT": "Sakrij za označene i poznate reči",
  "specialWords_GT": "Posebne reči",
  "specialWords_info_GT": "Imena, mesta, brojevi i slično",
  "markedWords_GT": "Označene reči",
  "markWord_GT": "Označi reč",
  "savedWordsMarkingTooltipDesc_GT": "Označene reči zadržavaju svoj status kada promenite nivo vokabulara. Prikazuju se sa konturom.",
  "wordStatus_desc_GT": "Status zavisi od nivoa vokabulara ili pojedinačnog označavanja.",
  "wordColors_desc_GT": "Ova podešavanja kontrolišu izgled reči u titlovima i tekstovima. U prikazu 'Sačuvane stavke', uvek se koristi puno bojenje reči.",
  "suggestedWords_desc_GT": "Najkorisnije reči za Vaše dalje učenje",
  "showKnownWordsInGreen": "Oboji poznate reči zelenom bojom",
  "showMarkedLearningWordsInOrange_GT": "Prikaži označene reči za učenje narandžastom bojom",
  "showSuggestedWordsInOrange_GT": "Prikaži predložene reči narandžastom bojom",
  "showRareWordsInGrey_GT": "Priguši retke reči",
  "outline_GT": "Okvir",
  "outlineMarkedWordsInText": "Uokviri označene reči u tekstu",
  "showTagsInText": "Prikaži tagove u tekstu",
  "showLearningStageButtonsInMiniDictionary": "Prikaži dugmad za fazu učenja pri prelasku mišem",
  "switchLearningStage_GT": "Prebacite poznate / učenje",
  "switchTags": "Uključi/isključi oznake",
  "switchLanguage_GT": "Promenite jezik",
  "dictionary": "Rečnik",
  "speakWordOnClick": "Izgovori reč na klik",
  "basicSettings": "Osnovna podešavanja",
  "machineTranslationsAvailable": "Mašinski prevod je dostupan",
  "belowAreWordsOfIncreasingDifficultyDesc": "Ispod su reči rastuće težine. Klikni na poslednji red gde možeš da razumeš sve reči (skroluj da vidiš sve).",
  "iDontKnowAnyWordsYet": "Ne znam još nijednu reč.",
  "exampleText": "Primer teksta:",
  "wordColors_GT": "Boje reči",
  "reset_GT": "Poništi",
  "newChat_GT": "Novi razgovor",
  "autoCorrectGrammar_GT": "Automatsko ispravljanje gramatike",
  "estimatedNumberOfKnownWords": "Procenjeni broj poznatih reči",
  "article": "Članak",
  "fullText": "Kompletan tekst",
  "textMode": "Tekst",
  "myText_GT": "Moj tekst",
  "myTexts_GT": "Moji tekstovi",
  "books_GT": "Knjige",
  "pasteAnyTextYouWishToStudyHere": "Ovde nalepi tekst koji želiš da učiš",
  "videoFile": "Video datoteka",
  "selectVideo": "Izaberi video",
  "selectVideoFile": "Izaberi video datoteku",
  "selectSubtitles": "Izaberi titlove",
  "subtitlesLanguage": "Jezik titla",
  "save": "Sačuvaj",
  "copy": "Kopiraj",
  "copyCurrentSentence": "Kopiraj trenutnu rečenicu",
  "wordNotFound": "Reč nije pronađena",
  "markWhetherYouKnowThisWordDesc": "Označi da li znaš ovu reč ili ne. Reči obojene narandžasto (za učenje) biće dodate na tvoje kartice.",
  "shortcutRightClick": "Desni klik miša",
  "shortcutMiddleClick": "Srednji klik mišem",
  "addTagToAWordDesc": "Možeš koristiti tagove da napraviš grupe reči. Označene reči se mogu zasebno izvoziti. Tagovi se mogu prikazati sa podvučenom obojenom linijom, ovo se može menjati u podešavanjima.",
  "markAsKnown": "Označi kao poznato",
  "markAsLearning": "Označi za učenje",
  "markedKnown_GT": "Označeno kao poznato",
  "markedToLearn": "Označeno za učenje",
  "learningNow": "U procesu učenja",
  "learnt": "Naučeno",
  "learn": "Nauči",
  "remove": "Ukloni",
  "noTag": "Nema tag",
  "examplesSavedItems": "Primeri: Sačuvane stavke",
  "examplesCurrentText": "Primeri: Aktuelni tekst",
  "examples": "Primeri:",
  "pleaseSignInToUseThisFeature": "Prijavi se da bi koristio ovu funkcionalnost.",
  "pleaseSignInToUseThisFreeFeature": "Prijavi se da bi koristio ovu besplatnu funkcionalnost.",
  "soThatWeCanSaveYourProgress": "(tako da možemo da sačuvamo tvoj napredak)",
  "phrasepumpInfoTooltipShort": "PhrasePump ti daje mnogo rečenica koje bi uglavnom trebalo da razumeš. Poboljšava tvoj rečnik, veštine slušanja i znanje gramatike.",
  "phrasepumpInfoTooltip": "PhrasePump ti daje mnogo rečenica koje bi uglavnom trebalo da razumeš. Poboljšava tvoj rečnik, veštine slušanja i znanje gramatike. Izabrane su rečenice sa rečima koje su potrebne za vežbanje ili koje sadrže nove reči za učenje.",
  "fumingRiver": "Pusti jezik da teče kroz tebe kao nabujala reka, neka useče svoje kanale u tvoje biće.",
  "itemsDueForReview": "stavke koje treba hitno pregledati",
  "noCardsToStudy": "Nema kartica za učenje.",
  "tryEnablingMoreStudyModes": "Pokušaj da omogućiš više režima učenja.",
  "pleaseMarkMoreItemsOrWait": "Označi još stavki za učenje, ili sačekaj da postojeće stavke dodju na red.",
  "statistics": "Statistika",
  "xCards": "<text> kartica",
  "cards": "Kartice",
  "cardsPracticedToday": "Kartice vežbane danas",
  "showLast": "Prikaži za period:",
  "day": "Dan",
  "week": "Nedelja",
  "month": "Mesec dana",
  "threeMonths": "3 meseca",
  "markedToLearnDesc": "Reči i fraze koje si sačuvao i koje još uvek čekaju na vežbanje.",
  "suggestions": "Predlozi",
  "suggestionsDesc": "Nakon što su tvoje sačuvane stavke uvežbane, PhrasePump ti može predložiti nove reči za učenje.",
  "suggestionsDesc_noMoreLeft": "Nema više predloga za prikaz.",
  "suggestionsDesc_noSuggestionsForLang": "Predlozi nisu podržani za ovaj jezik.",
  "inTheLastXDaysYouStartedToPracticeYItems": "U poslednjih <text> dana, počeli ste da vežbate <text> novih reči i fraza označenih za učenje.",
  "inTheLastXDaysYouStartedToPracticeYSuggestedWords": "U poslednjih <text> dana, počeli ste da vežbate <text> novih predloženih reči.",
  "youArePracticingXItems": "Aktivno vežbaš <text> reči i fraza.",
  "inTheLastXDaysYouHaveLearntYItems": "U poslednjih <text> dana, naučili ste <text> reči i fraza.",
  "inTheLastXDaysYouHavePracticedYItems": "U poslednjih <text> dana, vežbali ste <text> reči i fraza.",
  "learntDescLearntXItems": "Reči i fraze koje ćeš verovatno zapamtiti najmanje šest nedelja. Naučeno <text> stavki.",
  "halflifeDays_GT": "Poluživot (dani)",
  "languageSelector": "Biranje jezika",
  "addLanguage": "Dodaj jezik",
  "dueItems": "Stavke za obnavljanje:",
  "chooseALanguage": "Izaberi jezik",
  "showContext_GT": "Prikaži kontekst",
  "add": "Dodaj",
  "forgot": "Zaboravili ste",
  "okay": "U redu",
  "quizzes": "Testovi",
  "suggestedWords": "Predložene reči",
  "practice": "Vežba",
  "thisIsTheFirstTimeYouArePracticingThisItem": "Ovo je prvi put da vežbaš ovu stavku.",
  "quiz": "Test",
  "whatShouldGoInTheGap": "Šta treba da stoji u praznini?",
  "useTranslationForHelp": "Koristi prevod za pomoć.",
  "suggestedWord": "Predložena reč",
  "wouldYouLikeToLearnThisWord": "Da li želiš da naučiš ovu novu reč?",
  "listeningPractice": "Vežba slušanja",
  "tryToUnderstandBeforeYouRevealTheText": "Pokušaj da razumeš pre nego što otkriješ tekst.",
  "newItems": "Nove stavke",
  "newWordsTooltip": "Maksimalni procenat kartica koje se koriste za predstavljanje novih stavki („Označeno za učenje“ i „Predlozi“). Smanji ovo da bi više vežbao sa već odabranim stavkama. Ako je mnogo stavki dospelo za pregled, količina novog materijala biće smanjena.",
  "sessionSize": "Veličina sesije",
  "sessionSizeTooltip": "Broj kartica u sesiji.",
  "reveal": "Prikaži odgovor",
  "savePhrase": "Sačuvaj frazu",
  "learningStage": "Nivo učenja",
  "savingWords": "Čuvanje reči",
  "oldSystem": "Stari sistem:",
  "newSystem": "Novi sistem:",
  "greenKnownOrSuggestedWords": "belo: Poznate i predložene reči",
  "orangeMarkedWords": "narandžasto: Reči koje ste označili za učenje",
  "dictStageTagsPickerDesc": "Ovde možeš označiti da li znaš reč (zelena), učiš je (narandžasta) ili ne želiš da je učiš (siva). Takođe možeš dodati oznake, koje se prikazuju kao podvučene boje.",
  "exportFromLanguageReactor": "Izvoz iz Language Reactora...",
  "viewAll": "Prikaži sve",
  "wordViewNotSupported": "Ova funkcija trenutno nije podržana za ovaj jezik.",
  "green": "zeleno",
  "yellow": "žuto",
  "red": "crveno",
  "blue": "plavo",
  "lastSaved": "Poslednje sačuvano",
  "rank": "rang",
  "wordList": "Lista reči",
  "up1": "Ranije smo čuvali reči označavajući ih bojom (crvena, zelena, žuta, plava). Ova funkcionalnost je još uvek dostupna (sada se zove „tagovi“), ali su boje prikazane kao linije ispod reči. Postavljeno je da desni klik na reč više ne menja boju njene oznake, ali to možeš da konfigurišeš u podešavanjima.",
  "up2": "U ovoj verziji Language Reactor sada može da prati koje reči znaš, a za reči koje ne znaš, sugeriše da li treba da ih naučiš, ili ne. Ovo omogućava softveru da uradi neke korisne stvari i funkcioniše za oko 40 jezika.",
  "up3": "Reči koje znate ili na koje treba da obratite pažnju su prikazane BELOM bojom.",
  "up4": "Reči koje ste označili za učenje su prikazane NARANDŽASTO.",
  "up5": "Retke reči, koje za sada ne moraš da učiš su obojene SIVO.",
  "up6": "Ove kategorije nazivamo „Faze učenja“.",
  "up7": "Možeš brzo da podesiš svoju približnu veličinu rečnika klikom na ikonu podešavanja u rečniku. Ne moraš da obeležavaš svaku reč pojedinačno.",
  "up8": "Ako već imaš mnogo reči sačuvanih sa bojama, možeš ih grupno označiti kao fazu učenja:",
  "up9": "Klikni na „Sačuvane stavke“.",
  "up10": "Klikni na „Sačuvane reči“.",
  "up11": "Izaberi boju oznake u padajućem meniju.",
  "up12": "Klikni na polje za potvrdu „izaberi sve“.",
  "up13": "Izaberi „Fazu učenja“ koju želiš da dodeliš ovim rečima.",
  "up14": "Kada to uradiš, možda ćeš želeti da onemogućiš obojene podvučene linije za tagove u podešavanjima, da bi se smanjila vizuelna buka pri gledanju filmova itd.",
  "up15": "Ako želiš, ne moraš da koristiš ovaj sistem bojenja. U podešavanjima možeš da onemogućiš bojenje reči po stanju učenja:",
  "clickToReadMore": "Klikni da pročitaš više",
  "layout_GT": "Raspored",
  "videoSize_GT": "Veličina videa",
  "youAreLearning_GT": "Jezik učenja",
  "start_screen": "Početak",
  "theTextSeemsToBeIn_lang_GT": "Čini se da je ovaj tekst na <text>.",
  "changeSourceLanguageTo_lang_GT": "Preći na <text>?",
  "clearAllHistoryConfirmation_GT": "Obrisati svu istoriju <text>?",
  "chatHomescreenText_1_GT": "Ćaskajte sa AI, jer, pa, nemate s kim boljim da pričate?",
  "chatHomescreenText_2_GT": "Učinili smo to zabavnim.",
  "chatPreprompt_label_GT": "Uputstva za razgovor",
  "chatPreprompt_tooltip_GT": "Uputstva poslata AI-ju pre svakog razgovora",
  "typeTheTextToTranslate_GT": "Unesite tekst za prevod",
  "showMiniDictionary_GT": "Prikaži mini rečnik",
  "yourMessage_GT": "Vaša poruka",
  "other_GT": "Ostalo",
  "pressAndHoldToRecordVoice_GT": "Držite za snimanje",
  "recording_GT": "Snimanje...",
  "switchBetweenShortcutsAndInputMode_GT": "Prebacite način unosa/prečice",
  "pressTabToswitchBetweenShortcutsAndInputMode_GT": "Pritisnite [ESC] za prebacivanje između prečica i unosa teksta",
  "preferredAudioSource_GT": "Željeni izvor zvuka",
  "originalAudioWhenAvailable_GT": "Originalni audio (kada je dostupan)",
  "computerAudioTTS_GT": "Tekst u govor",
  "include_GT": "Uključi",
  "noItemsForThisLanguage_GT": "Nema stavki na ovom jeziku",
  "startReading_GT": "Počnite sa čitanjem",
  "numberOfPages_GT": "Broj stranica",
  "nextDocument_GT": "Sledeći dokument",
  "prevDocument_GT": "Prethodni dokument",
  "noVerticalView_GT": "Bez vertikalnog prikaza",
  "playbackRate_GT": "Brzina reprodukcije",
  "numPages_GT": "<text> stranica",
  "chapters_GT": "Poglavlja",
  "book_GT": "Knjiga",
  "audioTrack_GT": "Audio zapis",
  "simplifiedVersion_GT": "Pojednostavljena verzija",
  "dubbedAudio_GT": "Sinhronizovani audio",
  "dubbedAudioDesc_GT": "Ovaj video je originalno na drugom jeziku. Koristite prepoznavanje govora za titlove koji odgovaraju zvuku.",
  "rewindForward5s_GT": "Napred 5s",
  "rewindBack5s_GT": "Nazad 5s",
  "readTheForumPost_GT": "Pročitajte objavu na forumu",
  "youtubeChannels_GT": "YouTube kanali",
  "channels_GT": "Kanali",
  "thisFeatureIsUnderDevelopmentWillBeImprovedSoon_GT": "Ova funkcija je u razvoju i uskoro će biti unapređena.",
  "loadingAudio_GT": "Učitavanje zvuka...",
  "media_GT": "Medijski sadržaj",
  "useOurDesktopBrowserExtension_GT": "Koristite našu ekstenziju za desktop pretraživač prilikom gledanja ovih video zapisa za dodatne funkcije.",
  "holdDictButtonToRecordVoice_GT": "Držite dugme rečnika za snimanje glasa",
  "showDictRecord_GT": "Rečnik / Snimanje",
  "text_GT": "Tekst",
  "words_GT": "Reči",
  "viewLessFrequentWordsLink_GT": "Pogledajte manje česte reči na stranici Označene reči",
  "newText_GT": "Novi tekst",
  "untitledText_GT": "Neimenovani tekst",
  "title_GT": "Naslov",
  "pleaseEnterSomeText_GT": "Unesite tekst da biste nastavili",
  "saving_GT": "Čuvanje...",
  "theTextSeemsToBeIn_lang_whileYourLangIs_GT": "Čini se da je tekst na <text>, dok je jezik koji trenutno učite <text>.",
  "hideSubtitle_GT": "Sakrij titl",
  "translationThenSubtitle_GT": "Prevod pa titl",
  "subtitleThenTranslation_GT": "Titl pa prevod",
  "vocabLevel_GT": "Nivo vokabulara",
  "selection_GT": "Izbor",
  "preview_GT": "Pregled",
  "noTextWasSelected_GT": "Nije izabran tekst",
  "nViews_GT": "<text> pregleda",
  "viewCount_GT": "Pregledi",
  "date_GT": "Datum",
  "areYouTheOwnerYoutube_GT": "Da li ste Vi vlasnik ovog YouTube kanala?",
  "nVideos_GT": "<text> videa",
  "clearFilters_GT": "Obriši filtere",
  "recommendedChannels_GT": "Preporučeno",
  "popularChannels_GT": "Popularno",
  "allChannels_GT": "Svi kanali",
  "channel_GT": "Kanal",
  "lexaAiAssistantPrompts_placeholder_example_GT": "Objašnjenje: Molimo Vas da objasnite upotrebu reči <WORD> u ovoj rečenici: <CONTEXT>\nPrimeri: Molimo Vas da date više primera sa rečju <WORD> kako je upotrebljena u ovoj rečenici: <CONTEXT>",
  "updateHistory_GT": "Istorija ažuriranja",
  "recentAppUpdates_GT": "Nedavna ažuriranja",
  "moreInfo_GT": "Više informacija",
  "continue_GT": "Nastavite",
  "podcasts_GT": "Podkasti",
  "allPodcasts_GT": "Svi podkasti",
  "podcast_GT": "Podkast",
  "hidden_GT": "Skriveno",
  "lexaAiAssistant_GT": "Lexa AI asistent",
  "lexaAiAssistantInfo_GT": "Lexa može odgovarati na pitanja o rečima i rečenicama u materijalu koji učite.\n\nMožete uređivati upite (pitanja) u podešavanjima Language Reactor-a.\n\nPro režim koristi napredniji model koji može dati bolje odgovore.",
  "lexaAiAssistantPrompts_GT": "Lexa AI asistent - uputstva",
  "lexaAiAssistantPrompts_tooltip_GT": "Možete izmeniti ove upite (pitanja), ali morate poštovati format:\n\n[Naslov kartice]: [Upit]\n[Naslov kartice]: [Upit]\nitd.\n\n[Upit] može sadržati posebne oznake <WORD> i <CONTEXT>.\n\nMožete koristiti bilo koji jezik pri pisanju upita. Kada se pitanje pošalje Lexi, ovaj tekst će biti dodat na početak: Odgovorite na pitanja za učenika koji uči [jezik učenja]. Napišite svoj odgovor na [jezik prevođenja].",
  "hold_GT": "Držite",
  "invalidFormat_GT": "Neispravan format",
  "howToUseTouch_GT": "Vodič za kontrole dodirom",
  "removeThisMessageAndFollowingOnes_GT": "Uklonite ovu i naredne poruke",
  "install_GT": "Instaliraj",
  "refresh_GT": "Osveži",
  "lexaAiAssistantPrompts_tooltip_intro_GT": "Lexa se pojavljuje iznad rečnika kada kliknete na reč",
  "homepage_blurb": "🚀 Komplet alata za otkrivanje, razumevanje i učenje iz izvornih materijala. ✨ Doživite pristup koji nije samo efikasan, već i uzbudljiv! 🔥",
  "homepage_formerly_lln": "Prethodno poznato kao Language Learning with Netflix",
  "homepage_cardBodyNetflix": "Ekstenzija za pretraživač pretvara Vaše omiljene serije u časove jezika! 🍿 Pro režim omogućava prepoznavanje govora i mašinsko prevođenje za neometano razumevanje. 🌍",
  "homepage_cardBodyYoutube": "Hiljade YouTube kanala o bilo kojoj temi koju možete zamisliti 🧠 Razvijte razumevanje kroz autentičan jezik u kontekstu. Pogledajte naš pažljivo odabrani katalog 🎧",
  "homepage_cardBodyFSI": "Prihvatite izazov sa dokazanim državnim programima za obuku. Pratite strukturisane govorne vežbe koje grade stvarnu tečnost u jeziku. 💪 Pojačajte ove klasične metode modernim alatima Language Reactor-a.",
  "homepage_cardTitleWhatToLearn": "Šta učiti",
  "homepage_cardBodyWhatToLearn": "Vežbajte pametnije, ne teže! 🏃‍♂️ Language Reactor Vam predlaže ključne reči za Vaš put učenja, pomažući Vam da se fokusirate na ono što je najvažnije.",
  "homepage_cardBodyPhrasePump": "PhrasePump je prvenstveno vežba slušanja. 🎧 Odabrane su rečenice koje pojačavaju naučene reči koje treba obnoviti, a uvodi se i novi vokabular. Odlično i za početnike i za napredne polaznike.",
  "homepage_cardBodyAria": "Upoznajte Ariu: Vašeg oštroumnog jezičkog partnera. Ona je delom tutor, delom komičar, i uvek spremna da Vas zaseni dovitljivim odgovorom. 💬 Dobijajte trenutne ispravke, istražujte bezbroj tema i gradite samopouzdanje svojim tempom! 💡",
  "homepage_cardTitleProMode": "Pro Mode - Opcionalno!",
  "homepage_cardBodyProMode": "Language Reactor već sadrži mnoštvo odličnih besplatnih funkcija. Pro Mode donosi dodatnu čaroliju Vašem iskustvu. ✨",
  "homepage_cardTitleBooksAndWebsites": "Knjige i veb-sajtovi",
  "homepage_cardBodyBooksAndWebsite": "Uvezite bilo koju veb-stranicu u Language Reactor. Ili otpremite svoje omiljene knjige! Slušajte uz pretvaranje teksta u govor. 🎯",
  "clickHereToUseKeyboardControls": "Кликните овде да бисте користили контроле на тастатури",
  "uiLanguage_GT": "Jezik interfejsa",
  "videoFileIntro_GT": "Možete učitati video datoteku i datoteku sa titlovima (SRT), a Language Reactor će kreirati prevod za Vas. Trenutno, ova funkcija podržava samo video formate koje podržava Vaš pretraživač, ostali formati možda neće prikazati sliku.",
  "powerfulToolbox": "Language Reactor je moćan alat za učenje jezika.",
  "discoverUnderstandLearn": "On vam pomaže da otkrivate, razumevate i učite iz izvornih materijala.",
  "effectiveInterestingEnjoyable": "Učenje će postati efikasnije, zanimljivije i prijatnije!",
  "extensionAddsNetflixFeatures": "Ekstenzija dodaje dvojezične titlove, iskačući rečnik, precizne kontrole reprodukcije video zapisa i još mnogo funkcija prilikom gledanja filmova i serija na Netflix-u!",
  "thousandsOfChannels": "Postoji na hiljade kanala, koje možeš gledati, na bilo koju temu, koju možeš da zamisliš! Razvij svoje razumevanje autentičnog jezika u okviru konteksta.",
  "booksAndWebsites": "Knjige i veb lokacije",
  "importTextTranslationTTS": "Uvezi tekst, a Language Reactor će dodati mašinski prevod na tvom jeziku i pročitati tekst super realističnim pretvaranjem teksta u govor (uskoro dostupno).",
  "intelligentFeeding": "Automatska, inteligentna preporuka jezičkog sadržaja. Samo odaberi nivo jezika i uživaj u iskustvu.",
  "whatToLearn": "Šta učiti",
  "suggestVocab": "Language Reactor može da predloži na koje reči da se usredsrediš, a šta da preskočiš, tako da ubrzaš svoj napredak!",
  "highlightWhenAppear": "Sačuvaj reči koje želiš da naučiš, one će biti istaknute kad god se pojave.",
  "homepage_sectionTitleLearn": "Učite kroz ono što volite",
  "homepage_sectionSubtitleLearn": "Language Reactor vam pomaže da pronađete sadržaj za vaš nivo i interesovanja",
  "homepage_cardTitleYoutube": "YouTube i podkasti",
  "homepage_sectionTitleSuperpowers": "Jezičke supermoći",
  "homepage_sectionSubtitleSuperpowers": "Učinite svaki sadržaj razumljivim",
  "homepage_cardTitleBilingualSubs": "Dvojezični titlovi",
  "homepage_cardBodyBilingualSubs": "Vežbajte sluh uz prirodan govor dok pratite oba jezika. Otkrijte kako se značenja prenose između njih. 👂",
  "homepage_cardTitlePlayback": "Precizne kontrole reprodukcije",
  "homepage_cardBodyPlayback": "⚡ Pauzirajte vreme. Kontrolišite brzinu reprodukcije. 🎮 Upravljajte videom pomoću prečica na tastaturi i gestova. Automatsko pauziranje nakon svakog titla i ponavljanje dok ne kliknete. 🖱️",
  "homepage_cardTitleDictionary": "Rečnik i Lexa AI",
  "homepage_cardBodyDictionary": "🔍 Kliknite na bilo koju reč za trenutni prevod. Autentične primere rečenica sa pratećim audio zapisom. 🎧 AI objašnjenja upotrebe reči u kontekstu. 🌱 Prilagodite prikaz dodatnih informacija!",
  "homepage_sectionSubtitleMaster": "Kompletan alat za vokabular",
  "homepage_cardTitleSmartHighlighting": "Pametno isticanje",
  "homepage_cardBodySmartHighlighting": "Sačuvajte reč jednom i vidite je svuda—u svakom obliku. Language Reactor prepoznaje množinu, glagolske konjugacije i srodne oblike. Prirodno učvrstite svoje znanje kroz sve sadržaje.",
  "homepage_cardTitleExportAnki": "Izvoz u Anki",
  "homepage_cardBodyExportAnki": "Već koristite Anki? 📤 Izvezite lepe kartice za učenje u Anki sa snimcima ekrana i audio zapisima.",
  "homepage_sectionTitlePractice": "Vežbom do savršenstva",
  "homepage_sectionSubtitlePractice": "Pređite sa pasivnog na aktivno učenje",
  "homepage_cardBodyPhoneTablet": "Language Reactor radi na vašem telefonu i tabletu. Stalno radimo na poboljšanjima.",
  "homepage_cardTitlePhoneTablet": "Telefon i tablet",
  "homepage_sectionTitleMaster": "Savladajte svaku reč i frazu",
  "homepage_cardTitleExtension": "Ekstenzija za pregledač",
  "homepage_cardBodyExtension": "Na desktop računarima, instalirajte ekstenziju za pretraživač da biste omogućili funkcije Language Reactor-a tokom gledanja video zapisa na Netflix i YouTube sajtovima, i za uvoz web stranica!",
  "pleaseRefreshAfterChanges": "Molimo osvežite nakon izmena:",
  "pdfsInThisCourseOnlyOnDesktop": "PDF dokumenti u ovom kursu mogu se prikazati samo na računaru.",
  "noAudioFiles": "Nema audio datoteka",
  "proFeatures_intro": "Ostvarite puni potencijal svog putovanja kroz učenje jezika uz Language Reactor Pro mogućnosti! 🚀📚",
  "proFeatures_netflixTitle": "Prepoznavanje govora i mašinsko prevođenje (Netflix)",
  "proFeatures_netflixFree": "Koristite titlove koje pruža Netflix. 🍿",
  "proFeatures_netflixPro": "🎤 Uživajte u prepoznavanju govora za sve audio zapise. Precizni titlovi za sinhronizovani audio u Vašim omiljenim serijama! 🎬 Mašinski prevodi su doslovniji, za bolje razumevanje izvornog materijala. 🌍",
  "proFeatures_saveWordsTitle": "Sačuvajte reči i fraze",
  "proFeatures_saveWordsFree": "Sačuvajte reči i fraze tokom korišćenja PhrasePump funkcije. 📝",
  "proFeatures_saveWordsPro": "Sačuvajte reči i fraze kroz sve Language Reactor funkcije. Prilagodite učenje prema ličnim interesovanjima i prazninama u vokabularu. Označene reči su istaknute u svim Language Reactor funkcijama i mogu se izvesti u Anki! 📈✨",
  "proFeatures_lexaTitle": "Lexa AI Rečnik",
  "proFeatures_lexaFree": "Dobijte objašnjenja pomoću osnovnog jezičkog modela. 🤖",
  "proFeatures_lexaPro": "Iskoristite prednosti unapređenog AI modela sa širim znanjem, koji može efikasno odgovoriti na složenije upite! 🧠🌐",
  "proFeatures_supportTitle": "Podržite programere",
  "proFeatures_supportDetails": "Vaša podrška nam omogućava da nastavimo da unapređujemo Language Reactor i donosimo vam nove funkcije! ❤️",
  "youCanSubscribeAgainAfterTheEndOfThisPeriod": "Možete se ponovo pretplatiti nakon isteka ovog perioda.",
  "tipHoldTheDictionaryButtonToRecordVoice": "Savet: Zadržite dugme rečnika za glasovni unos",
  "sentenceOrTextSource": "Izvor",
  "homepage_cardTitleLanguageSupport": "🌍 Široka jezička podrška",
  "homepage_cardBodyLanguageSupport": "Učite iz sadržaja na više od 40 jezika. 🔤 Pogledajte transkripcije za jezike sa različitim sistemima pisanja. 👀 Sakrijte prevod dok ne pređete mišem preko teksta—savršeno za unapređenje veštine slušanja.",
  "additional15DiscountUntil5thJanuary2025": "Dodatnih 15% popusta do 5. januara 2025. Iskoristite kupon kod 'turtle' prilikom kupovine. 🎅",
  "includeDubbedAudioNF": "Uključi sinhronizovani audio",
  "phrasepumpNeedsImprovementForLang": "PhrasePump još uvek zahteva poboljšanja za jezik:",
  "addToHomeScreen": "Dodaj na početni ekran",
  "textToSpeechVoiceNotAvailableForThisLangError": "Glasovna sinteza nije dostupna za ovaj jezik. Pokušajte da instalirate dodatne jezičke pakete za Vaš sistem (ako su dostupni).",
  "textToSpeechInSafariNotGreatTryEdgeOrChrome": "Pretvaranje teksta u govor u Safari pretraživaču nije najbolje. Instalirajte Microsoft Edge ili Chrome za bolji kvalitet glasa.",
  "dueForReview": "Za ponavljanje",
  "signInWithGoogle": "Prijavite se preko Google-a",
  "allServersRunningNormally": "Svi serveri rade normalno.",
  "clearHistory": "Obriši",
  "copiedText": "Kopirano:",
  "loadingText": "Učitavanje teksta...",
  "installChromeExtension": "Instalirajte Chrome dodatak",
  "itemsRemoved": "Stavke uklonjene",
  "removingItemsFailed": "Brisanje stavki nije uspelo.",
  "itemsUpdated": "Stavke ažurirane",
  "autopauseNotAvailableOnYoutube": "Autopauza nije dostupna na YouTube-u.",
  "sideBySideLayout": "Uporedo",
  "overAndUnderLayout": "Iznad i ispod",
  "youAlsoHaveItemsInOtherLanguages": "Imate sačuvane stavke i na drugim jezicima. Promenite jezik u podešavanjima da biste ih videli.",
  "otherLanguages": "Drugi jezici",
  "paymentsAreCurrentlyNotSupportedInYourCountry": "Platbe su trenutno nedostupne u vašoj zemlji.",
  "titles_header": "Naslovi",
  "sources_header": "Izvori",
  "holdTheButtonToRecord": "Držite dugme za snimanje",
  "noOption": "Nema opcija",
  "learningResources": "Resursi",
  "deleteMyData": "Obrišite moje podatke",
  "deleteMyData_confirmationMessage": "Ovo će nepovratno obrisati sva Vaša podešavanja, sačuvane stavke, istoriju vežbanja, sačuvane medije i tekstove. Da li ste sigurni?",
  "advancedActions": "Napredne radnje",
  "successDone": "Uspešno!",
  "qKey": "Automatsko pauziranje",
  "rKey": "Sačuvaj trenutni titl",
  "copyKey": "Kopiraj trenutnu rečenicu",
  "unknownRank": "Nepoznat rang",
  "mostFrequentWord": "najčešća reč",
  "studyStore_errorSavingCardStats": "Greška pri čuvanju statistike kartica.",
  "studyStore_errorSavingCardRating": "Greška pri čuvanju ocene kartice.",
  "studyStore_loginNoLongerValid": "Prijava više nije važeća, molimo osvežite ovu stranicu.",
  "studyStore_tooltip_extraPracticeSentence": "Ova rečenica nije prikazana zbog neke određene sačuvane reči. Ovo je dodatna vežba za unapređenje Vašeg razumevanja i poznavanja gramatike.",
  "studyStore_tooltip_savedInYoutube": "Sačuvano u Youtube videu: ",
  "studyStore_tooltip_savedInNetflix": "Sačuvano u Netflix videu: ",
  "studyStore_extraPracticeIndicator": "[dodatna vežba]",
  "studyStore_errorLoadFlashcardMetadataFailed": "Učitavanje metapodataka kartica nije uspelo.",
  "studyStore_errorLoadPracticeItemsFailed": "Učitavanje vežbi nije uspelo.",
  "studyStore_errorLoadAudioFailed": "Učitavanje zvuka nije uspelo.",
  "studyStore_errorGettingAudio": "Greška pri učitavanju zvuka: ",
  "savedItemsStore_errorTooManyItems": "Imate previše stavki",
  "savedItemsStore_errorSavingItem": "Greška pri čuvanju stavke.",
  "savedItemsStore_errorUpdatingItemsFailed": "Ažuriranje stavki nije uspelo.",
  "savedItemsStore_errorFailedToRemoveItem": "Nije uspelo uklanjanje stavke.",
  "savedItemsStore_devError_itemNotFoundForSetStudied": "Sačuvana stavka ne postoji: ",
  "mediaStore_errorFailedToGetPlaylistInfo": "Nije uspelo preuzimanje informacija o plejlisti.",
  "mediaStore_errorFailedToGetDocumentInfo": "Nije moguće dobiti informacije o dokumentu.",
  "mediaStore_errorDocNotFoundInPlaylist": "Dokument nije pronađen u plejlisti.",
  "userDataStore_errorFailedToSaveUserData": "Nije uspelo ažuriranje sačuvanih podešavanja.",
  "userDataStore_errorUpdatingSavedItemKeys": "Nije moguće preuzeti ključeve sačuvanih stavki.",
  "chatStore_errorNannyRefusedMessage": "Servis za ćaskanje nije mogao da obradi Vašu poruku, molimo pokušajte da je preformulišete.",
  "chatStore_errorQuotaExceededPro": "Prekoračili ste dnevnu kvotu za četovanje, pokušajte ponovo sutra.",
  "chatStore_errorAsrFailed": "Nismo uspeli da obradimo vašu poruku, pokušajte ponovo.",
  "chatStore_errorGettingChatMessages": "Greška pri preuzimanju Chat poruka.",
  "chatStore_errorQuotaExceededMachine": "Kvota za četovanje je prekoračena. Molimo proverite Vašu pretplatu ili pokušajte kasnije.",
  "chatStore_errorQueueFull": "Izvinite, serveri su trenutno na maksimalnom kapacitetu, radimo na rešenju.",
  "chatStore_infoProUsersPriorityAccess": "Pro korisnici dobijaju prioritetni pristup.",
  "chatStore_errorLoadingConversationLangMismatch": "Greška pri učitavanju razgovora: Neusklađena podešavanja jezika.",
  "chatStore_placeholderEnterWordsHere": "[unesite reči ovde]",
  "notifications_prefixNetworkError": "Greška mreže, proverite Vašu WiFi vezu. ",
  "notifications_prefixNotFound": "Greška: Nije pronađeno. ",
  "notifications_prefixBadRequest": "Greška u softveru, pokušajte ponovo kasnije. ",
  "notifications_prefixTokenError": "Greška pri prijavljivanju, molimo prijavite se ponovo. ",
  "notifications_prefixServerError": "Greška na serveru, molimo pokušajte ponovo kasnije. ",
  "notifications_prefixNotProUser": "Pro funkcije više nisu dostupne. ",
  "notifications_prefixRateLimitExceeded": "Prekoračeno ograničenje zahteva. Pokušajte kasnije. ",
  "mediaDocPodcast_errorTimeoutDownloadingAudio": "Isteklo je vreme za preuzimanje zvuka sa URL-a.",
  "media_errorLoadingMediaTranslations": "Greška pri učitavanju prevoda medija.",
  "media_errorAsrQuotaExceeded": "Prekoračili ste dnevno ograničenje za obradu zvuka. Pokušajte ponovo sutra.",
  "media_errorAsrQueueFull": "Server za obradu zvuka je zauzet. Molimo pokušajte ponovo kasnije.",
  "media_errorLoadingAsr": "Greška pri učitavanju ASR-a.",
  "media_errorAsrTooLong": "ASR obrada traje predugo. Molimo pokušajte ponovo kasnije.",
  "media_errorLoadingNlpData": "Greška pri učitavanju NLP podataka.",
  "mediaDocText_errorFetchingPageTranslations": "Greška pri preuzimanju prevoda stranice.",
  "mediaDocText_errorFetchingTextInfo": "Greška pri preuzimanju informacija o tekstu.",
  "mediaDocText_errorFetchingPageNlp": "Greška pri učitavanju NLP stranice.",
  "mediaDocText_errorFetchingPageTts": "Greška pri učitavanju TTS stranice.",
  "media_errorLoadingMediaMetadata": "Greška pri učitavanju metapodataka medija.",
  "media_errorFetchingSubtitlesForVideo": "Greška pri preuzimanju titlova za video.",
  "media_errorAsrNotAvailableForVideo": "ASR nije dostupan za ovaj video snimak.",
  "media_errorFetchingVideoTranslations": "Greška pri preuzimanju prevoda videa."
}