{
  "langCode": "sv",
  "appNameTr": "Språkreaktor",
  "appName": "Språkreaktor",
  "appDesc": "Lär dig språk effektivt genom att titta på filmer och serier på ditt målspråk.",
  "catalogue": "Katalog",
  "catalogue_tooltip": "Hitta filmer och serier som är lämpliga för användning med Language Reactor.",
  "help": "Hjälp",
  "help_tooltip": "Användarguider och tips",
  "feedback": "Ge feedback",
  "feedback_tooltip": "Rapportera problem eller föreslå funktioner",
  "facebook": "Facebook",
  "facebook_tooltip": "Följ oss för uppdateringar",
  "originalLanguage_label": "Originalspråk:",
  "originalLanguage_tooltip": "Originalspråket för den här Netflix-filmen.",
  "noDictionary_error": "Dictionary-stöd för <text> kommer snart",
  "subtitleLanguage_label": "Netflix undertextspråk",
  "subtitleLanguage_tooltip": "För närvarande valt Netflix undertextspråk.",
  "subtitlesNotLoaded_error": "Inga undertexter har laddats. Vänligen välj ett undertextspråk i Netflix uppspelningsinställningar.",
  "subtitlesNoMatchAudio_error": "De valda Netflix-undertexterna (<text>) matchar inte ljudet. Byt till originalspråkets undertexter (<text>) i Netflix uppspelningskontroller, eller hitta ett föreslaget titel för ditt målspråk i Language Reactor-katalogen.",
  "subtitlesNoMatchAudio_ASR_error_GT": "De <text>-undertexterna matchar inte ljudet. Byt till originalspråkets undertexter (<text>) i Netflix-wiedergavinställningarna, eller hitta en föreslagen titel för ditt målspråk i Language Reactor-katalogen. Alternativt kan du använda taligenkänning (ASR) spåret.",
  "audioNoMatchSubtitles_error": "Den valda Netflix-ljudspåret (<text>) matchar troligen inte undertexterna. Välj originalspråket (<text>) för titeln i Netflix uppspelningskontroller, eller sök efter föreslagna titlar för ditt målspråk i Language Reactor-katalogen.",
  "audioLanguage_label": "Netflix ljudspråk",
  "audioLanguage_tooltip": "Detta är språket för den valda Netflix ljudspåret.",
  "pleaseSelectSubtitles": "- Välj undertexter i Netflix-kontrollerna -",
  "pleaseSelectSubtitlesYoutube": "- Välj undertexter i Youtube-kontrollerna -",
  "loadingSubtitles": "- Laddar undertexter, vänligen vänta... -",
  "loadingTranslations": "Laddar översättningar...",
  "firstSubtitleNotReached": "- Den första undertexten har ännu inte börjat. -",
  "errorApology_OLD": "Language Reactor har upptäckt att ett fel har inträffat. Utvecklarna har blivit informerade. Försök att ladda om sidan, eller försök igen om 24 timmar. Vi ber om ursäkt för besväret. Kolla vår Facebook-sida för uppdateringar. Felmeddelande: <text>",
  "openClose_tooltip": "Öppna/stäng Language Reactor.",
  "vocabHighlight_label": "Framhäva vokabulär",
  "levelWithNumber": "Nivå <text>: <text> ord",
  "levelDisable": "Nivå <text>: inaktivera",
  "translationLanguage_label": "Översättningsspråk",
  "translationLanguage_tooltip": "Språk för översättning - ställ in som ditt modersmål",
  "showMachineTranslation_label": "Visa maskinöversättning",
  "showMachineTranslation_tooltip": "Visa en automatisk översättning av källundertexterna.",
  "showHumanTranslation_label": "Visa mänsklig översättning",
  "showHumanTranslation_tooltip": "Visa en professionell översättning när den är tillgänglig.",
  "slowSpeechSegments": "Sakta ner talsegmenten",
  "slowSpeechSegments_tooltip": "Sänk uppspelningshastigheten till 0,8x när undertexter visas för bättre förståelse.",
  "keyboardShortcuts": "Tangentbordsgenvägar:",
  "previous": "Föregående",
  "next": "Nästa",
  "previousSub": "Föregående undertext",
  "nextSub": "Nästa undertext",
  "play": "Spela",
  "playPause": "Spela / Pausa",
  "repeat": "Upprepa",
  "infiniteRepeat": "Oändlig upprepning",
  "alsoUseASD": "Alternativa tangenter: A, S, D, Mellanslag",
  "autoPause": "Automatisk paus",
  "autoPause_tooltip": "Pausa automatiskt uppspelningen i slutet av varje undertext.",
  "none": "Ingen",
  "nms_tip": "Lär du dig ett språk? Prova vår nya extension för att studera ett språk med Netflix.",
  "welcomeModal_line1_string": "Välkommen till den nya Language Reactor",
  "welcomeModal_line2_string": "Vi har gjort flera förbättringar:",
  "welcomeModal_line3_string": "Undertexter kan nu visas över videon.",
  "welcomeModal_line4_string": "Nytt sidopanel visar alla undertexter.",
  "welcomeModal_line5_string": "Bättre stöd för asiatiska språk.",
  "proFeatures_line1_string": "Pro-läget inkluderar:",
  "proFeatures_line2_string": "Maskinöversättningar",
  "proFeatures_tt2_string": "Mer exakta översättningar som bättre fångar det ursprungliga betydelsen.",
  "proFeatures_line3_string": "Spara ord och fraser",
  "proFeatures_tt3_string": "Spåra din vokabulärs framsteg med automatisk markering. Exportera till Anki flashcards",
  "proFeatures_line4_string": "Undertexter för dubbade filmer",
  "proFeatures_tt4_string_GT": "Många serier på Netflix har ytterligare ljudspår på andra språk (dubbat ljud), men Netflix har inga korrekta undertexter för dessa ljudspår. Language Reactor kan skapa undertexter från ljudet, så att du kan studera, till exempel, tyska med Breaking Bad.",
  "proFeatures_line5_string": "Stöd utvecklarna",
  "proFeatures_tt5_string": "Vi arbetar hårt för att förbättra tillägget och ge dig nya funktioner.",
  "price_string": "Priset per månad är:",
  "welcomeModal_line6_string": "Maskinöversättning var tidigare gratis, men detta är en kostsam tjänst att tillhandahålla. Vi hoppas att du förstår.",
  "useForFree_line_string": "Du kan använda dessa funktioner gratis i en vecka.",
  "useForFree_twoWeeks_line_string": "Du kan använda dessa funktioner gratis i två veckor.",
  "useProForFreeTwoWeeks_string": "Du kan använda Pro-funktioner gratis i två veckor.",
  "notNow_btn_string": "Inte nu",
  "continueWithGoogle_btn_string": "Fortsätt med Google",
  "trialBegunModal_body_string": "Pro-funktioner har aktiverats.",
  "ok_btn_string": "OK",
  "prePaymentModal_line1_string": "Prenumerera för att fortsätta använda Pro-funktioner.",
  "choosePaymentProvider_line_string": "Vänligen välj betalningsmetod:",
  "payWithGoogle_btn_string": "Betala med kreditkort",
  "payWithPaddle_btn_string": "Betala med kreditkort eller PayPal",
  "christmasSale_GT": "20 % rabatt fram till 1 januari",
  "youPayEveryMonth_GT": "Månatlig betalning:",
  "or_GT": "eller",
  "youPayEvery3Months_GT": "Kvartalsbetalning:",
  "youPayEveryYear_GT": "Årlig betalning:",
  "oneMonth_GT": "1 månad",
  "threeMonths_GT": "3 månader",
  "oneYear_GT": "1 år",
  "subscriptionLabel_GT": "Prenumeration. Du kan avbryta efter betalning om du inte vill ha automatisk förnyelse.",
  "choose_GT": "Välj",
  "paymentSuccessful_line1_string": "Betalningen är genomförd. Tack för ditt stöd.",
  "paymentSuccessful_line2_string": "Du kan när som helst avbryta din prenumeration i inställningarna.",
  "paymentSuccessfulPaddleMessage_line_string": "Observera: Om din betalning behöver kontrolleras manuellt, vänligen vänta några timmar. Pro-läget aktiveras automatiskt.",
  "cancelGoogle_line_string": "Observera: Pro-läget förblir aktivt i 30 dagar efter din senaste betalning.",
  "cancelSubscription_btn_string": "Avbryt prenumeration",
  "problemWithPayment_line1_string": "Ett problem har upptäckts med betalningen av din prenumeration.",
  "problemWithPayment_line2_string": "Ladda om efter att du har uppdaterat dina betalningsuppgifter.",
  "updatePayment_btn_string": "Uppdatera betalningsinformation",
  "alreadyUserPleaseSignIn": "Har du redan ett konto? Logga in",
  "pleaseSignIn": "Logga in för att fortsätta",
  "pleaseSignInOrRegister": "Logga in eller skapa ett konto för extra funktioner",
  "noCreditCardInfoNoChargeAfterTrial": "Ingen kreditkortsinformation behövs. Vi kommer inte att ta betalt efter provperioden om du inte väljer att prenumerera.",
  "signIn": "Logga in",
  "signOut": "Logga ut",
  "options": "Inställningar",
  "mode": "Läge:",
  "manageSubscription": "Hantera prenumeration",
  "mode_free": "Gratis",
  "mode_basic": "Grundläge",
  "mode_pro": "Pro",
  "signInStatus": "Inloggningsstatus:",
  "signedIn": "Inloggad",
  "notSignedIn": "Inte inloggad",
  "fix": "Fixa",
  "featureComingSoon": "Kommer snart",
  "showTransliterations": "Visa translitterationer",
  "noTransliterations": "Inga translitterationer",
  "romaji": "Original + Romaji",
  "hiragana": "Original + Hiragana",
  "romajiOnly": "Endast Romaji",
  "hiraganaOnly": "Endast Hiragana",
  "withOriginalForm": "Med originalform",
  "transliterationsOnly": "Endast translitterationer",
  "hideTransliterationsForKnownWords_GT": "Dölj translitterationer för kända ord",
  "playbackSpeed": "Uppspelningshastighet",
  "normal": "Normal",
  "notAvailable": "Inte tillgänglig.",
  "noHTAvailable": "Ingen mänsklig översättning är tillgänglig för det valda språket.",
  "noMTAvailable": "Maskinöversättning fungerar endast med filmens originalundertexter.",
  "proFeature": "Pro-funktion",
  "saveCurrentSubtitle": "Spara aktuell undertext",
  "toggleAutoPause": "Växla auto-paus",
  "exportToAnki": "Exportera till Anki",
  "pleaseSelectItemsToExport": "Vänligen välj artiklar att exportera:",
  "allItems": "Alla objekt",
  "download": "Ladda ner",
  "subtitles": "Undertexter",
  "words": "Ord",
  "savedItems_short": "Sparade",
  "savedItems": "Sparade objekt",
  "saved": "Sparad",
  "allLanguages": "Alla språk",
  "allTypes": "Alla typer",
  "yellowWords": "Gula ord",
  "blueWords": "Blå ord",
  "greenWords": "Gröna ord",
  "purpleWords": "Lila ord",
  "redWords": "Röda ord",
  "phrases": "Fraser",
  "noSavedItems": "Inga sparade objekt.",
  "clickAStar": "Spara undertexter med stjärnikonen, spara ord med färgade knappar i ordboken.",
  "loadingDotDotDot": "Laddar...",
  "showMore": "Visa mer",
  "openCloseBottomPanel": "Öppna/stäng bottenpanelen",
  "openCloseVerticalView": "Öppna/stäng vertikal vy",
  "close": "Stäng",
  "autoPaused": "AUTOMATISKT PAUSAD",
  "pressSpaceToContinue": "(Tryck på MELLANSLAG för att fortsätta)",
  "saveWordTooltip": "Spara ord. Du kan också högerklicka på ett ord för att spara det.",
  "subscriptionToProFeatures": "Prenumeration på \"Pro\"-funktioner.",
  "tryForFree": "Prova gratis",
  "noCreditCardRequired": "Ingen kreditkort behövs.",
  "noCharge": "Till skillnad från andra kommer vi inte att ta betalt under din provperiod eller automatiskt uppgradera din prenumeration.",
  "subscriptionActive": "Ditt abonnemang är aktivt.",
  "speedUpPlayback": "Öka hastigheten",
  "slowDownPlayback": "Sakta ner",
  "highlightSavedWords_label": "Markera sparade ord",
  "onRightClick_label": "Högerklicka",
  "onLongPress_label_GT": "Långtryckning",
  "suggestedToKnownWordsRatio_label_GT": "Förhållande mellan föreslagna och kända ord",
  "showVV_label": "Visa lista över undertexter",
  "showSubsBelowVideo_label": "Visa undertexter under videon",
  "otherPossibleTranslations": "Andra översättningar",
  "doNothing_option": "Gör ingenting",
  "showDict_option": "Visa ordbok",
  "showDictSpeak_option": "Visa ordbok och uttala ordet",
  "speakWord_option": "Uttala ord",
  "saveWord_option": "Spara ord",
  "removeAllItems": "Ta bort alla objekt",
  "areYouSure": "Är du säker?",
  "hideTranslation": "Dölj översättning",
  "hideTranslation_tt": "Dölj översättning under uppspelning. Klicka på texten eller tryck på [e] för att visa.",
  "littlePracticeEveryDay": "Regelbunden träning är nyckeln till språkinlärning.",
  "enableLln": "Aktivera Language Reactor",
  "doYouLikeOurExtension": "Hur tycker du om Language Reactor?",
  "reportBug": "Rapportera ett problem",
  "translationNotFound": "Ingen översättning tillgänglig.",
  "usageExamples": "Exempel",
  "userDefinedExternalDict_label": "Anpassade ordboks-URL:er",
  "turnOnOff": "Slå på/av",
  "fontSize_label": "Teckenstorlek",
  "extraSmall": "Extra liten",
  "small": "Liten",
  "large": "Stor",
  "extraLarge": "Extra stor",
  "removeSubtitle": "Ta bort",
  "settings": "Inställningar",
  "subtitleLanguage_label_yt": "YouTube undertext språk",
  "subtitleLanguage_tooltip_yt": "Detta är språket för de valda YouTube-undertexterna.",
  "subtitlesNotLoaded_error_yt": "Inga undertexter har laddats. Kontrollera om undertexter är valda i YouTubes uppspelningsmeny.",
  "exportAsJson": "Exportera som JSON",
  "exportAsCsv": "Exportera som CSV",
  "exportAsExcel": "Exportera som Excel",
  "overrideArrowKeys_label": "Använd piltangenterna för att navigera i undertexterna",
  "overrideArrowKeys_tt": "Piltangenterna fungerar som tangenterna A, S och D",
  "changelist": "Senaste ändringar",
  "print": "Skriv ut",
  "export": "Exportera",
  "appDescYoutube": "Lär dig språk naturligt genom att titta på videor på ditt målspråk.",
  "externalDictsMessage": "Åtkomst till ditt senaste använda externa lexikon genom att hålla ner Shift medan du klickar på ett ord.",
  "userDefinedExternalDict_tooltip": "Lägg till anpassade ordboks-URL:er som kommer att visas i ordboken tillsammans med de andra externa ordboks-knapparna (namngivna U1, U2...). Inkludera 'WORD' med versaler - det kommer att ersättas med det ord du söker. Lägg till varje URL på en ny rad.",
  "pleaseLeaveReviewMessage": "Tycker du om Language Reactor? Hjälp oss gärna genom att lämna en recension i Chrome webbutik.",
  "writeReview": "Skriv en recension",
  "saveSubtitle": "Spara",
  "translate": "Översätt",
  "selectLang": "Välj språk",
  "searchVidsWithSubs": "Hitta videor med undertexter (CC)",
  "searchSettings": "Sökinställningar",
  "sourceLang": "Källspråk:",
  "chatWithOtherUsers": "Chatta med andra användare av Language Reactor",
  "forum": "Forum",
  "tip": "Tips:",
  "considerChangingYoutubeLanguage": "Ändra dina YouTube-språkinställningar för bättre sökresultat.",
  "seeHow": "Lär dig hur",
  "helloPleaseSelectYourNativeLanguage": "Vänligen välj ditt modersmål:",
  "yourNativeLanguage_GT": "Ditt modersmål:",
  "autoHideYoutubePlaybackBarRecommended": "Dölj automatiskt YouTube-spelaren (rekommenderat)",
  "dontChangeTheInterface": "Håll gränssnittet oförändrat",
  "hidePlaybackBar": "Dölj uppspelningsfältet",
  "font": "Typsnitt",
  "defaultRecommended": "Standard (rekommenderad)",
  "subtitlesHidden": "Undertexter (dolda)",
  "noSubsForThisVideo": "Inga undertexter för den här videon.",
  "forceOriginalTracks": "Tvinga originalspår",
  "forceOriginalTracks_desc": "Om aktiverad kommer det här alternativet att växla videon till originalspråkets ljud och undertexter när tillägget är aktiverat.",
  "hideSubtitles": "Dölj undertexter",
  "disabled": "Inaktiverad",
  "hideTranslations": "Dölj översättningar",
  "hideBoth": "Dölj båda",
  "showSubtitleControls": "Visa undertextkontroller",
  "moveToggleControls": "Flytta/aktivera kontroller",
  "netflixTestsMessage": "För att säkerställa att Language Reactor fungerar korrekt, stäng av deltagande i Netflix-test:",
  "disableTesting": "Stäng av testning",
  "nextBillingDate": "Nästa faktureringsdatum",
  "youCanUseProForXXDays": "Du kan använda Pro-funktioner i <text> dagar till.",
  "youCanUseFreeForXXDays": "Du kan använda de gratis funktionerna i <text> dagar.",
  "subtitlesCouldNotBeLoaded": "Kunde inte ladda undertexter.",
  "adIsPlaying": "Annonsen spelas upp.",
  "yourSubscriptionHasExpired": "Din prenumeration har avslutats.",
  "youHaveCanceledYourSubscription": "Din prenumeration är avbruten.",
  "nowYouCanStudyWithYoutubeToo": "Lär dig nu också med YouTube-videor!",
  "machineTranslations": "Maskinöversättning",
  "humanTranslations": "Mänsklig översättning",
  "belowAreWordsFromTheCurrentVideo_GT": "Ord från den här videon, sorterade efter frekvens",
  "rightClickWordToSaveIt_GT": "Högerklicka för att markera ett ord",
  "leftClickToOpenDict": "Vänsterklicka för att öppna ordboken och exempel.",
  "selectVocabLevelToMarkPurple": "Ställ in din vokabulärsnivå i inställningarna för att markera mindre vanliga ord i lila.",
  "aboveCurrentLevel": "Över nuvarande nivå",
  "unsavedWords": "Ej sparade ord",
  "levelX": "Nivå <text>",
  "tips": "Tips",
  "emptyTemplate": "",
  "thisExportHasMultipleParts": "Denna export innehåller flera delar.",
  "downloadPartXX": "Ladda ner del <text>",
  "thisItemWasSavedInAnotherVideo": "Sparad från en annan video.",
  "cancel": "Avbryt",
  "openVideo": "Öppna video",
  "format": "Format",
  "printHtml": "Skriv ut (HTML)",
  "mustReadHowToImportToAnki": "Hur man importerar till Anki",
  "infoAboutCsvExport": "Om CSV-export",
  "jsonDataSchema": "JSON-schema",
  "language": "Språk",
  "itemType": "Artikeltyp",
  "includeTimestamps": "Inkludera tidsstämplar",
  "youCanChangeTranslitsOptionsInSettings": "Du kan justera translitereringen i inställningarna.",
  "preferredTranslations": "Föredragna översättningar",
  "onlyNewItemsSinceLastExport": "Endast nya objekt sedan senaste exporten",
  "includeMedia": "Inkludera media",
  "langName_is": "Isländska",
  "langName_ga": "Irländska",
  "langName_az": "Azerbajdzjan",
  "langName_af": "Afrikaans",
  "langName_am": "Amhariska",
  "langName_ar": "Arabiska",
  "langName_sq": "Albanska",
  "langName_hy": "Armeniska",
  "langName_it": "Italienska",
  "langName_yi": "jiddisch",
  "langName_ig": "Igbo",
  "langName_id": "Indonesiska",
  "langName_ug": "Uigurer",
  "langName_cy": "Walesiska",
  "langName_uk": "Ukrainska",
  "langName_uz": "Usbekiska",
  "langName_ur": "Urdu",
  "langName_et": "Estisk",
  "langName_eo": "Esperanto",
  "langName_or": "Odia",
  "langName_nl": "Holländska",
  "langName_kk": "Kazakh",
  "langName_ca": "Katalanska",
  "langName_gl": "galiciska",
  "langName_kn": "Kannada",
  "langName_rw": "Kinyarwanda",
  "langName_el": "Grekiska",
  "langName_ky": "Kirgiziska",
  "langName_gu": "Gujarati",
  "langName_km": "Khmer",
  "langName_ku": "kurdiska",
  "langName_hr": "Kroatiska",
  "langName_xh": "Xhosa",
  "langName_co": "Korsikanska",
  "langName_sm": "Samoanska",
  "langName_jv": "Javanesiska",
  "langName_ka": "Georgiska",
  "langName_sn": "Shona",
  "langName_sd": "Sindhi",
  "langName_si": "Singhalese",
  "langName_sv": "Svenska",
  "langName_zu": "Zulu",
  "langName_gd": "Skotsk gaeliska",
  "langName_es": "Spanska",
  "langName_sk": "Slovak",
  "langName_sl": "Slovenska",
  "langName_sw": "Swahili",
  "langName_su": "Sundanesisk",
  "langName_ceb": "Cebuano",
  "langName_sr": "serbiska",
  "langName_so": "Somaliska",
  "langName_th": "Thailändska",
  "langName_tg": "Tajik",
  "langName_tt": "Tatar",
  "langName_ta": "Tamil",
  "langName_cs": "Tjeckiska",
  "langName_te": "Telugu",
  "langName_da": "Danska",
  "langName_de": "Tyska",
  "langName_tk": "Turkmenska",
  "langName_tr": "Turkiska",
  "langName_ny": "Nyanja",
  "langName_ne": "Nepali",
  "langName_no": "Norska",
  "langName_ht": "Haitisk kreol",
  "langName_ha": "Hausa",
  "langName_ps": "Pashto",
  "langName_eu": "baskiska",
  "langName_haw": "Hawaiianska",
  "langName_hu": "Ungerska",
  "langName_pa": "punjabi",
  "langName_hi": "Hindi",
  "langName_tl": "Filippinska",
  "langName_fi": "Finska",
  "langName_hmn": "Hmong",
  "langName_fr": "Franska",
  "langName_bg": "Bulgariska",
  "langName_vi": "Vietnamesiska",
  "langName_iw": "Hebreiska",
  "langName_be": "Vitrysk",
  "langName_fa": "persiska",
  "langName_bn": "Bengali",
  "langName_pl": "Polska",
  "langName_bs": "bosniska",
  "langName_pt": "Portugisiska",
  "langName_mi": "Maori",
  "langName_mk": "Makedonska",
  "langName_mg": "malagassiska",
  "langName_mr": "Marathi",
  "langName_ml": "malayalam",
  "langName_mt": "Maltesiska",
  "langName_ms": "Malay",
  "langName_my": "Burmesiska",
  "langName_mn": "mongoliska",
  "langName_yo": "Yoruba",
  "langName_lo": "Lao",
  "langName_la": "Latin",
  "langName_lv": "Lettiska",
  "langName_lt": "Litauiska",
  "langName_ro": "Rumänska",
  "langName_lb": "Luxemburgiska",
  "langName_ru": "Ryska",
  "langName_en": "Engelska",
  "langName_ko": "Koreanska",
  "langName_fy": "Västfrisiska",
  "langName_zh-CN": "Kinesiska (Förenklad)",
  "langName_zh-TW": "Kinesiska (Traditionell)",
  "langName_st": "Sydsotho",
  "langName_ja": "Japanska",
  "netflixCatalogue": "Netflix-katalog",
  "notAllTitlesAllCountries": "Eftersom inte alla titlar är tillgängliga i alla länder, bör du välja det land där Netflix upptäcker att du befinner dig.",
  "catalogueByOriginalLanguage": "Katalogen listar titlar efter deras originalspråk. Den gör det möjligt att hitta franska filmer för att studera franska och tyska filmer för att studera tyska, osv.",
  "goodSubtitlesForOriginal": "Netflix har bra undertexter för originalspråket av en titel, som matchar ljudspåret.",
  "oftenDontMatch": "Undertexterna matchar ofta inte ljudet för dubbade filmer.",
  "yourCountry": "Ditt land",
  "allCountries": "Alla länder",
  "numberFound_colon": "Hittade:",
  "genre_colon": "Genre:",
  "released_colon": "Släppt:",
  "runtime_colon": "Körtid:",
  "drama": "Drama",
  "action": "Åtgärd",
  "crime": "Brott",
  "thriller": "Thriller",
  "adventure": "Äventyr",
  "scifi": "Sci-Fi",
  "romance": "Romantik",
  "fantasy": "Fantasy",
  "mystery": "Mysterium",
  "war": "Krig",
  "biography": "Biografi",
  "history": "Historia",
  "clearHistory_GT": "Rensa historik",
  "comedy": "Komedi",
  "horror": "Skräck",
  "sport": "Sport",
  "music": "Musik",
  "animation": "Animation",
  "musical": "Musikal",
  "noMoviesFoundForThisSearch": "Inga matchande titlar hittades.",
  "youtubeCatalogue": "YouTube-katalog",
  "installExtensionForEnhancedFeatures": "Tips: Installera tillägget för att få fler funktioner när du använder Netflix och YouTube.",
  "weCreatedYTCatalogue": "Vi har skapat den här katalogen för att hjälpa dig att hitta bra kanaler för språkinlärning.",
  "errorLoadingData": "Kunde inte ladda data.",
  "search": "Sök",
  "subscribers_colon": "Prenumeranter:",
  "withSubtitles_colon": "Med undertexter:",
  "score_colon": "Poäng:",
  "installExtensionForBetterExperience": "Lägg till vår webbläsartillägg för en bättre upplevelse.",
  "translationSameAsSource_text_text": "Ditt översättningsspråk (<text>) matchar ditt källspråk (<text>). Överväg att ändra det i inställningarna.",
  "translationNotSupported_text_text": "Översättning från <text> till <text> är för närvarande inte tillgänglig.",
  "selectDifferentTranslationLanguage": "Välj ett annat översättningsspråk.",
  "nextVideo": "Nästa video",
  "prevVideo": "Föregående video",
  "smallVideo": "Litet video",
  "bigVideo": "Stort video",
  "showTranslation": "Visa översättning (om tillgänglig)",
  "watchingVideos": "Titta på videor:",
  "afterInstallingAdditionalFeatures": "Vår webbläsartillägg lägger till verktyg för språkinlärning på Netflix och YouTube.",
  "whatToWatch": "Vad att titta på",
  "weCreatedNetflixAndYoutubeCatalogue": "För att hjälpa dig att hitta videor har vi skapat ett katalog för Netflix och YouTube. Du kan öppna katalogen i menyn till vänster på denna sida.",
  "alreadyOpenPleaseReload": "Ladda om Netflix eller YouTube om de redan är öppna.",
  "clickToOpenSettings": "Öppna inställningar",
  "clickEnableExtraFeatures": "Aktivera eller inaktivera extra funktioner.",
  "formerlyCalled": "(tidigare kallad \"Language Learning with Netflix\")",
  "startInstallExtension": "Installera vår webbläsartillägg för att börja.",
  "saveAndReview": "Spara och granska",
  "reviewWordsAndPhrases": "Öva på sparade ord och fraser, och lär dig nya ord.",
  "underActiveDevelopment": "Detta projekt är under aktiv utveckling. För att föreslå en funktion eller rapportera ett problem, vänligen besök vårt forum.",
  "writeToUs": "Vänligen skriv till oss för andra frågor.",
  "setupComplete": "Inställningen är klar",
  "clickWordDictionary": "Klicka på ett ord för att se definitionen. Högerklicka för att spara det.",
  "autopauseEverySubtitle": "Pausa automatiskt efter varje undertext.",
  "machineAndHumanTranslations": "I inställningarna kan du välja mellan att visa två typer av översättningar: maskinell och mänsklig. Maskinöversättningar är mycket bokstavliga och hjälper dig att förstå meningsstrukturen i det språk du studerar. De kan ibland innehålla fel. Mänskliga översättningar är ofta användbara, eftersom de översätter uttryck och idiom korrekt.",
  "keyboardKeys": "Kontrollera uppspelningen med tangentbordsgenvägar:",
  "aKey": "Föregående textning",
  "sKey": "Upprepa textning",
  "dKey": "Nästa textning",
  "spaceKey": "Spela/Pausa",
  "settingsForMoreShortcuts": "Hitta fler genvägar i inställningarna.",
  "weCreatedNetflixCatalogue": "Vi har skapat en speciell katalog för att hjälpa dig att hitta Netflix-titlar med högkvalitativa undertexter på det språk du studerar.",
  "youtubeHasAnyTopic": "YouTube har innehåll om alla ämnen, på alla stora språk, men det kan filtrera bort utländskt innehåll som standard.",
  "pageNotFound": "Sidan kunde inte hittas.",
  "videosNoLongerAvailable": "Vissa av de listade videorna kanske inte längre är tillgängliga i ditt land.",
  "votes_text": "<text> röster",
  "countries_text": "<text> länder",
  "watch": "Titta",
  "tryAgain": "Försök igen",
  "videoUnavailablePleaseContinue": "Denna video är inte tillgänglig. Fortsätt till nästa.",
  "nextPage": "Nästa sida",
  "prevPage": "Föregående sida",
  "videos": "Videor",
  "selectPlaylist": "Vänligen välj en spellista.",
  "flashcardTooltipProposal": "Antal nya objekt som går in i studiecirkeln denna session",
  "flashcardTooltipExposure": "Antal objekt för granskning denna session",
  "flashcardTooltipTest": "Antal objekt för quiz denna session",
  "flashcardExposureTooltip": "Exponeringskort visar olika exempelmeningar med sparade ord för att hjälpa dig förstå deras olika användningar.",
  "flashcardExposure": "Exponering",
  "flashcardTestTooltip": "Testkort bedömer din kunskap om ord och meningar",
  "flashcardTest": "Test",
  "lastPracticed_text": "Senast övat: <text>",
  "itemsDueForPractice_text": "<text> objekt som ska övas.",
  "startPractice": "Börja öva",
  "betterWaitTillTomorrow": "Det är bättre att vänta till imorgon för nästa övningssession.",
  "practiceMore": "Fortsätt öva",
  "savedWordsAppearHere": "Tips: När du sparar ord och fraser kommer de att visas här när det är dags att öva.",
  "showAnswer": "Visa svar",
  "fail": "Felaktig",
  "hard": "Svår",
  "easy": "Lätt",
  "success": "Korrekt",
  "ok": "OK",
  "extraButtonsSearchBar": "Vi har lagt till dessa knappar bredvid sökfältet på YouTube:",
  "leftTranslateRightSearch": "Vänsterknappen översätter din söktext. Högerknappen hittar videor med undertexter.",
  "youtubeInterfaceLanguageMoreVideos": "Du kan ändra språket på din YouTube-gränssnitt till det språk du studerar. YouTube visar då fler videor på det språket.",
  "howToChangeYoutubeInterfaceLanguage": "Hur man ändrar språk för YouTube-gränssnittet",
  "clickButtonTopRight": "Klicka på knappen uppe till höger:",
  "lookForLanguageSetting": "Hitta språkinställningen:",
  "whenChangeMoreResults": "Att ändra språket visar fler resultat på ditt målspråk.",
  "onlyDesktopCheckBack": "Language Reactor är för närvarande endast tillgängligt på datorer. Vänligen kom tillbaka snart!",
  "open": "Öppna",
  "word": "Ord",
  "phrase": "Fras",
  "translation": "Översättning",
  "context": "Kontext",
  "source": "Källa",
  "actions": "Åtgärder",
  "accountInformation": "Kontoinformation",
  "quickSettings": "Snabbinställningar",
  "fullSettings": "Inställningar",
  "gettingStarted": "Kom igång",
  "exportHelp": "Exportguide",
  "studyTips": "Studietips",
  "howToImportWebpage": "Importera en webbsida",
  "importWithRightClick": "Importera webbsidor med hjälp av högerklicksmenyn.",
  "extensionInstalledForThisFeature": "Webbläsartillägget måste installeras för att använda denna funktion.",
  "importText": "Importera text",
  "goToReaderMode": "Byt till läsläge",
  "edit": "REDIGERA",
  "read": "LÄS",
  "posADJ_UD": "Adj.",
  "posADP_UD": "Adp.",
  "posADV_UD": "Adv.",
  "posAUX_UD": "Aux.",
  "posNOU_UD": "Substantiv",
  "posPRO_UD": "Pronomen",
  "posVER_UD": "Verb",
  "posDET_UD": "Det.",
  "posSYM_UD": "Symbol",
  "posINT_UD": "Int.",
  "posCCO_UD": "Koord. konj.",
  "posPUN_UD": "Punkt.",
  "posNUM_UD": "Numerisk",
  "posPAR_UD": "Partikel",
  "posSCO_UD": "Sub. konj.",
  "posX_UD": "Utländsk",
  "posCONJ": "Konj.",
  "posPREP": "Förbered.",
  "ok2": "OK",
  "pleaseWait": "Vänligen vänta...",
  "ohNoPleaseAddPermissionLRLogin": "Vänligen ge tillstånd för Language Reactor webbläsartillägget att köras på languagereactor.com för att möjliggöra en lyckad inloggning.",
  "recommended$Videos$": "Rekommenderad",
  "$videos$WithSubtitles": "Med undertexter",
  "$videosWith$MostSubscribers": "Flest prenumeranter",
  "sortBy": "Sortera efter",
  "$video$Rating": "Betyg",
  "yearReleased": "Utgivningsår",
  "type$OfVideo$": "Typ",
  "any$TypeOfVideo$": "Alla",
  "movies": "Filmer",
  "series": "Serier",
  "genres": "Genrer",
  "all$Genres$": "Alla",
  "goToIMDB": "Visa på IMDB",
  "availableIn": "Tillgänglig i:",
  "errorLoadingVideo": "Kunde inte ladda videon",
  "goBack": "Tillbaka",
  "sorryThisPlaylistIsMissing": "Tyvärr, denna spellista kan inte hittas.",
  "sorryThisVideoIsMissing": "Tyvärr, den här videon är inte tillgänglig.",
  "videoList": "Videor",
  "studyLanguage": "Studera språk",
  "iAmLearning": "Jag lär mig",
  "playAll": "Spela allt",
  "bigUpdate": "Ny uppdatering",
  "readMore": "Läs mer",
  "iGotIt": "Jag förstår",
  "allWords": "Alla ord",
  "savedWords": "Sparade ord",
  "savedPhrases": "Sparade fraser",
  "setVocabLevel_short": "Vokabulärsnivå",
  "setVocabLevel": "Ställ in vokabulärnivå",
  "changeVocabLevelConfirmation_GT": "Vill du ändra vokabulärnivån från <text> till <text>?",
  "changeStudyLevel": "Ändra nivå",
  "currentStudyLevel": "Aktuellt vokabulärsnivå",
  "change": "Ändra",
  "pleaseSelectYourStudyLevelToContinue": "Välj din vokabulärnivå för att fortsätta",
  "frequency": "Frekvens",
  "alphabetical": "Alfabetisk",
  "LEARNING": "Lärande",
  "KNOWN": "Känd",
  "SKIPPED": "Lär dig inte",
  "SKIPPED_short": "Lär inte",
  "knownWords_GT": "Kända ord",
  "tag": "Taggar",
  "errorLoadingList": "Kunde inte ladda orden",
  "pleaseSelectLanguageOnTop_GT": "Välj ett språk ovan",
  "xSelected": "<text> valda",
  "setLearningStage": "Ställ in lärandestatus",
  "thisWillAffectXItemsAreYouSure": "Detta kommer att ändra <text> objekt. Fortsätta?",
  "yes": "Ja",
  "no": "Nej",
  "removeItems": "Ta bort objekt",
  "setTag": "Ställ in tagg",
  "selectAllOrNone": "Välj alla / inga",
  "logIn": "Logga in",
  "noItemsFound": "Inga objekt hittades",
  "upgrade": "Uppgradera",
  "transliterationsJapanese": "Japanska translitterationer",
  "transliterationsVisibility_GT": "Visa translitterationer",
  "alwaysShow_GT": "Alltid",
  "hideForKnownWords_GT": "Dölj för kända ord",
  "hideForMarkedAndKnownWords_GT": "Dölj för markerade och kända ord",
  "specialWords_GT": "Speciella ord",
  "specialWords_info_GT": "Namn, platser, nummer, osv.",
  "markedWords_GT": "Markerade ord",
  "markWord_GT": "Markera ord",
  "savedWordsMarkingTooltipDesc_GT": "Markerade ord behåller sin status när du ändrar vokabulärnivå. De visas med en kontur.",
  "wordStatus_desc_GT": "Statusen kommer från vokabulärnivå eller individuell märkning.",
  "wordColors_desc_GT": "Dessa inställningar kontrollerar ordens utseende i undertexter och texter. I vyn 'Sparade objekt' används alltid full färgkodning av orden.",
  "suggestedWords_desc_GT": "De mest användbara orden för dig att lära dig nästa.",
  "showKnownWordsInGreen": "Visa kända ord i grönt",
  "showMarkedLearningWordsInOrange_GT": "Visa markerade lärord i orange",
  "showSuggestedWordsInOrange_GT": "Visa föreslagna ord i orange",
  "showRareWordsInGrey_GT": "Dölj sällan använda ord",
  "outline_GT": "Kontur",
  "outlineMarkedWordsInText": "Markera markerade ord i texten",
  "showTagsInText": "Visa etiketter i texten",
  "showLearningStageButtonsInMiniDictionary": "Visa knappar för lärandesteg vid muspekare",
  "switchLearningStage_GT": "Växla mellan kända / lärande",
  "switchTags": "Växla taggar",
  "switchLanguage_GT": "Byt språk",
  "dictionary": "Ordbok",
  "speakWordOnClick": "Säg ordet vid klick",
  "basicSettings": "Grundinställningar",
  "machineTranslationsAvailable": "Maskinöversättningar tillgängliga",
  "belowAreWordsOfIncreasingDifficultyDesc": "Klicka på den sista raden där du kan alla ord. Scrolla för att se mer.",
  "iDontKnowAnyWordsYet": "Jag har just börjat.",
  "exampleText": "Exempeltext:",
  "wordColors_GT": "Ordens färger",
  "reset_GT": "Återställ",
  "newChat_GT": "Ny chatt",
  "autoCorrectGrammar_GT": "Automatisk grammatikrättning",
  "estimatedNumberOfKnownWords": "Beräknat antal kända ord",
  "article": "Artikel",
  "fullText": "Fullständig text",
  "textMode": "Text",
  "myText_GT": "Min text",
  "myTexts_GT": "Mina texter",
  "books_GT": "Böcker",
  "pasteAnyTextYouWishToStudyHere": "Klistra in din studietext här",
  "videoFile": "Videofil",
  "selectVideo": "Välj video",
  "selectVideoFile": "Välj videofil",
  "selectSubtitles": "Välj undertexter",
  "subtitlesLanguage": "Undertextspråk",
  "save": "Spara",
  "copy": "Kopiera",
  "copyCurrentSentence": "Kopiera aktuell mening",
  "wordNotFound": "Ordet hittades inte",
  "markWhetherYouKnowThisWordDesc": "Markera om du känner till detta ord. Att markera ord i orange (Lärande) lägger till dem i dina flashcards.",
  "shortcutRightClick": "Högerklicka",
  "shortcutMiddleClick": "Mellanklick",
  "addTagToAWordDesc": "Du kan använda taggar för att skapa grupper av ord. Taggade ord kan exporteras separat. Taggar kan visas som färgade understrykningar, detta kan kontrolleras i inställningarna.",
  "markAsKnown": "Markera som känd",
  "markAsLearning": "Markera som lärande",
  "markedKnown_GT": "Markerad som känd",
  "markedToLearn": "Markerad för att lära",
  "learningNow": "Lärande nu",
  "learnt": "Lärt",
  "learn": "Lär dig",
  "remove": "Ta bort",
  "noTag": "Ingen etikett",
  "examplesSavedItems": "Exempel: Sparade objekt",
  "examplesCurrentText": "Exempel: Aktuell text",
  "examples": "Exempel:",
  "pleaseSignInToUseThisFeature": "Logga in för att använda den här funktionen.",
  "pleaseSignInToUseThisFreeFeature": "Logga in för att använda denna kostnadsfria funktion.",
  "soThatWeCanSaveYourProgress": "(för att vi ska kunna spara din framsteg)",
  "phrasepumpInfoTooltipShort": "PhrasePump hjälper dig att lära dig genom meningar som du kan förstå, vilket förbättrar ditt ordförråd, din hörförståelse och din grammatik.",
  "phrasepumpInfoTooltip": "PhrasePump visar meningar som du för det mesta kan förstå, vilket hjälper dig att öva på ord och lära dig nya. Det bygger upp ditt ordförråd, din hörförståelse och din grammatik.",
  "fumingRiver": "Låt språket flöda genom dig som en flod, som skapar nya vägar i ditt sinne.",
  "itemsDueForReview": "objekt som behöver brådskande granskning",
  "noCardsToStudy": "Inga kort att studera.",
  "tryEnablingMoreStudyModes": "Försök att aktivera fler studiemodeller.",
  "pleaseMarkMoreItemsOrWait": "Markera fler objekt att studera eller vänta på att befintliga objekt ska bli aktuella.",
  "statistics": "Statistik",
  "xCards": "<text> kort",
  "cards": "Kort",
  "cardsPracticedToday": "Dagens övning",
  "showLast": "Visa senaste:",
  "day": "Dag",
  "week": "Vecka",
  "month": "Månad",
  "threeMonths": "3 månader",
  "markedToLearnDesc": "Sparade ord och fraser som fortfarande är i kön för att övas.",
  "suggestions": "Förslag",
  "suggestionsDesc": "Efter att ha övat på dina sparade objekt kan PhrasePump föreslå nya ord att lära.",
  "suggestionsDesc_noMoreLeft": "Inga fler förslag tillgängliga.",
  "suggestionsDesc_noSuggestionsForLang": "Förslag är inte tillgängliga för detta språk.",
  "inTheLastXDaysYouStartedToPracticeYItems": "Du har börjat öva <text> nya \"Markerade för att lära\"-ord och fraser under de senaste <text> dagarna.",
  "inTheLastXDaysYouStartedToPracticeYSuggestedWords": "Du har börjat öva <text> föreslagna ord under de senaste <text> dagarna.",
  "youArePracticingXItems": "Du övar aktivt <text> ord och fraser.",
  "inTheLastXDaysYouHaveLearntYItems": "Under de senaste <text> dagarna har du lärt dig <text> ord och fraser.",
  "inTheLastXDaysYouHavePracticedYItems": "Du har övat <text> ord och fraser under de senaste <text> dagarna.",
  "learntDescLearntXItems": "Du har lärt dig <text> objekt. Dessa är ord och fraser som du sannolikt kommer att minnas i minst sex veckor.",
  "halflifeDays_GT": "Halveringstid (dagar)",
  "languageSelector": "Språkval",
  "addLanguage": "Lägg till språk",
  "dueItems": "Uppgifter att göra:",
  "chooseALanguage": "Välj ett språk",
  "showContext_GT": "Visa kontext",
  "add": "Lägg till",
  "forgot": "Glömde",
  "okay": "Korrekt",
  "quizzes": "Quizzar",
  "suggestedWords": "Föreslagna ord",
  "practice": "Öva",
  "thisIsTheFirstTimeYouArePracticingThisItem": "Detta är första gången du övar på detta moment.",
  "quiz": "Quiz",
  "whatShouldGoInTheGap": "Vad ska fyllas i?",
  "useTranslationForHelp": "Kontrollera översättningen för hjälp.",
  "suggestedWord": "Föreslaget ord",
  "wouldYouLikeToLearnThisWord": "Vill du lära dig det här nya ordet?",
  "listeningPractice": "Lyssningsövning",
  "tryToUnderstandBeforeYouRevealTheText": "Försök att förstå innan du avslöjar texten.",
  "newItems": "Nya objekt",
  "newWordsTooltip": "Maximalt procentantal av kort som används för att presentera nya objekt ('Markerade för att lära' och 'Förslag'). Sänk detta för att fokusera mer på repetition. När många objekt är förfallna minskas automatiskt mängden nya objekt som presenteras.",
  "sessionSize": "Sessionstorlek",
  "sessionSizeTooltip": "Antal kort per övningssession",
  "reveal": "Visa svar",
  "savePhrase": "Spara fras",
  "learningStage": "Lärande steg",
  "savingWords": "Hur man sparar ord",
  "oldSystem": "Tidigare system:",
  "newSystem": "Nuvarande system:",
  "greenKnownOrSuggestedWords": "Vit: Kända och föreslagna ord",
  "orangeMarkedWords": "Orange: Ord markerade för lärande",
  "dictStageTagsPickerDesc": "Här kan du markera om du känner till ordet (vitt), om du lär dig det (orange) eller om du vill hoppa över det (grått). Lägg till taggar för att visa dem som färgade understrykningar.",
  "exportFromLanguageReactor": "Exportera från Language Reactor...",
  "viewAll": "Visa alla",
  "wordViewNotSupported": "Denna funktion stöds för närvarande inte för detta språk.",
  "green": "grön",
  "yellow": "gul",
  "red": "röd",
  "blue": "blå",
  "lastSaved": "Senast sparad",
  "rank": "rank",
  "wordList": "Ordlista",
  "up1": "Tidigare sparade du ord med färger (röd, grön, gul, blå). Detta kallas nu \"taggar\" och visas som understrykningar. Högerklicksbeteendet kan anpassas i inställningarna.",
  "up2": "I den här uppdateringen kan Language Reactor nu spåra de ord du känner till, och för de ord du inte känner till föreslår det om du bör lära dig dem eller inte. Detta gör att programvaran kan utföra några användbara funktioner. Det fungerar för cirka 40 språk.",
  "up3": "VITA ord är sådana du känner till eller bör fokusera på.",
  "up4": "ORD som du har markerat för lärande visas i ORANGE.",
  "up5": "GRÅ ord är mindre vanliga och kan vänta.",
  "up6": "Dessa kategorier kallas \"Lärandesteg\".",
  "up7": "Du kan snabbt ställa in din ungefärliga vokabulärstorlek genom att klicka på inställningsikonen i ordboken. Du behöver inte markera varje ord individuellt.",
  "up8": "För att uppdatera dina befintliga färgkodade ord:",
  "up9": "Öppna fliken \"Sparade objekt\"",
  "up10": "Klicka på \"Sparade ord\".",
  "up11": "3. Välj taggens färg",
  "up12": "4. Använd kryssrutan \"välj alla\"",
  "up13": "5. Välj en lärandesteg",
  "up14": "När du har gjort detta kan du överväga att inaktivera färgade understrykningar i inställningarna för att minska visuell oreda.",
  "up15": "Färgsystemet är valfritt - du kan inaktivera färgning av ord efter lärandestatus i inställningarna:",
  "clickToReadMore": "Läs mer",
  "layout_GT": "Layout",
  "videoSize_GT": "Videostorlek",
  "youAreLearning_GT": "Studera språk",
  "start_screen": "Starta",
  "theTextSeemsToBeIn_lang_GT": "Denna text verkar vara på <text>.",
  "changeSourceLanguageTo_lang_GT": "Byta till <text>?",
  "clearAllHistoryConfirmation_GT": "Vill du radera all <text> historik?",
  "chatHomescreenText_1_GT": "Prata med AI, för, ja, du har väl ingen bättre att prata med?",
  "chatHomescreenText_2_GT": "Vi gjorde det roligt ändå.",
  "chatPreprompt_label_GT": "Chattinstruktioner",
  "chatPreprompt_tooltip_GT": "Instruktioner skickade till AI:n före varje chatt",
  "typeTheTextToTranslate_GT": "Ange text att översätta",
  "showMiniDictionary_GT": "Visa miniordbok",
  "yourMessage_GT": "Ditt meddelande",
  "other_GT": "Andra alternativ",
  "pressAndHoldToRecordVoice_GT": "Håll ned för att spela in",
  "recording_GT": "Spelar in...",
  "switchBetweenShortcutsAndInputMode_GT": "Väx mellan genvägar och inmatningsläge",
  "pressTabToswitchBetweenShortcutsAndInputMode_GT": "Tryck på [ESC] för att växla mellan genvägar och inmatningsläge",
  "preferredAudioSource_GT": "Föredragen ljudkälla",
  "originalAudioWhenAvailable_GT": "Original ljud (när det är tillgängligt)",
  "computerAudioTTS_GT": "Text-till-tal",
  "include_GT": "Inkludera",
  "noItemsForThisLanguage_GT": "Inga objekt på detta språk",
  "startReading_GT": "Börja läsa",
  "numberOfPages_GT": "Antal sidor",
  "nextDocument_GT": "Nästa dokument",
  "prevDocument_GT": "Föregående dokument",
  "noVerticalView_GT": "Ingen vertikal vy",
  "playbackRate_GT": "Uppspelningshastighet",
  "numPages_GT": "<text> sidor",
  "chapters_GT": "Kapitel",
  "book_GT": "Bok",
  "audioTrack_GT": "Ljudspår",
  "simplifiedVersion_GT": "Förenklad version",
  "dubbedAudio_GT": "Dubbat ljud",
  "dubbedAudioDesc_GT": "Denna video var ursprungligen på ett annat språk. Använd taligenkänning för att få undertexter som matchar ljudet.",
  "rewindForward5s_GT": "Spola fram 5s",
  "rewindBack5s_GT": "Tillbaka 5s",
  "readTheForumPost_GT": "Läs foruminlägg",
  "youtubeChannels_GT": "YouTube-kanaler",
  "channels_GT": "Kanaler",
  "thisFeatureIsUnderDevelopmentWillBeImprovedSoon_GT": "Denna funktion är under utveckling och kommer att förbättras snart.",
  "loadingAudio_GT": "Laddar ljud...",
  "media_GT": "Media",
  "useOurDesktopBrowserExtension_GT": "Använd vår desktop-webbläsartillägg när du tittar på dessa videor för ytterligare funktioner.",
  "holdDictButtonToRecordVoice_GT": "Håll in knappen för ordboken för att spela in din röst",
  "showDictRecord_GT": "Ordbok / Spela in",
  "text_GT": "Text",
  "words_GT": "Ord",
  "viewLessFrequentWordsLink_GT": "Visa mindre vanliga ord på sidan Markerade ord",
  "newText_GT": "Ny text",
  "untitledText_GT": "Obenämnd text",
  "title_GT": "Titel",
  "pleaseEnterSomeText_GT": "Ange text för att fortsätta",
  "saving_GT": "Sparar...",
  "theTextSeemsToBeIn_lang_whileYourLangIs_GT": "Texten verkar vara på <text>, medan ditt nuvarande studierspråk är <text>.",
  "hideSubtitle_GT": "Dölj undertext",
  "translationThenSubtitle_GT": "Översättning och sedan undertext",
  "subtitleThenTranslation_GT": "Undertext och sedan översättning",
  "vocabLevel_GT": "Ordnivå:",
  "selection_GT": "Val",
  "preview_GT": "Förhandsgranskning",
  "noTextWasSelected_GT": "Ingen text har valts",
  "nViews_GT": "<text> visningar",
  "viewCount_GT": "Visningar",
  "date_GT": "Datum",
  "areYouTheOwnerYoutube_GT": "Är du ägaren av den här YouTube-kanalen?",
  "nVideos_GT": "<text> videor",
  "clearFilters_GT": "Rensa filter",
  "recommendedChannels_GT": "Rekommenderat",
  "popularChannels_GT": "Populär",
  "allChannels_GT": "Alla kanaler",
  "channel_GT": "Kanal",
  "lexaAiAssistantPrompts_placeholder_example_GT": "Förklara: Vänligen förklara användningen av ordet <WORD> i denna mening: <CONTEXT>\nExempel: Vänligen ge fler exempel med ordet <WORD> som det används i denna mening: <CONTEXT>",
  "updateHistory_GT": "Uppdateringshistorik",
  "recentAppUpdates_GT": "Senaste uppdateringar",
  "moreInfo_GT": "Mer information",
  "continue_GT": "Fortsätt",
  "podcasts_GT": "Podcasts",
  "allPodcasts_GT": "Alla poddar",
  "podcast_GT": "Podcast",
  "hidden_GT": "Dold",
  "lexaAiAssistant_GT": "Lexa AI-assistent",
  "lexaAiAssistantInfo_GT": "Lexa kan svara på frågor om ord och meningar i det material du studerar.\n\nDu kan redigera frågorna i inställningarna för Language Reactor.\n\nPro-läget använder en mer intelligent modell som kan ge bättre svar.",
  "lexaAiAssistantPrompts_GT": "Lexa AI-assistentens uppmaningar",
  "lexaAiAssistantPrompts_tooltip_GT": "Du kan redigera dessa uppmaningar (frågor), men du måste följa formatet:\n\n[Fliktitel]: [Uppmaning]\n[Fliktitel]: [Uppmaning]\netc.\n\n[Uppmaning] kan innehålla de speciella platshållarna <WORD> och <CONTEXT>.\n\nDu kan använda vilket språk som helst när du skriver uppmaningen. När en fråga skickas till Lexa kommer denna text att läggas till i början: Svara på frågor för en student som lär sig [studiespråk]. Skriv din svar på [översättningsspråk].",
  "hold_GT": "Håll",
  "invalidFormat_GT": "Ogiltigt format",
  "howToUseTouch_GT": "Guide för beröringskontroller",
  "removeThisMessageAndFollowingOnes_GT": "Ta bort detta och följande meddelanden",
  "install_GT": "Installera",
  "refresh_GT": "Uppdatera",
  "lexaAiAssistantPrompts_tooltip_intro_GT": "Lexa visas ovanför ordboken när du klickar på ett ord",
  "homepage_blurb": "🚀 En verktygslåda för att upptäcka, förstå och lära sig med autentiska material. ✨ Upplev en immersiv metod som inte bara är effektiv, utan också spännande 🔥",
  "homepage_formerly_lln": "Tidigare känt som Language Learning with Netflix",
  "homepage_cardBodyNetflix": "Webbläsartillägget förvandlar dina favoritprogram till språklektioner. Pro-läget aktiverar taligenkänning och maskinöversättning för en sömlös förståelse. 🌍",
  "homepage_cardBodyYoutube": "Tusentals YouTube-kanaler om alla ämnen du kan tänka dig. Utveckla din förståelse med autentiskt språk i kontext. Bläddra i vår noggrant utvalda samling. 🎧",
  "homepage_cardBodyFSI": "Utmana dig själv med beprövade statliga träningsprogram. Följ strukturerade talövningar och övningar som bygger verklig flyt. 💪 Superladda dessa klassiska metoder med Language Reactors moderna verktyg.",
  "homepage_cardTitleWhatToLearn": "Vad att lära",
  "homepage_cardBodyWhatToLearn": "Träna smartare, inte hårdare! 🏃‍♂️ Language Reactor föreslår viktiga ord för din lärande resa, vilket hjälper dig att fokusera på det som är viktigast.",
  "homepage_cardBodyPhrasePump": "PhrasePump är främst en lyssningsövning. 🎧 Meningsvalen förstärker sparade ord som behöver repetition, och nytt ordförråd introduceras. Perfekt för både nybörjare och avancerade elever.",
  "homepage_cardBodyAria": "Möt Aria: Din kvicktänkta språkpartner. Hon är delvis lärare, delvis komiker, och alltid redo med en smart kommentar. 💬 Få omedelbara korrigeringar, utforska oändliga ämnen och bygg självförtroende i din egen takt. 💡",
  "homepage_cardTitleProMode": "Pro-läge - Valfritt",
  "homepage_cardBodyProMode": "Language Reactor är redan fullt med fantastiska gratisfunktioner. Pro-läget lägger till lite extra magi till din upplevelse. ✨",
  "homepage_cardTitleBooksAndWebsites": "Böcker och webbplatser",
  "homepage_cardBodyBooksAndWebsite": "Importera vilken webbsida som helst till Language Reactor eller ladda upp dina favoritböcker. Lyssna med text-till-tal. 🎯",
  "clickHereToUseKeyboardControls": "Klicka här för att använda tangentbordsstyrning",
  "uiLanguage_GT": "Användargränssnittsspråk",
  "videoFileIntro_GT": "Du kan ladda upp en videofil och en undertextfil (SRT), och Language Reactor skapar en översättning åt dig. För närvarande fungerar denna funktion endast med videoformat som din webbläsare stöder.",
  "powerfulToolbox": "Language Reactor är ett kraftfullt verktyg för att lära sig språk.",
  "discoverUnderstandLearn": "Det hjälper dig att upptäcka, förstå och lära dig från inhemska material.",
  "effectiveInterestingEnjoyable": "Studierna kommer att bli mer effektiva, intressanta och roliga.",
  "extensionAddsNetflixFeatures": "Tillägget lägger till tvåspråkiga undertexter, ett popup-ordbok, precisa videouppspelningskontroller och många fler funktioner när du tittar på filmer och serier på Netflix webbplats.",
  "thousandsOfChannels": "Tusentals kanaler för dig att titta på om vilket ämne du kan tänka dig! Utveckla din förståelse med autentiskt språk i kontext.",
  "booksAndWebsites": "Böcker och webbplatser",
  "importTextTranslationTTS": "Importera text, Language Reactor lägger till en maskinöversättning på ditt språk och läser texten med superrealistisk text-till-tal. (kommer snart)",
  "intelligentFeeding": "Automatiserad, intelligent presentation av språkinnehåll. Välj bara din språknivå och njut av resan.",
  "whatToLearn": "Vad ska du lära dig",
  "suggestVocab": "Language Reactor kan föreslå vilket ordförråd du bör fokusera på och vad du kan hoppa över, så att du kan påskynda din utveckling.",
  "highlightWhenAppear": "Spara ord du vill lära dig, de kommer att markeras varje gång de dyker upp.",
  "homepage_sectionTitleLearn": "Lär dig av det du älskar",
  "homepage_sectionSubtitleLearn": "Language Reactor hjälper dig att hitta innehåll som passar din nivå och dina intressen",
  "homepage_cardTitleYoutube": "YouTube och podcasts",
  "homepage_sectionTitleSuperpowers": "Språkliga superkrafter",
  "homepage_sectionSubtitleSuperpowers": "Gör allt innehåll begripligt",
  "homepage_cardTitleBilingualSubs": "Tvåspråkiga undertexter",
  "homepage_cardBodyBilingualSubs": "Träna ditt öra på naturligt tal medan du ser båda språken. Upptäck hur betydelserna hänger ihop.",
  "homepage_cardTitlePlayback": "Exakta uppspelningskontroller",
  "homepage_cardBodyPlayback": "⚡ Pausa tiden. Kontrollera uppspelningshastigheten. 🎮 Använd tangentbordsgenvägar och gester för att navigera i videor. Automatisk paus efter varje undertext tills du fortsätter. 🖱️",
  "homepage_cardTitleDictionary": "Ordbok & Lexa AI",
  "homepage_cardBodyDictionary": "🔍 Klicka på valfritt ord för direkta översättningar. Autentiska exempelmeningar med tillhörande ljud. 🎧 AI-baserade kontextuella förklaringar av ordanvändning. 🌱 Anpassa för att visa mer information!",
  "homepage_sectionSubtitleMaster": "Ett komplett verktyg för ditt ordförråd",
  "homepage_cardTitleSmartHighlighting": "Smart markering",
  "homepage_cardBodySmartHighlighting": "Spara ett ord en gång så ser du det överallt—i alla former. Language Reactor känner igen pluralformer, verbkonjugationer och relaterade former. Stärk ditt lärande naturligt genom allt innehåll.",
  "homepage_cardTitleExportAnki": "Exportera till Anki",
  "homepage_cardBodyExportAnki": "Använder du redan Anki? 📤 Exportera vackra flashcards till Anki med skärmdumpar och ljudklipp.",
  "homepage_sectionTitlePractice": "Övning ger färdighet",
  "homepage_sectionSubtitlePractice": "Ta ditt lärande från passivt till aktivt",
  "homepage_cardBodyPhoneTablet": "Language Reactor fungerar även på din telefon och surfplatta. Vi gör ständiga förbättringar.",
  "homepage_cardTitlePhoneTablet": "Telefon och surfplatta",
  "homepage_sectionTitleMaster": "Behärska varje ord och fras",
  "homepage_cardTitleExtension": "Webbläsartillägg",
  "homepage_cardBodyExtension": "På stationära datorer, installera webbläsartillägget för att aktivera Language Reactor-funktioner när du tittar på videor på Netflix och YouTube, och för att importera webbsidor!",
  "pleaseRefreshAfterChanges": "Vänligen uppdatera efter ändringar:",
  "pdfsInThisCourseOnlyOnDesktop": "PDF-filerna i den här kursen kan endast visas på dator.",
  "noAudioFiles": "Inga ljudfiler",
  "proFeatures_intro": "Frigör din fulla potential i din språkinlärning med Language Reactor Pro-funktioner! 🚀📚",
  "proFeatures_netflixTitle": "Taligenkänning och maskinöversättning (Netflix)",
  "proFeatures_netflixFree": "Använd undertexter från Netflix. 🍿",
  "proFeatures_netflixPro": "🎤 Få taligenkänning för alla ljudspår. Exakta undertexter för dubbat ljud i dina favoritserier! 🎬 Maskinöversättningar är mer ordagranna, för bättre förståelse av ursprungsmaterialet. 🌍",
  "proFeatures_saveWordsTitle": "Spara ord och fraser",
  "proFeatures_saveWordsFree": "Spara ord och fraser medan du använder PhrasePump-funktionen. 📝",
  "proFeatures_saveWordsPro": "Spara ord och fraser i alla Language Reactor-funktioner. Anpassa din inlärning efter personliga intressen och ordförrådsbrister. Markerade ord markeras i alla Language Reactor-funktioner och kan exporteras till Anki! 📈✨",
  "proFeatures_lexaTitle": "Lexa AI Ordbok",
  "proFeatures_lexaFree": "Få förklaringar med en enkel språkmodell. 🤖",
  "proFeatures_lexaPro": "Dra nytta av en förbättrad AI-modell med bredare kunskap som kan besvara mer komplexa frågor effektivt! 🧠🌐",
  "proFeatures_supportTitle": "Stöd utvecklarna",
  "proFeatures_supportDetails": "Ditt stöd gör det möjligt för oss att fortsätta förbättra Language Reactor och utveckla nya funktioner! ❤️",
  "youCanSubscribeAgainAfterTheEndOfThisPeriod": "Du kan prenumerera igen när denna period är slut.",
  "tipHoldTheDictionaryButtonToRecordVoice": "Tips: Håll nere ordboksknappen för att spela in röst",
  "sentenceOrTextSource": "Källa",
  "homepage_cardTitleLanguageSupport": "🌍 Omfattande språkstöd",
  "homepage_cardBodyLanguageSupport": "Lär dig från innehåll på över 40 språk. 🔤 Se transkriptioner för språk med olika skriftsystem. 👀 Dölj undertexter tills du hovrar över dem – perfekt för att träna din hörförståelse.",
  "additional15DiscountUntil5thJanuary2025": "Ytterligare 15% rabatt till och med 5 januari 2025. Använd kupongkoden 'turtle' vid kassan. 🎅",
  "includeDubbedAudioNF": "Inkludera dubbat ljud",
  "phrasepumpNeedsImprovementForLang": "PhrasePump behöver fortfarande förbättras för språket:",
  "addToHomeScreen": "Lägg till på startskärmen",
  "textToSpeechVoiceNotAvailableForThisLangError": "Text-till-tal-röst är inte tillgänglig för detta språk. Prova att installera ytterligare språkpaket för ditt system (om tillgängligt).",
  "textToSpeechInSafariNotGreatTryEdgeOrChrome": "Text-till-tal i Safari-webbläsaren fungerar inte så bra. Prova att installera Microsoft Edge eller Chrome för bättre röster.",
  "dueForReview": "Dags för repetition",
  "signInWithGoogle": "Logga in med Google",
  "allServersRunningNormally": "Alla servrar fungerar normalt.",
  "clearHistory": "Rensa",
  "copiedText": "Kopierat:",
  "loadingText": "Laddar text...",
  "installChromeExtension": "Installera Chrome-tillägget",
  "itemsRemoved": "Objekt borttagna",
  "removingItemsFailed": "Det gick inte att ta bort objekt.",
  "itemsUpdated": "Objekt uppdaterade",
  "autopauseNotAvailableOnYoutube": "Autopaus är inte tillgängligt på YouTube.",
  "sideBySideLayout": "Sida vid sida",
  "overAndUnderLayout": "Över och under",
  "youAlsoHaveItemsInOtherLanguages": "Du har även sparade objekt på andra språk. Byt språk i inställningarna för att se dem.",
  "otherLanguages": "Andra språk",
  "paymentsAreCurrentlyNotSupportedInYourCountry": "Betalningar är för närvarande inte tillgängliga i ditt land.",
  "titles_header": "Titlar",
  "sources_header": "Källor",
  "holdTheButtonToRecord": "Håll knappen nedtryckt för att spela in",
  "noOption": "Inget alternativ",
  "learningResources": "Resurser",
  "deleteMyData": "Radera mina data",
  "deleteMyData_confirmationMessage": "Detta kommer att radera alla dina inställningar, sparade objekt, övningshistorik, sparade media och texter permanent. Är du säker?",
  "advancedActions": "Avancerade åtgärder",
  "successDone": "Klart!",
  "qKey": "Växla autopaus",
  "rKey": "Spara aktuell textning",
  "copyKey": "Kopiera aktuell mening",
  "unknownRank": "Okänd frekvens",
  "mostFrequentWord": "vanligaste ordet",
  "studyStore_errorSavingCardStats": "Det gick inte att spara kortstatistiken.",
  "studyStore_errorSavingCardRating": "Det gick inte att spara kortbetyget.",
  "studyStore_loginNoLongerValid": "Inloggningen är inte längre giltig, vänligen ladda om sidan.",
  "studyStore_tooltip_extraPracticeSentence": "Denna mening visas inte på grund av något särskilt sparat ord. Det är extra övning för att förbättra dina kunskaper i lyssning och grammatik.",
  "studyStore_tooltip_savedInYoutube": "Sparad i Youtube-video: ",
  "studyStore_tooltip_savedInNetflix": "Sparad i Netflix-video: ",
  "studyStore_extraPracticeIndicator": "[extra övning]",
  "studyStore_errorLoadFlashcardMetadataFailed": "Det gick inte att ladda flashcard-metadata.",
  "studyStore_errorLoadPracticeItemsFailed": "Det gick inte att ladda övningsuppgifterna.",
  "studyStore_errorLoadAudioFailed": "Det gick inte att ladda ljudet.",
  "studyStore_errorGettingAudio": "Fel vid hämtning av ljud: ",
  "savedItemsStore_errorTooManyItems": "Du har för många objekt",
  "savedItemsStore_errorSavingItem": "Det gick inte att spara objektet.",
  "savedItemsStore_errorUpdatingItemsFailed": "Det gick inte att uppdatera objekten.",
  "savedItemsStore_errorFailedToRemoveItem": "Det gick inte att ta bort objektet.",
  "savedItemsStore_devError_itemNotFoundForSetStudied": "Sparad post existerar inte: ",
  "mediaStore_errorFailedToGetPlaylistInfo": "Det gick inte att hämta spellisteinformation.",
  "mediaStore_errorFailedToGetDocumentInfo": "Det gick inte att hämta dokumentinformationen.",
  "mediaStore_errorDocNotFoundInPlaylist": "Dokumentet hittades inte i spellistan.",
  "userDataStore_errorFailedToSaveUserData": "Det gick inte att uppdatera sparade inställningar.",
  "userDataStore_errorUpdatingSavedItemKeys": "Det går inte att hämta sparade objektnycklar.",
  "chatStore_errorNannyRefusedMessage": "Chattjänsten kunde inte hantera ditt meddelande, vänligen formulera om det.",
  "chatStore_errorQuotaExceededPro": "Chattkvoten är förbrukad, försök igen imorgon.",
  "chatStore_errorAsrFailed": "Det gick inte att behandla ditt meddelande, försök igen.",
  "chatStore_errorGettingChatMessages": "Det gick inte att hämta chattmeddelanden.",
  "chatStore_errorQuotaExceededMachine": "Chattkvoten är förbrukad. Kontrollera din prenumeration eller försök igen senare.",
  "chatStore_errorQueueFull": "Tyvärr är servrarna fullbelastade just nu, vi arbetar med att lösa det.",
  "chatStore_infoProUsersPriorityAccess": "Pro-användare får prioriterad åtkomst.",
  "chatStore_errorLoadingConversationLangMismatch": "Det gick inte att ladda konversationen: Språkinställningarna matchar inte.",
  "chatStore_placeholderEnterWordsHere": "[skriv ord här]",
  "notifications_prefixNetworkError": "Nätverksfel, kontrollera din WiFi. ",
  "notifications_prefixNotFound": "Fel: Hittades inte. ",
  "notifications_prefixBadRequest": "Programfel, försök igen senare. ",
  "notifications_prefixTokenError": "Inloggningsfel, vänligen logga in igen. ",
  "notifications_prefixServerError": "Serverfel, försök igen senare. ",
  "notifications_prefixNotProUser": "Pro-funktionerna är inte längre tillgängliga. ",
  "notifications_prefixRateLimitExceeded": "För många försök. Vänta och försök igen. ",
  "mediaDocPodcast_errorTimeoutDownloadingAudio": "Tidsgräns överskreds vid nedladdning av ljud från URL.",
  "media_errorLoadingMediaTranslations": "Det gick inte att ladda mediaöversättningar.",
  "media_errorAsrQuotaExceeded": "Du har nått dagens gräns för ljudbearbetning. Försök igen imorgon.",
  "media_errorAsrQueueFull": "Ljudbearbetningsservern är upptagen. Försök igen senare.",
  "media_errorLoadingAsr": "Fel vid inläsning av ASR.",
  "media_errorAsrTooLong": "ASR tar för lång tid att bearbeta. Försök igen senare.",
  "media_errorLoadingNlpData": "Fel vid laddning av NLP-data.",
  "mediaDocText_errorFetchingPageTranslations": "Det gick inte att hämta sidöversättningar.",
  "mediaDocText_errorFetchingTextInfo": "Det gick inte att hämta textinformation.",
  "mediaDocText_errorFetchingPageNlp": "Fel vid hämtning av NLP-sidan.",
  "mediaDocText_errorFetchingPageTts": "Fel vid hämtning av sidans TTS.",
  "media_errorLoadingMediaMetadata": "Det gick inte att läsa in mediametadata.",
  "media_errorFetchingSubtitlesForVideo": "Det gick inte att hämta textning för videon.",
  "media_errorAsrNotAvailableForVideo": "ASR är inte tillgängligt för den här videon.",
  "media_errorFetchingVideoTranslations": "Det gick inte att hämta videoöversättningar."
}