{
  "langCode": "tr",
  "appNameTr": "Language Reactor",
  "appName": "Language Reactor",
  "appDesc": "Çalışmakta olduğunuz dilde film ve dizi izleyerek becerilerinizi kendi başınıza, etkin ve zevkli bir şekilde geliştirin.",
  "catalogue": "Katalog",
  "catalogue_tooltip": "Language Reactor kullanımına uygun filmleri ve dizileri bulun.",
  "help": "Yardım",
  "help_tooltip": "Kullanım yönergeleri ve ipuçları.",
  "feedback": "Geri Bildirim Verin",
  "feedback_tooltip": "Bir sorun mu var? Özellik önerisi mi?",
  "facebook": "Facebook",
  "facebook_tooltip": "Sayfamızı beğenin ve en son haberleri takip edin.",
  "originalLanguage_label": "Orijinal dil:",
  "originalLanguage_tooltip": "Bu Netflix filminin orijinal dili.",
  "noDictionary_error": "Language Reactor uzantısı henüz <text> sözlüğünün kullanılmasını desteklememektedir. Bu özellik yakında geliyor!",
  "subtitleLanguage_label": "Netflix Altyazı Dili",
  "subtitleLanguage_tooltip": "Bu, seçilen Netflix altyazılarının dilidir.",
  "subtitlesNotLoaded_error": "Netflix altyazıları yüklenemedi. Netflix oynatma menüsünde bir altyazı dili seçtiniz mi?",
  "subtitlesNoMatchAudio_error": "Seçilen Netflix altyazıları (<text>) ses ile eşleşmiyor. Bunları Netflix oynatma kontrollerinde başlığın orijinal diline (<text>) ayarlamayı deneyin ya da okuduğunuz dil için önerilen başlıklar için Language Reactor kataloğunu tarayın.",
  "subtitlesNoMatchAudio_ASR_error_GT": "<text> altyazıları ses ile eşleşmiyor. Netflix oynatma kontrollerinden orijinal dil altyazılarına (<text>) geçin veya Language Reactor kataloğunda hedef diliniz için önerilen bir içerik bulun. Alternatif olarak, konuşma tanıma (ASR) kaydını kullanabilirsiniz.",
  "audioNoMatchSubtitles_error": "Seçili Netflix ses parçası (<text>) altyazılarla eşleşmiyor olabilir. Netflix oynatma kontrollerinde başlığın orijinal diline (<text>) ayarlamayı deneyin ya da okuduğunuz dil için önerilen başlıklar için Language Reactor kataloğunu tarayın.",
  "audioLanguage_label": "Netflix Ses Dili",
  "audioLanguage_tooltip": "Bu, seçilen Netflix ses parçasının dilidir.",
  "pleaseSelectSubtitles": "- Lütfen Netflix Player'da Altyazıları Seçin -",
  "pleaseSelectSubtitlesYoutube": "- Lütfen Youtube Player'da Altyazıları Seçin -",
  "loadingSubtitles": "- Altyazılar Yükleniyor, Lütfen Bekleyin... -",
  "loadingTranslations": "Çeviriler yükleniyor...",
  "firstSubtitleNotReached": "- İlk altyazı henüz başlamadı. -",
  "errorApology_OLD": "Language Reactor bir hata oluştuğunu tespit etti. Geliştiricilere bildirim yapıldı. Sayfayı yeniden yüklemeyi deneyin veya 24 saat içinde tekrar deneyin. Rahatsızlıktan dolayı özür dileriz. Güncellemeler için Facebook sayfamızı ziyaret edin. Hata mesajı: <text>",
  "openClose_tooltip": "Language Reactor'yi aç/kapat.",
  "vocabHighlight_label": "Kelime Vurgulama",
  "levelWithNumber": "Seviye <text>: <text> kelime",
  "levelDisable": "Seviye <text>: devre dışı bırak",
  "translationLanguage_label": "Çeviri Dili",
  "translationLanguage_tooltip": "Bu, çevirilerin dilidir. Bunu ana dilinize ayarlayın.",
  "showMachineTranslation_label": "Makine Çevirisini Göster",
  "showMachineTranslation_tooltip": "Dilindeki kaynak alt başlıkların makine çevirisini göster.",
  "showHumanTranslation_label": "İnsan Çevirisini Göster",
  "showHumanTranslation_tooltip": "Mevcutsa kendi dilindeki kaynak alt başlıkların insan çevirisini göster.",
  "slowSpeechSegments": "Yavaş konuşma bölümleri",
  "slowSpeechSegments_tooltip": "Bir altyazı aktifken videonun oynatma hızını azaltın (0.8x), anlaşılmasını kolaylaştırın.",
  "keyboardShortcuts": "Klavye Kısayolları:",
  "previous": "Önceki",
  "next": "Sonraki",
  "previousSub": "Önceki Altyazı",
  "nextSub": "Sonraki Altyazı",
  "play": "Oynat",
  "playPause": "Oynat / Duraklat",
  "repeat": "Tekrar",
  "infiniteRepeat": "Sonsuz Tekrar",
  "alsoUseASD": "Alternatif tuşlar: A, S, D, Boşluk",
  "autoPause": "Otomatik Duraklatma",
  "autoPause_tooltip": "Her altyazının sonunda oynatmayı otomatik olarak duraklat.",
  "none": "Yok",
  "nms_tip": "Dil öğreniyor musunuz? Netflix ile dil çalışmak için yeni eklentimizi deneyin.",
  "welcomeModal_line1_string": "Sevgili Kullanıcılar,",
  "welcomeModal_line2_string": "Uzantı için büyük bir güncelleme yaptık. Umarız yeni özelliklerden memnun kalırsınız:",
  "welcomeModal_line3_string": "Altyazılar artık videonun üst kısmında gösterilebilir.",
  "welcomeModal_line4_string": "Tüm altyazıları görüntülemeye imkan sağlayan ek yan panel.",
  "welcomeModal_line5_string": "Asya dilleri için daha iyi destek.",
  "proFeatures_line1_string": "'Pro' modu, ek özelliklere olanak sağlar:",
  "proFeatures_line2_string": "Makine çevirileri",
  "proFeatures_tt2_string": "Bunlar anlam olarak orijinal altyazılara daha yakındır. Dil öğrencileri için daha faydalıdır.",
  "proFeatures_line3_string": "Kelimeleri ve ifadeleri kaydet",
  "proFeatures_tt3_string": "Kaydettiğiniz kelimeler tüm altyazılarda öne çıkarılır. Bu, öğrenme düzeni sağlamanıza yardımcı olur. Kaydedilen kelimeler ve ifadeler Anki'ye (flashcard programı) aktarılabilir.",
  "proFeatures_line4_string": "Dublajlı Filmler için Altyazılar",
  "proFeatures_tt4_string_GT": "Netflix'teki birçok dizide farklı dillerde ek ses kayıtları (dublaj) bulunur, ancak Netflix bu ses kayıtları için doğru altyazılar sunmaz. Language Reactor ses kaydından altyazı oluşturabilir, böylece örneğin Breaking Bad ile Almanca çalışabilirsiniz.",
  "proFeatures_line5_string": "Geliştiricileri destekleyin",
  "proFeatures_tt5_string": "Uzantıyı iyileştirmek ve size yeni özellikler sunabilmek için çok çalışıyoruz.",
  "price_string": "Aylık fiyat:",
  "welcomeModal_line6_string": "Makine çevirisi önceden ücretsizdi, ancak bunu sağlamak pahalı bir hizmet. Umarız anlayışla karşılarsınız.",
  "useForFree_line_string": "Bu özellikleri bir hafta boyunca ücretsiz kullanabilirsiniz.",
  "useForFree_twoWeeks_line_string": "Bu özellikleri iki hafta boyunca ücretsiz kullanabilirsiniz.",
  "useProForFreeTwoWeeks_string": "Pro özelliklerini iki hafta boyunca ücretsiz olarak kullanabilirsiniz.",
  "notNow_btn_string": "Şimdi Değil",
  "continueWithGoogle_btn_string": "Google Hesabı ile Devam Et",
  "trialBegunModal_body_string": "'Pro' özellikleri etkinleştirildi!",
  "ok_btn_string": "Tamam",
  "prePaymentModal_line1_string": "'Pro' özelliklerini kullanmaya devam etmek için abone olun.",
  "choosePaymentProvider_line_string": "Lütfen bir ödeme yöntemi seçin:",
  "payWithGoogle_btn_string": "Kredi kartları kabul edilir.",
  "payWithPaddle_btn_string": "Kredi kartı ve Paypal geçerlidir.",
  "christmasSale_GT": "1 Ocak'a kadar %20 indirim",
  "youPayEveryMonth_GT": "Aylık ödeme:",
  "or_GT": "veya",
  "youPayEvery3Months_GT": "3 aylık ödeme:",
  "youPayEveryYear_GT": "Yıllık ödeme:",
  "oneMonth_GT": "1 ay",
  "threeMonths_GT": "3 ay",
  "oneYear_GT": "1 yıl",
  "subscriptionLabel_GT": "Abonelik. İstemediğiniz takdirde ödeme sonrası otomatik yenilemeyi iptal edebilirsiniz.",
  "choose_GT": "Seç",
  "paymentSuccessful_line1_string": "Ödeme başarılı! Projemize destek olduğunuz için teşekkür ederiz!",
  "paymentSuccessful_line2_string": "Aboneliğinizi istediğiniz zaman ayarlar kısmından iptal edebilirsiniz.",
  "paymentSuccessfulPaddleMessage_line_string": "Not: Ödemenizin manuel olarak kontrol edilmesi gerekiyorsa lütfen birkaç saat bekleyin, sonrasında 'Pro' modu otomatik olarak etkinleştirilecektir. Gecikme için üzgünüz!",
  "cancelGoogle_line_string": "Not: 'Pro' modu, son ödemenizden sonraki 30 gün boyunca etkin olacaktır.",
  "cancelSubscription_btn_string": "Aboneliği iptal et",
  "problemWithPayment_line1_string": "Abonelik ödemenizle ilgili bir sorun oluştu.",
  "problemWithPayment_line2_string": "Ödeme bilgilerinizi güncelledikten sonra lütfen bu pencereyi yeniden yükleyin.",
  "updatePayment_btn_string": "Ödeme Bilgilerini Güncelle",
  "alreadyUserPleaseSignIn": "Zaten bir kullanıcı mısınız? Lütfen oturum açın.",
  "pleaseSignIn": "Lütfen oturum açın.",
  "pleaseSignInOrRegister": "İlave özelliklere erişim sağlamak için lütfen oturum açın veya kaydolun.",
  "noCreditCardInfoNoChargeAfterTrial": "Kredi kartı bilgileri gerekmez. Deneme süresinde bir abonelik satın almayı seçmediğiniz sürece süre bitiminde sizden ücret alınmaz.",
  "signIn": "Oturum Aç",
  "signOut": "Oturumu Kapat",
  "options": "Seçenekler",
  "mode": "Mod:",
  "manageSubscription": "Aboneliği Yönet",
  "mode_free": "Ücretsiz",
  "mode_basic": "Temel Mod",
  "mode_pro": "Pro",
  "signInStatus": "Giriş durumu:",
  "signedIn": "Giriş yapıldı",
  "notSignedIn": "Giriş yapılmadı",
  "fix": "Düzelt",
  "featureComingSoon": "Özellik çok yakında geliyor.",
  "showTransliterations": "Harf çevirimlerini göster",
  "noTransliterations": "Harf çevirisi yok",
  "romaji": "Orijinal + Romaji",
  "hiragana": "Orijinal + Hiragana",
  "romajiOnly": "Sadece Romaji",
  "hiraganaOnly": "Sadece Hiragana",
  "withOriginalForm": "Orijinal biçimiyle",
  "transliterationsOnly": "Sadece harf çevirileri",
  "hideTransliterationsForKnownWords_GT": "Bildiğiniz kelimelerin Latin alfabesiyle yazılışını gizle",
  "playbackSpeed": "Oynatma hızı",
  "normal": "Normal",
  "notAvailable": "Mevcut değil.",
  "noHTAvailable": "Seçilen çeviri dili için insan tarafından yapılmış çeviri mevcut değil.",
  "noMTAvailable": "Makine Çevirileri yalnızca filmin orijinal altyazıları için kullanılabilir.",
  "proFeature": "Premium Özellik",
  "saveCurrentSubtitle": "Mevcut altyazıyı kaydet",
  "toggleAutoPause": "Otomatik duraklatmayı aç/kapat",
  "exportToAnki": "Anki'ye Aktar",
  "pleaseSelectItemsToExport": "Lütfen dışa aktarılacak ögeleri seçin:",
  "allItems": "Tüm Öğeler",
  "download": "İndir",
  "subtitles": "Altyazılar",
  "words": "Sözcükler",
  "savedItems_short": "Kaydedilmiş..",
  "savedItems": "Kaydedilmiş Öğeler",
  "saved": "Kaydedildi",
  "allLanguages": "Tüm diller",
  "allTypes": "Tüm Türler",
  "yellowWords": "Sarı Kelimeler",
  "blueWords": "Mavi Kelimeler",
  "greenWords": "Yeşil Kelimeler",
  "purpleWords": "Mor Kelimeler",
  "redWords": "Kırmızı Kelimeler",
  "phrases": "İfadeler",
  "noSavedItems": "Kaydedilen Öğe Yok.",
  "clickAStar": "Bir altyazı kaydetmek için yıldıza, bir kelime kaydetmek için sözlükteki renkli butonlara tıklayın.",
  "loadingDotDotDot": "Yükleniyor...",
  "showMore": "Daha Fazla Göster",
  "openCloseBottomPanel": "Alt Paneli Aç/Kapat",
  "openCloseVerticalView": "Dikey Görünümü Aç/Kapat",
  "close": "Kapat",
  "autoPaused": "OTOMATİK DURAKLATILDI",
  "pressSpaceToContinue": "(Devam Etmek İçin BOŞLUK Tuşuna Basın)",
  "saveWordTooltip": "Kelimeyi Kaydet. Ayrıca Kaydetmek İçin Kelimeye Sağ Tıklayabilirsiniz.",
  "subscriptionToProFeatures": "'Pro' Özellikler İçin Abonelik.",
  "tryForFree": "Ücretsiz Deneyin",
  "noCreditCardRequired": "Kredi Kartı Gerekmez.",
  "noCharge": "Başkalarının Aksine, Deneme Süreniz Boyunca Sizden Herhangi Bir Ücret Almıyor ve Aboneliğinizi Otomatik Olarak Yükseltmiyoruz.",
  "subscriptionActive": "Aboneliğiniz Aktif.",
  "speedUpPlayback": "Yeniden Oynatmayı Hızlandır",
  "slowDownPlayback": "Yeniden Oynatmayı Yavaşlat",
  "highlightSavedWords_label": "Kaydedilen Kelimeleri Belirt",
  "onRightClick_label": "Sağ Tıklamada",
  "onLongPress_label_GT": "Uzun basma işlemi",
  "suggestedToKnownWordsRatio_label_GT": "Önerilen kelime - bilinen kelime oranı",
  "showVV_label": "Altyazı Liste Görünümünü Göster",
  "showSubsBelowVideo_label": "Altyazıları Video Altında Göster",
  "otherPossibleTranslations": "Diğer Olası Çeviriler",
  "doNothing_option": "Bir Şey Yapma",
  "showDict_option": "Sözlüğü Göster",
  "showDictSpeak_option": "Sözlüğü Göster ve Kelimeyi Söyle",
  "speakWord_option": "Kelimeyi seslendir",
  "saveWord_option": "Kelimeyi Kaydet",
  "removeAllItems": "Tümünü Kaldır",
  "areYouSure": "Emin Misiniz?",
  "hideTranslation": "Çeviriyi Gizle",
  "hideTranslation_tt": "Video oynatılırken çeviriyi gizleyin. Çevirinin görüntülenmesi için metne tıklayın ya da [e] tuşuna basın.",
  "littlePracticeEveryDay": "Bir dil öğrenmek her gün biraz pratik yapmayı gerektirir.",
  "enableLln": "Language Reactor'i Etkinleştir",
  "doYouLikeOurExtension": "Language Reactor'i Beğendiniz mi?",
  "reportBug": "Hata Bildir",
  "translationNotFound": "Çeviri Bulunamadı.",
  "usageExamples": "Kullanım Örnekleri",
  "userDefinedExternalDict_label": "Kullanıcı Tanımlı Sözlük URL’leri",
  "turnOnOff": "Aç / Kapat",
  "fontSize_label": "Yazı Tipi Boyutu",
  "extraSmall": "Ekstra küçük",
  "small": "Küçük",
  "large": "Büyük",
  "extraLarge": "Çok büyük",
  "removeSubtitle": "Kaldır",
  "settings": "Ayarlar",
  "subtitleLanguage_label_yt": "YouTube Altyazı Dili",
  "subtitleLanguage_tooltip_yt": "Bu, seçilen YouTube altyazılarının dilidir.",
  "subtitlesNotLoaded_error_yt": "YouTube altyazıları yüklenemedi. YouTube oynatma menüsünde bir altyazı dili seçtiniz mi?",
  "exportAsJson": "JSON Olarak Dışa Aktar",
  "exportAsCsv": "CSV Olarak Dışa Aktar",
  "exportAsExcel": "Excel Olarak Dışa Aktar",
  "overrideArrowKeys_label": "Ok Tuşlarını Geçersiz Kıl",
  "overrideArrowKeys_tt": "Klavyedeki ok tuşları A, S ve D tuşlarıyla aynı şekilde çalışacak",
  "changelist": "Değişiklik Listesi",
  "print": "Yazdır",
  "export": "Dışa Aktar",
  "appDescYoutube": "Hedef dilinizde videolar izleyerek dil becerilerinizi etkili ve keyifli bir şekilde geliştirin.",
  "externalDictsMessage": "Harici sözlükler. Bir kelimeye tıklarken Shift tuşunu basılı tutarak, en son kullandığınız harici sözlüğü doğrudan açabilirsiniz.",
  "userDefinedExternalDict_tooltip": "Sözlük açılır penceresinde diğer harici sözlüklerle birlikte görüntülenecek kullanıcı tanımlı sözlükler (U1, U2... olarak adlandırılacaktır). URL'de 'WORD' (büyük harflerle) bulunmalıdır - aradığınız herhangi bir kelimeyle otomatik olarak değiştirilecektir. Birden fazla URL'yi ayrı satırlara ekleyebilirsiniz.",
  "pleaseLeaveReviewMessage": "Language Reactor'ı beğeniyor musunuz? Chrome mağazasında değerlendirme yaparak bize destek olabilirsiniz.",
  "writeReview": "Değerlendirme yazın",
  "saveSubtitle": "Kaydet",
  "translate": "Çevir",
  "selectLang": "Dil Seç",
  "searchVidsWithSubs": "Altyazılı Videoları Ara (CC)",
  "searchSettings": "Arama Ayarları",
  "sourceLang": "Kaynak Dili:",
  "chatWithOtherUsers": "Diğer Language Reactor Kullanıcılarıyla Sohbet Et",
  "forum": "Forum",
  "tip": "İpucu:",
  "considerChangingYoutubeLanguage": "En iyi arama sonuçları için YouTube ayarlarında dili değiştirmeyi deneyin.",
  "seeHow": "Nasıl yapılacağını öğrenin",
  "helloPleaseSelectYourNativeLanguage": "Merhaba. Lütfen ana dilinizi seçin:",
  "yourNativeLanguage_GT": "Ana diliniz:",
  "autoHideYoutubePlaybackBarRecommended": "YouTube oynatma çubuğunu otomatik gizle (önerilir)",
  "dontChangeTheInterface": "Arayüzü Değiştirme",
  "hidePlaybackBar": "Çalma Çubuğunu Gizle",
  "font": "Yazı tipi",
  "defaultRecommended": "Varsayılan (önerilen)",
  "subtitlesHidden": "Altyazılar (Gizli)",
  "noSubsForThisVideo": "Bu video için altyazı bulunmuyor.",
  "forceOriginalTracks": "Orijinal Parçaları Zorla",
  "forceOriginalTracks_desc": "Bu seçenek etkinleştirildiğinde, uzantı etkinleştirildiğinde video, orijinal dildeki ses ve altyazılarla değiştirilecektir.",
  "hideSubtitles": "Altyazıları Gizle",
  "disabled": "Devre Dışı Bırakıldı",
  "hideTranslations": "Çevirileri Gizle",
  "hideBoth": "İkisini de Gizle",
  "showSubtitleControls": "Altyazı Kontrollerini Göster",
  "moveToggleControls": "Kontrolleri Taşı / Değiştir",
  "netflixTestsMessage": "Netflix bazen Language Reactor'ın düzgün çalışmamasına neden olabilecek testler yapar. Sorunları önlemek için Netflix test katılımını kapatmanızı öneririz. Bu kolay:",
  "disableTesting": "Testi Devre Dışı Bırak",
  "nextBillingDate": "Sonraki Fatura Tarihi",
  "youCanUseProForXXDays": "<text> gün süreyle Pro özelliklerini kullanmaya devam edebilirsiniz.",
  "youCanUseFreeForXXDays": "<text> gün süreyle ücretsiz özellikleri kullanabilirsiniz.",
  "subtitlesCouldNotBeLoaded": "Altyazılar yüklenemedi.",
  "adIsPlaying": "Reklam Oynuyor.",
  "yourSubscriptionHasExpired": "Aboneliğinizin süresi doldu.",
  "youHaveCanceledYourSubscription": "Aboneliğinizi iptal ettiniz.",
  "nowYouCanStudyWithYoutubeToo": "Artık YouTube ile de dil öğrenebilirsiniz!",
  "machineTranslations": "Makine Çevirisi",
  "humanTranslations": "İnsan Çevirisi",
  "belowAreWordsFromTheCurrentVideo_GT": "Bu videodan kelimeler, sıklığa göre sıralı",
  "rightClickWordToSaveIt_GT": "Bir kelimeyi işaretlemek için sağ tıklayın",
  "leftClickToOpenDict": "Sözlüğü açmak için sol tıklayın.",
  "selectVocabLevelToMarkPurple": "Daha az yaygın olan kelimeleri mor renkle işaretlemek için ayarlarda bir kelime haznesi seviyesi seçin.",
  "aboveCurrentLevel": "Mevcut Seviyenin Üstünde",
  "unsavedWords": "Kaydedilmemiş Kelimeler",
  "levelX": "Seviye <text>",
  "tips": "İpuçları",
  "emptyTemplate": "",
  "thisExportHasMultipleParts": "Bu dışa aktarma işlemi birden fazla bölüm içeriyor.",
  "downloadPartXX": "<text> bölümünü indir",
  "thisItemWasSavedInAnotherVideo": "Bu öge, başka bir videoya kaydedildi.",
  "cancel": "İptal",
  "openVideo": "Videoyu Aç",
  "format": "Biçim",
  "printHtml": "Yazdır (HTML)",
  "mustReadHowToImportToAnki": "Okumalısınız: Anki'ye Nasıl Aktarılır?",
  "infoAboutCsvExport": "CSV Dışa Aktarımı Hakkında Bilgi",
  "jsonDataSchema": "JSON Veri Şeması",
  "language": "Dil",
  "itemType": "Öge Türü",
  "includeTimestamps": "Zaman Damgalarını Dahil Et",
  "youCanChangeTranslitsOptionsInSettings": "Harf çevirisini ayarlardan değiştirebilirsiniz.",
  "preferredTranslations": "Tercih edilen çeviriler",
  "onlyNewItemsSinceLastExport": "Son dışa aktarmadan bu yana sadece yeni ögeler",
  "includeMedia": "Medya ekle",
  "langName_is": "İzlandaca",
  "langName_ga": "İrlandaca",
  "langName_az": "Azerbaycan Dili",
  "langName_af": "Afrikaanca",
  "langName_am": "Amharca",
  "langName_ar": "Arapça",
  "langName_sq": "Arnavutça",
  "langName_hy": "Ermenice",
  "langName_it": "İtalyanca",
  "langName_yi": "Yidiş",
  "langName_ig": "İbo Dili",
  "langName_id": "Endonezce",
  "langName_ug": "Uygurca",
  "langName_cy": "Galce",
  "langName_uk": "Ukraynaca",
  "langName_uz": "Özbekçe",
  "langName_ur": "Urduca",
  "langName_et": "Estonca",
  "langName_eo": "Esperanto",
  "langName_or": "Oriya Dili",
  "langName_nl": "Felemenkçe",
  "langName_kk": "Kazakça",
  "langName_ca": "Katalanca",
  "langName_gl": "Galiçyaca",
  "langName_kn": "Kannada Dili",
  "langName_rw": "Kinyarwanda",
  "langName_el": "Yunanca",
  "langName_ky": "Kırgızca",
  "langName_gu": "Güceratça",
  "langName_km": "Khmer Dili",
  "langName_ku": "Kürtçe",
  "langName_hr": "Hırvatça",
  "langName_xh": "Zosa Dili",
  "langName_co": "Korsikaca",
  "langName_sm": "Samoa Dili",
  "langName_jv": "Cava Dili",
  "langName_ka": "Gürcüce",
  "langName_sn": "Şona Dili",
  "langName_sd": "Sindhi Dili",
  "langName_si": "Sinhali Dili",
  "langName_sv": "İsveççe",
  "langName_zu": "Zuluca",
  "langName_gd": "İskoç Gaelcesi",
  "langName_es": "İspanyolca",
  "langName_sk": "Slovakça",
  "langName_sl": "Slovence",
  "langName_sw": "Svahili Dili",
  "langName_su": "Sunda Dili",
  "langName_ceb": "Sebuano Dili",
  "langName_sr": "Sırpça",
  "langName_so": "Somalice",
  "langName_th": "Tayca",
  "langName_tg": "Tacikçe",
  "langName_tt": "Tatarca",
  "langName_ta": "Tamilce",
  "langName_cs": "Çekçe",
  "langName_te": "Telugu Dili",
  "langName_da": "Danca",
  "langName_de": "Almanca",
  "langName_tk": "Türkmence",
  "langName_tr": "Türkçe",
  "langName_ny": "Nyanja",
  "langName_ne": "Nepalce",
  "langName_no": "Norveççe",
  "langName_ht": "Haiti Kreyolu",
  "langName_ha": "Hausa Dili",
  "langName_ps": "Peştuca",
  "langName_eu": "Baskça",
  "langName_haw": "Hawaii Dili",
  "langName_hu": "Macarca",
  "langName_pa": "Pencapça",
  "langName_hi": "Hintçe",
  "langName_tl": "Filipince",
  "langName_fi": "Fince",
  "langName_hmn": "Hmong",
  "langName_fr": "Fransızca",
  "langName_bg": "Bulgarca",
  "langName_vi": "Vietnamca",
  "langName_iw": "İbranice",
  "langName_be": "Belarusça",
  "langName_fa": "Farsça",
  "langName_bn": "Bengalce",
  "langName_pl": "Lehçe",
  "langName_bs": "Boşnakça",
  "langName_pt": "Portekizce",
  "langName_mi": "Maori Dili",
  "langName_mk": "Makedonca",
  "langName_mg": "Malgaşça",
  "langName_mr": "Marathi Dili",
  "langName_ml": "Malayalam Dili",
  "langName_mt": "Maltaca",
  "langName_ms": "Malayca",
  "langName_my": "Birman Dili",
  "langName_mn": "Moğolca",
  "langName_yo": "Yorubaca",
  "langName_lo": "Lao Dili",
  "langName_la": "Latince",
  "langName_lv": "Letonca",
  "langName_lt": "Litvanca",
  "langName_ro": "Rumence",
  "langName_lb": "Lüksemburgca",
  "langName_ru": "Rusça",
  "langName_en": "İngilizce",
  "langName_ko": "Korece",
  "langName_fy": "Batı Frizcesi",
  "langName_zh-CN": "Çince (Basitleştirilmiş)",
  "langName_zh-TW": "Çince (Geleneksel)",
  "langName_st": "Güney Sotho Dili",
  "langName_ja": "Japonca",
  "netflixCatalogue": "Netflix Kataloğu",
  "notAllTitlesAllCountries": "Tüm başlıklar tüm ülkelerde mevcut olmadığı için Netflix'in konumunu algılaması amacıyla ülkenizi seçmelisiniz.",
  "catalogueByOriginalLanguage": "Katalog, başlıkları orijinal diline göre sıralar. Fransızca öğrenmek için Fransızca filmleri ve Almanca öğrenmek için Almanca filmleri vs. bulabilmenizi sağlar.",
  "goodSubtitlesForOriginal": "Netflix, bir başlığın orijinal dili için ses parçasına uygun güzel altyazılara sahiptir.",
  "oftenDontMatch": "Altyazılar genellikle dublaj yapılmış seslerle uyumlu değildir.",
  "yourCountry": "Ülkeniz",
  "allCountries": "Tüm Ülkeler",
  "numberFound_colon": "Bulunan:",
  "genre_colon": "Tür:",
  "released_colon": "Yayın tarihi:",
  "runtime_colon": "Süre:",
  "drama": "Drama",
  "action": "Aksiyon",
  "crime": "Suç",
  "thriller": "Gerilim",
  "adventure": "Macera",
  "scifi": "Bilim Kurgu",
  "romance": "Romantik",
  "fantasy": "Fantezi",
  "mystery": "Gizem",
  "war": "Savaş",
  "biography": "Biyografi",
  "history": "Tarih",
  "clearHistory_GT": "Geçmişi temizle",
  "comedy": "Komedi",
  "horror": "Korku",
  "sport": "Spor",
  "music": "Müzik",
  "animation": "Animasyon",
  "musical": "Müzikal",
  "noMoviesFoundForThisSearch": "Bu arama için film bulunamadı.",
  "youtubeCatalogue": "YouTube Kataloğu",
  "installExtensionForEnhancedFeatures": "İpucu: Netflix ve YouTube izlerken gelişmiş özellikler için uzantıyı yükleyin!",
  "weCreatedYTCatalogue": "Bu kataloğu, çalışma yapabileceğiniz iyi kanallar bulmanıza yardımcı olmak amacıyla oluşturduk.",
  "errorLoadingData": "Veri yüklenirken hata oluştu.",
  "search": "Ara",
  "subscribers_colon": "Abone Sayısı:",
  "withSubtitles_colon": "Altyazılı:",
  "score_colon": "Puan:",
  "installExtensionForBetterExperience": "Daha iyi bir deneyim için tarayıcı uzantısını yükleyin!",
  "translationSameAsSource_text_text": "Çevrilen dil (<text>) kaynak dil (<text>) ile aynı. Ayarlarda çeviri dilini değiştirmeyi deneyin.",
  "translationNotSupported_text_text": "<text> - <text> çeviri şu anda desteklenmiyor.",
  "selectDifferentTranslationLanguage": "Lütfen farklı bir çeviri dili seçin.",
  "nextVideo": "Sonraki Video",
  "prevVideo": "Önceki Video",
  "smallVideo": "Küçük Video",
  "bigVideo": "Büyük Video",
  "showTranslation": "Çeviriyi Göster (mevcutsa)",
  "watchingVideos": "Video İzleme",
  "afterInstallingAdditionalFeatures": "Tarayıcı uzantısını yükledikten sonra Netflix ve YouTube web sitelerinde video izlerken dil öğrenmek için ilave özelliklere sahip olacaksınız.",
  "whatToWatch": "Ne İzlenmeli",
  "weCreatedNetflixAndYoutubeCatalogue": "Videoları bulmanıza yardımcı olmak amacıyla Netflix ve YouTube için bir katalog oluşturduk. Bu sayfanın sol kısmında yer alan menüden kataloğu açabilirsiniz.",
  "alreadyOpenPleaseReload": "Zaten Netflix veya YouTube açık ise lütfen sayfayı yeniden yükleyin.",
  "clickToOpenSettings": "Ayarları açmak için buraya tıklayın.",
  "clickEnableExtraFeatures": "Ekstra özellikleri etkinleştirmek veya devre dışı bırakmak için buraya tıklayın.",
  "formerlyCalled": "(eski ismi 'Language Learning with Netflix')",
  "startInstallExtension": "Başlamak için tarayıcı uzantısını yükleyin.",
  "saveAndReview": "Kaydet ve İncele",
  "reviewWordsAndPhrases": "Flaş kartlar olarak kaydettiğiniz sözcük ve cümleleri inceleyebilir ve yeni sözcükler de öğrenebilirsiniz.",
  "underActiveDevelopment": "Bu proje aktif geliştirme altındadır. Bir özellik önermek veya sorun bildirmek için lütfen forumumuzu ziyaret edin.",
  "writeToUs": "Başka sorularınız olursa lütfen bize yazın.",
  "setupComplete": "Kurulum tamamlandı",
  "clickWordDictionary": "Sözlüğü görmek için bir sözcüğe tıklayın. Kaydetmek için sözcüğe sağ tıklayın.",
  "autopauseEverySubtitle": "Her altyazının sonunda kayıttan çalmayı otomatik olarak duraklatın.",
  "machineAndHumanTranslations": "Ayarlar alanında, iki tür çeviri gösterimini seçebilirsiniz: makine ve insan. Makine çevirisi çok kelimesi kelimesinedir, çalıştığınız dildeki cümlenin yapısını anlamanıza yardımcı olur. Bazen hatalar içerebilir. İnsan çevirisi ise ifadeleri ve deyimleri doğru bir şekilde çevirdiği için sıklıkla faydalıdır.",
  "keyboardKeys": "Oynatıcıyı kumanda etmek için klavye tuşlarını kullanabilirsiniz.",
  "aKey": "Önceki altyazı",
  "sKey": "Altyazıyı tekrarla",
  "dKey": "Sonraki altyazı",
  "spaceKey": "Oynat/Duraklat",
  "settingsForMoreShortcuts": "Daha fazla klavye kısayolu bulmak için ayarlara bakın.",
  "weCreatedNetflixCatalogue": "Çalıştığınız dilde yüksek kalite altyazıları olan Netflix başlıkları bulmanıza yardımcı olmak için özel bir katalog hazırladık.",
  "youtubeHasAnyTopic": "YouTube'ta, her konuda, tüm başlıca dillerde videolar var. Ancak, YouTube, yabancı içerikleri sizden gizlemeye çalışıyor.",
  "pageNotFound": "Sayfa bulunamadı.",
  "videosNoLongerAvailable": "Listelenen videolardan bazıları artık ülkenizde kullanılamamaktadır.",
  "votes_text": "<text> oy",
  "countries_text": "<text> ülke",
  "watch": "İzle",
  "tryAgain": "Tekrar deneyin",
  "videoUnavailablePleaseContinue": "Bu video kullanılamamaktadır, lütfen sonraki videoya ilerleyin.",
  "nextPage": "Sonraki sayfa",
  "prevPage": "Önceki sayfa",
  "videos": "Videolar",
  "selectPlaylist": "Lütfen bir çalma listesi seçin.",
  "flashcardTooltipProposal": "Bu oturumda çalışma döngüsüne girecek yeni öğe sayısı",
  "flashcardTooltipExposure": "Bu oturumda gözden geçirilecek öğe sayısı",
  "flashcardTooltipTest": "Bu oturumdaki Quiz için soru sayısı",
  "flashcardExposureTooltip": "Alıştırma kartları, kaydettiğiniz kelimelerin farklı kullanımlarını örnek cümlelerle göstererek bu kelimeleri daha iyi anlamanıza yardımcı olur.",
  "flashcardExposure": "Maruz Kalma",
  "flashcardTestTooltip": "Test kartları, kelime ve cümlelerdeki bilginizi ölçer",
  "flashcardTest": "Test",
  "lastPracticed_text": "Son pratik tarihi: <text>",
  "itemsDueForPractice_text": "Çalışmanız gereken <text> öğe var.",
  "startPractice": "Alıştırmaya başlayın",
  "betterWaitTillTomorrow": "Sonraki pratik oturumu için yarına kadar beklemek daha iyi olur.",
  "practiceMore": "Daha fazla pratik yapın",
  "savedWordsAppearHere": "İpucu: Kaydettiğiniz sözcük ve sözcük grupları, onları pratik yapma zamanı geldiğinde burada yer alır.",
  "showAnswer": "Cevabı Göster",
  "fail": "Yanlış",
  "hard": "Zor",
  "easy": "Kolay",
  "success": "Doğru",
  "ok": "Tamam",
  "extraButtonsSearchBar": "Artık YouTube'ta arama çubuğuna bu ekstra düğmeleri ekledik:",
  "leftTranslateRightSearch": "Soldaki düğme arama kutucuğundaki metni çevirir, böylece öğrendiğiniz dildeki videoları daha kolay bir şekilde bulabilirsiniz. Sağdaki düğme altyazılı videoları arar.",
  "youtubeInterfaceLanguageMoreVideos": "YouTube kullanıcı arayüzü dilini öğrendiğiniz dil olacak şekilde değiştirebilirsiniz. Böylece, YouTube da size o dilde daha fazla video gösterir.",
  "howToChangeYoutubeInterfaceLanguage": "YouTube Arayüz Dili Nasıl Değiştirilir",
  "clickButtonTopRight": "Ekranınızın sağ üst kısmında yer alan bu düğmeye tıklayın:",
  "lookForLanguageSetting": "\"Dil\" ayarını bulun:",
  "whenChangeMoreResults": "Dili değiştirdiğinizde öğrendiğiniz dilde daha fazla arama sonucu olacak.",
  "onlyDesktopCheckBack": "Language Reactor şu anda yalnızca masaüstü bilgisayarlarda kullanılabilir. Lütfen yakında tekrar kontrol edin.",
  "open": "Aç",
  "word": "Sözcük",
  "phrase": "Sözcük grubu",
  "translation": "Çeviri",
  "context": "Bağlam",
  "source": "Kaynak",
  "actions": "İşlemler",
  "accountInformation": "Hesap Bilgileri",
  "quickSettings": "Hızlı Ayarlar",
  "fullSettings": "Tüm Ayarlar",
  "gettingStarted": "Başlayın",
  "exportHelp": "Dışa Aktarma Kılavuzu",
  "studyTips": "Çalışma İpuçları",
  "howToImportWebpage": "Web sayfası nasıl içe aktarılır",
  "importWithRightClick": "Sağ tıklama menüsünü kullanarak bir web sayfasını Language Reactor'a aktarabilirsiniz.",
  "extensionInstalledForThisFeature": "Bu işlev için tarayıcı uzantısının yüklü olması gerekir.",
  "importText": "Metni İçe Aktar",
  "goToReaderMode": "Okuyucu moduna git",
  "edit": "DÜZENLE",
  "read": "OKU",
  "posADJ_UD": "Adj.",
  "posADP_UD": "Adp.",
  "posADV_UD": "Adv.",
  "posAUX_UD": "Aux.",
  "posNOU_UD": "Noun",
  "posPRO_UD": "Pronoun",
  "posVER_UD": "Verb",
  "posDET_UD": "Det.",
  "posSYM_UD": "Symbol",
  "posINT_UD": "Int.",
  "posCCO_UD": "Coord. Conj.",
  "posPUN_UD": "Punct.",
  "posNUM_UD": "Numerical",
  "posPAR_UD": "Particle",
  "posSCO_UD": "Sub. Conj.",
  "posX_UD": "Foreign",
  "posCONJ": "Conj.",
  "posPREP": "Prep.",
  "ok2": "TAMAM",
  "pleaseWait": "Lütfen bekleyin...",
  "ohNoPleaseAddPermissionLRLogin": "Eyvah! Başarılı oturum açma işlemi için lütfen Language Reactor tarayıcı uzantısına languagereactor.com'u çalıştırmasına izin verin!",
  "recommended$Videos$": "Önerilen",
  "$videos$WithSubtitles": "Altyazılı",
  "$videosWith$MostSubscribers": "En çok aboneye sahip",
  "sortBy": "Sıralama ölçütü",
  "$video$Rating": "Değerlendirme",
  "yearReleased": "Yayın Yılı",
  "type$OfVideo$": "Tür",
  "any$TypeOfVideo$": "Tümü",
  "movies": "Filmler",
  "series": "Dizi",
  "genres": "Türler",
  "all$Genres$": "Tümü",
  "goToIMDB": "IMDB'ye Git",
  "availableIn": "Şu ülkelerde mevcut:",
  "errorLoadingVideo": "Video Yüklenirken Hata Oluştu",
  "goBack": "Geri Dön",
  "sorryThisPlaylistIsMissing": "Üzgünüz, bu çalma listesi eksik.",
  "sorryThisVideoIsMissing": "Üzgünüz, bu video eksik.",
  "videoList": "Video Listesi",
  "studyLanguage": "Öğrenilen Dil",
  "iAmLearning": "Öğreniyorum",
  "playAll": "Tümünü Oynat",
  "bigUpdate": "Büyük Güncelleme!",
  "readMore": "Daha Fazlasını Oku",
  "iGotIt": "Anladım",
  "allWords": "Tüm Kelimeler",
  "savedWords": "Kaydedilen Kelimeler",
  "savedPhrases": "Kaydedilen İfadeler",
  "setVocabLevel_short": "Kelime düzeyi seç",
  "setVocabLevel": "Kelime bilgisi seviyesini belirleyin",
  "changeVocabLevelConfirmation_GT": "Kelime seviyesini <text>'den <text>'e değiştirmek istiyor musunuz?",
  "changeStudyLevel": "Çalışma Seviyesini Değiştir",
  "currentStudyLevel": "Mevcut Çalışma Seviyesi",
  "change": "Değiştir",
  "pleaseSelectYourStudyLevelToContinue": "Devam etmek için çalışma seviyenizi seçin",
  "frequency": "Sıklık",
  "alphabetical": "Alfabetik",
  "LEARNING": "Öğreniliyor",
  "KNOWN": "Bilinen",
  "SKIPPED": "Öğrenme",
  "SKIPPED_short": "Öğrenme",
  "knownWords_GT": "Bildiğiniz kelimeler",
  "tag": "Etiket",
  "errorLoadingList": "Liste Yüklenirken Hata Oluştu",
  "pleaseSelectLanguageOnTop_GT": "Yukarıdan bir dil seçin",
  "xSelected": "<text> Seçildi",
  "setLearningStage": "Öğrenme aşamasını belirle",
  "thisWillAffectXItemsAreYouSure": "Bu işlem <text> öğeyi etkileyecek. Emin misiniz?",
  "yes": "Evet",
  "no": "Hayır",
  "removeItems": "Öğeleri Kaldır",
  "setTag": "Etiket Ayarla",
  "selectAllOrNone": "Tümünü seç / hiçbirini seçme",
  "logIn": "Oturum Aç",
  "noItemsFound": "Öğe Bulunamadı",
  "upgrade": "Abone Ol",
  "transliterationsJapanese": "Japonca yazı çevirisi",
  "transliterationsVisibility_GT": "Okunuşları göster",
  "alwaysShow_GT": "Her zaman",
  "hideForKnownWords_GT": "Bilinen kelimeler için gizle",
  "hideForMarkedAndKnownWords_GT": "İşaretli ve bilinen kelimeler için gizle",
  "specialWords_GT": "Özel kelimeler",
  "specialWords_info_GT": "İsimler, yerler, sayılar vb.",
  "markedWords_GT": "İşaretlenen kelimeler",
  "markWord_GT": "Kelimeyi işaretle",
  "savedWordsMarkingTooltipDesc_GT": "Kelime seviyesini değiştirdiğinizde işaretlenen kelimeler durumlarını korur. Bu kelimeler çerçeveli olarak görünür.",
  "wordStatus_desc_GT": "Seviye durumu, kelime hazinesi düzeyinizden veya bireysel işaretlemelerden gelir.",
  "wordColors_desc_GT": "Bu ayarlar, altyazılarda ve metinlerde kelimelerin görünümünü kontrol eder. 'Kaydedilenler' görünümünde, kelimelerin tam renklendirmesi her zaman kullanılır.",
  "suggestedWords_desc_GT": "Öğrenmeniz için en yararlı kelimeler",
  "showKnownWordsInGreen": "Bildiğim Kelimeleri Yeşil Renkte Göster",
  "showMarkedLearningWordsInOrange_GT": "Öğrenilen kelimeleri turuncu renkte göster",
  "showSuggestedWordsInOrange_GT": "Önerilen kelimeleri turuncu renkte göster",
  "showRareWordsInGrey_GT": "Seyrek kullanılan kelimeleri kıs",
  "outline_GT": "Çerçeve",
  "outlineMarkedWordsInText": "Metindeki İşaretli Kelimeleri Vurgula",
  "showTagsInText": "Etiketleri Metinde Göster",
  "showLearningStageButtonsInMiniDictionary": "Öğrenme Aşaması Düğmelerini Mini Sözlükte Göster",
  "switchLearningStage_GT": "Bilinen / öğrenilen kelimeleri değiştir",
  "switchTags": "Etiketleri aç/kapat",
  "switchLanguage_GT": "Dil değiştir",
  "dictionary": "Sözlük",
  "speakWordOnClick": "Tıklayınca Kelimeyi Söyle",
  "basicSettings": "Temel Ayarlar",
  "machineTranslationsAvailable": "Makine Çevirileri Mevcut",
  "belowAreWordsOfIncreasingDifficultyDesc": "Aşağıda artan zorlukta sözcükler var. Lütfen tüm sözcükleri anlayabildiğiniz son satıra tıklayın (görmek için kaydırın).",
  "iDontKnowAnyWordsYet": "Bu sözcüklerin hiçbirini henüz bilmiyorum.",
  "exampleText": "Örnek Metin:",
  "wordColors_GT": "Kelime renkleri",
  "reset_GT": "Sıfırla",
  "newChat_GT": "Yeni sohbet",
  "autoCorrectGrammar_GT": "Dilbilgisini otomatik düzelt",
  "estimatedNumberOfKnownWords": "Tahmini bilinen sözcük sayısı",
  "article": "Makale",
  "fullText": "Tam metin",
  "textMode": "Metin",
  "myText_GT": "Metnim",
  "myTexts_GT": "Metinlerim",
  "books_GT": "Kitaplar",
  "pasteAnyTextYouWishToStudyHere": "Çalışmak istediğiniz metni buraya yapıştırın",
  "videoFile": "Video dosyası",
  "selectVideo": "Video seç",
  "selectVideoFile": "Video dosyası seç",
  "selectSubtitles": "Altyazı seç",
  "subtitlesLanguage": "Altyazı dili",
  "save": "Kaydet",
  "copy": "Kopyala",
  "copyCurrentSentence": "Mevcut cümleyi kopyala",
  "wordNotFound": "Sözcük bulunamadı",
  "markWhetherYouKnowThisWordDesc": "Bu sözcüğü bilip bilmediğinizi işaretleyin. Sözcükleri turuncu renkle (Öğreniyorum) işaretlediğinizde sözcükler bilgi kartlarına eklenecek.",
  "shortcutRightClick": "Farenin sağ tuşuyla tıklama",
  "shortcutMiddleClick": "Farenin orta tuşuyla tıklama",
  "addTagToAWordDesc": "Sözcük grupları oluşturmak için etiketleri kullanabilirsiniz. Etiketli sözcükler ayrı ayrı dışa aktarılabilir. Etiketler renkli vurgular olarak gösterilebilir; bunu ayarlardan denetleyebilirsiniz.",
  "markAsKnown": "Bildiğim olarak işaretle",
  "markAsLearning": "Öğreniyorum olarak işaretle",
  "markedKnown_GT": "Bilindiği İşaretlendi",
  "markedToLearn": "Öğrenilecek olarak işaretlendi",
  "learningNow": "Şu anda öğreniyorsunuz",
  "learnt": "Öğrenildi",
  "learn": "Öğren",
  "remove": "Kaldır",
  "noTag": "Etiket yok",
  "examplesSavedItems": "Örnekler: Kaydedilen öğeler",
  "examplesCurrentText": "Örnekler: Geçerli metin",
  "examples": "Örnekler:",
  "pleaseSignInToUseThisFeature": "Bu özelliği kullanmak için lütfen giriş yapın.",
  "pleaseSignInToUseThisFreeFeature": "Bu ücretsiz özelliği kullanmak için lütfen giriş yapın.",
  "soThatWeCanSaveYourProgress": "(böylece ilerlemenizi kaydedebiliriz)",
  "phrasepumpInfoTooltipShort": "PhrasePump size genellikle anlayabileceğiniz birçok cümle sunar. Bu da sözcük dağarcığınızı, dinleme becerilerinizi ve dil bilginizi geliştirir.",
  "phrasepumpInfoTooltip": "PhrasePump size genellikle anlayabileceğiniz birçok cümle sunar. Bu da sözcük dağarcığınızı, dinleme becerilerinizi ve dil bilginizi geliştirir. Cümleler pratik gerektiren sözcükleri içerecek veya öğrenmek için yeni sözcükleri içerecek şekilde seçilir.",
  "fumingRiver": "Dilin bir nehir gibi içinizden akmasına izin verin, varlığınızda kendi yollarını açmasına müsaade edin.",
  "itemsDueForReview": "İnceleme gerektiren öğeler",
  "noCardsToStudy": "Çalışılacak kart yok.",
  "tryEnablingMoreStudyModes": "Daha fazla çalışma modu etkinleştirmeyi deneyin.",
  "pleaseMarkMoreItemsOrWait": "Çalışmak için daha fazla öğe işaretleyin veya mevcut öğelerin zamanı gelene kadar bekleyin.",
  "statistics": "İstatistikler",
  "xCards": "<text> kart",
  "cards": "Kartlar",
  "cardsPracticedToday": "Bugün alıştırma yaptığınız kartlar",
  "showLast": "Son gösterim:",
  "day": "Gün",
  "week": "Hafta",
  "month": "Ay",
  "threeMonths": "3 Ay",
  "markedToLearnDesc": "Kaydettiğiniz kelimeler ve ifadeler alıştırma yapmak için halen sırada bekliyor.",
  "suggestions": "Öneriler",
  "suggestionsDesc": "Kaydettiğiniz öğeleri pratik yaptıktan sonra PhrasePump size öğrenmeniz için kelime önerebilir.",
  "suggestionsDesc_noMoreLeft": "Gösterilecek daha fazla öneri yok.",
  "suggestionsDesc_noSuggestionsForLang": "Öneriler bu dil için desteklenmiyor.",
  "inTheLastXDaysYouStartedToPracticeYItems": "Son <text> günde, <text> yeni 'Öğren olarak İşaret Edilen' kelime ve ifadeyi pratik yapmaya başladınız.",
  "inTheLastXDaysYouStartedToPracticeYSuggestedWords": "Son <text> günde <text> yeni önerilen kelimeyi pratik etmeye başladınız.",
  "youArePracticingXItems": "<text> kelime ve ifadeyi aktif olarak pratik ediyorsunuz.",
  "inTheLastXDaysYouHaveLearntYItems": "Son <text> günde, <text> yeni kelime ve ifade öğrendiniz.",
  "inTheLastXDaysYouHavePracticedYItems": "Son <text> günde <text> kelime ve ifade pratik yaptınız.",
  "learntDescLearntXItems": "En az altı hafta boyunca muhtemelen hatırlayacağınız kelimeler ve cümleler. <text> öğe öğrendiniz.",
  "halflifeDays_GT": "Yarılanma süresi (gün)",
  "languageSelector": "Dil Seçici",
  "addLanguage": "Dil ekle",
  "dueItems": "Bekleyen öğeler:",
  "chooseALanguage": "Bir dil seçin",
  "showContext_GT": "Bağlamı göster",
  "add": "Ekle",
  "forgot": "Unuttum",
  "okay": "Tamam",
  "quizzes": "Sınavlar",
  "suggestedWords": "Önerilen Kelimeler",
  "practice": "Pratik yap",
  "thisIsTheFirstTimeYouArePracticingThisItem": "Bu öğeyi ilk defa pratik yapıyorsunuz.",
  "quiz": "Sınav",
  "whatShouldGoInTheGap": "Boşluğa ne gelmelidir?",
  "useTranslationForHelp": "Yardım için çeviriyi kullanın.",
  "suggestedWord": "Önerilen Kelime",
  "wouldYouLikeToLearnThisWord": "Bu yeni kelimeyi öğrenmek ister misiniz?",
  "listeningPractice": "Dinleme alıştırması",
  "tryToUnderstandBeforeYouRevealTheText": "Metni açmadan önce anlamaya çalışın.",
  "newItems": "Yeni Öğeler",
  "newWordsTooltip": "Yeni öğeleri sunmak için kullanılacak kartların maksimum oranı ('Öğren Olarak İşaretle' ve 'Öneriler'). Zaten öğrendiğiniz öğelerle daha fazla pratik yapmak için bunu azaltın. Birçok öğenin incelenmesi gerekiyorsa sunulan yeni materyal miktarı azalacak.",
  "sessionSize": "Oturum Boyutu",
  "sessionSizeTooltip": "Bu oturumdaki kart sayısı.",
  "reveal": "Cevabı Göster",
  "savePhrase": "İfadeyi kaydet",
  "learningStage": "Öğrenme Aşaması",
  "savingWords": "Kelimeleri Kaydetme",
  "oldSystem": "Eski sistem:",
  "newSystem": "Yeni sistem:",
  "greenKnownOrSuggestedWords": "beyaz: Bilinen ve önerilen kelimeler",
  "orangeMarkedWords": "turuncu: Öğrenmek için işaretlenmiş kelimeler",
  "dictStageTagsPickerDesc": "Burada sözcüğü bildiğinizi (yeşil), halen öğrendiğinizi (turuncu) veya öğrenmek istemediğinizi (gri) işaretleyebilirsiniz. Etiket de ekleyebilirsiniz; bunlar renkli vurgular olarak gösterilir.",
  "exportFromLanguageReactor": "Language Reactor'dan dışa aktar...",
  "viewAll": "Tümünü görüntüle",
  "wordViewNotSupported": "Bu özellik şu anda bu dil için desteklenmiyor.",
  "green": "yeşil",
  "yellow": "sarı",
  "red": "kırmızı",
  "blue": "mavi",
  "lastSaved": "Son kaydedilenler",
  "rank": "sıra",
  "wordList": "Sözcük listesi",
  "up1": "Daha önce sözcükleri bir renkle (kırmızı, yeşil, sarı, mavi) işaretleyerek kaydetmiştiniz. Bu işlevsellik hala mevcuttur (artık \"etiketler\" olarak adlandırılmaktadır), ancak renkler kelimenin altında altı çizili olarak gösterilmiştir. Varsayılan olarak, bir kelimeye sağ tıklamak artık etiket rengini değiştirmez, ancak bunu ayarlarda yapılandırabilirsiniz.",
  "up2": "Bu güncellemede, Language Reactor artık sizin için hangi kelimeleri bildiğinizi izleyebiliyor ve bilmediğiniz kelimeler için onları öğrenip öğrenmemenizi öneriyor. Bu, yazılımın bazı yararlı şeyler yapmasını sağlar. Yaklaşık 40 dil için çalışır.",
  "up3": "Bildiğiniz veya dikkat etmeniz gereken kelimeler BEYAZ olarak gösterilmiştir.",
  "up4": "Öğrenmek için işaretlediğiniz kelimeler TURUNCU renkte gösterilir.",
  "up5": "Şimdi öğrenmeniz gerekmeyen nadir kelimeler GRİ renktedir.",
  "up6": "Bu kategorilere 'Öğrenme Aşamaları' diyoruz.",
  "up7": "Sözlükteki ayar simgesine tıklayarak yaklaşık kelime büyüklüğünü hızlı bir şekilde ayarlayabilirsiniz. Her kelimeyi tek tek işaretlemeniz gerekmez.",
  "up8": "Zaten renklerle kaydedilmiş çok sayıda kelimeniz varsa, bunları bir Öğrenme Aşaması ile toplu olarak işaretleyebilirsiniz:",
  "up9": "'Kaydedilen Öğeler' sekmesini tıklayın.",
  "up10": "'Kaydedilen Sözcükler'e tıklayın.",
  "up11": "Açılır menüden etiket rengini seçin.",
  "up12": "'Tümünü seç' onay kutusunu tıklayın.",
  "up13": "Bu kelimelere atamak istediğiniz 'Öğrenme Aşamasını' seçin.",
  "up14": "Bunu yaptıktan sonra, film vb. izlerken görsel paraziti azaltmak için ayarlar sekmesinde etiketler için renkli alt çizgileri devre dışı bırakmak isteyebilirsiniz.",
  "up15": "Dilerseniz bu renklendirme sistemini kullanmanıza gerek yoktur. Ayarlarda, durumu öğrenerek kelimelerin renklendirmesini devre dışı bırakabilirsiniz:",
  "clickToReadMore": "Devamını okumak için tıklayın",
  "layout_GT": "Düzen",
  "videoSize_GT": "Video boyutu",
  "youAreLearning_GT": "Öğrendiğiniz dil",
  "start_screen": "Başlangıç",
  "theTextSeemsToBeIn_lang_GT": "Bu metin <text> dilinde görünüyor.",
  "changeSourceLanguageTo_lang_GT": "<text>'e geçilsin mi?",
  "clearAllHistoryConfirmation_GT": "Tüm <text> geçmişini temizle?",
  "chatHomescreenText_1_GT": "Yapay zeka ile sohbet edin, çünkü, eh, konuşacak daha iyi biriniz yok mu?",
  "chatHomescreenText_2_GT": "Ama eğlenceli hale getirdik.",
  "chatPreprompt_label_GT": "Sohbet talimatları",
  "chatPreprompt_tooltip_GT": "Her sohbetten önce yapay zekaya gönderilen talimatlar",
  "typeTheTextToTranslate_GT": "Çevirmek için metin girin",
  "showMiniDictionary_GT": "Mini sözlüğü göster",
  "yourMessage_GT": "Mesajınız",
  "other_GT": "Diğer",
  "pressAndHoldToRecordVoice_GT": "Kaydetmek için basılı tutun",
  "recording_GT": "Kaydediliyor...",
  "switchBetweenShortcutsAndInputMode_GT": "Kısayollar/giriş modunu değiştir",
  "pressTabToswitchBetweenShortcutsAndInputMode_GT": "Kısayollar/giriş modunu değiştirmek için [ESC] tuşuna basın",
  "preferredAudioSource_GT": "Tercih edilen ses kaynağı",
  "originalAudioWhenAvailable_GT": "Orijinal ses (mevcut olduğunda)",
  "computerAudioTTS_GT": "Metinden Sese",
  "include_GT": "Dahil et",
  "noItemsForThisLanguage_GT": "Bu dilde öğe bulunmuyor",
  "startReading_GT": "Okumaya başla",
  "numberOfPages_GT": "Sayfa sayısı",
  "nextDocument_GT": "Sonraki belge",
  "prevDocument_GT": "Önceki belge",
  "noVerticalView_GT": "Dikey görünüm yok",
  "playbackRate_GT": "Oynatma hızı",
  "numPages_GT": "<text> sayfa",
  "chapters_GT": "Bölümler",
  "book_GT": "Kitap",
  "audioTrack_GT": "Ses kaydı",
  "simplifiedVersion_GT": "Basitleştirilmiş sürüm",
  "dubbedAudio_GT": "Dublajlı ses",
  "dubbedAudioDesc_GT": "Bu video başka bir dilde çekilmiş. Sese uygun altyazılar için konuşma tanımayı kullanın.",
  "rewindForward5s_GT": "5 saniye ileri",
  "rewindBack5s_GT": "5 sn geri",
  "readTheForumPost_GT": "Forum gönderisini okuyun",
  "youtubeChannels_GT": "YouTube Kanalları",
  "channels_GT": "Kanallar",
  "thisFeatureIsUnderDevelopmentWillBeImprovedSoon_GT": "Bu özellik geliştirme aşamasında ve yakında iyileştirilecek.",
  "loadingAudio_GT": "Ses yükleniyor...",
  "media_GT": "Medya",
  "useOurDesktopBrowserExtension_GT": "Bu videoları izlerken ek özellikler için masaüstü tarayıcı eklentimizi kullanın.",
  "holdDictButtonToRecordVoice_GT": "Sözlük düğmesini basılı tutarak ses kaydı yapın",
  "showDictRecord_GT": "Sözlük / Kayıt",
  "text_GT": "Metin",
  "words_GT": "Kelimeler",
  "viewLessFrequentWordsLink_GT": "İşaretli Kelimeler sayfasında daha az yaygın kelimeleri görüntüleyin",
  "newText_GT": "Yeni Metin",
  "untitledText_GT": "Başlıksız Metin",
  "title_GT": "Başlık",
  "pleaseEnterSomeText_GT": "Devam etmek için metin girin",
  "saving_GT": "Kaydediliyor...",
  "theTextSeemsToBeIn_lang_whileYourLangIs_GT": "Metin <text> dilinde görünüyor, ancak şu anda çalıştığınız dil <text>.",
  "hideSubtitle_GT": "Altyazıyı gizle",
  "translationThenSubtitle_GT": "Önce çeviri, sonra altyazı",
  "subtitleThenTranslation_GT": "Önce altyazı, sonra çeviri",
  "vocabLevel_GT": "Kelime bilgisi seviyesi",
  "selection_GT": "Seçim",
  "preview_GT": "Önizleme",
  "noTextWasSelected_GT": "Metin seçilmedi",
  "nViews_GT": "<text> görüntüleme",
  "viewCount_GT": "Görüntülenme",
  "date_GT": "Tarih",
  "areYouTheOwnerYoutube_GT": "Bu YouTube kanalının sahibi siz misiniz?",
  "nVideos_GT": "<text> video",
  "clearFilters_GT": "Filtreleri temizle",
  "recommendedChannels_GT": "Önerilen",
  "popularChannels_GT": "Popüler",
  "allChannels_GT": "Tüm kanallar",
  "channel_GT": "Kanal",
  "lexaAiAssistantPrompts_placeholder_example_GT": "Açıklama: Lütfen <WORD> kelimesinin bu cümlede nasıl kullanıldığını açıklayın: <CONTEXT>\nÖrnekler: Lütfen <WORD> kelimesinin bu cümlede kullanıldığı gibi daha fazla örnek verin: <CONTEXT>",
  "updateHistory_GT": "Güncelleme geçmişi",
  "recentAppUpdates_GT": "Son güncellemeler",
  "moreInfo_GT": "Daha fazla bilgi",
  "continue_GT": "Devam et",
  "podcasts_GT": "Podcast'ler",
  "allPodcasts_GT": "Tüm podcast'ler",
  "podcast_GT": "Podcast",
  "hidden_GT": "Gizli",
  "lexaAiAssistant_GT": "Lexa Yapay Zeka Asistanı",
  "lexaAiAssistantInfo_GT": "Lexa, çalıştığınız materyaldeki kelimeler ve cümleler hakkında sorularınızı yanıtlayabilir.\n\nSoruları (komutları) Language Reactor ayarlarından düzenleyebilirsiniz.\n\nPro modu, daha iyi yanıtlar verebilen daha akıllı bir model kullanır.",
  "lexaAiAssistantPrompts_GT": "Lexa Yapay Zeka Asistanı Yönergeleri",
  "lexaAiAssistantPrompts_tooltip_GT": "Bu soruları (yönergeleri) düzenleyebilirsiniz, ancak şu biçime uymanız gerekir:\n\n[Sekme Başlığı]: [Yönerge]\n[Sekme Başlığı]: [Yönerge]\nvb.\n\n[Yönerge] kısmında <WORD> ve <CONTEXT> özel yer tutucularını kullanabilirsiniz.\n\nYönergeyi yazarken istediğiniz dili kullanabilirsiniz. Lexa'ya bir soru gönderildiğinde, metnin başına şu ekleme yapılacaktır: [çalışma dili] öğrenen bir öğrenci için soruları yanıtlayın. Yanıtınızı [çeviri dili] dilinde yazın.",
  "hold_GT": "Basılı tutun",
  "invalidFormat_GT": "Geçersiz biçim",
  "howToUseTouch_GT": "Dokunmatik kontrol kılavuzu",
  "removeThisMessageAndFollowingOnes_GT": "Bu ve sonraki mesajları sil",
  "install_GT": "Yükle",
  "refresh_GT": "Yenile",
  "lexaAiAssistantPrompts_tooltip_intro_GT": "Bir kelimeye tıkladığınızda Lexa sözlüğün üzerinde görünür",
  "homepage_blurb": "🚀 Ana dil materyallerini keşfetmek, anlamak ve öğrenmek için kapsamlı bir araç seti. ✨ Sadece etkili değil, aynı zamanda heyecan verici bir öğrenme deneyimi yaşayın! 🔥",
  "homepage_formerly_lln": "Daha önce Language Learning with Netflix olarak bilinirdi",
  "homepage_cardBodyNetflix": "Tarayıcı eklentisi, favori dizilerinizi dil derslerine dönüştürür! 🍿 Pro modu, kesintisiz anlama için konuşma tanıma ve makine çevirisi özelliklerini etkinleştirir. 🌍",
  "homepage_cardBodyYoutube": "Aklınıza gelebilecek her konuda binlerce kanal! 🧠 Doğal dili bağlamında dinleyerek anlama becerinizi geliştirin. Özenle seçilmiş içerik kataloğumuza göz atın! 🎧",
  "homepage_cardBodyFSI": "Kanıtlanmış devlet eğitim programlarıyla kendinizi geliştirin. Gerçek akıcılık kazandıran sistemli konuşma alıştırmalarını takip edin. 💪 Language Reactor'ın modern araçlarıyla bu klasik yöntemleri güçlendirin.",
  "homepage_cardTitleWhatToLearn": "Ne Öğrenilecek",
  "homepage_cardBodyWhatToLearn": "Daha çok değil, daha akıllıca çalışın! 🏃‍♂️ Language Reactor, öğrenme yolculuğunuzda en gerekli kelimeleri önerir ve önemli olana odaklanmanıza yardımcı olur.",
  "homepage_cardBodyPhrasePump": "PhrasePump öncelikle bir dinleme alıştırmasıdır. 🎧 Tekrar edilmesi gereken kayıtlı kelimeleri pekiştiren cümleler seçilir ve yeni kelimeler tanıtılır. Hem yeni başlayanlar hem de ileri düzey öğrenciler için idealdir.",
  "homepage_cardBodyAria": "Aria ile tanışın: Zeki ve esprili dil öğrenme arkadaşınız. Hem öğretmen, hem komedyen, her zaman hazırcevap bir yol arkadaşı. 💬 Anında düzeltmeler alın, sınırsız konuları keşfedin ve kendi hızınızda özgüveninizi geliştirin! 💡",
  "homepage_cardTitleProMode": "Pro Modu - İsteğe bağlı",
  "homepage_cardBodyProMode": "Language Reactor zaten harika ücretsiz özelliklerle dolu. Pro Modu deneyiminize ekstra bir sihir katıyor. ✨",
  "homepage_cardTitleBooksAndWebsites": "Kitaplar ve Web Siteleri",
  "homepage_cardBodyBooksAndWebsite": "Herhangi bir web sayfasını Language Reactor'a aktarın. Veya sevdiğiniz kitapları yükleyin! Metin-Seslendirme ile dinleyin. 🎯",
  "clickHereToUseKeyboardControls": "Klavye kontrollerini kullanmak için buraya tıklayın",
  "uiLanguage_GT": "Arayüz dili",
  "videoFileIntro_GT": "Bir video dosyası ve altyazı dosyası (SRT) yükleyebilirsiniz, Language Reactor sizin için bir çeviri oluşturacaktır. Şu an için bu özellik yalnızca tarayıcınızın desteklediği video biçimlerini desteklemektedir, diğer biçimlerde görüntü gösterilmeyebilir.",
  "powerfulToolbox": "Language Reactor dil öğrenmek için güçlü bir araç kutusudur.",
  "discoverUnderstandLearn": "Yerli materyallerden keşfetmene, anlamana ve öğrenmene yardımcı olur.",
  "effectiveInterestingEnjoyable": "Öğrenmek daha etkili, ilginç ve keyifli hale gelir!",
  "extensionAddsNetflixFeatures": "Uzantı, Netflix web sitesinde film ve dizi izlerken iki dilde alt yazıları, açılan sözlük, duyarlı video oynatma kontrolleri ve daha pek çok özellik ekler.",
  "thousandsOfChannels": "Hayal edebileceğin her konuda izleyebileceğin binlerce kanal! Bu kapsamda gerçek dil ile kavrayışını geliştir.",
  "booksAndWebsites": "Kitaplar ve Web Siteleri",
  "importTextTranslationTTS": "Metni içe aktar, Language Reactor senin dilinde bir makine çevirisi ekleyerek metni süper gerçekçi bir metinden konuşmaya özelliği ile okuyacaktır. (çok yakında)",
  "intelligentFeeding": "Otomatikleştirilmiş, akıllı dil içeriği beslemesi. Tek yapman gereken dil seviyesini seçip anın tadını çıkarmak.",
  "whatToLearn": "Ne Öğrenilmeli",
  "suggestVocab": "Language Reactor, ilerlemeni hızlandırabilmen için hangi sözcüklere odaklanman gerektiğini ve neleri atlaman gerektiğini önerebilir!",
  "highlightWhenAppear": "Öğrenmek istediğin sözcükleri kaydet, belirdiklerinde vurgulanırlar.",
  "homepage_sectionTitleLearn": "Sevdiğiniz İçeriklerden Öğrenin",
  "homepage_sectionSubtitleLearn": "Language Reactor seviyenize ve ilgi alanlarınıza uygun içerik bulmanıza yardımcı olur",
  "homepage_cardTitleYoutube": "YouTube ve Podcast'ler",
  "homepage_sectionTitleSuperpowers": "Dil Yetenekleri",
  "homepage_sectionSubtitleSuperpowers": "Her içeriği anlaşılır hale getirin",
  "homepage_cardTitleBilingualSubs": "İki Dilli Altyazılar",
  "homepage_cardBodyBilingualSubs": "Her iki dili de görürken doğal konuşmaya kulağınızı alıştırın. Anlamların diller arasında nasıl bağlandığını keşfedin. 👂",
  "homepage_cardTitlePlayback": "Hassas oynatma kontrolleri",
  "homepage_cardBodyPlayback": "⚡ Zamanı duraklatın. Oynatma hızını kontrol edin. 🎮 Klavye kısayolları ve dokunma hareketleriyle videoları yönetin. Her altyazıdan sonra otomatik duraklatma ve tıklayana kadar tekrarlama. 🖱️",
  "homepage_cardTitleDictionary": "Sözlük ve Lexa AI",
  "homepage_cardBodyDictionary": "🔍 Anında çeviri için herhangi bir kelimeye tıklayın. Ses kayıtları eşliğinde anadil konuşmacılarından gerçek örnek cümleler. 🎧 Yapay zeka destekli bağlamsal kelime kullanım açıklamaları. 🌱 Ek bilgileri görüntülemek için özelleştirin.",
  "homepage_sectionSubtitleMaster": "Eksiksiz bir kelime hazinesi seti",
  "homepage_cardTitleSmartHighlighting": "Akıllı Vurgulama",
  "homepage_cardBodySmartHighlighting": "Bir kelimeyi bir kez kaydedin, her formunda her yerde görün. Language Reactor çoğul ekleri, fiil çekimlerini ve ilişkili formları tanır. Tüm içeriklerde öğrenmenizi doğal bir şekilde pekiştirin.",
  "homepage_cardTitleExportAnki": "🎴 Anki'ye aktar",
  "homepage_cardBodyExportAnki": "Zaten Anki kullanıyor musunuz? 📤 Ekran görüntüleri ve ses kayıtları ile birlikte Anki'ye güzel çalışma kartları aktarın.",
  "homepage_sectionTitlePractice": "Tekrar Tekrar Başarıya",
  "homepage_sectionSubtitlePractice": "Öğrenmenizi edilgen durumdan etkin duruma taşıyın",
  "homepage_cardBodyPhoneTablet": "Language Reactor telefonunuzda ve tabletinizde de çalışır. Sürekli olarak iyileştirmeler yapıyoruz.",
  "homepage_cardTitlePhoneTablet": "Telefon ve Tablet",
  "homepage_sectionTitleMaster": "Her Kelime ve İfadeyi Tam Öğrenin",
  "homepage_cardTitleExtension": "Tarayıcı Eklentisi",
  "homepage_cardBodyExtension": "Masaüstü bilgisayarlarda, Netflix ve YouTube sitelerinde video izlerken Language Reactor özelliklerini etkinleştirmek ve web sayfalarını içe aktarmak için tarayıcı eklentisini yükleyin!",
  "pleaseRefreshAfterChanges": "Değişikliklerden sonra lütfen yenileyin:",
  "pdfsInThisCourseOnlyOnDesktop": "Bu kurstaki PDF'ler yalnızca masaüstünde görüntülenebilir.",
  "noAudioFiles": "Ses dosyası yok",
  "proFeatures_intro": "Language Reactor Pro özellikleriyle dil öğrenme yolculuğunuzun tüm potansiyelini ortaya çıkarın! 🚀📚",
  "proFeatures_netflixTitle": "Konuşma Tanıma ve Makine Çevirisi (Netflix)",
  "proFeatures_netflixFree": "Netflix tarafından sağlanan altyazıları kullanın. 🍿",
  "proFeatures_netflixPro": "🎤 Tüm ses parçaları için konuşma tanıma özelliğinden yararlanın. Favori dizilerinizdeki dublajlı içerikler için doğru altyazılar! 🎬 Kaynak içeriği daha iyi anlayabilmeniz için makine çevirileri kelimesi kelimesine yapılır. 🌍",
  "proFeatures_saveWordsTitle": "Kelime ve İfadeleri Kaydet",
  "proFeatures_saveWordsFree": "PhrasePump özelliğini kullanırken kelime ve ifadeleri kaydedin. 📝",
  "proFeatures_saveWordsPro": "Language Reactor'ın tüm özelliklerinde kelime ve ifadeleri kaydedin. Kişisel ilgi alanlarınıza ve kelime dağarcığınızdaki eksiklere göre öğrenme sürecinizi özelleştirin. İşaretlenen kelimeler tüm Language Reactor özelliklerinde vurgulanır ve Anki'ye aktarılabilir! 📈✨",
  "proFeatures_lexaTitle": "Lexa AI Sözlüğü",
  "proFeatures_lexaFree": "Temel yapay zeka modeliyle açıklamalar alın. 🤖",
  "proFeatures_lexaPro": "Daha geniş bilgi birikimine sahip, karmaşık sorguları etkili bir şekilde yanıtlayabilen gelişmiş yapay zeka modelinden faydalanın! 🧠🌐",
  "proFeatures_supportTitle": "Geliştiricileri destekleyin",
  "proFeatures_supportDetails": "Desteğiniz sayesinde Language Reactor'ı geliştirmeye ve size yeni özellikler sunmaya devam edebiliyoruz! ❤️",
  "youCanSubscribeAgainAfterTheEndOfThisPeriod": "Bu sürenin sonunda tekrar abone olabilirsiniz.",
  "tipHoldTheDictionaryButtonToRecordVoice": "İpucu: Sözlük düğmesini basılı tutarak sesli kayıt yapabilirsiniz",
  "sentenceOrTextSource": "Kaynak",
  "homepage_cardTitleLanguageSupport": "🌍 Geniş Dil Desteği",
  "homepage_cardBodyLanguageSupport": "40'tan fazla dilde içeriklerden öğrenin. 🔤 Farklı yazı sistemlerine sahip diller için yazı çevirilerini görün. 👀 Dinleme becerilerinizi geliştirmek için alt yazıları fare imleci üzerine gelene kadar gizleyin.",
  "additional15DiscountUntil5thJanuary2025": "5 Ocak 2025 tarihine kadar ek %15 indirim. Ödeme sırasında 'turtle' kupon kodunu kullanın. 🎅",
  "includeDubbedAudioNF": "Dublajlı seslendirmeyi dahil et",
  "phrasepumpNeedsImprovementForLang": "PhrasePump şu dil için hala geliştirilmeye ihtiyaç duyuyor:",
  "addToHomeScreen": "Ana Ekrana Ekle",
  "textToSpeechVoiceNotAvailableForThisLangError": "Bu dil için sesli okuma sesi mevcut değil. Sisteminiz için ek dil paketleri yüklemeyi deneyebilirsiniz (varsa).",
  "textToSpeechInSafariNotGreatTryEdgeOrChrome": "Safari tarayıcısında sesli okuma çok iyi değil. Daha iyi ses kalitesi için Microsoft Edge veya Chrome yüklemenizi öneririz.",
  "dueForReview": "Tekrar zamanı",
  "signInWithGoogle": "Google ile giriş yap",
  "allServersRunningNormally": "Tüm sunucular normal çalışıyor.",
  "clearHistory": "Temizle",
  "copiedText": "Kopyalandı:",
  "loadingText": "Metin yükleniyor...",
  "installChromeExtension": "Chrome eklentisini yükleyin",
  "itemsRemoved": "Öğeler kaldırıldı",
  "removingItemsFailed": "Öğeler silinemedi.",
  "itemsUpdated": "Öğeler güncellendi",
  "autopauseNotAvailableOnYoutube": "YouTube'da otomatik duraklatma özelliği kullanılamıyor.",
  "sideBySideLayout": "Yan yana",
  "overAndUnderLayout": "Alt alta",
  "youAlsoHaveItemsInOtherLanguages": "Diğer dillerde de kaydettiğiniz öğeler bulunuyor. Bunları görmek için ayarlardan dil değişikliği yapabilirsiniz.",
  "otherLanguages": "Diğer diller",
  "paymentsAreCurrentlyNotSupportedInYourCountry": "Ödemeler şu anda ülkenizde desteklenmiyor.",
  "titles_header": "Başlıklar",
  "sources_header": "Kaynaklar",
  "holdTheButtonToRecord": "Kaydetmek için düğmeyi basılı tutun",
  "noOption": "Seçenek bulunamadı",
  "learningResources": "Kaynaklar",
  "deleteMyData": "Verilerimi sil",
  "deleteMyData_confirmationMessage": "Bu işlem; tüm ayarlarınızı, kayıtlı öğelerinizi, alıştırma geçmişinizi, kayıtlı medya ve metinlerinizi geri alınamaz şekilde silecektir. Emin misiniz?",
  "advancedActions": "Gelişmiş işlemler",
  "successDone": "Başarılı!",
  "qKey": "Otomatik duraklatmayı aç/kapat",
  "rKey": "Mevcut altyazıyı kaydet",
  "copyKey": "Mevcut cümleyi kopyala",
  "unknownRank": "Bilinmeyen sıralama",
  "mostFrequentWord": "en sık kullanılan kelime",
  "studyStore_errorSavingCardStats": "Kart istatistikleri kaydedilemedi.",
  "studyStore_errorSavingCardRating": "Kart değerlendirmesi kaydedilemedi.",
  "studyStore_loginNoLongerValid": "Oturum artık geçerli değil, lütfen sayfayı yenileyin.",
  "studyStore_tooltip_extraPracticeSentence": "Bu cümle, kaydettiğiniz belirli bir kelime nedeniyle gösterilmiyor. Dinleme ve dilbilgisi becerilerinizi geliştirmek için ek alıştırma olarak sunulmuştur.",
  "studyStore_tooltip_savedInYoutube": "Youtube videosunda kaydedildi: ",
  "studyStore_tooltip_savedInNetflix": "Netflix videosunda kaydedildi: ",
  "studyStore_extraPracticeIndicator": "[ek alıştırma]",
  "studyStore_errorLoadFlashcardMetadataFailed": "Fiş kartı üst verileri yüklenemedi.",
  "studyStore_errorLoadPracticeItemsFailed": "Alıştırma öğeleri yüklenemedi.",
  "studyStore_errorLoadAudioFailed": "Ses dosyası yüklenemedi.",
  "studyStore_errorGettingAudio": "Ses alınamadı: ",
  "savedItemsStore_errorTooManyItems": "Çok fazla öğeniz var.",
  "savedItemsStore_errorSavingItem": "Öğe kaydedilemedi.",
  "savedItemsStore_errorUpdatingItemsFailed": "Öğeler güncellenemedi.",
  "savedItemsStore_errorFailedToRemoveItem": "Öge silinemedi.",
  "savedItemsStore_devError_itemNotFoundForSetStudied": "Kaydedilen öğe mevcut değil: ",
  "mediaStore_errorFailedToGetPlaylistInfo": "Çalma listesi bilgileri alınamadı.",
  "mediaStore_errorFailedToGetDocumentInfo": "Belge bilgileri alınamadı.",
  "mediaStore_errorDocNotFoundInPlaylist": "Belge çalma listesinde bulunamadı.",
  "userDataStore_errorFailedToSaveUserData": "Kaydedilen ayarlar güncellenemedi.",
  "userDataStore_errorUpdatingSavedItemKeys": "Kayıtlı öğeler listesi güncellenemedi.",
  "chatStore_errorNannyRefusedMessage": "Sohbet servisi mesajınızı işlemeyi reddetti, lütfen farklı bir şekilde ifade etmeyi deneyin.",
  "chatStore_errorQuotaExceededPro": "Sohbet kullanım kotanız doldu, lütfen yarın tekrar deneyiniz.",
  "chatStore_errorAsrFailed": "Mesajınız işlenemedi, lütfen tekrar deneyiniz.",
  "chatStore_errorGettingChatMessages": "Sohbet mesajları alınırken hata oluştu.",
  "chatStore_errorQuotaExceededMachine": "Sohbet kotanız doldu. Lütfen aboneliğinizi kontrol edin veya daha sonra tekrar deneyin.",
  "chatStore_errorQueueFull": "Üzgünüz, sunucularımız şu anda maksimum kapasitede, sorun üzerinde çalışıyoruz.",
  "chatStore_infoProUsersPriorityAccess": "Premium üyeler öncelikli erişim hakkına sahiptir.",
  "chatStore_errorLoadingConversationLangMismatch": "Konuşma yüklenemedi: Dil ayarları uyuşmuyor.",
  "chatStore_placeholderEnterWordsHere": "[kelimeleri buraya yazın]",
  "notifications_prefixNetworkError": "Ağ Hatası, lütfen WiFi bağlantınızı kontrol ediniz. ",
  "notifications_prefixNotFound": "Hata: Bulunamadı. ",
  "notifications_prefixBadRequest": "Yazılım hatası, lütfen daha sonra tekrar deneyiniz. ",
  "notifications_prefixTokenError": "Oturum hatası, lütfen tekrar giriş yapınız. ",
  "notifications_prefixServerError": "Sunucu hatası, lütfen daha sonra tekrar deneyiniz. ",
  "notifications_prefixNotProUser": "Pro özellikleri artık kullanılamıyor. ",
  "notifications_prefixRateLimitExceeded": "İstek sınırı aşıldı. Daha sonra tekrar deneyin. ",
  "mediaDocPodcast_errorTimeoutDownloadingAudio": "URL'den ses dosyası indirilirken zaman aşımına uğradı.",
  "media_errorLoadingMediaTranslations": "Medya çevirileri yüklenirken hata oluştu.",
  "media_errorAsrQuotaExceeded": "Günlük ses işleme sınırına ulaştınız. Lütfen yarın tekrar deneyiniz.",
  "media_errorAsrQueueFull": "Ses işleme sunucusu meşgul. Lütfen daha sonra tekrar deneyiniz.",
  "media_errorLoadingAsr": "Konuşma tanıma yüklenirken hata oluştu.",
  "media_errorAsrTooLong": "Ses tanıma işlemi çok uzun sürüyor. Lütfen daha sonra tekrar deneyiniz.",
  "media_errorLoadingNlpData": "NLP verisi yüklenirken hata oluştu.",
  "mediaDocText_errorFetchingPageTranslations": "Sayfa çevirileri alınamadı.",
  "mediaDocText_errorFetchingTextInfo": "Metin bilgisi alınamadı.",
  "mediaDocText_errorFetchingPageNlp": "Sayfa DDİ verisi alınamadı.",
  "mediaDocText_errorFetchingPageTts": "Sayfa TTS verisi alınamadı.",
  "media_errorLoadingMediaMetadata": "Medya üst verileri yüklenirken hata oluştu.",
  "media_errorFetchingSubtitlesForVideo": "Video için altyazılar alınamadı.",
  "media_errorAsrNotAvailableForVideo": "Bu video için ASR kullanılamıyor, özür dileriz.",
  "media_errorFetchingVideoTranslations": "Video çevirileri alınırken hata oluştu."
}