{
  "langCode": "ук",
  "appNameTr": "Мовний Реактор",
  "appName": "Мовний Реактор",
  "appDesc": "Вивчайте мови ефективно, переглядаючи фільми та серіали мовою, яку ви вивчаєте.",
  "catalogue": "Каталог",
  "catalogue_tooltip": "Знайдіть фільми та серіали, які підходять для використання з Language Reactor.",
  "help": "Допомога",
  "help_tooltip": "Посібники з використання та поради.",
  "feedback": "Надати відгук",
  "feedback_tooltip": "Повідомте про проблеми або запропонуйте функції",
  "facebook": "Facebook",
  "facebook_tooltip": "Слідкуйте за нами, щоб отримувати оновлення.",
  "originalLanguage_label": "Оригінальна мова:",
  "originalLanguage_tooltip": "Оригінальна мова цього фільму Netflix:",
  "noDictionary_error": "Підтримка словника для <text> незабаром буде доступна.",
  "subtitleLanguage_label": "Мова субтитрів Netflix",
  "subtitleLanguage_tooltip": "Вибрано мову субтитрів Netflix.",
  "subtitlesNotLoaded_error": "Субтитри Netflix не завантажено. Чи вибрано мову субтитрів у налаштуваннях відтворення Netflix?",
  "subtitlesNoMatchAudio_error": "Вибрані субтитри Netflix (<text>) не відповідають аудіо. Спробуйте налаштувати їх на оригінальну мову титулу (<text>) у панелі відтворення Netflix або знайдіть у каталозі Language Reactor рекомендовані титули для мови, яку ви вивчаєте.",
  "subtitlesNoMatchAudio_ASR_error_GT": "Субтитри <text> не відповідають аудіо. Перейдіть до оригінальних субтитрів (<text>) у налаштуваннях відтворення Netflix або знайдіть рекомендований заголовок для вашої цільової мови в каталозі Language Reactor. Альтернативно, скористайтеся треком розпізнавання мови (ASR).",
  "audioNoMatchSubtitles_error": "Вибрана аудіодоріжка Netflix (<text>) ймовірно не відповідає субтитрам. Спробуйте налаштувати оригінальну мову аудіо (<text>) у контролях відтворення Netflix або знайдіть рекомендовані заголовки для вашої цільової мови в каталозі Language Reactor.",
  "audioLanguage_label": "Мова аудіо Netflix",
  "audioLanguage_tooltip": "Це мова вибраної аудіодоріжки Netflix.",
  "pleaseSelectSubtitles": "- Виберіть субтитри в управлінні Netflix -",
  "pleaseSelectSubtitlesYoutube": "- Виберіть субтитри в елементах управління YouTube -",
  "loadingSubtitles": "- Завантаження субтитрів, будь ласка, зачекайте... -",
  "loadingTranslations": "Завантаження перекладів...",
  "firstSubtitleNotReached": "- Перший субтитр ще не почався. -",
  "errorApology_OLD": "Language Reactor виявив, що сталася помилка. Розробники були сповіщені. Спробуйте перезавантажити сторінку або спробуйте ще раз через 24 години. Вибачте за незручності. Перевірте нашу сторінку у Facebook для оновлень. Повідомлення про помилку: <text>",
  "openClose_tooltip": "Відкрити / закрити Language Reactor.",
  "vocabHighlight_label": "Виділення словникового запасу",
  "levelWithNumber": "Рівень <text>: <text> слів",
  "levelDisable": "Рівень <text>: вимкнути",
  "translationLanguage_label": "Мова перекладу",
  "translationLanguage_tooltip": "Мова для перекладу - встановіть її як вашу рідну мову.",
  "showMachineTranslation_label": "Показати машинний переклад",
  "showMachineTranslation_tooltip": "Відобразити автоматичний переклад вихідних субтитрів",
  "showHumanTranslation_label": "Показати людський переклад",
  "showHumanTranslation_tooltip": "Відображайте професійний переклад, якщо він доступний.",
  "slowSpeechSegments": "Уповільнити сегменти мовлення",
  "slowSpeechSegments_tooltip": "Зменште швидкість відтворення відео до 0,8x, коли активний субтитр, щоб полегшити розуміння.",
  "keyboardShortcuts": "Комбінації клавіш:",
  "previous": "Попередній",
  "next": "Продовжити",
  "previousSub": "Попередній субтитр",
  "nextSub": "Наступний субтитр",
  "play": "Відтворити",
  "playPause": "Відтворити / Призупинити",
  "repeat": "Повторити",
  "infiniteRepeat": "Безкінечна повторення",
  "alsoUseASD": "Альтернативні клавіші: A, S, D, Пробіл",
  "autoPause": "Автоматична пауза",
  "autoPause_tooltip": "Автоматично ставити на паузу відтворення в кінці кожного субтитра.",
  "none": "Немає",
  "nms_tip": "Вивчаєте мову? Спробуйте наше нове розширення для вивчення мови з Netflix.",
  "welcomeModal_line1_string": "Ласкаво просимо до нового Language Reactor",
  "welcomeModal_line2_string": "Ми внесли кілька покращень:",
  "welcomeModal_line3_string": "Тепер субтитри можуть з'являтися над відео.",
  "welcomeModal_line4_string": "Новий бічний панель показує всі субтитри.",
  "welcomeModal_line5_string": "Краща підтримка азійських мов.",
  "proFeatures_line1_string": "Режим \"Pro\" включає:",
  "proFeatures_line2_string": "Машинний переклад",
  "proFeatures_tt2_string": "Більш точні переклади, які краще передають оригінальне значення.",
  "proFeatures_line3_string": "Зберігайте слова та фрази",
  "proFeatures_tt3_string": "Відстежуйте свій прогрес у словниковому запасі з автоматичним підсвічуванням. Експортуйте до карток Anki.",
  "proFeatures_line4_string": "Субтитри для дубльованого контенту",
  "proFeatures_tt4_string_GT": "Багато серіалів на Netflix мають додаткові аудіотреки іншими мовами (озвучка), але Netflix не має коректних субтитрів для цих аудіотреків. Language Reactor може створити субтитри з аудіо, тож Ви можете вивчати, наприклад, німецьку мову з Breaking Bad.",
  "proFeatures_line5_string": "Підтримайте розробників",
  "proFeatures_tt5_string": "Ми наполегливо працюємо над покращенням розширення та наданням вам нових функцій.",
  "price_string": "Ціна за місяць становить:",
  "welcomeModal_line6_string": "Машинний переклад раніше був безкоштовним, але це дорогий сервіс для надання. Сподіваємося на ваше розуміння.",
  "useForFree_line_string": "Ви можете користуватися цими функціями безкоштовно протягом одного тижня.",
  "useForFree_twoWeeks_line_string": "Ви можете користуватися цими функціями безкоштовно протягом двох тижнів.",
  "useProForFreeTwoWeeks_string": "Ви можете безкоштовно користуватися Pro-функціями протягом двох тижнів.",
  "notNow_btn_string": "Не зараз",
  "continueWithGoogle_btn_string": "Продовжити з Google",
  "trialBegunModal_body_string": "Функції «Pro» активовано.",
  "ok_btn_string": "Гаразд",
  "prePaymentModal_line1_string": "Підпишіться, щоб продовжити використовувати функції «Pro».",
  "choosePaymentProvider_line_string": "Оберіть спосіб оплати:",
  "payWithGoogle_btn_string": "Оплатіть кредитною карткою.",
  "payWithPaddle_btn_string": "Оплатіть кредитною карткою або PayPal",
  "christmasSale_GT": "20% знижки до 1 січня",
  "youPayEveryMonth_GT": "Щомісячна оплата:",
  "or_GT": "або",
  "youPayEvery3Months_GT": "Щоквартальна оплата:",
  "youPayEveryYear_GT": "Річна оплата:",
  "oneMonth_GT": "1 місяць",
  "threeMonths_GT": "3 місяці",
  "oneYear_GT": "1 рік",
  "subscriptionLabel_GT": "Підписка. Ви можете скасувати після оплати, якщо не бажаєте автоматичного продовження.",
  "choose_GT": "Вибрати",
  "paymentSuccessful_line1_string": "Платіж завершено. Дякуємо за вашу підтримку.",
  "paymentSuccessful_line2_string": "Ви можете скасувати підписку в будь-який час у налаштуваннях.",
  "paymentSuccessfulPaddleMessage_line_string": "Примітка: Якщо ваш платіж потребує ручної перевірки, будь ласка, почекайте кілька годин. Режим 'Pro' активується автоматично.",
  "cancelGoogle_line_string": "Примітка: режим ‘Pro’ залишатиметься активним протягом 30 днів після вашого останнього платежу.",
  "cancelSubscription_btn_string": "Скасувати підписку",
  "problemWithPayment_line1_string": "Виявлено проблему з оплатою вашої підписки.",
  "problemWithPayment_line2_string": "Перезавантажте це вікно після оновлення інформації про оплату.",
  "updatePayment_btn_string": "Оновити інформацію про оплату",
  "alreadyUserPleaseSignIn": "Вже маєте обліковий запис? Увійдіть",
  "pleaseSignIn": "Увійдіть, щоб продовжити.",
  "pleaseSignInOrRegister": "Увійдіть або створіть обліковий запис для доступу до додаткових функцій.",
  "noCreditCardInfoNoChargeAfterTrial": "Не потрібні дані кредитної картки. Вам не буде нараховано плату після пробного періоду, якщо ви не вирішите підписатися на абонемент.",
  "signIn": "Увійти",
  "signOut": "Вийти",
  "options": "Налаштування",
  "mode": "Режим:",
  "manageSubscription": "Керувати підпискою",
  "mode_free": "Безкоштовно",
  "mode_basic": "Базовий режим",
  "mode_pro": "Профі",
  "signInStatus": "Статус входу:",
  "signedIn": "Увійшли",
  "notSignedIn": "Не увійшли в систему",
  "fix": "Виправити",
  "featureComingSoon": "Скоро буде доступно",
  "showTransliterations": "Показати транслітерації",
  "noTransliterations": "Без транслітерацій",
  "romaji": "Оригінал + Ромаджі",
  "hiragana": "Оригінал + Хірагана",
  "romajiOnly": "Тільки ромадзі",
  "hiraganaOnly": "Тільки хірагана",
  "withOriginalForm": "З оригінальною формою",
  "transliterationsOnly": "Тільки транслітерації",
  "hideTransliterationsForKnownWords_GT": "Сховати транслітерації для відомих слів",
  "playbackSpeed": "Швидкість відтворення",
  "normal": "Звичайний",
  "notAvailable": "Недоступно.",
  "noHTAvailable": "Для вибраної мови перекладу немає доступного людського перекладу.",
  "noMTAvailable": "Машинний переклад доступний лише для оригінальних субтитрів фільму.",
  "proFeature": "Професійна функція",
  "saveCurrentSubtitle": "Зберегти поточний субтитр",
  "toggleAutoPause": "Перемкнути автоматичну паузу",
  "exportToAnki": "Експортувати до Anki",
  "pleaseSelectItemsToExport": "Будь ласка, виберіть елементи для експорту:",
  "allItems": "Усі елементи",
  "download": "Завантажити",
  "subtitles": "Субтитри",
  "words": "Слова",
  "savedItems_short": "Збережено",
  "savedItems": "Збережені елементи",
  "saved": "Збережено",
  "allLanguages": "Усі мови",
  "allTypes": "Усі типи",
  "yellowWords": "Жовті слова",
  "blueWords": "Сині слова",
  "greenWords": "Зелені слова",
  "purpleWords": "Фіолетові слова",
  "redWords": "Червоні слова",
  "phrases": "Фрази",
  "noSavedItems": "Немає збережених елементів.",
  "clickAStar": "Збережіть субтитри, натиснувши на зірку, а слова - за допомогою кольорових кнопок у словнику.",
  "loadingDotDotDot": "Завантаження...",
  "showMore": "Показати більше",
  "openCloseBottomPanel": "Відкрити/закрити нижню панель",
  "openCloseVerticalView": "Відкрити/закрити вертикальний вигляд",
  "close": "Закрити",
  "autoPaused": "АВТОМАТИЧНА ПАУЗА",
  "pressSpaceToContinue": "(Натисніть ПРОБІЛ, щоб продовжити)",
  "saveWordTooltip": "Зберегти слово (також доступно через правий клік)",
  "subscriptionToProFeatures": "Підписка на функції \"Pro\".",
  "tryForFree": "Спробуйте безкоштовно",
  "noCreditCardRequired": "Кредитна картка не потрібна.",
  "noCharge": "На відміну від інших, ми не будемо стягувати з вас плату під час пробного періоду і не будемо автоматично підписувати вас на абонемент.",
  "subscriptionActive": "Ваше підписання активне.",
  "speedUpPlayback": "Прискорити відтворення",
  "slowDownPlayback": "Уповільнити відтворення",
  "highlightSavedWords_label": "Виділити збережені слова",
  "onRightClick_label": "Дія при правому кліку",
  "onLongPress_label_GT": "Довге натискання",
  "suggestedToKnownWordsRatio_label_GT": "Співвідношення між запропонованими та відомими словами",
  "showVV_label": "Показати список субтитрів",
  "showSubsBelowVideo_label": "Показати субтитри під відео",
  "otherPossibleTranslations": "Інші можливі переклади",
  "doNothing_option": "Не робіть нічого",
  "showDict_option": "Показати словник",
  "showDictSpeak_option": "Показати словник і вимовити слово",
  "speakWord_option": "Вимовити слово",
  "saveWord_option": "Зберегти слово",
  "removeAllItems": "Видалити всі елементи",
  "areYouSure": "Ви впевнені?",
  "hideTranslation": "Сховати переклад",
  "hideTranslation_tt": "Сховати переклад під час відтворення. Клацніть текст або натисніть [e], щоб показати.",
  "littlePracticeEveryDay": "Регулярна практика є ключем до вивчення мови.",
  "enableLln": "Увімкнути Language Reactor",
  "doYouLikeOurExtension": "Як вам Language Reactor?",
  "reportBug": "Повідомити про проблему",
  "translationNotFound": "Переклад не знайдено.",
  "usageExamples": "Приклади використання",
  "userDefinedExternalDict_label": "URL-адреси користувацького словника",
  "turnOnOff": "Увімкнути/вимкнути",
  "fontSize_label": "Розмір шрифту",
  "extraSmall": "Дуже малий",
  "small": "Маленький",
  "large": "Великий",
  "extraLarge": "Дуже великий",
  "removeSubtitle": "Видалити",
  "settings": "Налаштування",
  "subtitleLanguage_label_yt": "Мова субтитрів YouTube",
  "subtitleLanguage_tooltip_yt": "Це мова вибраних субтитрів YouTube.",
  "subtitlesNotLoaded_error_yt": "Субтитри YouTube не завантажені. Перевірте, чи вибрано мову субтитрів у меню відтворення YouTube.",
  "exportAsJson": "Експортувати у формат JSON",
  "exportAsCsv": "Експортувати у формат CSV",
  "exportAsExcel": "Експортувати в Excel",
  "overrideArrowKeys_label": "Використовуйте клавіші стрілок для навігації субтитрами",
  "overrideArrowKeys_tt": "Клавіші стрілок працюватимуть так само, як клавіші A, S, D",
  "changelist": "Останні зміни",
  "print": "Друк",
  "export": "Експорт",
  "appDescYoutube": "Вивчайте мови природно, переглядаючи відео вашою цільовою мовою.",
  "externalDictsMessage": "Доступ до останнього використаного зовнішнього словника. Ви можете відкрити його, утримуючи Shift під час натискання на слово.",
  "userDefinedExternalDict_tooltip": "Додайте URL-адреси власних словників, які з'являться в словнику разом з іншими кнопками зовнішніх словників (позначеними U1, U2...). Включіть 'WORD' великими літерами - він буде замінений на слово, яке ви шукаєте. Додавайте кожну URL-адресу на новому рядку.",
  "pleaseLeaveReviewMessage": "Вам подобається Language Reactor? Допоможіть нам, залишивши відгук у Chrome веб-магазині.",
  "writeReview": "Написати відгук",
  "saveSubtitle": "Зберегти",
  "translate": "Перекласти",
  "selectLang": "Виберіть мову",
  "searchVidsWithSubs": "Знайти відео з субтитрами (CC)",
  "searchSettings": "Налаштування пошуку",
  "sourceLang": "Мова джерела:",
  "chatWithOtherUsers": "Чат з іншими користувачами Language Reactor",
  "forum": "Форум",
  "tip": "Порада:",
  "considerChangingYoutubeLanguage": "Змініть налаштування мови YouTube для покращення результатів пошуку.",
  "seeHow": "Дізнайтеся як",
  "helloPleaseSelectYourNativeLanguage": "Будь ласка, виберіть вашу рідну мову:",
  "yourNativeLanguage_GT": "Ваша рідна мова:",
  "autoHideYoutubePlaybackBarRecommended": "Автоматично приховати панель відтворення YouTube (рекомендується)",
  "dontChangeTheInterface": "Не змінюйте інтерфейс",
  "hidePlaybackBar": "Сховати панель відтворення",
  "font": "Шрифт",
  "defaultRecommended": "За замовчуванням (рекомендується)",
  "subtitlesHidden": "Субтитри (приховані)",
  "noSubsForThisVideo": "Немає субтитрів для цього відео!",
  "forceOriginalTracks": "Примусити оригінальні треки",
  "forceOriginalTracks_desc": "Якщо ця опція увімкнена, відео буде переключено на оригінальну мову аудіо та субтитри, коли розширення активоване.",
  "hideSubtitles": "Сховати субтитри",
  "disabled": "Вимкнено",
  "hideTranslations": "Сховати переклади",
  "hideBoth": "Сховати обидва",
  "showSubtitleControls": "Показати елементи керування субтитрами",
  "moveToggleControls": "Перемістіть/переключіть елементи управління",
  "netflixTestsMessage": "Щоб забезпечити правильну роботу Language Reactor, вимкніть участь у тестах Netflix:",
  "disableTesting": "Вимкнути тестування",
  "nextBillingDate": "Наступна дата виставлення рахунку",
  "youCanUseProForXXDays": "Ви можете використовувати Pro-функції ще <text> днів.",
  "youCanUseFreeForXXDays": "Ви можете користуватися безкоштовними функціями протягом <text> днів.",
  "subtitlesCouldNotBeLoaded": "Не вдалося завантажити субтитри.",
  "adIsPlaying": "Відтворення реклами",
  "yourSubscriptionHasExpired": "Ваша підписка закінчилася.",
  "youHaveCanceledYourSubscription": "Ваша підписка скасована.",
  "nowYouCanStudyWithYoutubeToo": "Тепер Ви також можете вивчати мови за допомогою YouTube!",
  "machineTranslations": "Машинний переклад",
  "humanTranslations": "Людський переклад",
  "belowAreWordsFromTheCurrentVideo_GT": "Слова з цього відео, відсортовані за частотою",
  "rightClickWordToSaveIt_GT": "Клацніть правою кнопкою миші, щоб позначити слово",
  "leftClickToOpenDict": "Лівий клік для відкриття словника та прикладів.",
  "selectVocabLevelToMarkPurple": "Встановіть рівень словникового запасу в налаштуваннях, щоб позначити менш поширені слова фіолетовим.",
  "aboveCurrentLevel": "Вище поточного рівня",
  "unsavedWords": "Незбережені слова",
  "levelX": "Рівень <text>",
  "tips": "Поради",
  "emptyTemplate": "",
  "thisExportHasMultipleParts": "Цей експорт містить кілька частин.",
  "downloadPartXX": "Завантажте частину <text>",
  "thisItemWasSavedInAnotherVideo": "Збережено з іншого відео.",
  "cancel": "Скасувати",
  "openVideo": "Відкрити відео",
  "format": "Формат",
  "printHtml": "Друк (HTML)",
  "mustReadHowToImportToAnki": "Важлива інформація: Як імпортувати в Anki.",
  "infoAboutCsvExport": "Про експорт у CSV",
  "jsonDataSchema": "Схема даних JSON",
  "language": "Мова",
  "itemType": "Тип елемента",
  "includeTimestamps": "Включити мітки часу",
  "youCanChangeTranslitsOptionsInSettings": "Ви можете змінити параметри транслітерації в налаштуваннях.",
  "preferredTranslations": "Улюблені переклади",
  "onlyNewItemsSinceLastExport": "Тільки нові елементи з моменту останнього експорту",
  "includeMedia": "Включити медіа",
  "langName_is": "Ісландська",
  "langName_ga": "Ірландська",
  "langName_az": "Азербайджанська",
  "langName_af": "Африкаанс",
  "langName_am": "Амхарська",
  "langName_ar": "Арабська",
  "langName_sq": "Албанська",
  "langName_hy": "Вірменська",
  "langName_it": "Італійська",
  "langName_yi": "їдиш",
  "langName_ig": "Ігбо",
  "langName_id": "Індонезійська",
  "langName_ug": "Уйгур",
  "langName_cy": "Уельс",
  "langName_uk": "Українська",
  "langName_uz": "Узбек",
  "langName_ur": "Урду",
  "langName_et": "Естонська",
  "langName_eo": "Есперанто",
  "langName_or": "Одія",
  "langName_nl": "Нідерландська",
  "langName_kk": "Казах",
  "langName_ca": "Каталонська",
  "langName_gl": "Галісійська",
  "langName_kn": "Каннада",
  "langName_rw": "Кіньярванда",
  "langName_el": "Грецька",
  "langName_ky": "Киргизька",
  "langName_gu": "Гуджараті",
  "langName_km": "Кхмерська",
  "langName_ku": "Курдська",
  "langName_hr": "Хорватська",
  "langName_xh": "коса",
  "langName_co": "Корсиканська",
  "langName_sm": "Самоанська",
  "langName_jv": "яванська",
  "langName_ka": "Грузинська",
  "langName_sn": "Шона",
  "langName_sd": "Сінді",
  "langName_si": "Сингальська",
  "langName_sv": "Шведська",
  "langName_zu": "Зулу",
  "langName_gd": "Шотландська ґельська",
  "langName_es": "Іспанська",
  "langName_sk": "Словацька",
  "langName_sl": "Словенська",
  "langName_sw": "Суахілі",
  "langName_su": "Сунданська",
  "langName_ceb": "Себуанська",
  "langName_sr": "Сербська",
  "langName_so": "Сомалійська",
  "langName_th": "Тайська",
  "langName_tg": "Таджицька",
  "langName_tt": "Татар",
  "langName_ta": "Таміл",
  "langName_cs": "Чеська",
  "langName_te": "Телугу",
  "langName_da": "Данська",
  "langName_de": "Німецька",
  "langName_tk": "туркменська",
  "langName_tr": "Турецька",
  "langName_ny": "Ньянджа",
  "langName_ne": "Непалець",
  "langName_no": "Норвезька",
  "langName_ht": "Гаїтянський креольський",
  "langName_ha": "Хауса",
  "langName_ps": "Пашто",
  "langName_eu": "Баскська",
  "langName_haw": "Гавайська",
  "langName_hu": "Угорська",
  "langName_pa": "Панджабі",
  "langName_hi": "Гінді",
  "langName_tl": "Філіппінець",
  "langName_fi": "Фінська",
  "langName_hmn": "Хмонг",
  "langName_fr": "Французька",
  "langName_bg": "Болгарська",
  "langName_vi": "В'єтнамська",
  "langName_iw": "Іврит",
  "langName_be": "Білоруська",
  "langName_fa": "Перська",
  "langName_bn": "Бенгальська",
  "langName_pl": "Польська",
  "langName_bs": "Боснійська",
  "langName_pt": "Португальська",
  "langName_mi": "Маорі",
  "langName_mk": "Македонська",
  "langName_mg": "Малагасійська",
  "langName_mr": "Маратхі",
  "langName_ml": "Малаялам",
  "langName_mt": "Мальтійська",
  "langName_ms": "Малайська",
  "langName_my": "бірманська",
  "langName_mn": "Монгольська",
  "langName_yo": "Йоруба",
  "langName_lo": "Лаоська",
  "langName_la": "Латина",
  "langName_lv": "Латвійська",
  "langName_lt": "Литовська",
  "langName_ro": "Румунська",
  "langName_lb": "Люксембурзька",
  "langName_ru": "Російська",
  "langName_en": "Англійська",
  "langName_ko": "Корейська",
  "langName_fy": "Західнофризька",
  "langName_zh-CN": "Китайська (спрощена)",
  "langName_zh-TW": "Китайська (традиційна)",
  "langName_st": "Південний Сото",
  "langName_ja": "Японська",
  "netflixCatalogue": "Каталог Netflix",
  "notAllTitlesAllCountries": "Оскільки не всі титули доступні в усіх країнах, вам слід вибрати країну, в якій Netflix виявляє ваше місцезнаходження.",
  "catalogueByOriginalLanguage": "Каталог перераховує назви за їхньою оригінальною мовою. Це дозволяє Вам знаходити французькі фільми для вивчення французької, а німецькі фільми для вивчення німецької тощо.",
  "goodSubtitlesForOriginal": "Netflix має хороші субтитри для оригінальної мови титулу, які відповідають аудіотреку.",
  "oftenDontMatch": "Субтитри часто не відповідають аудіо для дубльованого відео.",
  "yourCountry": "Ваша країна",
  "allCountries": "Усі країни",
  "numberFound_colon": "Знайдено:",
  "genre_colon": "Жанр:",
  "released_colon": "Випущено:",
  "runtime_colon": "Час виконання:",
  "drama": "Драма",
  "action": "Дія",
  "crime": "Злочин",
  "thriller": "Трилер",
  "adventure": "Пригода",
  "scifi": "Наукова фантастика",
  "romance": "Романтика",
  "fantasy": "Фентезі",
  "mystery": "Таємниця",
  "war": "Війна",
  "biography": "Біографія",
  "history": "Історія",
  "clearHistory_GT": "Очистити історію",
  "comedy": "Комедія",
  "horror": "Жахи",
  "sport": "Спорт",
  "music": "Музика",
  "animation": "Анімація",
  "musical": "Мюзикл",
  "noMoviesFoundForThisSearch": "Не знайдено відповідних назв.",
  "youtubeCatalogue": "Каталог YouTube",
  "installExtensionForEnhancedFeatures": "Порада: Встановіть розширення, щоб отримати покращені функції під час перегляду Netflix та YouTube.",
  "weCreatedYTCatalogue": "Ми створили цей каталог, щоб допомогти Вам знайти хороші канали для вивчення.",
  "errorLoadingData": "Не вдалося завантажити дані.",
  "search": "Пошук",
  "subscribers_colon": "Підписники:",
  "withSubtitles_colon": "З субтитрами:",
  "score_colon": "Результат:",
  "installExtensionForBetterExperience": "Додайте наше розширення для браузера для кращого досвіду.",
  "translationSameAsSource_text_text": "Ваша мова перекладу (<text>) збігається з вашою мовою оригіналу (<text>). Спробуйте змінити її в налаштуваннях.",
  "translationNotSupported_text_text": "Переклад з <text> на <text> наразі недоступний.",
  "selectDifferentTranslationLanguage": "Виберіть іншу мову перекладу.",
  "nextVideo": "Наступне відео",
  "prevVideo": "Попереднє відео",
  "smallVideo": "Мале відео",
  "bigVideo": "Велике відео",
  "showTranslation": "Показати переклад (якщо доступно)",
  "watchingVideos": "Дивитися відео",
  "afterInstallingAdditionalFeatures": "Наша розширення для браузера додає інструменти для вивчення мов на сайтах Netflix та YouTube.",
  "whatToWatch": "Що подивитися",
  "weCreatedNetflixAndYoutubeCatalogue": "Щоб допомогти Вам знайти відео, ми створили каталог для Netflix та YouTube. Ви можете відкрити цей каталог у меню зліва на цій сторінці.",
  "alreadyOpenPleaseReload": "Якщо ви вже відкрили Netflix або YouTube, будь ласка, перезавантажте вікно.",
  "clickToOpenSettings": "Натисніть тут, щоб відкрити налаштування.",
  "clickEnableExtraFeatures": "Увімкніть або вимкніть додаткові функції.",
  "formerlyCalled": "(раніше називався «Language Learning with Netflix»)",
  "startInstallExtension": "Встановіть розширення для браузера, щоб почати.",
  "saveAndReview": "Зберегти та переглянути",
  "reviewWordsAndPhrases": "Ви можете повторити збережені слова та фрази, а також вивчити нову лексику.",
  "underActiveDevelopment": "Цей проєкт активно розробляється. Щоб запропонувати функцію або повідомити про проблему, будь ласка, відвідайте наш форум.",
  "writeToUs": "Будь ласка, напишіть нам, якщо у вас є інші питання.",
  "setupComplete": "Налаштування завершено",
  "clickWordDictionary": "Натисніть на слово, щоб побачити його визначення. Клацніть правою кнопкою миші, щоб зберегти його.",
  "autopauseEverySubtitle": "Автоматично ставити на паузу після кожного субтитра.",
  "machineAndHumanTranslations": "У налаштуваннях ви можете вибрати між двома типами перекладів: машинним і людським. Машинні переклади є дуже буквальними і допомагають зрозуміти структуру речення в мові, яку ви вивчаєте, але можуть містити помилки. Людські переклади зазвичай краще передають ідіоми та вирази.",
  "keyboardKeys": "Ви можете використовувати клавіші на клавіатурі для керування відтворенням:",
  "aKey": "Попередні субтитри",
  "sKey": "Повторити субтитри",
  "dKey": "Наступні субтитри",
  "spaceKey": "Грати/Пауза",
  "settingsForMoreShortcuts": "Знайдіть більше ярликів у налаштуваннях.",
  "weCreatedNetflixCatalogue": "Ми створили спеціальний каталог, щоб допомогти Вам знайти титули Netflix з якісними субтитрами мовою, яку Ви вивчаєте.",
  "youtubeHasAnyTopic": "YouTube має відео на будь-яку тему, усіма основними мовами. Проте YouTube може за замовчуванням приховувати іноземний контент.",
  "pageNotFound": "Сторінку не знайдено.",
  "videosNoLongerAvailable": "Деякі з перерахованих відео можуть бути недоступні у вашій країні.",
  "votes_text": "<text> голосів",
  "countries_text": "<text> країни",
  "watch": "Дивитися",
  "tryAgain": "Спробуйте ще раз",
  "videoUnavailablePleaseContinue": "Це відео недоступне. Продовжте до наступного.",
  "nextPage": "Наступна сторінка",
  "prevPage": "Попередня сторінка",
  "videos": "Відео",
  "selectPlaylist": "Будь ласка, виберіть плейлист.",
  "flashcardTooltipProposal": "Кількість нових елементів, що входять у цикл навчання в цій сесії",
  "flashcardTooltipExposure": "Кількість елементів для повторення в цій сесії",
  "flashcardTooltipTest": "Кількість елементів для вікторини в цій сесії",
  "flashcardExposureTooltip": "Картки експозиції показують різні приклади речень з використанням збережених слів, щоб допомогти Вам зрозуміти їх різноманітні вживання.",
  "flashcardExposure": "Експозиція",
  "flashcardTestTooltip": "Тестові картки оцінюють Ваші знання слів та речень",
  "flashcardTest": "Тест",
  "lastPracticed_text": "Остання практика: <text>",
  "itemsDueForPractice_text": "<text> елементів, які потрібно повторити.",
  "startPractice": "Розпочати практику",
  "betterWaitTillTomorrow": "Краще почекати до завтра для наступної сесії практики.",
  "practiceMore": "Продовжити практикувати",
  "savedWordsAppearHere": "Порада: коли ви зберігаєте слова та фрази, вони з'являться тут, коли прийде час їх повторити.",
  "showAnswer": "Показати відповідь",
  "fail": "Неправильно",
  "hard": "Складно",
  "easy": "Легко",
  "success": "Вірно",
  "ok": "Гаразд",
  "extraButtonsSearchBar": "Ми додали ці додаткові кнопки поруч із рядком пошуку на YouTube:",
  "leftTranslateRightSearch": "Лівий кнопка перекладає ваш текст пошуку. Правий кнопка знаходить відео з субтитрами.",
  "youtubeInterfaceLanguageMoreVideos": "Ви можете змінити мову інтерфейсу YouTube на мову, яку вивчаєте. YouTube покаже вам більше відео цією мовою.",
  "howToChangeYoutubeInterfaceLanguage": "Як змінити мову інтерфейсу YouTube",
  "clickButtonTopRight": "Натисніть кнопку у верхньому правому куті:",
  "lookForLanguageSetting": "Знайдіть налаштування \"Мова\" :",
  "whenChangeMoreResults": "Зміна мови покаже більше результатів у вашій цільовій мові.",
  "onlyDesktopCheckBack": "Language Reactor наразі доступний лише на настільних комп'ютерах.",
  "open": "Відкрити",
  "word": "Слово",
  "phrase": "Фраза",
  "translation": "Переклад",
  "context": "Контекст",
  "source": "Джерело",
  "actions": "Дії",
  "accountInformation": "Інформація про обліковий запис",
  "quickSettings": "Швидкі налаштування",
  "fullSettings": "Налаштування",
  "gettingStarted": "Розпочніть",
  "exportHelp": "Посібник з експорту",
  "studyTips": "Поради для навчання",
  "howToImportWebpage": "Імпортувати веб-сторінку",
  "importWithRightClick": "Ви можете імпортувати веб-сторінки за допомогою меню правої кнопки миші.",
  "extensionInstalledForThisFeature": "Для цієї функції потрібна розширення браузера.",
  "importText": "Імпортувати текст",
  "goToReaderMode": "Перейти в режим Читання",
  "edit": "Редагувати",
  "read": "ЧИТАТИ",
  "posADJ_UD": "Прикм.",
  "posADP_UD": "Адп.",
  "posADV_UD": "Додаток.",
  "posAUX_UD": "Доп.",
  "posNOU_UD": "Іменник",
  "posPRO_UD": "Займенник",
  "posVER_UD": "Дієслово",
  "posDET_UD": "Дет.",
  "posSYM_UD": "Символ",
  "posINT_UD": "Інт.",
  "posCCO_UD": "Координаційне сполучення",
  "posPUN_UD": "Пункт.",
  "posNUM_UD": "Числовий",
  "posPAR_UD": "Частка",
  "posSCO_UD": "Підрядні сполучники",
  "posX_UD": "Іноземна",
  "posCONJ": "Спол.",
  "posPREP": "Підготовка.",
  "ok2": "Гаразд",
  "pleaseWait": "Будь ласка, зачекайте...",
  "ohNoPleaseAddPermissionLRLogin": "Будь ласка, надайте дозвіл для роботи розширення браузера Language Reactor на languagereactor.com, щоб забезпечити успішний вхід.",
  "recommended$Videos$": "Рекомендовано",
  "$videos$WithSubtitles": "З субтитрами",
  "$videosWith$MostSubscribers": "Найбільша кількість підписників",
  "sortBy": "Сортувати за",
  "$video$Rating": "Рейтинг",
  "yearReleased": "Рік",
  "type$OfVideo$": "Тип",
  "any$TypeOfVideo$": "Усі",
  "movies": "Фільми",
  "series": "Серіали",
  "genres": "Жанри",
  "all$Genres$": "Усе",
  "goToIMDB": "Переглянути на IMDB",
  "availableIn": "Доступно в:",
  "errorLoadingVideo": "Не вдалося завантажити відео",
  "goBack": "Назад",
  "sorryThisPlaylistIsMissing": "На жаль, цей плейлист не знайдено.",
  "sorryThisVideoIsMissing": "Вибачте, це відео недоступне.",
  "videoList": "Список відео",
  "studyLanguage": "Вивчення мови",
  "iAmLearning": "Я вчуся",
  "playAll": "Відтворити все",
  "bigUpdate": "Новий оновлення",
  "readMore": "Читати далі",
  "iGotIt": "Зрозуміло",
  "allWords": "Усі слова",
  "savedWords": "Збережені слова",
  "savedPhrases": "Збережені фрази",
  "setVocabLevel_short": "Рівень словникового запасу:",
  "setVocabLevel": "Встановити рівень словникового запасу",
  "changeVocabLevelConfirmation_GT": "Ви хочете змінити рівень словникового запасу з <text> на <text>?",
  "changeStudyLevel": "Змінити рівень",
  "currentStudyLevel": "Поточний рівень словникового запасу",
  "change": "Змінити",
  "pleaseSelectYourStudyLevelToContinue": "Виберіть свій рівень словникового запасу, щоб продовжити",
  "frequency": "Частота",
  "alphabetical": "Алфавітний",
  "LEARNING": "Навчання",
  "KNOWN": "Відомо",
  "SKIPPED": "Не вивчайте",
  "SKIPPED_short": "Не вивчайте",
  "knownWords_GT": "Відомі слова",
  "tag": "Теги",
  "errorLoadingList": "Не вдалося завантажити слова",
  "pleaseSelectLanguageOnTop_GT": "Виберіть мову вище",
  "xSelected": "<text> вибрано",
  "setLearningStage": "Встановити етап навчання",
  "thisWillAffectXItemsAreYouSure": "Це змінить <text> елементів. Продовжити?",
  "yes": "Так",
  "no": "Ні",
  "removeItems": "Видалити елементи",
  "setTag": "Встановити мітку",
  "selectAllOrNone": "Вибрати все / нічого",
  "logIn": "Увійти",
  "noItemsFound": "Елементів не знайдено",
  "upgrade": "Преміум",
  "transliterationsJapanese": "Японські транслітерації",
  "transliterationsVisibility_GT": "Показати транслітерації",
  "alwaysShow_GT": "Завжди",
  "hideForKnownWords_GT": "Сховати для відомих слів",
  "hideForMarkedAndKnownWords_GT": "Сховати для позначених та відомих слів",
  "specialWords_GT": "Спеціальні слова",
  "specialWords_info_GT": "Імена, місця, числа тощо.",
  "markedWords_GT": "Позначені слова",
  "markWord_GT": "Позначити слово",
  "savedWordsMarkingTooltipDesc_GT": "Позначені слова зберігають свій статус, коли ви змінюєте рівень словникового запасу. Вони з'являються з обводом.",
  "wordStatus_desc_GT": "Статус залежить від рівня словникового запасу або індивідуального маркування.",
  "wordColors_desc_GT": "Ці налаштування контролюють зовнішній вигляд слів у субтитрах та текстах. У перегляді 'Збережені елементи' завжди використовується повне кольорове оформлення слів.",
  "suggestedWords_desc_GT": "Найкорисніші слова для вашого наступного навчання.",
  "showKnownWordsInGreen": "Показати відомі слова зеленим кольором",
  "showMarkedLearningWordsInOrange_GT": "Показати позначені навчальні слова помаранчевим",
  "showSuggestedWordsInOrange_GT": "Показати запропоновані слова помаранчевим кольором",
  "showRareWordsInGrey_GT": "Приховати рідкісні слова",
  "outline_GT": "Контур",
  "outlineMarkedWordsInText": "Виділити позначені слова в тексті",
  "showTagsInText": "Показати теги в тексті",
  "showLearningStageButtonsInMiniDictionary": "Показати кнопки етапів навчання при наведенні миші",
  "switchLearningStage_GT": "Перемикання між відомими / вивченими словами",
  "switchTags": "Перемикати теги",
  "switchLanguage_GT": "Змінити мову",
  "dictionary": "Словник",
  "speakWordOnClick": "Скажіть слово при натисканні",
  "basicSettings": "Основні налаштування",
  "machineTranslationsAvailable": "Доступні машинні переклади",
  "belowAreWordsOfIncreasingDifficultyDesc": "Нижче наведені слова з поступово зростаючою складністю. Клацніть на останній рядок, де ви знаєте всі слова. Прокрутіть, щоб побачити більше.",
  "iDontKnowAnyWordsYet": "Я тільки починаю.",
  "exampleText": "Приклад тексту:",
  "wordColors_GT": "Кольори слів",
  "reset_GT": "Скинути",
  "newChat_GT": "Новий чат",
  "autoCorrectGrammar_GT": "Автоматично виправляти граматику",
  "estimatedNumberOfKnownWords": "Оцінкова кількість відомих слів",
  "article": "Стаття",
  "fullText": "Повний текст",
  "textMode": "Текст",
  "myText_GT": "Мій текст",
  "myTexts_GT": "Мої тексти",
  "books_GT": "Книги",
  "pasteAnyTextYouWishToStudyHere": "Вставте ваш текст для навчання тут",
  "videoFile": "Відеофайл",
  "selectVideo": "Виберіть відео",
  "selectVideoFile": "Виберіть відеофайл",
  "selectSubtitles": "Виберіть субтитри",
  "subtitlesLanguage": "Мова субтитрів",
  "save": "Зберегти",
  "copy": "Копіювати",
  "copyCurrentSentence": "Скопіювати поточне речення",
  "wordNotFound": "Слово не знайдено",
  "markWhetherYouKnowThisWordDesc": "Позначте, якщо ви знаєте це слово. Позначення слів оранжевим (Навчання) додасть їх до ваших флеш-карт.",
  "shortcutRightClick": "Клік правою кнопкою миші",
  "shortcutMiddleClick": "Середній клік",
  "addTagToAWordDesc": "Ви можете використовувати теги для створення груп слів. Позначені слова можна експортувати окремо. Теги можуть відображатися як кольорові підкреслення, це можна контролювати в налаштуваннях.",
  "markAsKnown": "Позначити як відоме",
  "markAsLearning": "Позначити як навчання",
  "markedKnown_GT": "Позначено як відоме",
  "markedToLearn": "Позначено для вивчення",
  "learningNow": "Навчання зараз",
  "learnt": "Вивчені",
  "learn": "Вчитися",
  "remove": "Видалити",
  "noTag": "Без мітки",
  "examplesSavedItems": "Приклади: Збережені елементи",
  "examplesCurrentText": "Приклади: Поточний текст",
  "examples": "Приклади:",
  "pleaseSignInToUseThisFeature": "Увійдіть, щоб скористатися цією функцією.",
  "pleaseSignInToUseThisFreeFeature": "Увійдіть, щоб скористатися цією безкоштовною функцією.",
  "soThatWeCanSaveYourProgress": "(щоб зберегти ваш прогрес)",
  "phrasepumpInfoTooltipShort": "PhrasePump допомагає вам вчитися через речення, які ви можете зрозуміти, покращуючи словниковий запас, слухові навички та граматику.",
  "phrasepumpInfoTooltip": "PhrasePump пропонує вам речення, які ви, ймовірно, зможете зрозуміти. Це допомагає покращити словниковий запас, навички слухання та знання граматики. Вибираються речення з словами, які потрібно практикувати, або які містять нові слова для вивчення.",
  "fumingRiver": "Нехай мова тече через вас, як ріка, прокладаючи нові шляхи у вашій свідомості.",
  "itemsDueForReview": "елементи, що потребують термінового перегляду",
  "noCardsToStudy": "Немає карт для вивчення.",
  "tryEnablingMoreStudyModes": "Спробуйте активувати більше режимів навчання.",
  "pleaseMarkMoreItemsOrWait": "Позначте більше елементів для вивчення або дочекайтеся, поки існуючі елементи стануть актуальними.",
  "statistics": "Статистика",
  "xCards": "<text> картки",
  "cards": "Картки",
  "cardsPracticedToday": "Сьогоднішня практика",
  "showLast": "Показати останні:",
  "day": "День",
  "week": "Тиждень",
  "month": "Місяць",
  "threeMonths": "3 місяці",
  "markedToLearnDesc": "Збережені слова та фрази, які ще чекають на практику.",
  "suggestions": "Пропозиції",
  "suggestionsDesc": "Після того, як Ви попрактикуєтеся з вашими збереженими елементами, PhrasePump може запропонувати Вам нові слова для вивчення.",
  "suggestionsDesc_noMoreLeft": "Більше немає доступних пропозицій.",
  "suggestionsDesc_noSuggestionsForLang": "Пропозиції не доступні для цієї мови.",
  "inTheLastXDaysYouStartedToPracticeYItems": "Ви почали практикувати <text> нових слів та фраз «позначених для вивчення» за останні <text> днів.",
  "inTheLastXDaysYouStartedToPracticeYSuggestedWords": "Ви почали практикувати <text> запропонованих слів за останні <text> днів",
  "youArePracticingXItems": "Ви активно практикуєте <text> слів та фраз.",
  "inTheLastXDaysYouHaveLearntYItems": "Ви вивчили <text> слів та фраз за останні <text> днів.",
  "inTheLastXDaysYouHavePracticedYItems": "Ви практикували <text> слів та фраз за останні <text> дні.",
  "learntDescLearntXItems": "Ви вивчили <text> елементів. Це слова та фрази, які ви, ймовірно, запам'ятаєте принаймні на шість тижнів.",
  "halflifeDays_GT": "Півжиття (дні)",
  "languageSelector": "Вибір мови",
  "addLanguage": "Додати мову",
  "dueItems": "Невиконані елементи:",
  "chooseALanguage": "Виберіть мову",
  "showContext_GT": "Показати контекст",
  "add": "Додати",
  "forgot": "Забув",
  "okay": "Гаразд",
  "quizzes": "Тести",
  "suggestedWords": "Запропоновані слова",
  "practice": "Практика",
  "thisIsTheFirstTimeYouArePracticingThisItem": "Це перший раз, коли Ви практикуєте цей елемент.",
  "quiz": "Тест",
  "whatShouldGoInTheGap": "Що потрібно вставити в пропуск?",
  "useTranslationForHelp": "Перевірте переклад для допомоги.",
  "suggestedWord": "Запропоноване слово",
  "wouldYouLikeToLearnThisWord": "Ви хотіли б вивчити це нове слово?",
  "listeningPractice": "Практика слухання",
  "tryToUnderstandBeforeYouRevealTheText": "Спробуйте зрозуміти, перш ніж розкривати текст.",
  "newItems": "Нові елементи",
  "newWordsTooltip": "Максимальний відсоток карток, які використовуються для представлення нових елементів («Позначені для вивчення» та «Пропозиції»). Зменшіть цей відсоток, щоб більше зосередитися на повторенні. Коли багато елементів потрібно переглянути, кількість нових елементів автоматично зменшується.",
  "sessionSize": "Розмір сесії",
  "sessionSizeTooltip": "Кількість карток у сесії практики.",
  "reveal": "Показати відповідь",
  "savePhrase": "Зберегти фразу",
  "learningStage": "Етап навчання",
  "savingWords": "Як зберегти слова",
  "oldSystem": "Попередня система:",
  "newSystem": "Поточна система:",
  "greenKnownOrSuggestedWords": "Білий: Відомі та запропоновані слова",
  "orangeMarkedWords": "Апельсин: Слова, позначені для вивчення",
  "dictStageTagsPickerDesc": "Тут ви можете позначити, чи знаєте ви слово (білий), чи вивчаєте його (помаранчевий), або пропустити його (сірий). Додайте теги, щоб вони відображалися як підкреслення кольором.",
  "exportFromLanguageReactor": "Експортувати з Language Reactor...",
  "viewAll": "Переглянути все",
  "wordViewNotSupported": "Ця функція наразі не підтримується для цієї мови.",
  "green": "зелений",
  "yellow": "жовтий",
  "red": "червоний",
  "blue": "синій",
  "lastSaved": "Останнє збереження",
  "rank": "ранг",
  "wordList": "Список слів",
  "up1": "Раніше ви зберігали слова, позначаючи їх кольором (червоний, зелений, жовтий, синій). Ця функція все ще доступна (тепер вона називається \"теги\"), але кольори відображаються у вигляді підкреслень під словом. За замовчуванням, клацання правою кнопкою миші на слові більше не змінює колір його тегу, але ви можете налаштувати це в налаштуваннях.",
  "up2": "У цьому оновленні Language Reactor тепер може відстежувати слова, які Ви знаєте, а для слів, які Ви не знаєте, пропонує, чи варто їх вивчати. Це дозволяє програмному забезпеченню виконувати деякі корисні функції. Воно працює для близько 40 мов.",
  "up3": "БІЛІ слова - це ті, які ви знаєте або на які слід звернути увагу.",
  "up4": "Слова, які ви позначили для вивчення, відображаються в ОРАНЖЕВОМУ.",
  "up5": "СИРІ слова є менш поширеними і можуть почекати.",
  "up6": "Ці категорії називаються «Етапи навчання».",
  "up7": "Ви можете швидко встановити приблизний розмір вашого словникового запасу, натиснувши на іконку налаштування в словнику. Не потрібно позначати кожне слово окремо.",
  "up8": "Щоб оновити ваші існуючі слова з кольоровим кодуванням:",
  "up9": "1. Відкрийте вкладку \"Збережені елементи\"",
  "up10": "Натисніть \"Збережені слова\".",
  "up11": "3. Виберіть колір мітки",
  "up12": "Використовуйте прапорець \"вибрати все\".",
  "up13": "5. Виберіть «Етап навчання»",
  "up14": "Після цього ви можете вимкнути кольорові підкреслення для міток у вкладці налаштування, щоб зменшити візуальний шум під час перегляду фільмів тощо.",
  "up15": "Система кольорів є необов'язковою - ви можете вимкнути кольорове виділення слів за станом навчання в налаштуваннях:",
  "clickToReadMore": "Натисніть, щоб дізнатися більше",
  "layout_GT": "Макет",
  "videoSize_GT": "Розмір відео:",
  "youAreLearning_GT": "Вивчення мови",
  "start_screen": "Почати",
  "theTextSeemsToBeIn_lang_GT": "Цей текст, здається, написаний українською.",
  "changeSourceLanguageTo_lang_GT": "Переключитися на <text>?",
  "clearAllHistoryConfirmation_GT": "Ви впевнені, що хочете очистити весь <text> історію?",
  "chatHomescreenText_1_GT": "Чат з ШІ, адже, ну, у вас немає нікого кращого для розмови?",
  "chatHomescreenText_2_GT": "Проте, ми зробили це веселим.",
  "chatPreprompt_label_GT": "Інструкції для чату",
  "chatPreprompt_tooltip_GT": "Інструкції, надіслані до ШІ перед кожним чатом",
  "typeTheTextToTranslate_GT": "Введіть текст для перекладу",
  "showMiniDictionary_GT": "Показати міні-словник",
  "yourMessage_GT": "Ваше повідомлення",
  "other_GT": "Інші",
  "pressAndHoldToRecordVoice_GT": "Утримуйте, щоб записати",
  "recording_GT": "Запис...",
  "switchBetweenShortcutsAndInputMode_GT": "Перемикання між ярликами та режимом введення",
  "pressTabToswitchBetweenShortcutsAndInputMode_GT": "Натисніть [ESC], щоб перемикати між ярликами та режимом введення",
  "preferredAudioSource_GT": "Вибрана аудіо джерело:",
  "originalAudioWhenAvailable_GT": "Оригінальний аудіо (коли доступно)",
  "computerAudioTTS_GT": "Текст у мову",
  "include_GT": "Включити",
  "noItemsForThisLanguage_GT": "Немає елементів у цій мові",
  "startReading_GT": "Розпочати читання",
  "numberOfPages_GT": "Кількість сторінок",
  "nextDocument_GT": "Наступний документ",
  "prevDocument_GT": "Попередній документ",
  "noVerticalView_GT": "Без вертикального перегляду",
  "playbackRate_GT": "Швидкість відтворення",
  "numPages_GT": "<text> сторінок",
  "chapters_GT": "Розділи",
  "book_GT": "Книга",
  "audioTrack_GT": "Аудіотрек",
  "simplifiedVersion_GT": "Спрощена версія",
  "dubbedAudio_GT": "Дубльований аудіо",
  "dubbedAudioDesc_GT": "Це відео спочатку було іншою мовою. Використовуйте розпізнавання мови для отримання субтитрів, які відповідають аудіо.",
  "rewindForward5s_GT": "Перемотати на 5 с",
  "rewindBack5s_GT": "Назад 5с",
  "readTheForumPost_GT": "Читати повідомлення форуму",
  "youtubeChannels_GT": "Канали YouTube",
  "channels_GT": "Канали",
  "thisFeatureIsUnderDevelopmentWillBeImprovedSoon_GT": "Ця функція знаходиться в розробці і незабаром буде покращена.",
  "loadingAudio_GT": "Завантаження аудіо...",
  "media_GT": "Медіа",
  "useOurDesktopBrowserExtension_GT": "Використовуйте нашу розширення для браузера на комп'ютері під час перегляду цих відео для отримання додаткових функцій.",
  "holdDictButtonToRecordVoice_GT": "Утримуйте кнопку словника, щоб записати свій голос",
  "showDictRecord_GT": "Словник / Запис",
  "text_GT": "Текст",
  "words_GT": "Слова",
  "viewLessFrequentWordsLink_GT": "Перегляньте менш поширені слова на сторінці Позначені слова",
  "newText_GT": "Новий текст",
  "untitledText_GT": "Безіменний текст",
  "title_GT": "Назва:",
  "pleaseEnterSomeText_GT": "Введіть текст, щоб продовжити",
  "saving_GT": "Зберігається...",
  "theTextSeemsToBeIn_lang_whileYourLangIs_GT": "Текст, здається, написаний мовою <text>, тоді як ваша поточна мова навчання - <text>.",
  "hideSubtitle_GT": "Сховати субтитри",
  "translationThenSubtitle_GT": "Переклад, а потім субтитри",
  "subtitleThenTranslation_GT": "Субтитри, а потім переклад",
  "vocabLevel_GT": "Рівень словникового запасу:",
  "selection_GT": "Вибір",
  "preview_GT": "Попередній перегляд",
  "noTextWasSelected_GT": "Текст не було вибрано",
  "nViews_GT": "<text> переглядів",
  "viewCount_GT": "Перегляди",
  "date_GT": "Дата",
  "areYouTheOwnerYoutube_GT": "Ви власник цього каналу YouTube?",
  "nVideos_GT": "<text> відео",
  "clearFilters_GT": "Очистити фільтри",
  "recommendedChannels_GT": "Рекомендовано",
  "popularChannels_GT": "Популярні",
  "allChannels_GT": "Усі канали",
  "channel_GT": "Канал",
  "lexaAiAssistantPrompts_placeholder_example_GT": "Пояснити: Будь ласка, поясніть використання слова <WORD> у цьому реченні: <CONTEXT>\nПриклади: Будь ласка, надайте більше прикладів зі словом <WORD>, як воно використано в цьому реченні: <CONTEXT>",
  "updateHistory_GT": "Історія оновлень",
  "recentAppUpdates_GT": "Останні оновлення",
  "moreInfo_GT": "Більше інформації",
  "continue_GT": "Продовжити",
  "podcasts_GT": "Подкасти",
  "allPodcasts_GT": "Усі подкасти",
  "podcast_GT": "Подкаст",
  "hidden_GT": "Сховано",
  "lexaAiAssistant_GT": "Асистент AI Lexa",
  "lexaAiAssistantInfo_GT": "Лекса може відповідати на запитання про слова та речення в матеріалі, який Ви вивчаєте.\n\nВи можете редагувати підказки (запитання) у налаштуваннях Language Reactor.\n\nПро режим використовує більш інтелектуальну модель, яка може давати кращі відповіді.",
  "lexaAiAssistantPrompts_GT": "Запити для асистента AI Lexa",
  "lexaAiAssistantPrompts_tooltip_GT": "Ви можете редагувати ці підказки (питання), але повинні дотримуватись формату:\n\n[Назва вкладки]: [Підказка]\n[Назва вкладки]: [Підказка]\nтощо.\n\n[Підказка] може містити спеціальні заповнювачі <WORD> та <CONTEXT>.\n\nВи можете використовувати будь-яку мову при написанні підказки. Коли питання надсилається до Lexa, цей текст буде додано на початку: Відповідайте на питання для студента, який вивчає [мова навчання]. Напишіть свою відповідь [мова перекладу].",
  "hold_GT": "Утримуйте",
  "invalidFormat_GT": "Неправильний формат",
  "howToUseTouch_GT": "Посібник з управління жестами",
  "removeThisMessageAndFollowingOnes_GT": "Видалити це та наступні повідомлення",
  "install_GT": "Встановити",
  "refresh_GT": "Оновити",
  "lexaAiAssistantPrompts_tooltip_intro_GT": "Lexa з'являється над словником, коли Ви натискаєте на слово",
  "homepage_blurb": "🚀 Інструмент для відкриття, розуміння та навчання з рідних матеріалів. ✨ Відчуйте занурювальний підхід, який не лише ефективний, а й захоплюючий 🔥",
  "homepage_formerly_lln": "Раніше відомий як Language Learning with Netflix",
  "homepage_cardBodyNetflix": "Розширення браузера перетворює ваші улюблені шоу на уроки мови. Режим Pro активує розпізнавання мови та машинний переклад для безперешкодного розуміння. 🌍",
  "homepage_cardBodyYoutube": "Тисячі каналів YouTube на будь-яку тему, яку ви можете уявити. Розвивайте своє розуміння з автентичною мовою в контексті. Перегляньте нашу відібрану колекцію. 🎧",
  "homepage_cardBodyFSI": "Киньте собі виклик з перевіреними державними програмами навчання. Слідкуйте за структурованими вправами для розмови, які розвивають справжню флюентність. 💪 Підсилюйте ці класичні методи сучасними інструментами Language Reactor.",
  "homepage_cardTitleWhatToLearn": "Що вивчати",
  "homepage_cardBodyWhatToLearn": "Навчайтеся розумніше, а не важче! 🏃‍♂️ Language Reactor пропонує вам основні слова для вашого навчального шляху, допомагаючи зосередитися на найважливішому.",
  "homepage_cardBodyPhrasePump": "PhrasePump є переважно вправою на слухання. 🎧 Вибираються речення, які підкріплюють збережені слова, що потребують повторення, і вводиться новий словниковий запас. Чудово підходить як для початківців, так і для просунутих учнів.",
  "homepage_cardBodyAria": "Познайомтеся з Aria: Вашою дотепною мовною партнеркою. Вона частково викладач, частково комік, і завжди готова до дотепної відповіді. 💬 Отримуйте миттєві виправлення, досліджуйте безмежні теми та розвивайте впевненість у власному темпі. 💡",
  "homepage_cardTitleProMode": "Режим Про - Додатково",
  "homepage_cardBodyProMode": "Language Reactor вже має багато чудових безкоштовних функцій. Pro режим додає трохи магії до вашого досвіду. ✨",
  "homepage_cardTitleBooksAndWebsites": "Книги та вебсайти",
  "homepage_cardBodyBooksAndWebsite": "Імпортуйте будь-яку веб-сторінку в Language Reactor або завантажте свої улюблені книги. Слухайте разом з синтезом мови. 🎯",
  "clickHereToUseKeyboardControls": "Натисніть тут, щоб використовувати клавіатурні команди",
  "uiLanguage_GT": "Мова інтерфейсу",
  "videoFileIntro_GT": "Ви можете завантажити відеофайл та файл субтитрів (SRT), і ми створимо для вас переклад. Наразі ця функція працює лише з відеоформатами, які підтримує ваш браузер.",
  "powerfulToolbox": "Language Reactor - це потужний інструмент для вивчення мов.",
  "discoverUnderstandLearn": "Це допомагає Вам відкривати, розуміти та вчитися на основі матеріалів рідною мовою.",
  "effectiveInterestingEnjoyable": "Навчання стане більш ефективним, цікавим і приємним.",
  "extensionAddsNetflixFeatures": "Розширення додає двомовні субтитри, спливаючий словник, точні елементи керування відтворенням відео та багато інших функцій під час перегляду фільмів і серіалів на веб-сайті Netflix.",
  "thousandsOfChannels": "Тисячі каналів для перегляду на будь-яку тему, яку ти можеш уявити! Розвивай своє розуміння з автентичною мовою в контексті.",
  "booksAndWebsites": "Книги та веб-сайти",
  "importTextTranslationTTS": "Імпортуйте текст, Language Reactor додасть машинний переклад вашою мовою та прочитає текст з надзвичайно реалістичним синтезом мови. (незабаром)",
  "intelligentFeeding": "Автоматизоване, інтелектуальне подання мовного контенту. Просто виберіть свій рівень мови та насолоджуйтеся процесом.",
  "whatToLearn": "Що вивчати",
  "suggestVocab": "Language Reactor може запропонувати, на якому словниковому запасі вам слід зосередитися, а що можна пропустити, щоб прискорити ваш прогрес.",
  "highlightWhenAppear": "Зберігайте слова, які ви хочете вивчити, вони будуть виділені щоразу, коли з'являться.",
  "homepage_sectionTitleLearn": "Вчіться з того, що вам подобається",
  "homepage_sectionSubtitleLearn": "Language Reactor допомагає Вам знайти контент відповідно до Вашого рівня та інтересів",
  "homepage_cardTitleYoutube": "YouTube та подкасти",
  "homepage_sectionTitleSuperpowers": "Мовні Суперсили",
  "homepage_sectionSubtitleSuperpowers": "Зробіть будь-який контент зрозумілим",
  "homepage_cardTitleBilingualSubs": "Двомовні субтитри",
  "homepage_cardBodyBilingualSubs": "Налаштуйте своє вухо на природну мову, бачачи обидві мови. Відкрийте, як значення співвідносяться між ними. 👂",
  "homepage_cardTitlePlayback": "Точні елементи керування відтворенням",
  "homepage_cardBodyPlayback": "⚡ Призупиніть час. Контролюйте швидкість відтворення. 🎮 Використовуйте комбінації клавіш та жести для навігації відео. Автоматична пауза після кожного субтитру до вашого продовження. 🖱️",
  "homepage_cardTitleDictionary": "Словник і Lexa AI",
  "homepage_cardBodyDictionary": "🔍 Натисніть на будь-яке слово для миттєвого перекладу. Справжні приклади речень із аудіосупроводом. 🎧 Пояснення вживання слів на основі ШІ. 🌱 Налаштуйте відображення додаткової інформації!",
  "homepage_sectionSubtitleMaster": "Комплексний набір інструментів для словникового запасу",
  "homepage_cardTitleSmartHighlighting": "Розумне виділення",
  "homepage_cardBodySmartHighlighting": "Збережіть слово один раз, і ви побачите його всюди—в усіх формах. Language Reactor розпізнає множини, відмінювання дієслів та пов'язані форми. Природно зміцнюйте своє навчання через весь контент.",
  "homepage_cardTitleExportAnki": "Експортувати до Anki",
  "homepage_cardBodyExportAnki": "Ви вже користуєтеся Anki? 📤 Експортуйте красиві картки до Anki з екранів та аудіофайлів.",
  "homepage_sectionTitlePractice": "Практика робить майстра",
  "homepage_sectionSubtitlePractice": "Перетворіть своє навчання з пасивного на активне",
  "homepage_cardBodyPhoneTablet": "Language Reactor працює на вашому телефоні та планшеті також. Ми постійно вдосконалюємо додаток.",
  "homepage_cardTitlePhoneTablet": "Телефон та планшет",
  "homepage_sectionTitleMaster": "Опануйте кожне слово та фразу",
  "homepage_cardTitleExtension": "Розширення браузера",
  "homepage_cardBodyExtension": "На комп'ютері встановіть розширення браузера, щоб увімкнути функції Language Reactor під час перегляду відео на сайтах Netflix і YouTube та імпортувати веб-сторінки!",
  "pleaseRefreshAfterChanges": "Будь ласка, оновіть після змін:",
  "pdfsInThisCourseOnlyOnDesktop": "PDF-файли цього курсу можна переглядати лише на комп'ютері.",
  "noAudioFiles": "Немає аудіофайлів",
  "proFeatures_intro": "Розкрийте весь потенціал вашого шляху до опанування мов із можливостями Language Reactor Pro! 🚀📚",
  "proFeatures_netflixTitle": "Розпізнавання мовлення та машинний переклад (Netflix)",
  "proFeatures_netflixFree": "Використовуйте субтитри від Netflix. 🍿",
  "proFeatures_netflixPro": "🎤 Користуйтеся розпізнаванням мовлення для всіх аудіодоріжок. Точні субтитри для дубльованого аудіо у Ваших улюблених серіалах! 🎬 Машинний переклад більш дослівний для кращого розуміння оригінального матеріалу. 🌍",
  "proFeatures_saveWordsTitle": "Збереження слів та фраз",
  "proFeatures_saveWordsFree": "Зберігайте слова та фрази під час використання функції PhrasePump. 📝",
  "proFeatures_saveWordsPro": "Зберігайте слова та фрази в усіх функціях Language Reactor. Налаштовуйте своє навчання відповідно до особистих інтересів та прогалин у словниковому запасі. Позначені слова підсвічуються в усіх функціях Language Reactor та можуть бути експортовані до Anki! 📈✨",
  "proFeatures_lexaTitle": "Словник Lexa AI",
  "proFeatures_lexaFree": "Отримайте пояснення за допомогою базової мовної моделі. 🤖",
  "proFeatures_lexaPro": "Отримайте переваги вдосконаленої моделі штучного інтелекту з ширшими знаннями, здатної ефективно відповідати на складніші запити! 🧠🌐",
  "proFeatures_supportTitle": "Підтримати розробників",
  "proFeatures_supportDetails": "Ваша підтримка дозволяє нам продовжувати вдосконалювати Language Reactor та створювати нові функції! ❤️",
  "youCanSubscribeAgainAfterTheEndOfThisPeriod": "Ви зможете знову оформити передплату після закінчення цього періоду.",
  "tipHoldTheDictionaryButtonToRecordVoice": "Порада: Утримуйте кнопку словника для голосового запису",
  "sentenceOrTextSource": "Джерело",
  "homepage_cardTitleLanguageSupport": "🌍 Підтримка багатьох мов",
  "homepage_cardBodyLanguageSupport": "Навчайтеся з контенту понад 40 мовами! 🔤 Дивіться транслітерацію для мов із різними системами письма. 👀 Приховуйте субтитри, доки не наведете курсор — ідеально для вдосконалення навичок аудіювання.",
  "additional15DiscountUntil5thJanuary2025": "Додаткова знижка 15% до 5 січня 2025 року. Використайте промокод 'turtle' під час оформлення замовлення. 🎅",
  "includeDubbedAudioNF": "Включити дубльований аудіосупровід",
  "phrasepumpNeedsImprovementForLang": "PhrasePump ще потребує вдосконалення для мови:",
  "addToHomeScreen": "Додати на головний екран",
  "textToSpeechVoiceNotAvailableForThisLangError": "Голос для озвучування тексту недоступний для цієї мови. Спробуйте встановити додаткові мовні пакети для Вашої системи (якщо доступні).",
  "textToSpeechInSafariNotGreatTryEdgeOrChrome": "Озвучення тексту в браузері Safari працює не найкраще. Встановіть Microsoft Edge або Chrome для кращої якості голосу.",
  "dueForReview": "Час повторити",
  "signInWithGoogle": "Увійти через Google",
  "allServersRunningNormally": "Усі сервери працюють нормально.",
  "clearHistory": "Очистити",
  "copiedText": "Скопійовано:",
  "loadingText": "Завантаження тексту...",
  "installChromeExtension": "Встановити розширення Chrome",
  "itemsRemoved": "Елементи видалено",
  "removingItemsFailed": "Не вдалося видалити елементи.",
  "itemsUpdated": "Елементи оновлено",
  "autopauseNotAvailableOnYoutube": "Автопауза недоступна на YouTube.",
  "sideBySideLayout": "Поруч",
  "overAndUnderLayout": "Зверху та знизу",
  "youAlsoHaveItemsInOtherLanguages": "У Вас також є збережені елементи іншими мовами. Щоб їх побачити, змініть мову в налаштуваннях.",
  "otherLanguages": "Інші мови",
  "paymentsAreCurrentlyNotSupportedInYourCountry": "Платежі в даний момент не підтримуються в вашій країні.",
  "titles_header": "Заголовки",
  "sources_header": "Джерела",
  "holdTheButtonToRecord": "Утримуйте кнопку для запису",
  "noOption": "Немає варіантів",
  "learningResources": "Матеріали",
  "deleteMyData": "Видалити мої дані",
  "deleteMyData_confirmationMessage": "Це незворотно видалить усі Ваші налаштування, збережені елементи, історію практики, збережені медіафайли та тексти. Ви впевнені?",
  "advancedActions": "Розширені дії",
  "successDone": "Успішно!",
  "qKey": "Автопауза",
  "rKey": "Зберегти поточні субтитри",
  "copyKey": "Копіювати поточне речення",
  "unknownRank": "Невідомий ранг",
  "mostFrequentWord": "найчастіше слово",
  "studyStore_errorSavingCardStats": "Помилка збереження статистики карток.",
  "studyStore_errorSavingCardRating": "Помилка під час збереження оцінки картки.",
  "studyStore_loginNoLongerValid": "Вхід більше недійсний, будь ласка, оновіть цю сторінку.",
  "studyStore_tooltip_extraPracticeSentence": "Це речення показано не через якесь конкретне збережене слово. Це додаткова практика для покращення ваших навичок сприйняття на слух та знання граматики.",
  "studyStore_tooltip_savedInYoutube": "Збережено з відео на Youtube: ",
  "studyStore_tooltip_savedInNetflix": "Збережено у відео Netflix: ",
  "studyStore_extraPracticeIndicator": "[додаткова практика]",
  "studyStore_errorLoadFlashcardMetadataFailed": "Не вдалося завантажити метадані карток.",
  "studyStore_errorLoadPracticeItemsFailed": "Не вдалося завантажити навчальні матеріали.",
  "studyStore_errorLoadAudioFailed": "Не вдалося завантажити аудіо.",
  "studyStore_errorGettingAudio": "Помилка отримання аудіо: ",
  "savedItemsStore_errorTooManyItems": "У Вас забагато елементів",
  "savedItemsStore_errorSavingItem": "Помилка під час збереження.",
  "savedItemsStore_errorUpdatingItemsFailed": "Не вдалося оновити елементи.",
  "savedItemsStore_errorFailedToRemoveItem": "Не вдалося видалити елемент.",
  "savedItemsStore_devError_itemNotFoundForSetStudied": "Збережений елемент не існує: ",
  "mediaStore_errorFailedToGetPlaylistInfo": "Не вдалося отримати інформацію про список відтворення.",
  "mediaStore_errorFailedToGetDocumentInfo": "Не вдалося отримати інформацію про документ.",
  "mediaStore_errorDocNotFoundInPlaylist": "Документ не знайдено у списку відтворення.",
  "userDataStore_errorFailedToSaveUserData": "Не вдалося оновити збережені налаштування.",
  "userDataStore_errorUpdatingSavedItemKeys": "Не вдалося отримати ключі збережених елементів.",
  "chatStore_errorNannyRefusedMessage": "Сервіс чату не зміг обробити Ваше повідомлення. Будь ласка, спробуйте сформулювати його інакше.",
  "chatStore_errorQuotaExceededPro": "Ліміт чату вичерпано, спробуйте знову завтра.",
  "chatStore_errorAsrFailed": "Не вдалося обробити Ваше повідомлення, спробуйте ще раз.",
  "chatStore_errorGettingChatMessages": "Помилка під час отримання повідомлень чату.",
  "chatStore_errorQuotaExceededMachine": "Перевищено ліміт чату. Будь ласка, перевірте Вашу підписку або спробуйте пізніше.",
  "chatStore_errorQueueFull": "Перепрошуємо, сервери зараз працюють на максимальній потужності, ми працюємо над вирішенням.",
  "chatStore_infoProUsersPriorityAccess": "Користувачі Pro отримують пріоритетний доступ.",
  "chatStore_errorLoadingConversationLangMismatch": "Помилка завантаження розмови: невідповідність налаштувань мови.",
  "chatStore_placeholderEnterWordsHere": "[введіть слова тут]",
  "notifications_prefixNetworkError": "Помилка мережі, перевірте підключення до Wi-Fi. ",
  "notifications_prefixNotFound": "Помилка: Не знайдено. ",
  "notifications_prefixBadRequest": "Помилка програми, спробуйте пізніше. ",
  "notifications_prefixTokenError": "Помилка входу, будь ласка, увійдіть знову. ",
  "notifications_prefixServerError": "Помилка сервера, спробуйте пізніше. ",
  "notifications_prefixNotProUser": "Функції Pro більше недоступні. ",
  "notifications_prefixRateLimitExceeded": "Перевищено ліміт запитів. Спробуйте пізніше. ",
  "mediaDocPodcast_errorTimeoutDownloadingAudio": "Час очікування завантаження аудіо за URL-адресою вичерпано.",
  "media_errorLoadingMediaTranslations": "Помилка завантаження перекладів медіаконтенту.",
  "media_errorAsrQuotaExceeded": "Ви перевищили денний ліміт обробки аудіо. Спробуйте знову завтра.",
  "media_errorAsrQueueFull": "Сервер обробки аудіо зайнятий. Будь ласка, спробуйте пізніше.",
  "media_errorLoadingAsr": "Помилка завантаження розпізнавання мовлення",
  "media_errorAsrTooLong": "Розпізнавання мовлення триває занадто довго. Будь ласка, спробуйте пізніше.",
  "media_errorLoadingNlpData": "Помилка завантаження даних NLP.",
  "mediaDocText_errorFetchingPageTranslations": "Помилка під час отримання перекладів сторінки.",
  "mediaDocText_errorFetchingTextInfo": "Помилка під час отримання інформації про текст.",
  "mediaDocText_errorFetchingPageNlp": "Помилка під час отримання даних NLP.",
  "mediaDocText_errorFetchingPageTts": "Помилка під час отримання озвучення сторінки",
  "media_errorLoadingMediaMetadata": "Помилка завантаження метаданих медіафайлу.",
  "media_errorFetchingSubtitlesForVideo": "Помилка під час завантаження субтитрів до відео",
  "media_errorAsrNotAvailableForVideo": "Автоматичне розпізнавання мовлення недоступне для цього відео.",
  "media_errorFetchingVideoTranslations": "Помилка під час отримання перекладів відео."
}