{
  "langCode": "vi",
  "appNameTr": "Language Reactor",
  "appName": "Language Reactor",
  "appDesc": "Học ngôn ngữ hiệu quả bằng cách xem phim và series trong ngôn ngữ bạn đang học.",
  "catalogue": "Danh mục",
  "catalogue_tooltip": "Tìm phim và series phù hợp để sử dụng với Language Reactor.",
  "help": "Giúp đỡ",
  "help_tooltip": "Hướng dẫn sử dụng và mẹo.",
  "feedback": "Gửi phản hồi",
  "feedback_tooltip": "Báo cáo sự cố hoặc đề xuất tính năng",
  "facebook": "Facebook",
  "facebook_tooltip": "Theo dõi chúng tôi để nhận thông tin cập nhật",
  "originalLanguage_label": "Ngôn ngữ gốc:",
  "originalLanguage_tooltip": "Ngôn ngữ gốc của bộ phim Netflix này.",
  "noDictionary_error": "Hỗ trợ từ điển cho <text> sẽ sớm có mặt.",
  "subtitleLanguage_label": "Ngôn ngữ phụ đề Netflix",
  "subtitleLanguage_tooltip": "Hiện tại ngôn ngữ phụ đề Netflix được chọn",
  "subtitlesNotLoaded_error": "Chưa có phụ đề nào được tải. Vui lòng chọn ngôn ngữ phụ đề trong cài đặt phát lại Netflix.",
  "subtitlesNoMatchAudio_error": "Các phụ đề Netflix đã chọn (<text>) không khớp với âm thanh. Hãy chuyển sang phụ đề ngôn ngữ gốc của tiêu đề (<text>) trong các điều khiển phát lại của Netflix, hoặc tìm một tiêu đề gợi ý cho ngôn ngữ bạn đang học trong danh mục của Language Reactor.",
  "subtitlesNoMatchAudio_ASR_error_GT": "Các phụ đề <text> không khớp với âm thanh. Chuyển sang phụ đề ngôn ngữ gốc (<text>) trong các điều khiển phát lại của Netflix, hoặc tìm một tiêu đề gợi ý cho ngôn ngữ mục tiêu của bạn trong danh mục Language Reactor. Ngoài ra, bạn có thể sử dụng đường dẫn nhận diện giọng nói (ASR).",
  "audioNoMatchSubtitles_error": "Pista âm thanh Netflix bạn chọn (<text>) có thể không khớp với phụ đề. Hãy chuyển sang âm thanh ngôn ngữ gốc của tiêu đề (<text>) trong các điều khiển phát lại của Netflix, hoặc tìm một tiêu đề gợi ý cho ngôn ngữ bạn đang học trong danh mục Language Reactor.",
  "audioLanguage_label": "Ngôn ngữ âm thanh Netflix",
  "audioLanguage_tooltip": "Hiện tại ngôn ngữ của đường âm thanh Netflix đã chọn",
  "pleaseSelectSubtitles": "- Chọn phụ đề trong điều khiển Netflix -",
  "pleaseSelectSubtitlesYoutube": "- Chọn phụ đề trong điều khiển Youtube -",
  "loadingSubtitles": "- Đang tải phụ đề, vui lòng chờ... -",
  "loadingTranslations": "Đang tải bản dịch...",
  "firstSubtitleNotReached": "- Phụ đề đầu tiên vẫn chưa bắt đầu. -",
  "errorApology_OLD": "Language Reactor đã phát hiện có lỗi xảy ra. Các nhà phát triển đã được thông báo. Hãy thử tải lại trang, hoặc thử lại sau 24 giờ. Xin lỗi vì sự bất tiện. Vui lòng kiểm tra trang Facebook của chúng tôi để biết thông tin cập nhật. Thông báo lỗi: <text>",
  "openClose_tooltip": "Mở / đóng Language Reactor.",
  "vocabHighlight_label": "Làm nổi bật từ vựng",
  "levelWithNumber": "Cấp độ <text>: <text> từ",
  "levelDisable": "Cấp độ <text>: vô hiệu hóa",
  "translationLanguage_label": "Ngôn ngữ dịch",
  "translationLanguage_tooltip": "Ngôn ngữ để dịch - cài đặt thành ngôn ngữ mẹ đẻ của bạn",
  "showMachineTranslation_label": "Hiển thị bản dịch máy",
  "showMachineTranslation_tooltip": "Hiển thị bản dịch tự động của phụ đề gốc trong ngôn ngữ của bạn.",
  "showHumanTranslation_label": "Hiển thị bản dịch của con người",
  "showHumanTranslation_tooltip": "Hiển thị bản dịch chuyên nghiệp khi có sẵn.",
  "slowSpeechSegments": "Chậm lại các đoạn hội thoại",
  "slowSpeechSegments_tooltip": "Giảm tốc độ phát video xuống 0.8x khi có phụ đề để dễ hiểu hơn.",
  "keyboardShortcuts": "Phím tắt bàn phím:",
  "previous": "Trước",
  "next": "Tiếp theo",
  "previousSub": "Phụ đề trước",
  "nextSub": "Phụ đề tiếp theo",
  "play": "Phát",
  "playPause": "Phát / Tạm dừng",
  "repeat": "Lặp lại",
  "infiniteRepeat": "Lặp lại vô hạn",
  "alsoUseASD": "Các phím thay thế: A, S, D, Phím cách",
  "autoPause": "Tạm dừng tự động",
  "autoPause_tooltip": "Tự động tạm dừng phát lại ở cuối mỗi phụ đề.",
  "none": "Không có",
  "nms_tip": "Bạn đang học một ngôn ngữ? Hãy thử cài đặt mở rộng học ngôn ngữ với Netflix.",
  "welcomeModal_line1_string": "Chào mừng bạn đến với Language Reactor mới",
  "welcomeModal_line2_string": "Chúng tôi đã thực hiện một số cải tiến:",
  "welcomeModal_line3_string": "Phụ đề giờ đây có thể hiển thị trên video.",
  "welcomeModal_line4_string": "Bảng bên mới hiển thị tất cả các phụ đề.",
  "welcomeModal_line5_string": "Hỗ trợ ngôn ngữ châu Á tốt hơn.",
  "proFeatures_line1_string": "Chế độ \"Pro\" bao gồm:",
  "proFeatures_line2_string": "Dịch máy",
  "proFeatures_tt2_string": "Các bản dịch chính xác hơn, phản ánh đúng nghĩa gốc.",
  "proFeatures_line3_string": "Lưu từ và cụm từ",
  "proFeatures_tt3_string": "Theo dõi tiến trình từ vựng của bạn với việc làm nổi bật tự động. Xuất sang thẻ Anki.",
  "proFeatures_line4_string": "Phụ đề cho nội dung lồng ghép",
  "proFeatures_tt4_string_GT": "Nhiều series trên Netflix có các bản âm thanh bổ sung bằng các ngôn ngữ khác (âm thanh lồng ghép), nhưng Netflix không có phụ đề chính xác cho các bản âm thanh này. Language Reactor có thể tạo phụ đề từ âm thanh, vì vậy bạn có thể học, ví dụ, tiếng Đức với Breaking Bad.",
  "proFeatures_line5_string": "Hỗ trợ các nhà phát triển",
  "proFeatures_tt5_string": "Chúng tôi đang làm việc chăm chỉ để cải thiện tiện ích mở rộng và mang đến cho bạn những tính năng mới.",
  "price_string": "Giá mỗi tháng là:",
  "welcomeModal_line6_string": "Dịch máy trước đây là miễn phí, nhưng đây là một dịch vụ tốn kém để cung cấp. Chúng tôi hy vọng bạn hiểu.",
  "useForFree_line_string": "Bạn có thể sử dụng những tính năng này miễn phí trong một tuần.",
  "useForFree_twoWeeks_line_string": "Bạn có thể sử dụng các tính năng này miễn phí trong hai tuần.",
  "useProForFreeTwoWeeks_string": "Bạn có thể sử dụng các tính năng Pro miễn phí trong hai tuần.",
  "notNow_btn_string": "Không bây giờ",
  "continueWithGoogle_btn_string": "Tiếp tục với Google",
  "trialBegunModal_body_string": "Các tính năng \"Pro\" đã được kích hoạt.",
  "ok_btn_string": "Đồng ý",
  "prePaymentModal_line1_string": "Đăng ký để tiếp tục sử dụng các tính năng \"Pro\".",
  "choosePaymentProvider_line_string": "Chọn phương thức thanh toán:",
  "payWithGoogle_btn_string": "Chấp nhận thẻ tín dụng.",
  "payWithPaddle_btn_string": "Thanh toán bằng thẻ tín dụng hoặc PayPal.",
  "christmasSale_GT": "Giảm 20% đến hết ngày 1 tháng 1",
  "youPayEveryMonth_GT": "Thanh toán hàng tháng:",
  "or_GT": "hoặc",
  "youPayEvery3Months_GT": "Thanh toán hàng quý:",
  "youPayEveryYear_GT": "Thanh toán hàng năm:",
  "oneMonth_GT": "1 tháng",
  "threeMonths_GT": "3 tháng",
  "oneYear_GT": "1 năm",
  "subscriptionLabel_GT": "Gói đăng ký. Bạn có thể hủy sau khi thanh toán nếu không muốn gia hạn tự động.",
  "choose_GT": "Chọn",
  "paymentSuccessful_line1_string": "Thanh toán hoàn tất. Cảm ơn bạn đã ủng hộ.",
  "paymentSuccessful_line2_string": "Bạn có thể hủy đăng ký của mình bất cứ lúc nào trong cài đặt.",
  "paymentSuccessfulPaddleMessage_line_string": "Lưu ý: Nếu thanh toán của bạn cần được kiểm tra thủ công, vui lòng chờ vài giờ. Chế độ 'Pro' sẽ tự động kích hoạt.",
  "cancelGoogle_line_string": "Lưu ý: chế độ ‘Pro’ sẽ vẫn hoạt động trong 30 ngày sau lần thanh toán cuối cùng của bạn.",
  "cancelSubscription_btn_string": "Hủy đăng ký",
  "problemWithPayment_line1_string": "Đã phát hiện vấn đề với thanh toán của bạn.",
  "problemWithPayment_line2_string": "Tải lại sau khi cập nhật thông tin thanh toán.",
  "updatePayment_btn_string": "Cập nhật thông tin thanh toán",
  "alreadyUserPleaseSignIn": "Bạn đã có tài khoản? Đăng nhập",
  "pleaseSignIn": "Đăng nhập để tiếp tục",
  "pleaseSignInOrRegister": "Đăng nhập hoặc tạo tài khoản để sử dụng các tính năng bổ sung.",
  "noCreditCardInfoNoChargeAfterTrial": "Không cần thông tin thẻ tín dụng. Chúng tôi sẽ không tính phí bạn sau thời gian dùng thử trừ khi bạn chọn đăng ký.",
  "signIn": "Đăng nhập",
  "signOut": "Đăng xuất",
  "options": "Cài đặt",
  "mode": "Chế độ:",
  "manageSubscription": "Quản lý đăng ký",
  "mode_free": "Miễn phí",
  "mode_basic": "Chế độ cơ bản",
  "mode_pro": "Chuyên nghiệp",
  "signInStatus": "Trạng thái đăng nhập:",
  "signedIn": "Đã đăng nhập",
  "notSignedIn": "Chưa đăng nhập",
  "fix": "Sửa",
  "featureComingSoon": "Chức năng sẽ có sớm thôi.",
  "showTransliterations": "Hiển thị phiên âm",
  "noTransliterations": "Không có phiên âm",
  "romaji": "Gốc + Romaji",
  "hiragana": "Gốc + Hiragana",
  "romajiOnly": "Chỉ Romaji",
  "hiraganaOnly": "Chỉ Hiragana",
  "withOriginalForm": "Với hình thức gốc",
  "transliterationsOnly": "Chỉ transliteration",
  "hideTransliterationsForKnownWords_GT": "Ẩn các phiên âm cho những từ đã biết",
  "playbackSpeed": "Tốc độ phát lại",
  "normal": "Bình thường",
  "notAvailable": "Không có sẵn.",
  "noHTAvailable": "Không có bản dịch của con người cho ngôn ngữ đã chọn.",
  "noMTAvailable": "Dịch máy chỉ hoạt động với phụ đề gốc của bộ phim.",
  "proFeature": "Tính năng Pro",
  "saveCurrentSubtitle": "Lưu phụ đề hiện tại",
  "toggleAutoPause": "Bật/tắt tự động tạm dừng",
  "exportToAnki": "Xuất sang Anki",
  "pleaseSelectItemsToExport": "Chọn các mục để xuất:",
  "allItems": "Tất cả các mục",
  "download": "Tải xuống",
  "subtitles": "Phụ đề",
  "words": "Từ",
  "savedItems_short": "Đã lưu",
  "savedItems": "Mục đã lưu",
  "saved": "Đã lưu",
  "allLanguages": "Tất cả các ngôn ngữ",
  "allTypes": "Tất cả các loại",
  "yellowWords": "Từ màu vàng",
  "blueWords": "Từ màu xanh",
  "greenWords": "Từ màu xanh",
  "purpleWords": "Từ màu tím",
  "redWords": "Từ màu đỏ",
  "phrases": "Câu nói",
  "noSavedItems": "Không có mục nào được lưu.",
  "clickAStar": "Nhấn vào biểu tượng ngôi sao để lưu phụ đề, nhấn vào các nút màu trong từ điển để lưu từ.",
  "loadingDotDotDot": "Đang tải...",
  "showMore": "Xem thêm",
  "openCloseBottomPanel": "Mở/đóng bảng điều khiển dưới",
  "openCloseVerticalView": "Mở / đóng chế độ xem dọc",
  "close": "Đóng",
  "autoPaused": "TỰ ĐỘNG TẠM DỪNG",
  "pressSpaceToContinue": "(Nhấn phím SPACE để tiếp tục)",
  "saveWordTooltip": "Lưu từ (cũng có thể thực hiện bằng cách nhấp chuột phải)",
  "subscriptionToProFeatures": "Đăng ký tính năng \"Pro\".",
  "tryForFree": "Thử miễn phí",
  "noCreditCardRequired": "Không cần thẻ tín dụng.",
  "noCharge": "Chúng tôi sẽ không tự động tính phí hoặc đăng ký bạn sau thời gian dùng thử.",
  "subscriptionActive": "Gói của bạn đang hoạt động.",
  "speedUpPlayback": "Tăng tốc độ phát",
  "slowDownPlayback": "Giảm tốc độ phát",
  "highlightSavedWords_label": "Nổi bật từ đã lưu",
  "onRightClick_label": "Nhấp chuột phải",
  "onLongPress_label_GT": "Hành động nhấn giữ",
  "suggestedToKnownWordsRatio_label_GT": "Tỷ lệ giữa từ được gợi ý và từ đã biết",
  "showVV_label": "Hiển thị danh sách phụ đề",
  "showSubsBelowVideo_label": "Hiển thị phụ đề dưới video",
  "otherPossibleTranslations": "Các bản dịch khác",
  "doNothing_option": "Không làm gì",
  "showDict_option": "Hiển thị từ điển",
  "showDictSpeak_option": "Hiển thị từ điển và phát âm từ",
  "speakWord_option": "Phát âm từ",
  "saveWord_option": "Lưu từ",
  "removeAllItems": "Xóa tất cả các mục",
  "areYouSure": "Bạn có chắc không?",
  "hideTranslation": "Ẩn bản dịch",
  "hideTranslation_tt": "Ẩn bản dịch trong khi phát video. Nhấp vào văn bản hoặc nhấn [e] để hiển thị bản dịch.",
  "littlePracticeEveryDay": "Thực hành thường xuyên là chìa khóa để học ngôn ngữ.",
  "enableLln": "Bật Language Reactor",
  "doYouLikeOurExtension": "Bạn thấy Language Reactor như thế nào?",
  "reportBug": "Báo cáo sự cố",
  "translationNotFound": "Không tìm thấy bản dịch.",
  "usageExamples": "Ví dụ",
  "userDefinedExternalDict_label": "URL từ điển tùy chỉnh",
  "turnOnOff": "Bật/Tắt",
  "fontSize_label": "Kích thước phông chữ",
  "extraSmall": "Siêu nhỏ",
  "small": "Nhỏ",
  "large": "Lớn",
  "extraLarge": "Rất lớn",
  "removeSubtitle": "Xóa",
  "settings": "Cài đặt",
  "subtitleLanguage_label_yt": "Ngôn ngữ phụ đề YouTube",
  "subtitleLanguage_tooltip_yt": "Ngôn ngữ của phụ đề YouTube đã chọn.",
  "subtitlesNotLoaded_error_yt": "Chưa có phụ đề nào được tải. Kiểm tra xem có chọn phụ đề trong menu phát YouTube không.",
  "exportAsJson": "Xuất ra định dạng JSON",
  "exportAsCsv": "Xuất ra định dạng CSV",
  "exportAsExcel": "Xuất ra Excel",
  "overrideArrowKeys_label": "Sử dụng phím mũi tên để điều hướng phụ đề",
  "overrideArrowKeys_tt": "Các phím mũi tên sẽ hoạt động giống như các phím A, S, D",
  "changelist": "Các thay đổi gần đây",
  "print": "In",
  "export": "Xuất",
  "appDescYoutube": "Học ngôn ngữ một cách tự nhiên bằng cách xem video trong ngôn ngữ bạn muốn học.",
  "externalDictsMessage": "Truy cập từ điển bên ngoài bạn đã sử dụng gần đây bằng cách giữ phím Shift trong khi nhấp vào một từ.",
  "userDefinedExternalDict_tooltip": "Thêm các URL từ điển tùy chỉnh sẽ xuất hiện trong từ điển cùng với các nút từ điển bên ngoài khác (được đánh dấu là U1, U2...). Bao gồm \"WORD\" bằng chữ hoa - nó sẽ được thay thế bằng từ bạn tìm kiếm. Thêm mỗi URL trên một dòng mới.",
  "pleaseLeaveReviewMessage": "Bạn có thích Language Reactor không? Xin hãy giúp chúng tôi bằng cách để lại một đánh giá trên Chrome Web Store.",
  "writeReview": "Viết đánh giá",
  "saveSubtitle": "Lưu",
  "translate": "Dịch",
  "selectLang": "Chọn ngôn ngữ",
  "searchVidsWithSubs": "Tìm video có phụ đề (CC)",
  "searchSettings": "Cài đặt tìm kiếm",
  "sourceLang": "Ngôn ngữ nguồn:",
  "chatWithOtherUsers": "Trò chuyện với những người dùng khác của Language Reactor",
  "forum": "Diễn đàn",
  "tip": "Mẹo:",
  "considerChangingYoutubeLanguage": "Thay đổi cài đặt ngôn ngữ YouTube của bạn để có kết quả tìm kiếm tốt hơn.",
  "seeHow": "Học cách",
  "helloPleaseSelectYourNativeLanguage": "Xin chào. Vui lòng chọn ngôn ngữ mẹ đẻ của bạn:",
  "yourNativeLanguage_GT": "Ngôn ngữ mẹ đẻ của bạn:",
  "autoHideYoutubePlaybackBarRecommended": "Tự động ẩn thanh phát YouTube (được khuyến nghị)",
  "dontChangeTheInterface": "Giữ nguyên giao diện",
  "hidePlaybackBar": "Ẩn thanh phát lại",
  "font": "Phông chữ",
  "defaultRecommended": "Mặc định (được khuyến nghị)",
  "subtitlesHidden": "Phụ đề (ẩn)",
  "noSubsForThisVideo": "Không có phụ đề cho video này.",
  "forceOriginalTracks": "Buộc các bản gốc",
  "forceOriginalTracks_desc": "Nếu được kích hoạt, tùy chọn này sẽ chuyển video sang âm thanh và phụ đề bằng ngôn ngữ gốc khi tiện ích mở rộng được bật.",
  "hideSubtitles": "Ẩn phụ đề",
  "disabled": "Vô hiệu hóa",
  "hideTranslations": "Ẩn bản dịch",
  "hideBoth": "Ẩn cả hai",
  "showSubtitleControls": "Hiển thị điều khiển phụ đề",
  "moveToggleControls": "Di chuyển / chuyển đổi các điều khiển",
  "netflixTestsMessage": "Để đảm bảo Language Reactor hoạt động chính xác, hãy tắt tham gia thử nghiệm Netflix:",
  "disableTesting": "Tắt kiểm tra",
  "nextBillingDate": "Ngày thanh toán tiếp theo",
  "youCanUseProForXXDays": "Bạn có thể tiếp tục sử dụng các tính năng Pro trong <text> ngày nữa.",
  "youCanUseFreeForXXDays": "Bạn có thể sử dụng các tính năng miễn phí trong <text> ngày.",
  "subtitlesCouldNotBeLoaded": "Không thể tải phụ đề.",
  "adIsPlaying": "Quảng cáo đang phát.",
  "yourSubscriptionHasExpired": "Gói đăng ký của bạn đã hết hạn.",
  "youHaveCanceledYourSubscription": "Bạn đã hủy đăng ký của mình.",
  "nowYouCanStudyWithYoutubeToo": "Bây giờ bạn cũng có thể học ngôn ngữ với video YouTube.",
  "machineTranslations": "Dịch máy",
  "humanTranslations": "Dịch thuật của con người",
  "belowAreWordsFromTheCurrentVideo_GT": "Từ trong video này, được sắp xếp theo tần suất",
  "rightClickWordToSaveIt_GT": "Nhấp chuột phải để đánh dấu một từ",
  "leftClickToOpenDict": "Nhấp chuột trái để mở từ điển và ví dụ.",
  "selectVocabLevelToMarkPurple": "Đặt mức độ từ vựng của bạn trong cài đặt để đánh dấu những từ ít phổ biến bằng màu tím.",
  "aboveCurrentLevel": "Trên mức hiện tại",
  "unsavedWords": "Từ chưa được lưu",
  "levelX": "Cấp độ <text>",
  "tips": "Mẹo",
  "emptyTemplate": "",
  "thisExportHasMultipleParts": "Xuất này chứa nhiều phần.",
  "downloadPartXX": "Tải phần <text>",
  "thisItemWasSavedInAnotherVideo": "Đã lưu từ video khác.",
  "cancel": "Hủy bỏ",
  "openVideo": "Mở video",
  "format": "Định dạng",
  "printHtml": "In (HTML)",
  "mustReadHowToImportToAnki": "Đọc kỹ: Cách nhập vào Anki.",
  "infoAboutCsvExport": "Thông tin về xuất khẩu CSV",
  "jsonDataSchema": "Sơ đồ dữ liệu JSON",
  "language": "Ngôn ngữ",
  "itemType": "Loại mục",
  "includeTimestamps": "Bao gồm dấu thời gian",
  "youCanChangeTranslitsOptionsInSettings": "Bạn có thể điều chỉnh các tùy chọn chuyển tự trong cài đặt.",
  "preferredTranslations": "Dịch thuật ưu tiên",
  "onlyNewItemsSinceLastExport": "Chỉ các mục mới kể từ lần xuất khẩu cuối cùng",
  "includeMedia": "Bao gồm phương tiện",
  "langName_is": "Icelandic",
  "langName_ga": "Tiếng Ireland",
  "langName_az": "Azerbaijan",
  "langName_af": "Afrikaans",
  "langName_am": "Amharic",
  "langName_ar": "Tiếng Ả Rập",
  "langName_sq": "Albania",
  "langName_hy": "Armenia",
  "langName_it": "Tiếng Ý",
  "langName_yi": "Yiddish",
  "langName_ig": "Igbo",
  "langName_id": "Tiếng Indonesia",
  "langName_ug": "Uyghur",
  "langName_cy": "Xứ Wales",
  "langName_uk": "Ukrainian",
  "langName_uz": "Uzbek",
  "langName_ur": "Urdu",
  "langName_et": "Estonia",
  "langName_eo": "Esperanto",
  "langName_or": "Odia",
  "langName_nl": "Hà Lan",
  "langName_kk": "Kazakh",
  "langName_ca": "Catalan",
  "langName_gl": "Galicia",
  "langName_kn": "Kannada",
  "langName_rw": "Kinyarwanda",
  "langName_el": "Hy Lạp",
  "langName_ky": "Kyrgyz",
  "langName_gu": "Gujarati",
  "langName_km": "Khmer",
  "langName_ku": "Người Kurd",
  "langName_hr": "Tiếng Croatia",
  "langName_xh": "Xhosa",
  "langName_co": "Corsica",
  "langName_sm": "Samoa",
  "langName_jv": "Ngôn ngữ Java",
  "langName_ka": "Tiếng Gruzia",
  "langName_sn": "Shona",
  "langName_sd": "Sindhi",
  "langName_si": "Sinhala",
  "langName_sv": "Thụy Điển",
  "langName_zu": "Zulu",
  "langName_gd": "Gael Scotland",
  "langName_es": "Tiếng Tây Ban Nha",
  "langName_sk": "Slovak",
  "langName_sl": "Slovenian",
  "langName_sw": "Swahili",
  "langName_su": "Ngôn ngữ Sunda",
  "langName_ceb": "Cebuano",
  "langName_sr": "Serbia",
  "langName_so": "Somali",
  "langName_th": "Thái",
  "langName_tg": "Tajik",
  "langName_tt": "Tatar",
  "langName_ta": "Tamil",
  "langName_cs": "Tiếng Séc",
  "langName_te": "Telugu",
  "langName_da": "Đan Mạch",
  "langName_de": "Tiếng Đức",
  "langName_tk": "Turkmen",
  "langName_tr": "Thổ Nhĩ Kỳ",
  "langName_ny": "Nyanja",
  "langName_ne": "Nepali",
  "langName_no": "Na Uy",
  "langName_ht": "Tiếng Creole Haiti",
  "langName_ha": "Hausa",
  "langName_ps": "Pashto",
  "langName_eu": "Bask",
  "langName_haw": "Hawaiian",
  "langName_hu": "Hungary",
  "langName_pa": "Punjabi",
  "langName_hi": "Hindi",
  "langName_tl": "Người Philippines",
  "langName_fi": "Tiếng Phần Lan",
  "langName_hmn": "Hmong",
  "langName_fr": "tiếng Pháp",
  "langName_bg": "Bulgaria",
  "langName_vi": "Tiếng Việt",
  "langName_iw": "Tiếng Hebrew",
  "langName_be": "Tiếng Belarus",
  "langName_fa": "Ba Tư",
  "langName_bn": "Bengali",
  "langName_pl": "Tiếng Ba Lan",
  "langName_bs": "Bosnia",
  "langName_pt": "Bồ Đào Nha",
  "langName_mi": "Maori",
  "langName_mk": "Macedonia",
  "langName_mg": "Malgache",
  "langName_mr": "Marathi",
  "langName_ml": "Malayalam",
  "langName_mt": "Maltese",
  "langName_ms": "Ngôn ngữ Mã Lai",
  "langName_my": "Burmese",
  "langName_mn": "Mông Cổ",
  "langName_yo": "Yoruba",
  "langName_lo": "Lào",
  "langName_la": "Latinh",
  "langName_lv": "Latvia",
  "langName_lt": "Litva",
  "langName_ro": "Tiếng Rumani",
  "langName_lb": "Tiếng Luxembourg",
  "langName_ru": "Tiếng Nga",
  "langName_en": "Tiếng Anh",
  "langName_ko": "Tiếng Hàn",
  "langName_fy": "Frisón Tây",
  "langName_zh-CN": "Tiếng Trung (Giản thể)",
  "langName_zh-TW": "Tiếng Trung (Phồn thể)",
  "langName_st": "Sotho miền Nam",
  "langName_ja": "Nhật Bản",
  "netflixCatalogue": "Danh sách Netflix",
  "notAllTitlesAllCountries": "Vì không phải tất cả các tiêu đề đều có sẵn ở tất cả các quốc gia, bạn nên chọn quốc gia mà Netflix phát hiện bạn đang ở.",
  "catalogueByOriginalLanguage": "Danh mục liệt kê các tiêu đề theo ngôn ngữ gốc của chúng. Nó cho phép bạn tìm các bộ phim Pháp để học tiếng Pháp và các bộ phim Đức để học tiếng Đức, v.v.",
  "goodSubtitlesForOriginal": "Netflix có phụ đề tốt cho ngôn ngữ gốc của một tiêu đề, phù hợp với bản âm thanh.",
  "oftenDontMatch": "Phụ đề thường không khớp với âm thanh trong các phiên bản lồng ghép.",
  "yourCountry": "Quốc gia của bạn",
  "allCountries": "Tất cả các quốc gia",
  "numberFound_colon": "Đã tìm thấy:",
  "genre_colon": "Thể loại:",
  "released_colon": "Ngày phát hành:",
  "runtime_colon": "Thời gian chạy:",
  "drama": "Kịch",
  "action": "Hành động",
  "crime": "Tội phạm",
  "thriller": "Kinh dị",
  "adventure": "Cuộc phiêu lưu",
  "scifi": "Khoa học viễn tưởng",
  "romance": "Lãng mạn",
  "fantasy": "Huyền bí",
  "mystery": "Huyền bí",
  "war": "Chiến tranh",
  "biography": "Tiểu sử",
  "history": "Lịch sử",
  "clearHistory_GT": "Xóa lịch sử",
  "comedy": "Hài kịch",
  "horror": "Kinh dị",
  "sport": "Thể thao",
  "music": "Âm nhạc",
  "animation": "Hoạt hình",
  "musical": "Nhạc kịch",
  "noMoviesFoundForThisSearch": "Không tìm thấy tiêu đề nào phù hợp.",
  "youtubeCatalogue": "Danh sách YouTube",
  "installExtensionForEnhancedFeatures": "Mẹo: Cài đặt tiện ích mở rộng để có thêm tính năng khi bạn xem Netflix và YouTube.",
  "weCreatedYTCatalogue": "Chúng tôi đã tạo ra danh mục này để giúp bạn tìm những kênh tốt cho việc học ngôn ngữ.",
  "errorLoadingData": "Không thể tải dữ liệu.",
  "search": "Tìm kiếm",
  "subscribers_colon": "Người đăng ký:",
  "withSubtitles_colon": "Có phụ đề:",
  "score_colon": "Điểm số:",
  "installExtensionForBetterExperience": "Cài đặt tiện ích mở rộng trình duyệt của chúng tôi để có trải nghiệm tốt hơn.",
  "translationSameAsSource_text_text": "Ngôn ngữ dịch của bạn (<text>) giống với ngôn ngữ nguồn (<text>). Hãy thử thay đổi nó trong cài đặt.",
  "translationNotSupported_text_text": "Hiện tại, không có bản dịch từ <text> sang <text>.",
  "selectDifferentTranslationLanguage": "Chọn một ngôn ngữ dịch khác.",
  "nextVideo": "Video tiếp theo",
  "prevVideo": "Video trước",
  "smallVideo": "Video nhỏ",
  "bigVideo": "Video lớn",
  "showTranslation": "Hiển thị bản dịch (nếu có)",
  "watchingVideos": "Xem video",
  "afterInstallingAdditionalFeatures": "Tiện ích mở rộng trình duyệt của chúng tôi thêm các công cụ học ngôn ngữ vào các trang web Netflix và YouTube.",
  "whatToWatch": "Bạn nên xem gì?",
  "weCreatedNetflixAndYoutubeCatalogue": "Để giúp bạn tìm video, chúng tôi đã tạo một danh mục cho Netflix và YouTube. Bạn có thể mở danh mục này trong menu bên trái của trang.",
  "alreadyOpenPleaseReload": "Nếu bạn đã mở Netflix hoặc YouTube, hãy làm mới cửa sổ.",
  "clickToOpenSettings": "Nhấn vào đây để mở cài đặt.",
  "clickEnableExtraFeatures": "Bấm vào đây để kích hoạt hoặc hủy kích hoạt các tính năng bổ sung.",
  "formerlyCalled": "(trước đây gọi là \"Language Learning with Netflix\")",
  "startInstallExtension": "Cài đặt tiện ích mở rộng trình duyệt của chúng tôi để bắt đầu.",
  "saveAndReview": "Lưu và Ôn tập",
  "reviewWordsAndPhrases": "Bạn có thể ôn tập các từ và cụm từ đã lưu, và học từ vựng mới.",
  "underActiveDevelopment": "Dự án này đang trong quá trình phát triển tích cực. Để đề xuất một tính năng hoặc báo cáo một vấn đề, vui lòng truy cập diễn đàn của chúng tôi.",
  "writeToUs": "Vui lòng viết cho chúng tôi nếu bạn có câu hỏi khác.",
  "setupComplete": "Cài đặt hoàn tất",
  "clickWordDictionary": "Nhấp vào một từ để xem định nghĩa. Nhấp chuột phải để lưu lại.",
  "autopauseEverySubtitle": "Tạm dừng tự động sau mỗi phụ đề.",
  "machineAndHumanTranslations": "Trong cài đặt, bạn có thể chọn giữa hai loại dịch: dịch máy và dịch người. Dịch máy thường rất nghĩa đen và giúp bạn hiểu cấu trúc câu trong ngôn ngữ bạn đang học, nhưng đôi khi có thể chứa lỗi. Dịch người thường hữu ích hơn, vì nó dịch chính xác các thành ngữ và biểu đạt.",
  "keyboardKeys": "Bạn có thể sử dụng các phím trên bàn phím để điều khiển phát lại:",
  "aKey": "Phụ đề trước",
  "sKey": "Phát lại phụ đề",
  "dKey": "Phụ đề tiếp",
  "spaceKey": "Phát/Tạm dừng",
  "settingsForMoreShortcuts": "Tìm thêm phím tắt trong cài đặt.",
  "weCreatedNetflixCatalogue": "Chúng tôi đã tạo ra một danh mục đặc biệt để giúp bạn tìm các tiêu đề Netflix có phụ đề chất lượng cao trong ngôn ngữ mà bạn đang học.",
  "youtubeHasAnyTopic": "YouTube có nội dung về bất kỳ chủ đề nào, bằng tất cả các ngôn ngữ chính, mặc dù nó có thể mặc định lọc nội dung nước ngoài.",
  "pageNotFound": "Không tìm thấy trang.",
  "videosNoLongerAvailable": "Một số video trong danh sách có thể không còn khả dụng ở quốc gia của bạn.",
  "votes_text": "<text> phiếu bầu",
  "countries_text": "<text> quốc gia",
  "watch": "Xem",
  "tryAgain": "Thử lại",
  "videoUnavailablePleaseContinue": "Video này không khả dụng. Tiếp tục với video tiếp theo.",
  "nextPage": "Trang tiếp theo",
  "prevPage": "Trang trước",
  "videos": "Video",
  "selectPlaylist": "Vui lòng chọn một danh sách phát.",
  "flashcardTooltipProposal": "Số lượng mục mới vào chu trình học trong phiên này",
  "flashcardTooltipExposure": "Số lượng mục để ôn tập trong phiên này",
  "flashcardTooltipTest": "Số lượng mục cho Quiz trong phiên này",
  "flashcardExposureTooltip": "Thẻ hiển thị ví dụ cho các câu sử dụng từ đã lưu để giúp bạn hiểu các cách sử dụng khác nhau của chúng.",
  "flashcardExposure": "Sự tiếp xúc",
  "flashcardTestTooltip": "Thẻ kiểm tra đánh giá kiến thức của bạn về từ vựng và câu.",
  "flashcardTest": "Bài kiểm tra",
  "lastPracticed_text": "Lần cuối thực hành: <text>",
  "itemsDueForPractice_text": "<text> mục cần ôn tập.",
  "startPractice": "Bắt đầu luyện tập",
  "betterWaitTillTomorrow": "Tốt hơn là bạn nên chờ đến ngày mai cho buổi thực hành tiếp theo.",
  "practiceMore": "Tiếp tục luyện tập",
  "savedWordsAppearHere": "Gợi ý: Khi bạn lưu từ và cụm từ, chúng sẽ xuất hiện ở đây khi bạn cần ôn tập.",
  "showAnswer": "Hiển thị câu trả lời",
  "fail": "Sai",
  "hard": "Khó",
  "easy": "Dễ",
  "success": "Đúng",
  "ok": "Đã hiểu",
  "extraButtonsSearchBar": "Chúng tôi đã thêm những nút này bên cạnh thanh tìm kiếm trên YouTube:",
  "leftTranslateRightSearch": "Nút bên trái dịch văn bản trong ô tìm kiếm, để bạn có thể dễ dàng tìm thấy video trong ngôn ngữ bạn đang học. Nút bên phải tìm kiếm video có phụ đề.",
  "youtubeInterfaceLanguageMoreVideos": "Bạn có thể thay đổi ngôn ngữ giao diện YouTube của mình sang ngôn ngữ bạn đang học. YouTube sẽ hiển thị nhiều video hơn bằng ngôn ngữ đó.",
  "howToChangeYoutubeInterfaceLanguage": "Cách thay đổi ngôn ngữ giao diện YouTube",
  "clickButtonTopRight": "Nhấn nút ở góc trên bên phải:",
  "lookForLanguageSetting": "Tìm cài đặt \"Ngôn ngữ\":",
  "whenChangeMoreResults": "Khi bạn thay đổi ngôn ngữ, sẽ có nhiều kết quả tìm kiếm hơn trong ngôn ngữ bạn đang học.",
  "onlyDesktopCheckBack": "Language Reactor hiện chỉ có sẵn trên máy tính để bàn.",
  "open": "Mở",
  "word": "Từ",
  "phrase": "Câu nói",
  "translation": "Dịch",
  "context": "Ngữ cảnh",
  "source": "Nguồn",
  "actions": "Hành động",
  "accountInformation": "Thông tin tài khoản",
  "quickSettings": "Cài đặt nhanh",
  "fullSettings": "Cài đặt",
  "gettingStarted": "Bắt đầu",
  "exportHelp": "Hướng dẫn xuất",
  "studyTips": "Mẹo học tập",
  "howToImportWebpage": "Nhập một trang web",
  "importWithRightClick": "Bạn có thể nhập một trang web vào Language Reactor từ menu chuột phải.",
  "extensionInstalledForThisFeature": "Cần cài đặt tiện ích mở rộng trình duyệt để sử dụng tính năng này.",
  "importText": "Nhập văn bản",
  "goToReaderMode": "Chuyển sang chế độ Đọc",
  "edit": "CHỈNH SỬA",
  "read": "ĐỌC",
  "posADJ_UD": "Tính từ",
  "posADP_UD": "Giới từ.",
  "posADV_UD": "T.N.",
  "posAUX_UD": "Phụ từ",
  "posNOU_UD": "Danh từ",
  "posPRO_UD": "Đại từ",
  "posVER_UD": "Động từ",
  "posDET_UD": "Giới từ.",
  "posSYM_UD": "Biểu tượng",
  "posINT_UD": "Giới thiệu",
  "posCCO_UD": "Phối hợp. Liên từ",
  "posPUN_UD": "Dấu câu.",
  "posNUM_UD": "Số học",
  "posPAR_UD": "Hạt",
  "posSCO_UD": "Câu phụ. Liên từ.",
  "posX_UD": "Nước ngoài",
  "posCONJ": "Liên từ",
  "posPREP": "Chuẩn bị.",
  "ok2": "Đồng ý",
  "pleaseWait": "Vui lòng chờ...",
  "ohNoPleaseAddPermissionLRLogin": "Vui lòng cấp quyền cho tiện ích mở rộng trình duyệt Language Reactor hoạt động trên languagereactor.com để cho phép đăng nhập thành công.",
  "recommended$Videos$": "Được đề xuất",
  "$videos$WithSubtitles": "Có phụ đề",
  "$videosWith$MostSubscribers": "Số lượng người đăng ký nhiều nhất",
  "sortBy": "Sắp xếp theo",
  "$video$Rating": "Đánh giá",
  "yearReleased": "Năm",
  "type$OfVideo$": "Loại",
  "any$TypeOfVideo$": "Tất cả",
  "movies": "Phim",
  "series": "Chuỗi",
  "genres": "Thể loại",
  "all$Genres$": "Tất cả",
  "goToIMDB": "Xem trên IMDB",
  "availableIn": "Có sẵn tại:",
  "errorLoadingVideo": "Không thể tải video",
  "goBack": "Quay lại",
  "sorryThisPlaylistIsMissing": "Xin lỗi, danh sách phát này không tìm thấy.",
  "sorryThisVideoIsMissing": "Xin lỗi, video này không tìm thấy.",
  "videoList": "Danh sách video",
  "studyLanguage": "Học ngôn ngữ",
  "iAmLearning": "Tôi đang học",
  "playAll": "Phát tất cả",
  "bigUpdate": "Cập nhật mới",
  "readMore": "Đọc thêm",
  "iGotIt": "Tôi đã hiểu",
  "allWords": "Tất cả các từ",
  "savedWords": "Từ đã lưu",
  "savedPhrases": "Câu đã lưu",
  "setVocabLevel_short": "Cấp độ từ vựng",
  "setVocabLevel": "Cài đặt mức từ vựng",
  "changeVocabLevelConfirmation_GT": "Bạn có muốn thay đổi cấp độ từ vựng từ <text> sang <text> không?",
  "changeStudyLevel": "Thay đổi cấp độ",
  "currentStudyLevel": "Cấp độ từ vựng hiện tại",
  "change": "Thay đổi",
  "pleaseSelectYourStudyLevelToContinue": "Chọn cấp độ từ vựng của bạn để tiếp tục",
  "frequency": "Tần suất",
  "alphabetical": "Theo thứ tự bảng chữ cái",
  "LEARNING": "Đang học",
  "KNOWN": "Đã biết",
  "SKIPPED": "Đừng học",
  "SKIPPED_short": "Không học",
  "knownWords_GT": "Từ đã biết",
  "tag": "Thẻ",
  "errorLoadingList": "Không thể tải từ vựng",
  "pleaseSelectLanguageOnTop_GT": "Chọn một ngôn ngữ ở trên",
  "xSelected": "<text> đã được chọn",
  "setLearningStage": "Cài đặt giai đoạn học tập",
  "thisWillAffectXItemsAreYouSure": "Điều này sẽ thay đổi <text> mục. Bạn có muốn tiếp tục không?",
  "yes": "Có",
  "no": "Không",
  "removeItems": "Xóa mục",
  "setTag": "Đặt thẻ",
  "selectAllOrNone": "Chọn tất cả / không chọn",
  "logIn": "Đăng nhập",
  "noItemsFound": "Không tìm thấy mục nào",
  "upgrade": "Nâng cấp",
  "transliterationsJapanese": "Chuyển tự tiếng Nhật",
  "transliterationsVisibility_GT": "Hiển thị phiên âm",
  "alwaysShow_GT": "Luôn luôn",
  "hideForKnownWords_GT": "Ẩn cho những từ đã biết",
  "hideForMarkedAndKnownWords_GT": "Ẩn cho các từ đã đánh dấu và đã biết",
  "specialWords_GT": "Từ đặc biệt",
  "specialWords_info_GT": "Tên, địa điểm, số, v.v.",
  "markedWords_GT": "Từ đã đánh dấu",
  "markWord_GT": "Đánh dấu từ",
  "savedWordsMarkingTooltipDesc_GT": "Các từ đã đánh dấu giữ nguyên trạng thái khi bạn thay đổi cấp độ từ vựng. Chúng sẽ xuất hiện với một đường viền.",
  "wordStatus_desc_GT": "Trạng thái đến từ mức độ từ vựng hoặc đánh dấu cá nhân.",
  "wordColors_desc_GT": "Các cài đặt này điều khiển cách hiển thị từ trong phụ đề và văn bản. Trong chế độ xem 'Mục đã lưu', luôn sử dụng màu sắc đầy đủ cho các từ.",
  "suggestedWords_desc_GT": "Những từ hữu ích nhất để bạn học tiếp theo.",
  "showKnownWordsInGreen": "Hiển thị từ đã biết bằng màu xanh",
  "showMarkedLearningWordsInOrange_GT": "Hiển thị các từ học đã đánh dấu bằng màu cam",
  "showSuggestedWordsInOrange_GT": "Hiển thị từ gợi ý bằng màu cam",
  "showRareWordsInGrey_GT": "Ẩn từ hiếm",
  "outline_GT": "Đường viền",
  "outlineMarkedWordsInText": "Đánh dấu các từ đã được đánh dấu trong văn bản",
  "showTagsInText": "Hiển thị thẻ trong văn bản",
  "showLearningStageButtonsInMiniDictionary": "Hiển thị nút giai đoạn học khi di chuột qua",
  "switchLearningStage_GT": "Chuyển đổi giữa từ đã biết / đang học",
  "switchTags": "Chuyển đổi thẻ",
  "switchLanguage_GT": "Chuyển ngôn ngữ",
  "dictionary": "Từ điển",
  "speakWordOnClick": "Nói từ khi nhấn vào",
  "basicSettings": "Cài đặt cơ bản",
  "machineTranslationsAvailable": "Dịch tự động có sẵn",
  "belowAreWordsOfIncreasingDifficultyDesc": "Dưới đây là những từ có độ khó tăng dần. Nhấn vào hàng cuối cùng mà bạn biết tất cả các từ (cuộn để xem thêm).",
  "iDontKnowAnyWordsYet": "Tôi chỉ mới bắt đầu.",
  "exampleText": "Văn bản ví dụ:",
  "wordColors_GT": "Màu sắc từ",
  "reset_GT": "Đặt lại",
  "newChat_GT": "Trò chuyện mới",
  "autoCorrectGrammar_GT": "Tự động sửa lỗi ngữ pháp",
  "estimatedNumberOfKnownWords": "Số từ ước tính bạn đã biết",
  "article": "Bài viết",
  "fullText": "Văn bản đầy đủ",
  "textMode": "Văn bản",
  "myText_GT": "Văn bản của tôi",
  "myTexts_GT": "Văn bản của bạn",
  "books_GT": "Sách",
  "pasteAnyTextYouWishToStudyHere": "Dán văn bản bạn muốn học vào đây",
  "videoFile": "Tệp video",
  "selectVideo": "Chọn video",
  "selectVideoFile": "Chọn tệp video",
  "selectSubtitles": "Chọn phụ đề",
  "subtitlesLanguage": "Ngôn ngữ phụ đề",
  "save": "Lưu",
  "copy": "Sao chép",
  "copyCurrentSentence": "Sao chép câu hiện tại",
  "wordNotFound": "Không tìm thấy từ",
  "markWhetherYouKnowThisWordDesc": "Đánh dấu nếu bạn biết từ này. Đánh dấu các từ màu cam (Đang học) sẽ thêm chúng vào thẻ flashcard của bạn.",
  "shortcutRightClick": "Nhấp chuột phải",
  "shortcutMiddleClick": "Nhấp giữa",
  "addTagToAWordDesc": "Bạn có thể sử dụng thẻ để tạo nhóm từ. Các từ đã gán thẻ có thể được xuất riêng biệt. Thẻ có thể được hiển thị dưới dạng gạch chân màu, điều này có thể được kiểm soát trong cài đặt.",
  "markAsKnown": "Đánh dấu là đã biết",
  "markAsLearning": "Đánh dấu là đang học",
  "markedKnown_GT": "Đã đánh dấu là đã biết",
  "markedToLearn": "Đã đánh dấu để học",
  "learningNow": "Đang học",
  "learnt": "Đã học",
  "learn": "Học",
  "remove": "Xóa",
  "noTag": "Không có thẻ",
  "examplesSavedItems": "Ví dụ: Các mục đã lưu",
  "examplesCurrentText": "Ví dụ: văn bản hiện tại",
  "examples": "Ví dụ:",
  "pleaseSignInToUseThisFeature": "Đăng nhập để sử dụng tính năng này.",
  "pleaseSignInToUseThisFreeFeature": "Đăng nhập để sử dụng tính năng miễn phí này.",
  "soThatWeCanSaveYourProgress": "(để chúng tôi có thể lưu tiến trình của bạn)",
  "phrasepumpInfoTooltipShort": "PhrasePump giúp bạn học qua những câu mà bạn có thể hiểu, cải thiện từ vựng, khả năng nghe và ngữ pháp.",
  "phrasepumpInfoTooltip": "PhrasePump cung cấp cho bạn nhiều câu mà bạn có thể hiểu phần lớn. Nó giúp bạn cải thiện từ vựng, kỹ năng nghe và kiến thức ngữ pháp. Các câu được chọn có chứa từ cần luyện tập hoặc từ mới để học.",
  "fumingRiver": "Hãy để ngôn ngữ chảy qua bạn như một dòng sông, khắc sâu những con đường mới trong tâm trí bạn.",
  "itemsDueForReview": "các mục cần xem xét khẩn cấp",
  "noCardsToStudy": "Không có thẻ để học.",
  "tryEnablingMoreStudyModes": "Hãy thử bật thêm các chế độ học.",
  "pleaseMarkMoreItemsOrWait": "Đánh dấu thêm mục để học hoặc chờ các mục hiện có đến hạn.",
  "statistics": "Thống kê",
  "xCards": "<text> thẻ",
  "cards": "Thẻ",
  "cardsPracticedToday": "Luyện tập hôm nay",
  "showLast": "Hiển thị gần đây:",
  "day": "Ngày",
  "week": "Tuần",
  "month": "Tháng",
  "threeMonths": "3 tháng",
  "markedToLearnDesc": "Các từ và cụm từ bạn đã lưu và vẫn đang trong hàng chờ để luyện tập.",
  "suggestions": "Gợi ý",
  "suggestionsDesc": "Sau khi bạn đã luyện tập các mục đã lưu, PhrasePump có thể gợi ý cho bạn những từ mới để học.",
  "suggestionsDesc_noMoreLeft": "Không còn gợi ý nào để hiển thị.",
  "suggestionsDesc_noSuggestionsForLang": "Không có gợi ý nào cho ngôn ngữ này.",
  "inTheLastXDaysYouStartedToPracticeYItems": "Trong <text> ngày qua, bạn đã bắt đầu thực hành <text> từ và cụm từ mới \"được đánh dấu để học\".",
  "inTheLastXDaysYouStartedToPracticeYSuggestedWords": "Bạn đã bắt đầu thực hành <text> từ gợi ý trong <text> ngày qua.",
  "youArePracticingXItems": "Bạn đang thực hành tích cực <text> từ và cụm từ.",
  "inTheLastXDaysYouHaveLearntYItems": "Trong <text> ngày qua, bạn đã học được <text> từ và cụm từ.",
  "inTheLastXDaysYouHavePracticedYItems": "Trong <text> ngày qua, bạn đã thực hành <text> từ và cụm từ.",
  "learntDescLearntXItems": "Bạn đã học <text> mục. Đây là những từ và cụm từ mà bạn có khả năng nhớ ít nhất trong sáu tuần.",
  "halflifeDays_GT": "Thời gian bán hủy (ngày)",
  "languageSelector": "Chọn ngôn ngữ",
  "addLanguage": "Thêm ngôn ngữ",
  "dueItems": "Các mục cần làm:",
  "chooseALanguage": "Chọn một ngôn ngữ",
  "showContext_GT": "Hiển thị ngữ cảnh",
  "add": "Thêm",
  "forgot": "Quên",
  "okay": "Đúng",
  "quizzes": "Câu hỏi",
  "suggestedWords": "Từ gợi ý",
  "practice": "Luyện tập",
  "thisIsTheFirstTimeYouArePracticingThisItem": "Đây là lần đầu tiên bạn thực hành mục này.",
  "quiz": "Câu hỏi",
  "whatShouldGoInTheGap": "Điền vào chỗ trống.",
  "useTranslationForHelp": "Kiểm tra bản dịch để được trợ giúp.",
  "suggestedWord": "Từ gợi ý",
  "wouldYouLikeToLearnThisWord": "Bạn có muốn học từ mới này không?",
  "listeningPractice": "Thực hành nghe",
  "tryToUnderstandBeforeYouRevealTheText": "Cố gắng hiểu trước khi tiết lộ văn bản.",
  "newItems": "Mục mới",
  "newWordsTooltip": "Tỷ lệ phần trăm tối đa của thẻ được sử dụng để trình bày các mục mới ('Đã đánh dấu để học' và 'Gợi ý'). Giảm tỷ lệ này để tập trung nhiều hơn vào việc ôn tập. Khi có nhiều mục cần xem lại, số lượng mục mới sẽ tự động giảm.",
  "sessionSize": "Kích thước phiên",
  "sessionSizeTooltip": "Số thẻ trong mỗi buổi thực hành.",
  "reveal": "Hiển thị câu trả lời",
  "savePhrase": "Lưu cụm từ",
  "learningStage": "Giai đoạn học",
  "savingWords": "Cách lưu từ:",
  "oldSystem": "Hệ thống cũ:",
  "newSystem": "Hệ thống hiện tại:",
  "greenKnownOrSuggestedWords": "Trắng: Từ đã biết và được gợi ý",
  "orangeMarkedWords": "Cam: Từ được đánh dấu để học",
  "dictStageTagsPickerDesc": "Bạn có thể đánh dấu từ đã biết (trắng), đang học (cam) hoặc bỏ qua (xám). Thêm thẻ để hiển thị dưới dạng gạch chân màu.",
  "exportFromLanguageReactor": "Xuất từ Language Reactor...",
  "viewAll": "Xem tất cả",
  "wordViewNotSupported": "Tính năng này hiện không được hỗ trợ cho ngôn ngữ này.",
  "green": "xanh",
  "yellow": "vàng",
  "red": "đỏ",
  "blue": "xanh",
  "lastSaved": "Lần cuối được lưu",
  "rank": "hạng",
  "wordList": "Danh sách từ",
  "up1": "Trước đây, bạn đã lưu từ bằng cách đánh dấu chúng bằng màu sắc (đỏ, xanh lá, vàng, xanh dương). Chức năng này vẫn còn khả dụng (bây giờ được gọi là \"thẻ\"), nhưng màu sắc được hiển thị dưới dạng gạch chân dưới từ. Theo mặc định, nhấp chuột phải vào một từ sẽ không còn thay đổi màu sắc của thẻ nữa, nhưng bạn có thể cấu hình điều này trong cài đặt.",
  "up2": "Trong bản cập nhật này, Language Reactor giờ đây có thể theo dõi các từ bạn đã biết và đối với những từ bạn chưa biết, nó sẽ gợi ý xem bạn có nên học chúng hay không. Điều này cho phép phần mềm thực hiện một số chức năng hữu ích. Nó hoạt động cho khoảng 40 ngôn ngữ.",
  "up3": "Các từ màu TRẮNG là những từ bạn đã biết hoặc nên chú ý.",
  "up4": "Các từ bạn đã đánh dấu để học sẽ được hiển thị bằng MÀU CAM.",
  "up5": "Các từ ít phổ biến mà bạn không cần học ngay bây giờ được tô màu XÁM.",
  "up6": "Các danh mục này được gọi là \"Giai đoạn học tập\"",
  "up7": "Bạn có thể nhanh chóng thiết lập kích thước từ vựng của mình trong cài đặt từ điển thay vì đánh dấu từng từ một.",
  "up8": "Để cập nhật các từ đã được mã màu của bạn:",
  "up9": "1. Mở tab \"Mục đã lưu\"",
  "up10": "2. Nhấp vào \"Từ đã lưu\"",
  "up11": "3. Chọn màu nhãn",
  "up12": "4. Sử dụng hộp kiểm \"chọn tất cả\"",
  "up13": "5. Chọn một Giai đoạn Học tập",
  "up14": "Sau khi bạn đã làm điều này, bạn có thể muốn tắt các gạch chân màu cho thẻ trong tab cài đặt để giảm bớt sự rối mắt khi xem phim, v.v.",
  "up15": "Hệ thống màu sắc là tùy chọn - bạn có thể tắt việc tô màu từ theo trạng thái học trong cài đặt:",
  "clickToReadMore": "Đọc thêm",
  "layout_GT": "Bố cục",
  "videoSize_GT": "Kích thước video",
  "youAreLearning_GT": "Học ngôn ngữ",
  "start_screen": "Bắt đầu",
  "theTextSeemsToBeIn_lang_GT": "Văn bản này có vẻ như đang ở <text>.",
  "changeSourceLanguageTo_lang_GT": "Chuyển sang <text>?",
  "clearAllHistoryConfirmation_GT": "Bạn có muốn xóa toàn bộ lịch sử <text> không?",
  "chatHomescreenText_1_GT": "Nói chuyện với AI, vì, ừ thì, bạn không có ai tốt hơn để trò chuyện?",
  "chatHomescreenText_2_GT": "Chúng tôi đã làm cho nó trở nên thú vị.",
  "chatPreprompt_label_GT": "Hướng dẫn trò chuyện",
  "chatPreprompt_tooltip_GT": "Hướng dẫn được gửi đến AI trước mỗi cuộc trò chuyện",
  "typeTheTextToTranslate_GT": "Nhập văn bản để dịch",
  "showMiniDictionary_GT": "Hiển thị từ điển mini",
  "yourMessage_GT": "Tin nhắn của bạn",
  "other_GT": "Các tùy chọn khác",
  "pressAndHoldToRecordVoice_GT": "Giữ để ghi âm",
  "recording_GT": "Đang ghi âm...",
  "switchBetweenShortcutsAndInputMode_GT": "Chuyển đổi giữa phím tắt và chế độ nhập",
  "pressTabToswitchBetweenShortcutsAndInputMode_GT": "Nhấn [ESC] để chuyển đổi giữa phím tắt và chế độ nhập",
  "preferredAudioSource_GT": "Nguồn âm thanh ưa thích",
  "originalAudioWhenAvailable_GT": "Âm thanh gốc (khi có sẵn)",
  "computerAudioTTS_GT": "Chuyển văn bản thành giọng nói",
  "include_GT": "Bao gồm",
  "noItemsForThisLanguage_GT": "Không có mục nào trong ngôn ngữ này",
  "startReading_GT": "Bắt đầu đọc",
  "numberOfPages_GT": "Số trang",
  "nextDocument_GT": "Tài liệu tiếp theo",
  "prevDocument_GT": "Tài liệu trước",
  "noVerticalView_GT": "Không có chế độ xem dọc",
  "playbackRate_GT": "Tốc độ phát lại",
  "numPages_GT": "<text> trang",
  "chapters_GT": "Chương",
  "book_GT": "Sách",
  "audioTrack_GT": "Bản ghi âm",
  "simplifiedVersion_GT": "Phiên bản đơn giản hóa",
  "dubbedAudio_GT": "Âm thanh lồng ghép",
  "dubbedAudioDesc_GT": "Video này ban đầu được thực hiện bằng một ngôn ngữ khác. Sử dụng nhận diện giọng nói để có phụ đề phù hợp với âm thanh.",
  "rewindForward5s_GT": "Tiến 5 giây",
  "rewindBack5s_GT": "Quay lại 5 giây",
  "readTheForumPost_GT": "Đọc bài viết trên diễn đàn",
  "youtubeChannels_GT": "Kênh YouTube",
  "channels_GT": "Kênh",
  "thisFeatureIsUnderDevelopmentWillBeImprovedSoon_GT": "Tính năng này đang được phát triển và sẽ sớm được cải thiện.",
  "loadingAudio_GT": "Đang tải âm thanh...",
  "media_GT": "Nội dung",
  "useOurDesktopBrowserExtension_GT": "Sử dụng tiện ích mở rộng trình duyệt trên máy tính của chúng tôi khi xem những video này để có thêm tính năng.",
  "holdDictButtonToRecordVoice_GT": "Giữ nút từ điển để ghi âm giọng nói",
  "showDictRecord_GT": "Từ điển / Ghi âm",
  "text_GT": "Văn bản",
  "words_GT": "Từ",
  "viewLessFrequentWordsLink_GT": "Xem các từ ít phổ biến hơn trên trang Từ đã Đánh dấu",
  "newText_GT": "Tạo văn bản mới",
  "untitledText_GT": "Văn bản chưa có tiêu đề",
  "title_GT": "Tiêu đề",
  "pleaseEnterSomeText_GT": "Nhập một số văn bản để tiếp tục",
  "saving_GT": "Đang lưu...",
  "theTextSeemsToBeIn_lang_whileYourLangIs_GT": "Văn bản có vẻ như đang ở <text>, trong khi ngôn ngữ học hiện tại của bạn là <text>.",
  "hideSubtitle_GT": "Ẩn phụ đề",
  "translationThenSubtitle_GT": "Dịch trước rồi phụ đề",
  "subtitleThenTranslation_GT": "Phụ đề rồi đến bản dịch",
  "vocabLevel_GT": "Cấp độ từ vựng",
  "selection_GT": "Lựa chọn",
  "preview_GT": "Xem trước",
  "noTextWasSelected_GT": "Không có văn bản nào được chọn",
  "nViews_GT": "<text> lượt xem",
  "viewCount_GT": "Lượt xem",
  "date_GT": "Ngày",
  "areYouTheOwnerYoutube_GT": "Bạn có phải là chủ sở hữu của kênh YouTube này không?",
  "nVideos_GT": "<text> video",
  "clearFilters_GT": "Xóa bộ lọc",
  "recommendedChannels_GT": "Được khuyến nghị",
  "popularChannels_GT": "Phổ biến",
  "allChannels_GT": "Tất cả các kênh",
  "channel_GT": "Kênh",
  "lexaAiAssistantPrompts_placeholder_example_GT": "Giải thích: Vui lòng giải thích cách sử dụng từ <WORD> trong câu này: <CONTEXT>\nVí dụ: Vui lòng đưa thêm ví dụ với từ <WORD> như đã sử dụng trong câu này: <CONTEXT>",
  "updateHistory_GT": "Lịch sử cập nhật",
  "recentAppUpdates_GT": "Cập nhật gần đây",
  "moreInfo_GT": "Thêm thông tin",
  "continue_GT": "Tiếp tục",
  "podcasts_GT": "Podcast",
  "allPodcasts_GT": "Tất cả các podcast",
  "podcast_GT": "Podcast",
  "hidden_GT": "Ẩn",
  "lexaAiAssistant_GT": "Trợ lý AI Lexa",
  "lexaAiAssistantInfo_GT": "Lexa có thể trả lời các câu hỏi về từ và câu trong tài liệu bạn đang học.\n\nBạn có thể chỉnh sửa các câu hỏi trong cài đặt của Language Reactor.\n\nChế độ Pro sử dụng một mô hình thông minh hơn có thể cung cấp phản hồi tốt hơn.",
  "lexaAiAssistantPrompts_GT": "Lời nhắc của Trợ lý AI Lexa",
  "lexaAiAssistantPrompts_tooltip_GT": "Bạn có thể chỉnh sửa các gợi ý (câu hỏi) này, nhưng bạn phải tôn trọng định dạng sau:\n\n[Tên tab]: [Gợi ý]\n[Tên tab]: [Gợi ý]\nv.v.\n\n[Gợi ý] có thể chứa các dấu chỗ đặc biệt <WORD> và <CONTEXT>.\n\nBạn có thể sử dụng bất kỳ ngôn ngữ nào khi viết gợi ý. Khi một câu hỏi được gửi đến Lexa, văn bản này sẽ được thêm vào đầu: Trả lời các câu hỏi cho một học sinh đang học [ngôn ngữ học]. Viết câu trả lời của bạn bằng [ngôn ngữ dịch].",
  "hold_GT": "Giữ",
  "invalidFormat_GT": "Định dạng không hợp lệ",
  "howToUseTouch_GT": "Hướng dẫn các điều khiển cảm ứng",
  "removeThisMessageAndFollowingOnes_GT": "Xóa tin nhắn này và các tin nhắn tiếp theo",
  "install_GT": "Cài đặt",
  "refresh_GT": "Làm mới",
  "lexaAiAssistantPrompts_tooltip_intro_GT": "Lexa xuất hiện trên từ điển khi bạn nhấp vào một từ",
  "homepage_blurb": "🚀 Một bộ công cụ để khám phá, hiểu và học từ các tài liệu gốc. ✨ Trải nghiệm một phương pháp hòa nhập không chỉ hiệu quả mà còn thú vị 🔥",
  "homepage_formerly_lln": "Trước đây được biết đến với tên gọi Language Learning with Netflix",
  "homepage_cardBodyNetflix": "Tiện ích mở rộng trình duyệt biến những chương trình yêu thích của bạn thành các bài học ngôn ngữ. Chế độ Pro cho phép nhận diện giọng nói và dịch máy để hiểu biết liền mạch. 🌍",
  "homepage_cardBodyYoutube": "Hàng ngàn kênh YouTube về bất kỳ chủ đề nào bạn có thể tưởng tượng. Phát triển khả năng hiểu của bạn với ngôn ngữ thực tế trong ngữ cảnh. Khám phá bộ sưu tập được chọn lọc của chúng tôi. 🎧",
  "homepage_cardBodyFSI": "Thách thức bản thân với các chương trình đào tạo đã được chính phủ chứng nhận. Tham gia các bài tập và bài luyện nói có cấu trúc giúp bạn phát triển khả năng giao tiếp thực sự. 💪 Tăng cường hiệu quả của những phương pháp cổ điển này với các công cụ hiện đại của Language Reactor.",
  "homepage_cardTitleWhatToLearn": "Bạn nên học gì",
  "homepage_cardBodyWhatToLearn": "Học thông minh, không vất vả! 🏃‍♂️ Language Reactor gợi ý những từ quan trọng cho hành trình học tập của bạn, giúp bạn tập trung vào những điều quan trọng nhất.",
  "homepage_cardBodyPhrasePump": "PhrasePump chủ yếu là một bài tập nghe. 🎧 Các câu được chọn sẽ củng cố những từ đã lưu cần ôn tập, và từ vựng mới sẽ được giới thiệu. Rất phù hợp cho cả người mới bắt đầu và người học nâng cao.",
  "homepage_cardBodyAria": "Gặp gỡ Aria: Bạn đồng hành ngôn ngữ nhanh nhạy của bạn. Cô ấy vừa là gia sư, vừa là người hài hước, luôn sẵn sàng với những câu trả lời thông minh. 💬 Nhận sửa lỗi ngay lập tức, khám phá vô vàn chủ đề và xây dựng sự tự tin theo tốc độ của riêng bạn. 💡",
  "homepage_cardTitleProMode": "Chế độ Pro - Tùy chọn",
  "homepage_cardBodyProMode": "Language Reactor đã có sẵn nhiều tính năng miễn phí tuyệt vời. Chế độ Pro thêm một chút phép màu cho trải nghiệm của bạn. ✨",
  "homepage_cardTitleBooksAndWebsites": "Sách & Trang web",
  "homepage_cardBodyBooksAndWebsite": "Nhập bất kỳ trang web nào vào Language Reactor hoặc tải lên những cuốn sách yêu thích của bạn. Nghe cùng với chức năng đọc văn bản. 🎯",
  "clickHereToUseKeyboardControls": "Nhấp vào đây để sử dụng các điều khiển bàn phím",
  "uiLanguage_GT": "Ngôn ngữ giao diện",
  "videoFileIntro_GT": "Bạn có thể tải lên một tệp video và tệp phụ đề (SRT), và chúng tôi sẽ tạo một bản dịch cho bạn. Hiện tại, tính năng này chỉ hoạt động với các định dạng video mà trình duyệt của bạn hỗ trợ.",
  "powerfulToolbox": "Language Reactor là một công cụ mạnh mẽ để học ngôn ngữ.",
  "discoverUnderstandLearn": "Nó giúp bạn khám phá, hiểu và học hỏi từ các tài liệu gốc.",
  "effectiveInterestingEnjoyable": "Việc học sẽ trở nên hiệu quả, thú vị và dễ chịu hơn!",
  "extensionAddsNetflixFeatures": "Tiện ích mở rộng thêm phụ đề hai ngôn ngữ, từ điển pop-up, các điều khiển phát video chính xác và nhiều tính năng khác khi bạn xem phim và series trên trang web của Netflix!",
  "thousandsOfChannels": "Hàng ngàn kênh để bạn xem về bất kỳ chủ đề nào bạn có thể tưởng tượng! Phát triển khả năng hiểu biết của bạn với ngôn ngữ thật trong ngữ cảnh.",
  "booksAndWebsites": "Sách và trang web",
  "importTextTranslationTTS": "Nhập văn bản, Language Reactor sẽ thêm một bản dịch máy sang ngôn ngữ của bạn và đọc văn bản với giọng nói siêu thực. (sẽ có sớm)",
  "intelligentFeeding": "Cung cấp nội dung ngôn ngữ tự động và thông minh. Chỉ cần chọn trình độ ngôn ngữ của bạn và tận hưởng hành trình.",
  "whatToLearn": "Bạn nên học gì",
  "suggestVocab": "Language Reactor có thể gợi ý cho bạn từ vựng nào nên tập trung và từ vựng nào nên bỏ qua, để bạn có thể tăng tốc tiến bộ của mình!",
  "highlightWhenAppear": "Lưu lại những từ bạn muốn học, chúng sẽ được làm nổi bật mỗi khi xuất hiện.",
  "homepage_sectionTitleLearn": "Học từ những gì bạn yêu thích",
  "homepage_sectionSubtitleLearn": "Language Reactor giúp bạn tìm nội dung phù hợp với trình độ và sở thích của bạn",
  "homepage_cardTitleYoutube": "YouTube và podcast",
  "homepage_sectionTitleSuperpowers": "Siêu năng lực Ngôn ngữ",
  "homepage_sectionSubtitleSuperpowers": "Làm cho bất kỳ nội dung nào trở nên dễ hiểu",
  "homepage_cardTitleBilingualSubs": "Phụ đề song ngữ",
  "homepage_cardBodyBilingualSubs": "Luyện tai bạn với ngôn ngữ tự nhiên trong khi xem cả hai ngôn ngữ. Khám phá cách mà các ý nghĩa liên kết với nhau. 👂",
  "homepage_cardTitlePlayback": "Các điều khiển phát lại chính xác",
  "homepage_cardBodyPlayback": "⚡ Tạm dừng thời gian. Kiểm soát tốc độ phát lại. 🎮 Sử dụng phím tắt và cử chỉ để điều hướng video. Tự động tạm dừng sau mỗi phụ đề cho đến khi bạn tiếp tục. 🖱️",
  "homepage_cardTitleDictionary": "Từ điển & Lexa AI",
  "homepage_cardBodyDictionary": "🔍 Nhấn vào từ bất kỳ để xem bản dịch ngay lập tức. Các ví dụ thực tế kèm theo âm thanh. 🎧 Giải thích cách dùng từ theo ngữ cảnh bằng AI. 🌱 Tùy chỉnh để hiển thị thêm thông tin!",
  "homepage_sectionSubtitleMaster": "Bộ công cụ từ vựng hoàn chỉnh",
  "homepage_cardTitleSmartHighlighting": "Đánh dấu thông minh",
  "homepage_cardBodySmartHighlighting": "Lưu một từ một lần và bạn sẽ thấy nó ở khắp mọi nơi—trong mọi hình thức. Language Reactor nhận diện số nhiều, chia động từ và các hình thức liên quan. Tăng cường việc học của bạn một cách tự nhiên qua tất cả nội dung.",
  "homepage_cardTitleExportAnki": "Xuất sang Anki",
  "homepage_cardBodyExportAnki": "Bạn đã sử dụng Anki chưa? 📤 Xuất các thẻ flashcard đẹp sang Anki với ảnh chụp màn hình và clip âm thanh.",
  "homepage_sectionTitlePractice": "Luyện tập tạo nên sự hoàn hảo",
  "homepage_sectionSubtitlePractice": "Biến việc học của bạn từ thụ động thành chủ động",
  "homepage_cardBodyPhoneTablet": "Language Reactor hoạt động trên điện thoại và máy tính bảng của bạn. Chúng tôi luôn cải tiến ứng dụng.",
  "homepage_cardTitlePhoneTablet": "Điện thoại & Máy tính bảng",
  "homepage_sectionTitleMaster": "Làm chủ mọi từ và cụm từ",
  "homepage_cardTitleExtension": "Tiện ích Mở rộng Trình duyệt",
  "homepage_cardBodyExtension": "Trên máy tính để bàn, hãy cài đặt tiện ích mở rộng trình duyệt để kích hoạt các tính năng của Language Reactor khi xem video trên Netflix và YouTube, và để nhập các trang web!",
  "pleaseRefreshAfterChanges": "Vui lòng làm mới sau khi thay đổi:",
  "pdfsInThisCourseOnlyOnDesktop": "Các tệp PDF trong khóa học này chỉ có thể hiển thị trên máy tính để bàn.",
  "noAudioFiles": "Không có tập tin âm thanh",
  "proFeatures_intro": "Khai phá tiềm năng học ngôn ngữ tối đa với các tính năng của Language Reactor Pro! 🚀📚",
  "proFeatures_netflixTitle": "Nhận dạng Giọng nói và Dịch máy (Netflix)",
  "proFeatures_netflixFree": "Sử dụng phụ đề được cung cấp bởi Netflix. 🍿",
  "proFeatures_netflixPro": "🎤 Tận hưởng tính năng nhận dạng giọng nói cho tất cả các bản âm thanh. Phụ đề chính xác cho âm thanh lồng tiếng trong các bộ phim yêu thích của bạn! 🎬 Bản dịch máy mang tính từng chữ hơn, giúp bạn hiểu rõ hơn nội dung gốc. 🌍",
  "proFeatures_saveWordsTitle": "Lưu Từ và Cụm Từ",
  "proFeatures_saveWordsFree": "Lưu từ và cụm từ trong khi sử dụng tính năng PhrasePump. 📝",
  "proFeatures_saveWordsPro": "Lưu từ và cụm từ xuyên suốt các tính năng của Language Reactor. Tùy chỉnh việc học dựa trên sở thích cá nhân và khoảng trống từ vựng của bạn. Các từ được đánh dấu sẽ được làm nổi bật trong mọi tính năng của Language Reactor và có thể xuất sang Anki! 📈✨",
  "proFeatures_lexaTitle": "Từ điển Lexa AI",
  "proFeatures_lexaFree": "Nhận giải thích với trí tuệ nhân tạo cơ bản. 🤖",
  "proFeatures_lexaPro": "Tận dụng mô hình AI nâng cao với kiến thức rộng hơn, có khả năng trả lời hiệu quả các câu hỏi phức tạp! 🧠🌐",
  "proFeatures_supportTitle": "Hỗ trợ đội ngũ phát triển",
  "proFeatures_supportDetails": "Sự ủng hộ của bạn giúp chúng tôi tiếp tục cải thiện Language Reactor và mang đến những tính năng mới! ❤️",
  "youCanSubscribeAgainAfterTheEndOfThisPeriod": "Bạn có thể đăng ký lại sau khi kết thúc giai đoạn này.",
  "tipHoldTheDictionaryButtonToRecordVoice": "Mẹo: Giữ nút từ điển để ghi âm giọng nói",
  "sentenceOrTextSource": "Nguồn",
  "homepage_cardTitleLanguageSupport": "🌍 Hỗ trợ nhiều ngôn ngữ",
  "homepage_cardBodyLanguageSupport": "Học từ nội dung bằng hơn 40 ngôn ngữ 🔤 Xem phiên âm cho các ngôn ngữ có hệ thống chữ viết khác nhau. 👀 Ẩn phụ đề cho đến khi bạn di chuột qua—hoàn hảo để rèn luyện kỹ năng nghe.",
  "additional15DiscountUntil5thJanuary2025": "Giảm thêm 15% đến ngày 5 tháng 1 năm 2025. Sử dụng mã giảm giá 'turtle' khi thanh toán. 🎅",
  "includeDubbedAudioNF": "Bao gồm âm thanh lồng tiếng",
  "phrasepumpNeedsImprovementForLang": "PhrasePump vẫn cần cải thiện cho ngôn ngữ:",
  "addToHomeScreen": "Thêm vào Màn hình chính",
  "textToSpeechVoiceNotAvailableForThisLangError": "Giọng nói văn bản không khả dụng cho ngôn ngữ này. Hãy thử cài đặt thêm gói ngôn ngữ cho hệ thống của bạn (nếu có).",
  "textToSpeechInSafariNotGreatTryEdgeOrChrome": "Chức năng đọc văn bản trên trình duyệt Safari không tốt lắm. Bạn hãy cài đặt Microsoft Edge hoặc Chrome để có giọng đọc tốt hơn.",
  "dueForReview": "Đến hạn ôn tập",
  "signInWithGoogle": "Đăng nhập bằng Google",
  "allServersRunningNormally": "Tất cả máy chủ đang hoạt động bình thường.",
  "clearHistory": "Xóa",
  "copiedText": "Đã sao chép:",
  "loadingText": "Đang tải...",
  "installChromeExtension": "Cài đặt tiện ích Chrome",
  "itemsRemoved": "Đã xóa các mục",
  "removingItemsFailed": "Xóa mục không thành công.",
  "itemsUpdated": "Đã cập nhật các mục",
  "autopauseNotAvailableOnYoutube": "Tính năng tự động tạm dừng không khả dụng trên YouTube.",
  "sideBySideLayout": "Song song",
  "overAndUnderLayout": "Trên và dưới",
  "youAlsoHaveItemsInOtherLanguages": "Bạn cũng có các mục đã lưu bằng ngôn ngữ khác. Hãy chuyển đổi ngôn ngữ trong phần cài đặt để xem chúng.",
  "otherLanguages": "Các ngôn ngữ khác",
  "paymentsAreCurrentlyNotSupportedInYourCountry": "Thanh toán hiện tại không được hỗ trợ trong quốc gia của bạn.",
  "titles_header": "Tiêu đề",
  "sources_header": "Nguồn",
  "holdTheButtonToRecord": "Giữ nút để ghi âm",
  "noOption": "Không có tùy chọn",
  "learningResources": "Tài liệu",
  "deleteMyData": "Xóa dữ liệu của bạn",
  "deleteMyData_confirmationMessage": "Hành động này sẽ xóa vĩnh viễn tất cả cài đặt, mục đã lưu, lịch sử luyện tập, phương tiện và văn bản của bạn. Bạn có chắc chắn không?",
  "advancedActions": "Thao tác nâng cao",
  "successDone": "Thành công!",
  "qKey": "Tự động tạm dừng",
  "rKey": "Lưu phụ đề hiện tại",
  "copyKey": "Sao chép câu hiện tại",
  "unknownRank": "Không rõ thứ hạng",
  "mostFrequentWord": "từ thông dụng nhất",
  "studyStore_errorSavingCardStats": "Lỗi khi lưu thống kê thẻ học.",
  "studyStore_errorSavingCardRating": "Không thể lưu đánh giá thẻ.",
  "studyStore_loginNoLongerValid": "Phiên đăng nhập không còn hợp lệ, vui lòng tải lại trang này.",
  "studyStore_tooltip_extraPracticeSentence": "Câu này không hiển thị vì một từ cụ thể nào đó bạn đã lưu. Đây là bài tập thêm để giúp bạn cải thiện kỹ năng nghe và kiến thức ngữ pháp.",
  "studyStore_tooltip_savedInYoutube": "Đã lưu trong video Youtube: ",
  "studyStore_tooltip_savedInNetflix": "Đã lưu trong video Netflix: ",
  "studyStore_extraPracticeIndicator": "[luyện tập thêm]",
  "studyStore_errorLoadFlashcardMetadataFailed": "Không thể tải dữ liệu thẻ học.",
  "studyStore_errorLoadPracticeItemsFailed": "Không thể tải nội dung luyện tập.",
  "studyStore_errorLoadAudioFailed": "Không thể tải âm thanh.",
  "studyStore_errorGettingAudio": "Lỗi khi tải âm thanh: ",
  "savedItemsStore_errorTooManyItems": "Bạn đã lưu quá nhiều mục",
  "savedItemsStore_errorSavingItem": "Lỗi khi lưu mục.",
  "savedItemsStore_errorUpdatingItemsFailed": "Không thể cập nhật các mục.",
  "savedItemsStore_errorFailedToRemoveItem": "Không thể xóa mục này.",
  "savedItemsStore_devError_itemNotFoundForSetStudied": "Mục đã lưu không tồn tại: ",
  "mediaStore_errorFailedToGetPlaylistInfo": "Không thể tải thông tin danh sách phát.",
  "mediaStore_errorFailedToGetDocumentInfo": "Không thể lấy thông tin tài liệu.",
  "mediaStore_errorDocNotFoundInPlaylist": "Không tìm thấy tài liệu trong danh sách phát.",
  "userDataStore_errorFailedToSaveUserData": "Không thể cập nhật cài đặt đã lưu.",
  "userDataStore_errorUpdatingSavedItemKeys": "Không thể tải các mục đã lưu.",
  "chatStore_errorNannyRefusedMessage": "Dịch vụ chat không thể xử lý tin nhắn của bạn, vui lòng diễn đạt lại theo cách khác.",
  "chatStore_errorQuotaExceededPro": "Bạn đã dùng hết hạn mức chat, vui lòng thử lại vào ngày mai.",
  "chatStore_errorAsrFailed": "Không thể xử lý tin nhắn của bạn, vui lòng thử lại.",
  "chatStore_errorGettingChatMessages": "Lỗi khi tải tin nhắn trò chuyện.",
  "chatStore_errorQuotaExceededMachine": "Đã vượt quá giới hạn trò chuyện. Vui lòng kiểm tra gói đăng ký của bạn hoặc thử lại sau.",
  "chatStore_errorQueueFull": "Xin lỗi bạn, máy chủ đang quá tải, chúng tôi đang khắc phục sự cố.",
  "chatStore_infoProUsersPriorityAccess": "Người dùng Pro được ưu tiên truy cập.",
  "chatStore_errorLoadingConversationLangMismatch": "Lỗi tải cuộc hội thoại: Cài đặt ngôn ngữ không khớp.",
  "chatStore_placeholderEnterWordsHere": "[nhập từ vào đây]",
  "notifications_prefixNetworkError": "Lỗi mạng, vui lòng kiểm tra WiFi của bạn. ",
  "notifications_prefixNotFound": "Lỗi: Không tìm thấy. ",
  "notifications_prefixBadRequest": "Lỗi phần mềm, vui lòng thử lại sau. ",
  "notifications_prefixTokenError": "Lỗi đăng nhập, vui lòng đăng nhập lại. ",
  "notifications_prefixServerError": "Lỗi máy chủ, vui lòng thử lại sau.",
  "notifications_prefixNotProUser": "Các tính năng Pro hiện không khả dụng. ",
  "notifications_prefixRateLimitExceeded": "Đã vượt quá giới hạn truy cập. Vui lòng thử lại sau. ",
  "mediaDocPodcast_errorTimeoutDownloadingAudio": "Đã hết thời gian tải xuống tệp âm thanh từ URL.",
  "media_errorLoadingMediaTranslations": "Lỗi tải bản dịch phương tiện.",
  "media_errorAsrQuotaExceeded": "Bạn đã vượt quá giới hạn xử lý âm thanh hôm nay. Vui lòng thử lại vào ngày mai.",
  "media_errorAsrQueueFull": "Máy chủ xử lý âm thanh đang bận. Vui lòng thử lại sau.",
  "media_errorLoadingAsr": "Lỗi khi tải nhận dạng giọng nói.",
  "media_errorAsrTooLong": "Quá trình nhận dạng giọng nói đang mất nhiều thời gian. Vui lòng thử lại sau.",
  "media_errorLoadingNlpData": "Lỗi khi tải dữ liệu NLP.",
  "mediaDocText_errorFetchingPageTranslations": "Lỗi khi tải bản dịch trang.",
  "mediaDocText_errorFetchingTextInfo": "Lỗi khi tải thông tin văn bản.",
  "mediaDocText_errorFetchingPageNlp": "Lỗi khi tải trang NLP.",
  "mediaDocText_errorFetchingPageTts": "Lỗi tải dữ liệu đọc trang.",
  "media_errorLoadingMediaMetadata": "Lỗi khi tải thông tin chi tiết của tệp phương tiện.",
  "media_errorFetchingSubtitlesForVideo": "Không thể tải phụ đề cho video.",
  "media_errorAsrNotAvailableForVideo": "Rất tiếc, video này không hỗ trợ nhận dạng giọng nói.",
  "media_errorFetchingVideoTranslations": "Lỗi khi tải bản dịch video."
}