{
  "langCode": "zh_CN",
  "appNameTr": "Language Reactor",
  "appName": "Language Reactor",
  "appDesc": "通过观看您正在学习的语言的电影和剧集，有效且愉快地提升您的语言技能。",
  "catalogue": "目录",
  "catalogue_tooltip": "查找适用于 Language Reactor 的电影和剧集。",
  "help": "帮助",
  "help_tooltip": "使用说明和小贴士。",
  "feedback": "反馈建议",
  "feedback_tooltip": "遇到问题了吗？有什么功能需求？",
  "facebook": "Facebook",
  "facebook_tooltip": "点赞我们的页面，获取最新消息。",
  "originalLanguage_label": "原始语言：",
  "originalLanguage_tooltip": "这部 Netflix 电影的原始语言",
  "noDictionary_error": "Language Reactor 扩展尚不支持“<text>”的字典功能，敬请期待！",
  "subtitleLanguage_label": "Netflix 字幕语言",
  "subtitleLanguage_tooltip": "这是您选择的 Netflix 字幕语言。",
  "subtitlesNotLoaded_error": "Netflix 字幕未加载，您是否在 Netflix 播放菜单中选择了字幕语言？",
  "subtitlesNoMatchAudio_error": "您选择的 Netflix 字幕（<text>）与音轨不匹配。您可以尝试在 Netflix 播放器中将其设置为影片的原文语言（<text>），或在 Language Reactor 目录中寻找您所学语言的推荐影片。",
  "subtitlesNoMatchAudio_ASR_error_GT": "<text>字幕与音频不匹配。请在Netflix播放控制中切换到原始语言字幕（<text>），或在Language Reactor目录中查找适合您目标语言的推荐内容。您也可以使用语音识别（ASR）音轨。",
  "audioNoMatchSubtitles_error": "您选择的 Netflix 音轨（<text>）可能与字幕不匹配。您可以尝试在 Netflix 播放器中将其设置为影片的原文语言（<text>），或在 Language Reactor 目录中寻找您所学语言的推荐影片。",
  "audioLanguage_label": "Netflix 音轨语言",
  "audioLanguage_tooltip": "这是您选择的 Netflix 音轨语言。",
  "pleaseSelectSubtitles": "- 请在 Netflix 播放器中选择字幕 -",
  "pleaseSelectSubtitlesYoutube": "- 请在 YouTube 播放器中选择字幕 -",
  "loadingSubtitles": "- 正在加载字幕，请稍候... -",
  "loadingTranslations": "翻译加载中...",
  "firstSubtitleNotReached": "- 第一行字幕尚未出现。 -",
  "errorApology_OLD": "Language Reactor 遇到了错误。开发者已收到通知。请尝试刷新页面，或在 24 小时后重试。抱歉给您带来不便。查看我们的 Facebook 页面以获取最新消息。错误信息：<text>",
  "openClose_tooltip": "打开/关闭 Language Reactor",
  "vocabHighlight_label": "词汇标记",
  "levelWithNumber": "等级<text>：<text>个单词",
  "levelDisable": "等级<text>：禁用",
  "translationLanguage_label": "翻译语言",
  "translationLanguage_tooltip": "这是翻译的语言。请设置为您的母语。",
  "showMachineTranslation_label": "显示机器翻译",
  "showMachineTranslation_tooltip": "以您的语言显示源字幕的机器翻译。",
  "showHumanTranslation_label": "显示人工翻译",
  "showHumanTranslation_tooltip": "如果可用，请以您的语言显示源字幕的人工翻译。",
  "slowSpeechSegments": "减慢语音片段",
  "slowSpeechSegments_tooltip": "当字幕启用时（0.8x），降低影片播放速度以便于理解。",
  "keyboardShortcuts": "键盘快捷键：",
  "previous": "上一个",
  "next": "下一个",
  "previousSub": "上一个字幕",
  "nextSub": "下一个字幕",
  "play": "播放",
  "playPause": "播放/暂停",
  "repeat": "重复",
  "infiniteRepeat": "无限重复",
  "alsoUseASD": "您还可以使用：A，S，D，空格键",
  "autoPause": "自动暂停",
  "autoPause_tooltip": "在每个字幕的末尾自动暂停播放。",
  "none": "无",
  "nms_tip": "您在学习语言吗？试试我们的新扩展，与 Netflix 一起学语言。",
  "welcomeModal_line1_string": "亲爱的用户，",
  "welcomeModal_line2_string": "我们对扩展进行了重大更新。希望您喜欢这些新功能：",
  "welcomeModal_line3_string": "字幕现在可以显示在影片上方。",
  "welcomeModal_line4_string": "附加的侧面板可查看所有可用字幕。",
  "welcomeModal_line5_string": "对亚洲语言有更好的支持。",
  "proFeatures_line1_string": "专业版模式提供额外功能：",
  "proFeatures_line2_string": "机器翻译",
  "proFeatures_tt2_string": "这些翻译更接近原始字幕的含义，对学习语言的用户更有帮助。",
  "proFeatures_line3_string": "保存单词和短语",
  "proFeatures_tt3_string": "在所有字幕中，您保存的任何单词都会特别突出。让您的学习更有条理。保存的单词和短语可以导出到 Anki（闪卡程序）。",
  "proFeatures_line4_string": "为配音电影添加字幕",
  "proFeatures_tt4_string_GT": "Netflix上的许多剧集都有其他语言的配音，但这些配音往往没有相应的字幕。Language Reactor可以从配音中生成字幕，这样你就能用《绝命毒师》来学习德语了。",
  "proFeatures_line5_string": "支持开发者",
  "proFeatures_tt5_string": "我们持续努力改进扩展功能并为您带来新功能。",
  "price_string": "每月价格为：",
  "welcomeModal_line6_string": "机器翻译曾经是免费的，但这实际上是一项昂贵的服务，希望您能理解。",
  "useForFree_line_string": "您可以免费使用这些功能一周。",
  "useForFree_twoWeeks_line_string": "您可以免费使用这些功能两周。",
  "useProForFreeTwoWeeks_string": "您可以免费使用专业功能两周。",
  "notNow_btn_string": "暂不",
  "continueWithGoogle_btn_string": "使用 Google 帐户继续",
  "trialBegunModal_body_string": "专业版功能已启用！",
  "ok_btn_string": "好的",
  "prePaymentModal_line1_string": "订阅以持续使用专业版功能。",
  "choosePaymentProvider_line_string": "请选择付款方式：",
  "payWithGoogle_btn_string": "接受信用卡付款。",
  "payWithPaddle_btn_string": "接受信用卡和 PayPal 付款。",
  "christmasSale_GT": "1月1日前享8折优惠",
  "youPayEveryMonth_GT": "月付费用：",
  "or_GT": "或",
  "youPayEvery3Months_GT": "季度付款：",
  "youPayEveryYear_GT": "年付费：",
  "oneMonth_GT": "1个月",
  "threeMonths_GT": "3个月",
  "oneYear_GT": "1年",
  "subscriptionLabel_GT": "订阅服务。付费后如不需要自动续订可随时取消。",
  "choose_GT": "选择",
  "paymentSuccessful_line1_string": "付款成功！感谢您支持我们的计划！",
  "paymentSuccessful_line2_string": "您可以随时从设置中取消订阅。",
  "paymentSuccessfulPaddleMessage_line_string": "注意：如果您的付款方式需要人工检查，可能需要等待数小时，之后您的专业版模式应会自动生效。对于延误我们深感抱歉。",
  "cancelGoogle_line_string": "注意：专业版模式将在您上次付款后的30天内保持有效状态。",
  "cancelSubscription_btn_string": "取消订阅",
  "problemWithPayment_line1_string": "您的订阅付款有问题。",
  "problemWithPayment_line2_string": "更新您的付款信息后，请重新加载此窗口。",
  "updatePayment_btn_string": "更新支付信息",
  "alreadyUserPleaseSignIn": "已经是用户吗？请登录。",
  "pleaseSignIn": "请登录。",
  "pleaseSignInOrRegister": "请登录或注册以访问更多功能。",
  "noCreditCardInfoNoChargeAfterTrial": "无需信用卡信息。试用结束后将不会向您收费，除非您选择购买订阅。",
  "signIn": "登录",
  "signOut": "注销",
  "options": "选项",
  "mode": "模式：",
  "manageSubscription": "管理订阅",
  "mode_free": "免费",
  "mode_basic": "基本模式",
  "mode_pro": "专业版",
  "signInStatus": "登录状态：",
  "signedIn": "已登录",
  "notSignedIn": "未登录",
  "fix": "修复",
  "featureComingSoon": "功能即将推出。",
  "showTransliterations": "显示音译",
  "noTransliterations": "无音译",
  "romaji": "原文 + 罗马字",
  "hiragana": "原文 + 平假名",
  "romajiOnly": "仅罗马字",
  "hiraganaOnly": "仅平假名",
  "withOriginalForm": "以原始形式",
  "transliterationsOnly": "仅音译",
  "hideTransliterationsForKnownWords_GT": "隐藏已掌握词语的注音",
  "playbackSpeed": "播放速度",
  "normal": "正常",
  "notAvailable": "不可用。",
  "noHTAvailable": "对选定的语言没有人工翻译可供选择。",
  "noMTAvailable": "机器翻译仅适用于电影的原始字幕。",
  "proFeature": "高级功能",
  "saveCurrentSubtitle": "保存当前字幕",
  "toggleAutoPause": "开启/关闭自动暂停",
  "exportToAnki": "导出到Anki",
  "pleaseSelectItemsToExport": "请选择要导出的项目：",
  "allItems": "全部内容",
  "download": "下载",
  "subtitles": "字幕",
  "words": "词语",
  "savedItems_short": "已保存项目",
  "savedItems": "已保存项目",
  "saved": "已保存",
  "allLanguages": "所有语言",
  "allTypes": "所有类型",
  "yellowWords": "黄色词语",
  "blueWords": "蓝色词语",
  "greenWords": "绿色词语",
  "purpleWords": "紫色词语",
  "redWords": "红色词语",
  "phrases": "短语",
  "noSavedItems": "没有已保存的项目。",
  "clickAStar": "点击星星保存当前字幕，或在词典中点击颜色按钮保存单词。",
  "loadingDotDotDot": "加载中...",
  "showMore": "显示更多",
  "openCloseBottomPanel": "打开/关闭底部面板",
  "openCloseVerticalView": "打开/关闭垂直视图",
  "close": "关闭",
  "autoPaused": "自动暂停",
  "pressSpaceToContinue": "（按空格键继续）",
  "saveWordTooltip": "保存单词。您也可以右键单击单词进行保存。",
  "subscriptionToProFeatures": "订阅“专业版”功能。",
  "tryForFree": "免费试用",
  "noCreditCardRequired": "无需信用卡。",
  "noCharge": "与其他不同，我们不会在试用期间收费，也不会自动升级您的订阅。",
  "subscriptionActive": "您的订阅已激活。",
  "speedUpPlayback": "加速播放",
  "slowDownPlayback": "减速播放",
  "highlightSavedWords_label": "突出显示已保存的词语",
  "onRightClick_label": "右键单击",
  "onLongPress_label_GT": "长按操作",
  "suggestedToKnownWordsRatio_label_GT": "建议词与已知词比率",
  "showVV_label": "显示字幕列表视图",
  "showSubsBelowVideo_label": "在视频下方显示字幕",
  "otherPossibleTranslations": "其他可能的翻译",
  "doNothing_option": "不执行任何操作",
  "showDict_option": "显示词典",
  "showDictSpeak_option": "显示词典并朗读单词",
  "speakWord_option": "朗读单词",
  "saveWord_option": "保存单词",
  "removeAllItems": "全部删除",
  "areYouSure": "您确定吗？",
  "hideTranslation": "隐藏翻译",
  "hideTranslation_tt": "播放视频时隐藏翻译。点击文字或按下[e]键可显示翻译。",
  "littlePracticeEveryDay": "学习一门语言需要每天练习一点。",
  "enableLln": "启用Language Reactor",
  "doYouLikeOurExtension": "您喜欢Language Reactor吗？",
  "reportBug": "报告问题",
  "translationNotFound": "找不到翻译。",
  "usageExamples": "用法示例",
  "userDefinedExternalDict_label": "用户自定义词典网址",
  "turnOnOff": "开启/关闭",
  "fontSize_label": "字体大小",
  "extraSmall": "特小",
  "small": "小",
  "large": "大",
  "extraLarge": "特大",
  "removeSubtitle": "删除",
  "settings": "设置",
  "subtitleLanguage_label_yt": "YouTube字幕语言",
  "subtitleLanguage_tooltip_yt": "这是所选YouTube字幕的语言。",
  "subtitlesNotLoaded_error_yt": "YouTube字幕未加载，是否在YouTube播放菜单中选择了字幕语言？",
  "exportAsJson": "导出为JSON",
  "exportAsCsv": "导出为CSV",
  "exportAsExcel": "导出为Excel",
  "overrideArrowKeys_label": "覆盖方向键",
  "overrideArrowKeys_tt": "使方向键与A、S、D键执行相同的操作",
  "changelist": "更改列表",
  "print": "打印",
  "export": "导出",
  "appDescYoutube": "通过观看目标语言视频，有效且愉快地提升语言能力。",
  "externalDictsMessage": "外部词典。按住Shift键点击单词，可直接打开最近使用的外部词典。",
  "userDefinedExternalDict_tooltip": "自定义词典，将与其他外部词典一起显示在词典弹窗中（将被标记为U1、U2等）。网址需包含'WORD'（大写）- 系统会自动将其替换为您查询的任何单词。您可以在不同行中输入多个网址。",
  "pleaseLeaveReviewMessage": "喜欢 Language Reactor 吗？请到 Chrome 应用商店为我们留下评价。",
  "writeReview": "撰写评价",
  "saveSubtitle": "保存",
  "translate": "翻译",
  "selectLang": "选择语言",
  "searchVidsWithSubs": "查找带字幕的视频",
  "searchSettings": "搜索设置",
  "sourceLang": "源语言：",
  "chatWithOtherUsers": "与其他Language Reactor用户聊天",
  "forum": "论坛",
  "tip": "提示：",
  "considerChangingYoutubeLanguage": "为了获得最佳搜索结果，请考虑在YouTube设置中更改您的语言。",
  "seeHow": "学习方法",
  "helloPleaseSelectYourNativeLanguage": "您好。请选择您的母语：",
  "yourNativeLanguage_GT": "您的母语：",
  "autoHideYoutubePlaybackBarRecommended": "自动隐藏YouTube播放栏（推荐）",
  "dontChangeTheInterface": "请勿更改界面",
  "hidePlaybackBar": "隐藏播放栏",
  "font": "字体",
  "defaultRecommended": "默认（推荐）",
  "subtitlesHidden": "字幕（隐藏）",
  "noSubsForThisVideo": "这段视频没有字幕！",
  "forceOriginalTracks": "强制原声",
  "forceOriginalTracks_desc": "如果启用，此选项将在启用扩展时将视频切换为原始语言的音频和字幕。",
  "hideSubtitles": "隐藏字幕",
  "disabled": "禁用",
  "hideTranslations": "隐藏翻译",
  "hideBoth": "隐藏两者",
  "showSubtitleControls": "显示字幕控件",
  "moveToggleControls": "移动/切换控件",
  "netflixTestsMessage": "Netflix 有时会运行测试，这可能导致 Language Reactor 无法正常工作。为避免问题，我们建议您关闭参与 Netflix 测试。操作很简单：",
  "disableTesting": "禁用测试",
  "nextBillingDate": "下一个结算日",
  "youCanUseProForXXDays": "您可以继续使用 Pro 功能 <text> 天。",
  "youCanUseFreeForXXDays": "您可以使用免费功能 <text> 天。",
  "subtitlesCouldNotBeLoaded": "无法加载字幕。",
  "adIsPlaying": "正在播放广告。",
  "yourSubscriptionHasExpired": "您的订阅已过期。",
  "youHaveCanceledYourSubscription": "您已取消您的订阅。",
  "nowYouCanStudyWithYoutubeToo": "现在，您也可以使用 YouTube 学习语言了！",
  "machineTranslations": "机器翻译",
  "humanTranslations": "人工翻译",
  "belowAreWordsFromTheCurrentVideo_GT": "按频率排序的视频词汇",
  "rightClickWordToSaveIt_GT": "右键点击标记单词",
  "leftClickToOpenDict": "左键点击，打开词典。",
  "selectVocabLevelToMarkPurple": "在设置中选择一个词汇级别，将不常见的单词标记为紫色。",
  "aboveCurrentLevel": "高于当前级别",
  "unsavedWords": "未保存的单词",
  "levelX": "等级 <text>",
  "tips": "提示",
  "emptyTemplate": "",
  "thisExportHasMultipleParts": "该导出有多个部分。",
  "downloadPartXX": "下载部分 <text>",
  "thisItemWasSavedInAnotherVideo": "该项目已在另一个视频中保存。",
  "cancel": "取消",
  "openVideo": "打开视频",
  "format": "格式",
  "printHtml": "打印（HTML）",
  "mustReadHowToImportToAnki": "必读：如何导入到 Anki",
  "infoAboutCsvExport": "有关 CSV 导出的信息",
  "jsonDataSchema": "JSON 数据模式",
  "language": "语言",
  "itemType": "项目类型",
  "includeTimestamps": "包含时间戳",
  "youCanChangeTranslitsOptionsInSettings": "您可以在设置中更改音译选项。",
  "preferredTranslations": "首选翻译",
  "onlyNewItemsSinceLastExport": "仅显示自上次导出以来的新项目",
  "includeMedia": "包含媒体",
  "langName_is": "冰岛语",
  "langName_ga": "爱尔兰语",
  "langName_az": "阿塞拜疆语",
  "langName_af": "南非荷兰语",
  "langName_am": "阿姆哈拉语",
  "langName_ar": "阿拉伯语",
  "langName_sq": "阿尔巴尼亚语",
  "langName_hy": "亚美尼亚语",
  "langName_it": "意大利语",
  "langName_yi": "意第绪语",
  "langName_ig": "伊博语",
  "langName_id": "印度尼西亚语",
  "langName_ug": "维吾尔语",
  "langName_cy": "威尔士语",
  "langName_uk": "乌克兰语",
  "langName_uz": "乌兹别克语",
  "langName_ur": "乌尔都语",
  "langName_et": "爱沙尼亚语",
  "langName_eo": "世界语",
  "langName_or": "奥里亚语",
  "langName_nl": "荷兰语",
  "langName_kk": "哈萨克语",
  "langName_ca": "加泰罗尼亚语",
  "langName_gl": "加利西亚语",
  "langName_kn": "卡纳达语",
  "langName_rw": "卢旺达语",
  "langName_el": "希腊语",
  "langName_ky": "柯尔克孜语",
  "langName_gu": "古吉拉特语",
  "langName_km": "高棉语",
  "langName_ku": "库尔德语",
  "langName_hr": "克罗地亚语",
  "langName_xh": "科萨语",
  "langName_co": "科西嘉语",
  "langName_sm": "萨摩亚语",
  "langName_jv": "爪哇语",
  "langName_ka": "格鲁吉亚语",
  "langName_sn": "绍纳语",
  "langName_sd": "信德语",
  "langName_si": "僧伽罗语",
  "langName_sv": "瑞典语",
  "langName_zu": "祖鲁语",
  "langName_gd": "苏格兰盖尔语",
  "langName_es": "西班牙语",
  "langName_sk": "斯洛伐克语",
  "langName_sl": "斯洛文尼亚语",
  "langName_sw": "斯瓦希里语",
  "langName_su": "巽他语",
  "langName_ceb": "宿务语",
  "langName_sr": "塞尔维亚语",
  "langName_so": "索马里语",
  "langName_th": "泰语",
  "langName_tg": "塔吉克语",
  "langName_tt": "鞑靼语",
  "langName_ta": "泰米尔语",
  "langName_cs": "捷克语",
  "langName_te": "泰卢固语",
  "langName_da": "丹麦语",
  "langName_de": "德语",
  "langName_tk": "土库曼语",
  "langName_tr": "土耳其语",
  "langName_ny": "齐切瓦语",
  "langName_ne": "尼泊尔语",
  "langName_no": "挪威语",
  "langName_ht": "海地克里奥尔语",
  "langName_ha": "豪萨语",
  "langName_ps": "普什图语",
  "langName_eu": "巴斯克语",
  "langName_haw": "夏威夷语",
  "langName_hu": "匈牙利语",
  "langName_pa": "旁遮普语",
  "langName_hi": "印地语",
  "langName_tl": "菲律宾语",
  "langName_fi": "芬兰语",
  "langName_hmn": "苗语",
  "langName_fr": "法语",
  "langName_bg": "保加利亚语",
  "langName_vi": "越南语",
  "langName_iw": "希伯来语",
  "langName_be": "白俄罗斯语",
  "langName_fa": "波斯语",
  "langName_bn": "孟加拉语",
  "langName_pl": "波兰语",
  "langName_bs": "波斯尼亚语",
  "langName_pt": "葡萄牙语",
  "langName_mi": "毛利语",
  "langName_mk": "马其顿语",
  "langName_mg": "马拉加斯语",
  "langName_mr": "马拉地语",
  "langName_ml": "马拉雅拉姆语",
  "langName_mt": "马耳他语",
  "langName_ms": "马来语",
  "langName_my": "缅甸语",
  "langName_mn": "蒙古语",
  "langName_yo": "约鲁巴语",
  "langName_lo": "老挝语",
  "langName_la": "拉丁语",
  "langName_lv": "拉脱维亚语",
  "langName_lt": "立陶宛语",
  "langName_ro": "罗马尼亚语",
  "langName_lb": "卢森堡语",
  "langName_ru": "俄语",
  "langName_en": "英语",
  "langName_ko": "韩语",
  "langName_fy": "西弗里西亚语",
  "langName_zh-CN": "中文（简体）",
  "langName_zh-TW": "中文（繁体）",
  "langName_st": "南索托语",
  "langName_ja": "日语",
  "netflixCatalogue": "Netflix目录",
  "notAllTitlesAllCountries": "并非所有标题适用于所有国家，请选择Netflix检测到的您所在国家。",
  "catalogueByOriginalLanguage": "目录按原始语言列出标题，帮助您找到法语影片学习法语，德语影片学习德语等。",
  "goodSubtitlesForOriginal": "Netflix为节目原始语言提供优质字幕，与音轨完全匹配。",
  "oftenDontMatch": "字幕通常与配音音频不匹配。",
  "yourCountry": "您所在的国家",
  "allCountries": "所有国家",
  "numberFound_colon": "找到的影片数量：",
  "genre_colon": "类型：",
  "released_colon": "上映：",
  "runtime_colon": "影片时长：",
  "drama": "剧情片",
  "action": "动作片",
  "crime": "犯罪片",
  "thriller": "惊悚片",
  "adventure": "冒险片",
  "scifi": "科幻片",
  "romance": "爱情片",
  "fantasy": "奇幻片",
  "mystery": "悬疑片",
  "war": "战争片",
  "biography": "传记片",
  "history": "历史片",
  "clearHistory_GT": "清除记录",
  "comedy": "喜剧片",
  "horror": "恐怖片",
  "sport": "体育片",
  "music": "音乐片",
  "animation": "动画片",
  "musical": "音乐剧",
  "noMoviesFoundForThisSearch": "此次搜索未找到影片。",
  "youtubeCatalogue": "YouTube目录",
  "installExtensionForEnhancedFeatures": "提示：安装扩展程序以增强Netflix和YouTube的功能！",
  "weCreatedYTCatalogue": "我们创建此目录，帮助您找到适合学习的频道。",
  "errorLoadingData": "加载数据时出错。",
  "search": "搜索",
  "subscribers_colon": "订阅人数：",
  "withSubtitles_colon": "带字幕：",
  "score_colon": "评分：",
  "installExtensionForBetterExperience": "安装浏览器扩展程序，以享受更好的体验！",
  "translationSameAsSource_text_text": "翻译语言(<text>)与源语言(<text>)相同。请考虑在设置中更改您的翻译语言。",
  "translationNotSupported_text_text": "目前不支持从<text>到<text>的翻译。",
  "selectDifferentTranslationLanguage": "请选择另一种翻译语言。",
  "nextVideo": "下一个视频",
  "prevVideo": "上一个视频",
  "smallVideo": "小视频",
  "bigVideo": "放大视频",
  "showTranslation": "显示翻译（如可用）",
  "watchingVideos": "观看视频",
  "afterInstallingAdditionalFeatures": "安装浏览器扩展程序后，您在Netflix和YouTube网站观看视频时，将会享有语言学习的额外功能。",
  "whatToWatch": "观看内容",
  "weCreatedNetflixAndYoutubeCatalogue": "为帮您查找视频，我们为Netflix和YouTube创建了一个目录。您可在此页面左侧的菜单中打开目录。",
  "alreadyOpenPleaseReload": "如果您已打开Netflix或YouTube，请重新加载窗口。",
  "clickToOpenSettings": "点击这里，打开设置。",
  "clickEnableExtraFeatures": "点击这里，启用或禁用额外功能。",
  "formerlyCalled": "（以前称为“通过Netflix学习语言”）",
  "startInstallExtension": "若要开始，请安装浏览器扩展程序。",
  "saveAndReview": "保存和复习",
  "reviewWordsAndPhrases": "您可复习作为抽认卡保存的单词和短语，也可学习新单词。",
  "underActiveDevelopment": "此项目正在积极开发中。若要推荐功能或报告问题，请访问我们的论坛。",
  "writeToUs": "如有其他问题，请来函咨询。",
  "setupComplete": "设置完成",
  "clickWordDictionary": "点击一个单词，查看词典。右击单词保存。",
  "autopauseEverySubtitle": "每个字幕结束时自动暂停播放。",
  "machineAndHumanTranslations": "在设置中，您可以选择显示两种翻译，即机翻与人工翻译。机翻更侧重字面，如果您正在学习这种语言，这能帮助您理解其句型结构。当然，机翻有时存在错误。人工翻译通常很有帮助，因为能够准确翻译特定说法与习语。",
  "keyboardKeys": "您可以使用键盘按键控制播放。",
  "aKey": "上一字幕",
  "sKey": "重播字幕",
  "dKey": "下一字幕",
  "spaceKey": "播放/暂停",
  "settingsForMoreShortcuts": "查看“设置”，了解更多快捷键用法。",
  "weCreatedNetflixCatalogue": "我们创建了一个特别目录，帮助你找到带有高质量字幕的Netflix影片，字幕语言为你正在学习的语言。",
  "youtubeHasAnyTopic": "YouTube的视频主题丰富，涉及所有主要语言。然而，YouTube会试图向您隐藏国外内容。",
  "pageNotFound": "找不到页面。",
  "videosNoLongerAvailable": "列出的某些视频可能在您的国家/地区不再可用。",
  "votes_text": "<text>票",
  "countries_text": "<text>个国家",
  "watch": "观看",
  "tryAgain": "重试",
  "videoUnavailablePleaseContinue": "此视频不可用，请继续到下一个视频。",
  "nextPage": "下一页",
  "prevPage": "上一页",
  "videos": "视频",
  "selectPlaylist": "请选择一个播放列表。",
  "flashcardTooltipProposal": "本次学习周期新增的学习项目数量",
  "flashcardTooltipExposure": "本次学习待复习项目数量",
  "flashcardTooltipTest": "本次测验的题目数量",
  "flashcardExposureTooltip": "复现卡片展示使用已保存单词的不同例句，帮助你理解这些单词的多种用法。",
  "flashcardExposure": "接触学习",
  "flashcardTestTooltip": "测试卡片帮助评估你对单词和句子的掌握程度",
  "flashcardTest": "测试",
  "lastPracticed_text": "上次练习时间：<text>",
  "itemsDueForPractice_text": "有 <text> 个项目需要练习。",
  "startPractice": "开始练习",
  "betterWaitTillTomorrow": "最好等到明天再进行下一轮练习。",
  "practiceMore": "多练习",
  "savedWordsAppearHere": "提示：您保存的单词和短语将在需要练习时显示在此处。",
  "showAnswer": "显示答案",
  "fail": "错误",
  "hard": "困难",
  "easy": "简单",
  "success": "正确",
  "ok": "确定",
  "extraButtonsSearchBar": "因此，我们在YouTube的搜索栏旁增加了这些按钮：",
  "leftTranslateRightSearch": "左侧按钮翻译搜索框中的文本，帮助您更容易找到所学语言的视频。右侧按钮用于搜索带字幕的视频。",
  "youtubeInterfaceLanguageMoreVideos": "您可以将YouTube界面语言更改为您正在学习的语言。之后，YouTube会向您展示更多该语言的视频。",
  "howToChangeYoutubeInterfaceLanguage": "如何更改YouTube界面语言",
  "clickButtonTopRight": "点击屏幕右上角的按钮：",
  "lookForLanguageSetting": "查找“语言”设置：",
  "whenChangeMoreResults": "更改语言后，您学习的语言会有更多搜索结果。",
  "onlyDesktopCheckBack": "Language Reactor目前仅在台式电脑上可用，请稍后查看！",
  "open": "打开",
  "word": "单词",
  "phrase": "短语",
  "translation": "翻译",
  "context": "上下文",
  "source": "来源",
  "actions": "操作",
  "accountInformation": "账户信息",
  "quickSettings": "快速设置",
  "fullSettings": "完整设置",
  "gettingStarted": "开始使用",
  "exportHelp": "导出指南",
  "studyTips": "学习提示",
  "howToImportWebpage": "如何导入网页",
  "importWithRightClick": "您可以通过右键菜单将网页导入Language Reactor。",
  "extensionInstalledForThisFeature": "您需要为此功能安装浏览器扩展。",
  "importText": "导入文本",
  "goToReaderMode": "进入阅读模式",
  "edit": "编辑",
  "read": "阅读",
  "posADJ_UD": "Adj.",
  "posADP_UD": "Adp.",
  "posADV_UD": "Adv.",
  "posAUX_UD": "Aux.",
  "posNOU_UD": "Noun",
  "posPRO_UD": "Pronoun",
  "posVER_UD": "Verb",
  "posDET_UD": "Det.",
  "posSYM_UD": "Symbol",
  "posINT_UD": "Int.",
  "posCCO_UD": "Coord. Conj.",
  "posPUN_UD": "Punct.",
  "posNUM_UD": "Numerical",
  "posPAR_UD": "Particle",
  "posSCO_UD": "Sub. Conj.",
  "posX_UD": "Foreign",
  "posCONJ": "Conj.",
  "posPREP": "Prep.",
  "ok2": "确定",
  "pleaseWait": "请稍候……",
  "ohNoPleaseAddPermissionLRLogin": "哦，不！请允许Language Reactor浏览器扩展在languagereactor.com上运行，以便成功登录！",
  "recommended$Videos$": "推荐",
  "$videos$WithSubtitles": "带字幕",
  "$videosWith$MostSubscribers": "最多订阅者",
  "sortBy": "排序方式",
  "$video$Rating": "评分",
  "yearReleased": "发布年份",
  "type$OfVideo$": "类型",
  "any$TypeOfVideo$": "全部",
  "movies": "电影",
  "series": "系列",
  "genres": "类型",
  "all$Genres$": "全部",
  "goToIMDB": "前往IMDB",
  "availableIn": "可用地区：",
  "errorLoadingVideo": "加载视频时出错",
  "goBack": "返回",
  "sorryThisPlaylistIsMissing": "抱歉，此播放列表丢失。",
  "sorryThisVideoIsMissing": "抱歉，此视频丢失。",
  "videoList": "视频列表",
  "studyLanguage": "学习语言",
  "iAmLearning": "我在学习",
  "playAll": "全部播放",
  "bigUpdate": "重大更新！",
  "readMore": "阅读更多",
  "iGotIt": "我知道了",
  "allWords": "所有单词",
  "savedWords": "保存的单词",
  "savedPhrases": "保存的短语",
  "setVocabLevel_short": "设置词汇量",
  "setVocabLevel": "设置词汇水平",
  "changeVocabLevelConfirmation_GT": "是否将词汇等级从 <text> 调整为 <text>？",
  "changeStudyLevel": "更改学习水平",
  "currentStudyLevel": "当前学习水平",
  "change": "更改",
  "pleaseSelectYourStudyLevelToContinue": "请选择您的学习水平以继续",
  "frequency": "频率",
  "alphabetical": "按字母顺序",
  "LEARNING": "学习中",
  "KNOWN": "已掌握",
  "SKIPPED": "不学习",
  "SKIPPED_short": "不学习",
  "knownWords_GT": "已掌握词汇",
  "tag": "标记",
  "errorLoadingList": "加载列表时出错",
  "pleaseSelectLanguageOnTop_GT": "请在上方选择语言",
  "xSelected": "已选择<text>",
  "setLearningStage": "设置学习阶段",
  "thisWillAffectXItemsAreYouSure": "这将影响<text>个项目。您确定吗？",
  "yes": "是",
  "no": "否",
  "removeItems": "移除项目",
  "setTag": "设置标记",
  "selectAllOrNone": "全选/取消全选",
  "logIn": "登录",
  "noItemsFound": "未找到项目",
  "upgrade": "订阅",
  "transliterationsJapanese": "日语音译",
  "transliterationsVisibility_GT": "显示拼音",
  "alwaysShow_GT": "始终显示",
  "hideForKnownWords_GT": "隐藏已掌握词汇的注音",
  "hideForMarkedAndKnownWords_GT": "隐藏已标记和已掌握词语的注音",
  "specialWords_GT": "特殊词汇",
  "specialWords_info_GT": "名称、地点、数字等",
  "markedWords_GT": "标记的词语",
  "markWord_GT": "标记单词",
  "savedWordsMarkingTooltipDesc_GT": "更改词汇级别时，标记的单词会保持其状态，并显示轮廓标记。",
  "wordStatus_desc_GT": "等级状态取决于词汇水平或个人标记",
  "wordColors_desc_GT": "这些设置控制字幕和文本中单词的显示方式。在\"已保存项目\"视图中，始终使用完整的单词着色。",
  "suggestedWords_desc_GT": "为你推荐最实用的学习词汇",
  "showKnownWordsInGreen": "以绿色显示已知单词",
  "showMarkedLearningWordsInOrange_GT": "以橙色显示已标记的学习词汇",
  "showSuggestedWordsInOrange_GT": "以橙色显示推荐词语",
  "showRareWordsInGrey_GT": "淡化生僻词",
  "outline_GT": "描边",
  "outlineMarkedWordsInText": "在文本中突出显示标记的词语",
  "showTagsInText": "在文本中显示标记",
  "showLearningStageButtonsInMiniDictionary": "悬停时显示学习阶段按钮",
  "switchLearningStage_GT": "切换已知/学习中",
  "switchTags": "切换标签",
  "switchLanguage_GT": "切换语言",
  "dictionary": "词典",
  "speakWordOnClick": "单击时朗读单词",
  "basicSettings": "基本设置",
  "machineTranslationsAvailable": "提供机器翻译",
  "belowAreWordsOfIncreasingDifficultyDesc": "以下是难度逐渐增加的单词。请单击最后一行以确保理解所有单词（滚动查看全部）。",
  "iDontKnowAnyWordsYet": "我还不知道任何单词。",
  "exampleText": "示例文本：",
  "wordColors_GT": "单词颜色",
  "reset_GT": "重置",
  "newChat_GT": "新对话",
  "autoCorrectGrammar_GT": "自动纠正语法",
  "estimatedNumberOfKnownWords": "估计已知单词数",
  "article": "文章",
  "fullText": "全文",
  "textMode": "文本",
  "myText_GT": "我的文本",
  "myTexts_GT": "我的文本",
  "books_GT": "图书",
  "pasteAnyTextYouWishToStudyHere": "将要学习的文本粘贴到此处",
  "videoFile": "视频文件",
  "selectVideo": "选择视频",
  "selectVideoFile": "选择视频文件",
  "selectSubtitles": "选择字幕",
  "subtitlesLanguage": "字幕语言",
  "save": "保存",
  "copy": "复制",
  "copyCurrentSentence": "复制当前句子",
  "wordNotFound": "未找到单词",
  "markWhetherYouKnowThisWordDesc": "标记您是否知道这个单词。将单词标记为橙色（正在学习），会将它们添加到闪卡中。",
  "shortcutRightClick": "鼠标右键单击",
  "shortcutMiddleClick": "鼠标中键单击",
  "addTagToAWordDesc": "您可以使用标签将单词分组。标记的单词可以单独导出。标签可以显示为彩色下划线，这可以在设置中进行控制。",
  "markAsKnown": "标记为已知",
  "markAsLearning": "标记为正在学习",
  "markedKnown_GT": "标记为已知",
  "markedToLearn": "标记为将要学习",
  "learningNow": "正在学习",
  "learnt": "已学习",
  "learn": "学习",
  "remove": "移除",
  "noTag": "无标签",
  "examplesSavedItems": "示例：已保存的项目",
  "examplesCurrentText": "示例：当前文本",
  "examples": "示例：",
  "pleaseSignInToUseThisFeature": "请登录以使用此功能。",
  "pleaseSignInToUseThisFreeFeature": "请登录以使用此免费功能。",
  "soThatWeCanSaveYourProgress": "以便我们可以保存您的进度",
  "phrasepumpInfoTooltipShort": "PhrasePump 提供大量句子，您应该能够理解其中大部分。这有助于提升您的词汇量、听力技能和语法知识。",
  "phrasepumpInfoTooltip": "PhrasePump 提供许多您应该能理解的句子。它可以加强您的词汇、听力和语法知识。选择的句子中有应练习的单词，或包含要学习的新单词。",
  "fumingRiver": "让语言像河流一样流经您的心房，留下深刻印象。",
  "itemsDueForReview": "需要复习的项目",
  "noCardsToStudy": "没有要学习的卡片。",
  "tryEnablingMoreStudyModes": "尝试启用更多学习模式。",
  "pleaseMarkMoreItemsOrWait": "请标记更多要学习的项目，或等待现有项目到期。",
  "statistics": "统计",
  "xCards": "<text> 张卡片",
  "cards": "卡片",
  "cardsPracticedToday": "今日练习的卡片",
  "showLast": "显示最近：",
  "day": "日",
  "week": "周",
  "month": "月",
  "threeMonths": "3个月",
  "markedToLearnDesc": "您保存的单词和短语仍在等待练习的队列中。",
  "suggestions": "建议",
  "suggestionsDesc": "练习完保存的项目后，PhrasePump 会针对您可以学习的单词给出建议。",
  "suggestionsDesc_noMoreLeft": "没有更多建议可显示。",
  "suggestionsDesc_noSuggestionsForLang": "此语言不支持建议。",
  "inTheLastXDaysYouStartedToPracticeYItems": "在过去<text>天里，您已经开始练习<text>个“标记为将要学习”的新单词和短语。",
  "inTheLastXDaysYouStartedToPracticeYSuggestedWords": "在过去<text>天里，您已经开始练习<text>个建议的新单词。",
  "youArePracticingXItems": "您正在积极练习<text>个单词和短语。",
  "inTheLastXDaysYouHaveLearntYItems": "在过去<text>天里，您已经学习了<text>个单词和短语。",
  "inTheLastXDaysYouHavePracticedYItems": "在过去<text>天里，您已经练习了<text>个单词和短语。",
  "learntDescLearntXItems": "您可能会记住至少六周的单词和短语。您已经学习了<text>个项目。",
  "halflifeDays_GT": "记忆半衰期（天）",
  "languageSelector": "语言选择器",
  "addLanguage": "添加语言",
  "dueItems": "待复习项目：",
  "chooseALanguage": "选择一种语言",
  "showContext_GT": "显示上下文",
  "add": "添加",
  "forgot": "忘记了",
  "okay": "确认",
  "quizzes": "测验",
  "suggestedWords": "建议的单词",
  "practice": "练习",
  "thisIsTheFirstTimeYouArePracticingThisItem": "这是您第一次练习这个项目。",
  "quiz": "测验",
  "whatShouldGoInTheGap": "空白处应该填什么？",
  "useTranslationForHelp": "使用翻译获得帮助。",
  "suggestedWord": "建议的单词",
  "wouldYouLikeToLearnThisWord": "您想学这个新单词吗？",
  "listeningPractice": "听力练习",
  "tryToUnderstandBeforeYouRevealTheText": "在展示文本之前试着理解。",
  "newItems": "新项目",
  "newWordsTooltip": "用于展示新项目的卡片的最大百分比（“标记为将要学习”和“建议”）。降低这个比例，更多地练习您已经在学习的项目。如果有许多项目需要审查，则提交的新材料数量将会减少。",
  "sessionSize": "练习数量",
  "sessionSizeTooltip": "会话中的卡片数量。",
  "reveal": "显示答案",
  "savePhrase": "保存短语",
  "learningStage": "学习阶段",
  "savingWords": "保存单词",
  "oldSystem": "旧系统：",
  "newSystem": "新系统：",
  "greenKnownOrSuggestedWords": "白色：已知和建议的词",
  "orangeMarkedWords": "橙色：标记为学习的单词",
  "dictStageTagsPickerDesc": "在这里，您可以标记您是否知道单词（绿色）、正在学习单词（橙色）或不想学习单词（灰色）。您还可以添加标记，这些标记显示为彩色下划线。",
  "exportFromLanguageReactor": "从 Language Reactor 导出...",
  "viewAll": "查看全部",
  "wordViewNotSupported": "此语言目前不支持这项功能。",
  "green": "绿色",
  "yellow": "黄色",
  "red": "红色",
  "blue": "蓝色",
  "lastSaved": "最近保存",
  "rank": "排名",
  "wordList": "单词列表",
  "up1": "以前，您通过用颜色（红色、绿色、黄色、蓝色）标记单词来保存单词。此功能仍然可用（现在称为“标签”），但颜色在单词下方显示为下划线。默认情况下，右键单击单词不再更改其标签颜色，但您可以在设置中进行配置。",
  "up2": "在此更新中，Language Reactor 现在可以为您跟踪您知道哪些单词，对于您不知道的单词，它会建议您是否应该学习它们。这允许软件做一些有用的事情。它适用于大约 40 种语言。",
  "up3": "您知道或应该注意的单词以白色显示。",
  "up4": "您标记为学习的单词以橙色显示。",
  "up5": "您现在不需要学习的不常用单词是灰色的。",
  "up6": "我们将这些类别称为“学习阶段”。",
  "up7": "您可以通过单击词典中的设置图标快速设置您的近似词汇量。您不需要单独标记每个单词。",
  "up8": "如果您已经用颜色保存了很多单词，您可以使用学习阶段批量标记它们：",
  "up9": "单击“已保存的项目”选项卡。",
  "up10": "点击“保存的单词”。",
  "up11": "在下拉列表中选择标签颜色。",
  "up12": "单击“全选”复选框。",
  "up13": "选择您希望分配给这些单词的“学习阶段”。",
  "up14": "完成此操作后，您可能希望在设置选项卡中禁用标签的彩色下划线，以减少观看电影等时的视觉噪音。",
  "up15": "如果你愿意，你不需要使用这个着色系统。在设置中，您可以通过学习状态禁用单词着色：",
  "clickToReadMore": "点击阅读更多",
  "layout_GT": "布局",
  "videoSize_GT": "视频大小",
  "youAreLearning_GT": "学习语言",
  "start_screen": "开始",
  "theTextSeemsToBeIn_lang_GT": "这段文字似乎是<text>语。",
  "changeSourceLanguageTo_lang_GT": "切换到<text>？",
  "clearAllHistoryConfirmation_GT": "清除所有<text>学习记录？",
  "chatHomescreenText_1_GT": "和AI聊天吧，反正你也没有更好的聊天对象了，对吧？",
  "chatHomescreenText_2_GT": "我们让学习变得有趣。",
  "chatPreprompt_label_GT": "聊天指引",
  "chatPreprompt_tooltip_GT": "每次聊天前发送给AI的指示",
  "typeTheTextToTranslate_GT": "输入要翻译的文本",
  "showMiniDictionary_GT": "显示迷你词典",
  "yourMessage_GT": "您的消息",
  "other_GT": "其他选项",
  "pressAndHoldToRecordVoice_GT": "按住录音",
  "recording_GT": "正在录音",
  "switchBetweenShortcutsAndInputMode_GT": "切换快捷键/输入模式",
  "pressTabToswitchBetweenShortcutsAndInputMode_GT": "按 [ESC] 切换快捷键/输入模式",
  "preferredAudioSource_GT": "首选音频源",
  "originalAudioWhenAvailable_GT": "原始音频（如可用）",
  "computerAudioTTS_GT": "文字转语音",
  "include_GT": "包含",
  "noItemsForThisLanguage_GT": "该语言暂无内容",
  "startReading_GT": "开始阅读",
  "numberOfPages_GT": "页数",
  "nextDocument_GT": "下一篇文档",
  "prevDocument_GT": "上一篇文档",
  "noVerticalView_GT": "没有垂直视图",
  "playbackRate_GT": "播放速度",
  "numPages_GT": "<text> 页",
  "chapters_GT": "章节",
  "book_GT": "书本",
  "audioTrack_GT": "音频轨道",
  "simplifiedVersion_GT": "简化版本",
  "dubbedAudio_GT": "配音",
  "dubbedAudioDesc_GT": "这个视频原本是用另一种语言录制的。使用语音识别功能可获得与音频匹配的字幕。",
  "rewindForward5s_GT": "快进 5 秒",
  "rewindBack5s_GT": "倒退5秒",
  "readTheForumPost_GT": "阅读论坛帖子",
  "youtubeChannels_GT": "YouTube 频道",
  "channels_GT": "频道",
  "thisFeatureIsUnderDevelopmentWillBeImprovedSoon_GT": "该功能正在开发中，很快会有改进！",
  "loadingAudio_GT": "正在加载音频...",
  "media_GT": "媒体内容",
  "useOurDesktopBrowserExtension_GT": "观看这些视频时，使用我们的桌面浏览器扩展可获得额外功能。",
  "holdDictButtonToRecordVoice_GT": "长按词典按钮录音",
  "showDictRecord_GT": "词典/录音",
  "text_GT": "正文",
  "words_GT": "词语",
  "viewLessFrequentWordsLink_GT": "在标记词页面查看不常用词",
  "newText_GT": "新建文本",
  "untitledText_GT": "未命名文本",
  "title_GT": "标题",
  "pleaseEnterSomeText_GT": "输入文字以继续",
  "saving_GT": "正在保存...",
  "theTextSeemsToBeIn_lang_whileYourLangIs_GT": "文本似乎是<text>，而你当前的学习语言是<text>。",
  "hideSubtitle_GT": "隐藏字幕",
  "translationThenSubtitle_GT": "先显示翻译再显示字幕",
  "subtitleThenTranslation_GT": "先显示字幕再显示翻译",
  "vocabLevel_GT": "词汇水平",
  "selection_GT": "选中",
  "preview_GT": "预览",
  "noTextWasSelected_GT": "未选择文本",
  "nViews_GT": "<text> 次观看",
  "viewCount_GT": "播放量",
  "date_GT": "日期",
  "areYouTheOwnerYoutube_GT": "你是这个YouTube频道的所有者吗？",
  "nVideos_GT": "<text> 个视频",
  "clearFilters_GT": "清除筛选",
  "recommendedChannels_GT": "推荐",
  "popularChannels_GT": "热门",
  "allChannels_GT": "所有频道",
  "channel_GT": "频道",
  "lexaAiAssistantPrompts_placeholder_example_GT": "解释：请解释单词 <WORD> 在这个句子中的用法：<CONTEXT>\n例子：请给出更多使用单词 <WORD> 的例子，用法类似于这个句子：<CONTEXT>",
  "updateHistory_GT": "更新记录",
  "recentAppUpdates_GT": "最新更新",
  "moreInfo_GT": "更多信息",
  "continue_GT": "继续",
  "podcasts_GT": "播客",
  "allPodcasts_GT": "所有播客",
  "podcast_GT": "播客",
  "hidden_GT": "已隐藏",
  "lexaAiAssistant_GT": "Lexa AI 学习助手",
  "lexaAiAssistantInfo_GT": "Lexa 可以回答你正在学习的材料中有关单词和句子的问题。\n\n你可以在 Language Reactor 设置中编辑提示（问题）。\n\n专业模式使用更智能的模型，可能会给出更好的回答。",
  "lexaAiAssistantPrompts_GT": "Lexa AI 助手提示",
  "lexaAiAssistantPrompts_tooltip_GT": "你可以编辑这些提示（问题），但必须遵守以下格式：\n\n[标签标题]: [提示]\n[标签标题]: [提示]\n等等。\n\n[提示]中可以包含特殊占位符<WORD>和<CONTEXT>。\n\n你可以使用任何语言编写提示。当问题发送给Lexa时，以下文本将被添加到开头：为学习[学习语言]的学生回答问题。用[翻译语言]写出你的回答。",
  "hold_GT": "长按",
  "invalidFormat_GT": "格式无效",
  "howToUseTouch_GT": "触控操作指南",
  "removeThisMessageAndFollowingOnes_GT": "删除此条及后续消息",
  "install_GT": "安装",
  "refresh_GT": "刷新",
  "lexaAiAssistantPrompts_tooltip_intro_GT": "点击单词时，Lexa 会显示在词典上方",
  "homepage_blurb": "🚀 探索、理解并从母语材料中学习的完美助手。✨ 体验一种不仅高效，更充满乐趣的沉浸式学习方式！🔥",
  "homepage_formerly_lln": "以前是 Language Learning with Netflix",
  "homepage_cardBodyNetflix": "浏览器扩展程序让您喜爱的节目变成语言课堂 🍿 Pro模式支持语音识别和机器翻译，帮助您轻松理解内容 🌍",
  "homepage_cardBodyYoutube": "数千个涵盖各种主题的 YouTube 频道 🧠 通过地道的语言环境提升你的理解能力。快来浏览我们精心挑选的内容目录 🎧",
  "homepage_cardBodyFSI": "通过经过验证的政府语言培训课程来挑战自己。按照系统化的口语训练和练习来建立真正的语言流利度。💪 用 Language Reactor 的现代化工具来全面提升这些经典学习方法。",
  "homepage_cardTitleWhatToLearn": "学习重点",
  "homepage_cardBodyWhatToLearn": "学习要讲究方法，事半功倍 🏃‍♂️ Language Reactor 为您推荐学习路上最重要的词汇，帮您把注意力集中在最关键的内容上。",
  "homepage_cardBodyPhrasePump": "PhrasePump 主要是一个听力练习工具。🎧 系统会选择包含需要复习的已保存单词的句子，同时引入新的词汇。无论是初学者还是高级学习者都能从中受益。",
  "homepage_cardBodyAria": "来认识 Aria：你的机智语言伙伴。她既是导师又是段子手，总能妙语连珠。💬 获取即时纠正，探索无限话题，按照自己的节奏建立语言自信！💡",
  "homepage_cardTitleProMode": "Pro 模式 - 可选",
  "homepage_cardBodyProMode": "Language Reactor 已经内置了许多实用的免费功能。Pro 模式为您的体验增添了一些特别的光彩。 ✨",
  "homepage_cardTitleBooksAndWebsites": "书籍与网站",
  "homepage_cardBodyBooksAndWebsite": "将任何网页导入到 Language Reactor。或上传你喜欢的书籍！配合文字转语音功能一起学习。🎯",
  "clickHereToUseKeyboardControls": "单击此处使用键盘控制",
  "uiLanguage_GT": "界面语言",
  "videoFileIntro_GT": "你可以上传视频文件和字幕文件（SRT格式），Language Reactor 将为你创建翻译。目前此功能仅支持你的浏览器可播放的视频格式，其他格式可能无法显示画面。",
  "powerfulToolbox": "语言反应器是一个强大的语言学习工具箱。",
  "discoverUnderstandLearn": "它可帮您发现、理解母语材料并从中学习。",
  "effectiveInterestingEnjoyable": "学习将会更有效、更有趣、更快乐！",
  "extensionAddsNetflixFeatures": "在Netflix网站观看影片和系列剧时，扩展程序可添加双语言字幕、弹出式词典、精确的视频回放控制及许多其它功能！",
  "thousandsOfChannels": "成千上万的频道，供您观看您可想象到的任何主题！通过真实语境中的真实语言培养您的理解能力。",
  "booksAndWebsites": "书籍和网站",
  "importTextTranslationTTS": "导入文本，语言反应器将会添加您所用语言的机器翻译，通过超现实文本语音转换进行阅读。(即将推出)",
  "intelligentFeeding": "语言内容自动、智能馈送。只需选择您的语言水平，便可享受学习之旅。",
  "whatToLearn": "学习内容",
  "suggestVocab": "语言反应器可建议需要关注哪些词汇，可以跳过哪些内容，以使您加快进度！",
  "highlightWhenAppear": "保存您想学习的单词，它们出现时会高亮显示。",
  "homepage_sectionTitleLearn": "从喜爱的内容中学习",
  "homepage_sectionSubtitleLearn": "Language Reactor 帮助你找到适合你水平和兴趣的内容",
  "homepage_cardTitleYoutube": "YouTube 和播客",
  "homepage_sectionTitleSuperpowers": "语言学习神器",
  "homepage_sectionSubtitleSuperpowers": "让任何内容都易于理解",
  "homepage_cardTitleBilingualSubs": "双语字幕",
  "homepage_cardBodyBilingualSubs": "通过双语对照提升听力理解能力，了解两种语言之间的意义联系 👂",
  "homepage_cardTitlePlayback": "精确播放控制",
  "homepage_cardBodyPlayback": "⚡ 暂停时间。控制播放速度。🎮 使用键盘快捷键和手势操作视频。字幕后自动暂停并循环播放直到点击继续。🖱️",
  "homepage_cardTitleDictionary": "词典与 Lexa AI",
  "homepage_cardBodyDictionary": "🔍 点击任意单词获取即时翻译。真实语境例句配有原声音频。🎧 AI智能解析词语用法。🌱 自定义显示更多信息！",
  "homepage_sectionSubtitleMaster": "完整的词汇学习宝典",
  "homepage_cardTitleSmartHighlighting": "智能高亮",
  "homepage_cardBodySmartHighlighting": "保存一个单词后，即可在各种形式中识别它。Language Reactor 能识别复数、动词变位及相关词形变化，让您在浏览所有内容时自然地强化学习。",
  "homepage_cardTitleExportAnki": "导出到 Anki",
  "homepage_cardBodyExportAnki": "已经在使用 Anki？📤 导出精美的记忆卡片到 Anki，包含截图和音频片段。",
  "homepage_sectionTitlePractice": "熟能生巧",
  "homepage_sectionSubtitlePractice": "让学习从被动转为主动",
  "homepage_cardBodyPhoneTablet": "Language Reactor 同样适用于手机和平板电脑。我们一直在不断改进。",
  "homepage_cardTitlePhoneTablet": "手机和平板",
  "homepage_sectionTitleMaster": "掌握每个单词和短语",
  "homepage_cardTitleExtension": "浏览器扩展",
  "homepage_cardBodyExtension": "在电脑上安装浏览器扩展程序，即可在观看 Netflix 和 YouTube 网站视频时启用 Language Reactor 功能，还可导入网页",
  "pleaseRefreshAfterChanges": "更改后请刷新：",
  "pdfsInThisCourseOnlyOnDesktop": "本课程的PDF文件只能在桌面端查看。",
  "noAudioFiles": "无音频文件",
  "proFeatures_intro": "通过 Language Reactor Pro 功能，释放您的语言学习潜能！🚀📚",
  "proFeatures_netflixTitle": "语音识别和机器翻译 (Netflix)",
  "proFeatures_netflixFree": "使用 Netflix 提供的字幕 🍿",
  "proFeatures_netflixPro": "🎤 所有音轨都支持语音识别功能。为您喜爱的剧集提供准确的配音字幕！🎬 机器翻译更加直译，帮助您更好地理解原文内容。🌍",
  "proFeatures_saveWordsTitle": "保存单词和短语",
  "proFeatures_saveWordsFree": "在使用 PhrasePump 功能时保存单词和短语 📝",
  "proFeatures_saveWordsPro": "在所有 Language Reactor 功能中保存单词和短语。根据个人兴趣和词汇盲点定制学习内容。已标记的单词会在所有 Language Reactor 功能中突出显示，还可以导出到 Anki！📈✨",
  "proFeatures_lexaTitle": "Lexa AI 词典",
  "proFeatures_lexaFree": "使用基础AI助手获取解释 🤖",
  "proFeatures_lexaPro": "体验升级版AI模型，知识面更广，能够更有效地回答复杂问题 🧠🌐",
  "proFeatures_supportTitle": "支持开发团队",
  "proFeatures_supportDetails": "感谢您的支持，这让我们能够持续改进 Language Reactor 并为您带来新功能！❤️",
  "youCanSubscribeAgainAfterTheEndOfThisPeriod": "您可以在此期限结束后重新订阅。",
  "tipHoldTheDictionaryButtonToRecordVoice": "提示：长按词典按钮即可语音录入",
  "sentenceOrTextSource": "来源",
  "homepage_cardTitleLanguageSupport": "🌍 多语言支持",
  "homepage_cardBodyLanguageSupport": "学习40多种语言的内容 🔤 查看使用不同书写系统的语言的注音 👀 字幕默认隐藏直到鼠标悬停——完美训练您的听力技能",
  "additional15DiscountUntil5thJanuary2025": "2025年1月5日前可享额外15%优惠。结账时请使用优惠码'turtle'。🎅",
  "includeDubbedAudioNF": "包含配音版",
  "phrasepumpNeedsImprovementForLang": "PhrasePump 对以下语言仍需改进：",
  "addToHomeScreen": "添加到主屏幕",
  "textToSpeechVoiceNotAvailableForThisLangError": "此语言暂无文字转语音功能。请尝试为系统安装额外的语言包（如可用）。",
  "textToSpeechInSafariNotGreatTryEdgeOrChrome": "Safari浏览器的语音功能效果不佳。建议安装Microsoft Edge或Chrome以获得更好的语音效果。",
  "dueForReview": "待复习",
  "signInWithGoogle": "使用谷歌账号登录",
  "allServersRunningNormally": "所有服务器运行正常",
  "clearHistory": "清除",
  "copiedText": "已复制：",
  "loadingText": "正在加载文本...",
  "installChromeExtension": "安装 Chrome 扩展",
  "itemsRemoved": "已删除项目",
  "removingItemsFailed": "删除项目失败。",
  "itemsUpdated": "项目已更新",
  "autopauseNotAvailableOnYoutube": "YouTube视频不支持自动暂停功能",
  "sideBySideLayout": "并排显示",
  "overAndUnderLayout": "上下显示",
  "youAlsoHaveItemsInOtherLanguages": "您在其他语言中也有保存的内容。请在设置中切换语言以查看。",
  "otherLanguages": "其他语言",
  "paymentsAreCurrentlyNotSupportedInYourCountry": "当前在您的国家/地区不支持付款。",
  "titles_header": "标题",
  "sources_header": "来源",
  "holdTheButtonToRecord": "按住按钮开始录音",
  "noOption": "无匹配选项",
  "learningResources": "学习资源",
  "deleteMyData": "删除我的数据",
  "deleteMyData_confirmationMessage": "此操作将永久删除您的所有设置、保存项目、练习记录、保存的媒体和文本。您确定要继续吗？",
  "advancedActions": "高级操作",
  "successDone": "成功！",
  "qKey": "自动暂停开关",
  "rKey": "保存当前字幕",
  "copyKey": "复制当前句子",
  "unknownRank": "未知词频",
  "mostFrequentWord": "最常用词",
  "studyStore_errorSavingCardStats": "保存卡片统计数据失败。",
  "studyStore_errorSavingCardRating": "保存卡片评分失败。",
  "studyStore_loginNoLongerValid": "登录已失效，请重新加载此页面。",
  "studyStore_tooltip_extraPracticeSentence": "这个句子的出现并非因为你保存了某个特定单词，而是为了帮助你提升听力和语法能力的额外练习。",
  "studyStore_tooltip_savedInYoutube": "保存自 YouTube 视频：",
  "studyStore_tooltip_savedInNetflix": "已保存自 Netflix 视频：",
  "studyStore_extraPracticeIndicator": "[额外练习]",
  "studyStore_errorLoadFlashcardMetadataFailed": "加载闪卡元数据失败。",
  "studyStore_errorLoadPracticeItemsFailed": "加载练习内容失败。",
  "studyStore_errorLoadAudioFailed": "音频加载失败。",
  "studyStore_errorGettingAudio": "获取音频时出错：",
  "savedItemsStore_errorTooManyItems": "已超出允许保存的项目数量",
  "savedItemsStore_errorSavingItem": "保存项目失败。",
  "savedItemsStore_errorUpdatingItemsFailed": "更新项目失败。",
  "savedItemsStore_errorFailedToRemoveItem": "无法删除项目",
  "savedItemsStore_devError_itemNotFoundForSetStudied": "已保存的项目不存在：",
  "mediaStore_errorFailedToGetPlaylistInfo": "无法获取播放列表信息。",
  "mediaStore_errorFailedToGetDocumentInfo": "无法获取文档信息。",
  "mediaStore_errorDocNotFoundInPlaylist": "在播放列表中未找到该文档。",
  "userDataStore_errorFailedToSaveUserData": "无法更新已保存的设置。",
  "userDataStore_errorUpdatingSavedItemKeys": "无法获取已保存的项目信息",
  "chatStore_errorNannyRefusedMessage": "聊天服务无法处理您的消息，请尝试重新表述",
  "chatStore_errorQuotaExceededPro": "聊天使用配额已用完，请明天再试。",
  "chatStore_errorAsrFailed": "无法处理您的语音消息，请重试。",
  "chatStore_errorGettingChatMessages": "获取聊天消息时出错",
  "chatStore_errorQuotaExceededMachine": "聊天额度已用完。请检查您的订阅或稍后重试。",
  "chatStore_errorQueueFull": "抱歉，服务器目前负载已满，我们正在处理中。",
  "chatStore_infoProUsersPriorityAccess": "专业版用户可享受优先访问权限",
  "chatStore_errorLoadingConversationLangMismatch": "无法加载对话：语言设置不匹配。",
  "chatStore_placeholderEnterWordsHere": "[在此输入文字]",
  "notifications_prefixNetworkError": "网络错误，请检查您的WiFi。",
  "notifications_prefixNotFound": "错误：未找到。",
  "notifications_prefixBadRequest": "软件出错，请稍后重试。",
  "notifications_prefixTokenError": "登录失效，请重新登录。",
  "notifications_prefixServerError": "服务器错误，请稍后重试。",
  "notifications_prefixNotProUser": "专业版功能已不可用。",
  "notifications_prefixRateLimitExceeded": "已超出访问限制，请稍后再试。",
  "mediaDocPodcast_errorTimeoutDownloadingAudio": "从网址下载音频超时。",
  "media_errorLoadingMediaTranslations": "加载媒体翻译时出错",
  "media_errorAsrQuotaExceeded": "您已达到今日音频处理上限，请明天再试。",
  "media_errorAsrQueueFull": "语音处理服务器正忙，请稍后再试。",
  "media_errorLoadingAsr": "语音识别加载失败",
  "media_errorAsrTooLong": "语音识别处理时间过长。请稍后重试。",
  "media_errorLoadingNlpData": "无法加载自然语言处理数据。",
  "mediaDocText_errorFetchingPageTranslations": "无法获取页面翻译",
  "mediaDocText_errorFetchingTextInfo": "获取文本信息失败。",
  "mediaDocText_errorFetchingPageNlp": "获取页面自然语言处理数据失败。",
  "mediaDocText_errorFetchingPageTts": "获取页面语音失败",
  "media_errorLoadingMediaMetadata": "加载媒体信息失败。",
  "media_errorFetchingSubtitlesForVideo": "无法获取视频字幕",
  "media_errorAsrNotAvailableForVideo": "抱歉，此视频暂不支持语音识别功能。",
  "media_errorFetchingVideoTranslations": "获取视频翻译时出错"
}