{
  "langCode": "zh_TW",
  "appNameTr": "Language Reactor",
  "appName": "Language Reactor",
  "appDesc": "透過觀看您正在學習的語言的電影和影集，有效且愉快地提升您的語言能力。",
  "catalogue": "目錄",
  "catalogue_tooltip": "尋找適合使用 Language Reactor 的電影和影集。",
  "help": "幫助",
  "help_tooltip": "使用說明與小技巧。",
  "feedback": "提供意見",
  "feedback_tooltip": "遇到問題了嗎？有什麼需要的功能？",
  "facebook": "Facebook",
  "facebook_tooltip": "按讚我們的頁面，查看最新消息。",
  "originalLanguage_label": "原始語言：",
  "originalLanguage_tooltip": "此 Netflix 影片的原始語言",
  "noDictionary_error": "Language Reactor 擴充套件尚未支援「<text>」的字典，這個功能即將推出！",
  "subtitleLanguage_label": "Netflix 字幕語言",
  "subtitleLanguage_tooltip": "這是您所選擇的 Netflix 字幕語言。",
  "subtitlesNotLoaded_error": "Netflix 字幕未載入，是否在 Netflix 播放選單中選擇了字幕語言？",
  "subtitlesNoMatchAudio_error": "您選擇的 Netflix 字幕（<text>）與音軌不匹配。您可以試試在 Netflix 播放器中將它們設置為這部影片的原文語言（<text>），或在 Language Reactor 目錄中尋找您所學語言的推薦影片。",
  "subtitlesNoMatchAudio_ASR_error_GT": "<text> 字幕與音訊不符。請在 Netflix 播放控制項中切換至原始語言字幕（<text>），或在 Language Reactor 目錄中尋找適合您目標語言的推薦內容。您也可以使用語音辨識（ASR）音軌。",
  "audioNoMatchSubtitles_error": "您選擇的 Netflix 音軌（<text>）可能與字幕不匹配。您可以試試在 Netflix 播放器中將其設置為這部影片的原文語言（<text>），或在 Language Reactor 目錄中尋找您所學語言的推薦影片。",
  "audioLanguage_label": "Netflix 音軌語言",
  "audioLanguage_tooltip": "這是您選擇的 Netflix 音軌的語言。",
  "pleaseSelectSubtitles": "- 請在 Netflix 播放器中選擇字幕 -",
  "pleaseSelectSubtitlesYoutube": "- 請在 YouTube 播放器中選擇字幕 -",
  "loadingSubtitles": "- 正在載入字幕，請稍候... -",
  "loadingTranslations": "翻譯載入中...",
  "firstSubtitleNotReached": "- 第一行字幕尚未出現。 -",
  "errorApology_OLD": "Language Reactor 遇上了錯誤。開發者已收到通知。請試試重新整理頁面，或是在 24 小時後重試。抱歉給您帶來不便。查看我們的 Facebook 粉絲頁以追蹤最新消息。錯誤訊息：<text>",
  "openClose_tooltip": "開啟/關閉 Language Reactor",
  "vocabHighlight_label": "詞彙標示",
  "levelWithNumber": "等級<text>：<text>個單詞",
  "levelDisable": "等級<text>：禁用",
  "translationLanguage_label": "翻譯語言",
  "translationLanguage_tooltip": "這是翻譯的語言。將其設置為您的母語。",
  "showMachineTranslation_label": "顯示機器翻譯",
  "showMachineTranslation_tooltip": "以您的語言顯示源字幕的機器翻譯。",
  "showHumanTranslation_label": "顯示人類翻譯",
  "showHumanTranslation_tooltip": "如果可用，請以您的語言顯示源字幕的人工翻譯。",
  "slowSpeechSegments": "減慢語音段落",
  "slowSpeechSegments_tooltip": "當字幕處於啟用狀態（0.8x）時，降低影片的播放速度，以便於理解。",
  "keyboardShortcuts": "鍵盤快捷鍵：",
  "previous": "上一個",
  "next": "下一個",
  "previousSub": "上一個字幕",
  "nextSub": "下一個字幕",
  "play": "播放",
  "playPause": "播放/暫停",
  "repeat": "重複",
  "infiniteRepeat": "無限重複",
  "alsoUseASD": "您還可以使用：A，S，D，空白鍵",
  "autoPause": "自動暫停",
  "autoPause_tooltip": "在每個字幕的末尾自動暫停播放。",
  "none": "無",
  "nms_tip": "您在學習語言嗎？試試我們的新擴充套件，與 Netflix 一起學語言。",
  "welcomeModal_line1_string": "親愛的用戶，",
  "welcomeModal_line2_string": "我們對擴充功能進行了重大更新。希望您喜歡這些新功能：",
  "welcomeModal_line3_string": "字幕現在可以顯示在影片上方。",
  "welcomeModal_line4_string": "附加的側面板可檢視所有可用字幕。",
  "welcomeModal_line5_string": "對亞洲語系有更佳的支援。",
  "proFeatures_line1_string": "專業版模式提供額外功能：",
  "proFeatures_line2_string": "機器翻譯",
  "proFeatures_tt2_string": "這些翻譯更接近原始字幕的含義，對於學習語言的學生更有幫助。",
  "proFeatures_line3_string": "儲存單字和片語",
  "proFeatures_tt3_string": "在所有字幕中，您保存的任何單字都會特別突顯。讓您的學習更有條理。保存的單字和片語可以輸出到 Anki（閃卡程式）。",
  "proFeatures_line4_string": "為配音電影加入字幕",
  "proFeatures_tt4_string_GT": "Netflix 上許多影集都有其他語言的配音選項，但 Netflix 往往缺乏這些配音的正確字幕。Language Reactor 能為這些配音製作字幕，讓你能用《絕命毒師》這類影集來學習德語。",
  "proFeatures_line5_string": "協助開發人員",
  "proFeatures_tt5_string": "我們持續努力改進擴充功能並為您帶來新功能。",
  "price_string": "每月費用為：",
  "welcomeModal_line6_string": "機器翻譯曾經是免費的，但這實際上是一項昂貴的服務，希望您能理解。",
  "useForFree_line_string": "您可以免費使用這些功能一週。",
  "useForFree_twoWeeks_line_string": "您可以免費使用這些功能兩週。",
  "useProForFreeTwoWeeks_string": "您可以免費使用專業版功能兩週。",
  "notNow_btn_string": "暫不",
  "continueWithGoogle_btn_string": "使用 Google 帳戶繼續",
  "trialBegunModal_body_string": "專業版功能已啟用！",
  "ok_btn_string": "確定",
  "prePaymentModal_line1_string": "訂閱以持續使用專業版功能。",
  "choosePaymentProvider_line_string": "請選擇付款方式：",
  "payWithGoogle_btn_string": "接受信用卡付款。",
  "payWithPaddle_btn_string": "接受信用卡和 PayPal 付款。",
  "christmasSale_GT": "限時優惠至1月1日止 八折",
  "youPayEveryMonth_GT": "月費：",
  "or_GT": "或",
  "youPayEvery3Months_GT": "季付方案：",
  "youPayEveryYear_GT": "年費：",
  "oneMonth_GT": "1 個月",
  "threeMonths_GT": "3 個月",
  "oneYear_GT": "1 年",
  "subscriptionLabel_GT": "訂閱方案。付費後如不需自動續訂，可隨時取消。",
  "choose_GT": "選擇",
  "paymentSuccessful_line1_string": "付款成功！感謝您支持我們的計畫！",
  "paymentSuccessful_line2_string": "您可以隨時從設定中取消訂閱。",
  "paymentSuccessfulPaddleMessage_line_string": "注意：如果您的付款方式需要人工檢查，可能需稍候數小時，之後您的專業版模式應會自動生效。對於延誤我們深感抱歉。",
  "cancelGoogle_line_string": "注意：專業版模式將在您於前次付款後的30天內保持有效狀態。",
  "cancelSubscription_btn_string": "取消訂閱",
  "problemWithPayment_line1_string": "您的訂閱付款有問題。",
  "problemWithPayment_line2_string": "更新您的付款資訊後，請重新載入本視窗。",
  "updatePayment_btn_string": "更新付款資訊",
  "alreadyUserPleaseSignIn": "已經是用戶嗎？請登入。",
  "pleaseSignIn": "請登入。",
  "pleaseSignInOrRegister": "請登入或註冊以存取其他功能",
  "noCreditCardInfoNoChargeAfterTrial": "無需提供信用卡資訊。試用期結束後將不會向您收費，除非您屆時選擇購買訂閱。",
  "signIn": "登入",
  "signOut": "登出",
  "options": "選項",
  "mode": "模式：",
  "manageSubscription": "訂閱管理",
  "mode_free": "免費",
  "mode_basic": "基本模式",
  "mode_pro": "專業版",
  "signInStatus": "登入狀態：",
  "signedIn": "已登入",
  "notSignedIn": "未登入",
  "fix": "修復",
  "featureComingSoon": "功能即將推出。",
  "showTransliterations": "顯示音譯",
  "noTransliterations": "無音譯",
  "romaji": "原文 + 羅馬字",
  "hiragana": "原文 + 平假名",
  "romajiOnly": "僅羅馬字",
  "hiraganaOnly": "僅平假名",
  "withOriginalForm": "以原始形式",
  "transliterationsOnly": "僅音譯",
  "hideTransliterationsForKnownWords_GT": "隱藏已熟悉單字的拼音",
  "playbackSpeed": "播放速度",
  "normal": "正常",
  "notAvailable": "無法使用。",
  "noHTAvailable": "對選定的語言沒有人工翻譯可供選擇。",
  "noMTAvailable": "機器翻譯僅適用於電影的原始字幕。",
  "proFeature": "進階功能",
  "saveCurrentSubtitle": "儲存目前字幕",
  "toggleAutoPause": "開啟/關閉自動暫停",
  "exportToAnki": "匯出到Anki",
  "pleaseSelectItemsToExport": "請選擇要匯出的項目：",
  "allItems": "所有項目",
  "download": "下載",
  "subtitles": "字幕",
  "words": "詞語",
  "savedItems_short": "已儲存項目",
  "savedItems": "已儲存項目",
  "saved": "已儲存",
  "allLanguages": "所有語言",
  "allTypes": "所有類型",
  "yellowWords": "黃色詞語",
  "blueWords": "藍色詞語",
  "greenWords": "綠色詞語",
  "purpleWords": "紫色詞語",
  "redWords": "紅色詞語",
  "phrases": "片語",
  "noSavedItems": "沒有儲存的項目。",
  "clickAStar": "點擊星星來儲存當下的字幕，或點擊字典中的顏色按鈕以儲存單字。",
  "loadingDotDotDot": "載入中...",
  "showMore": "顯示更多",
  "openCloseBottomPanel": "開啟/關閉底部面板",
  "openCloseVerticalView": "開啟/關閉垂直檢視",
  "close": "關閉",
  "autoPaused": "自動暫停",
  "pressSpaceToContinue": "(按空白鍵繼續)",
  "saveWordTooltip": "單字儲存。您也可以對單字點擊右鍵來進行儲存。",
  "subscriptionToProFeatures": "訂閱專業版功能。",
  "tryForFree": "免費試用",
  "noCreditCardRequired": "不需要信用卡。",
  "noCharge": "我們與眾不同，不會在試用版期間向您收費或自動升級您的訂用帳戶。",
  "subscriptionActive": "您的訂閱有效。",
  "speedUpPlayback": "加快播放速度",
  "slowDownPlayback": "放慢播放速度",
  "highlightSavedWords_label": "突出顯示已儲存的單字",
  "onRightClick_label": "點擊右鍵",
  "onLongPress_label_GT": "長按動作",
  "suggestedToKnownWordsRatio_label_GT": "建議詞彙與已知詞彙比率",
  "showVV_label": "顯示字幕清單視圖",
  "showSubsBelowVideo_label": "在影片下方顯示字幕",
  "otherPossibleTranslations": "其他可能的翻譯",
  "doNothing_option": "什麼都不做",
  "showDict_option": "顯示詞典",
  "showDictSpeak_option": "顯示詞典並讀出單字",
  "speakWord_option": "朗讀單字",
  "saveWord_option": "儲存單字",
  "removeAllItems": "全部移除",
  "areYouSure": "是否確定？",
  "hideTranslation": "隱藏翻譯",
  "hideTranslation_tt": "播放影片時隱藏翻譯。點擊文字或按下[e]鍵可顯示翻譯。",
  "littlePracticeEveryDay": "學習一門語言需要每天做些練習。",
  "enableLln": "啟用Language Reactor",
  "doYouLikeOurExtension": "您喜歡Language Reactor嗎？",
  "reportBug": "回報問題",
  "translationNotFound": "找不到翻譯。",
  "usageExamples": "用法範例",
  "userDefinedExternalDict_label": "用戶自定義詞典網址",
  "turnOnOff": "開啟/關閉",
  "fontSize_label": "字型大小",
  "extraSmall": "極小",
  "small": "小",
  "large": "大",
  "extraLarge": "特大",
  "removeSubtitle": "移除",
  "settings": "設定",
  "subtitleLanguage_label_yt": "YouTube 字幕語言",
  "subtitleLanguage_tooltip_yt": "這是您所選擇的 YouTube 字幕語言。",
  "subtitlesNotLoaded_error_yt": "YouTube 字幕未載入，是否在 YouTube 播放選單中選擇了字幕語言？",
  "exportAsJson": "匯出為JSON",
  "exportAsCsv": "匯出為CSV",
  "exportAsExcel": "匯出為Excel",
  "overrideArrowKeys_label": "覆蓋方向鍵",
  "overrideArrowKeys_tt": "使按下鍵盤方向鍵的效果與按下A、S、D鍵相同",
  "changelist": "變更清單",
  "print": "列印",
  "export": "匯出",
  "appDescYoutube": "透過觀看目標語言的影片，有效且愉快地提升您的語言能力。",
  "externalDictsMessage": "外部字典。按住 Shift 鍵點擊單字時，可直接開啟上次使用的外部字典。",
  "userDefinedExternalDict_tooltip": "自定義字典將與其他外部字典一同顯示在字典彈出視窗中（將以U1、U2等方式命名）。網址需包含「WORD」（大寫）－系統會自動替換成您查詢的單字。您可以在不同行中輸入多個網址。",
  "pleaseLeaveReviewMessage": "喜歡 Language Reactor 嗎？請到 Chrome 應用程式商店為我們留下評價。",
  "writeReview": "撰寫評論",
  "saveSubtitle": "儲存",
  "translate": "翻譯",
  "selectLang": "選擇語言",
  "searchVidsWithSubs": "搜尋帶字幕（CC）的影片",
  "searchSettings": "搜尋設定",
  "sourceLang": "原始語言：",
  "chatWithOtherUsers": "與其他Language Reactor使用者聊天",
  "forum": "論壇",
  "tip": "提示：",
  "considerChangingYoutubeLanguage": "為了獲得最佳搜尋結果，請考慮在YouTube設定中更改您的語言。",
  "seeHow": "學習方法",
  "helloPleaseSelectYourNativeLanguage": "您好。請選擇您的母語：",
  "yourNativeLanguage_GT": "您的母語：",
  "autoHideYoutubePlaybackBarRecommended": "自動隱藏YouTube播放欄（推薦）",
  "dontChangeTheInterface": "請勿更改介面",
  "hidePlaybackBar": "隱藏播放欄",
  "font": "字型",
  "defaultRecommended": "預設（建議）",
  "subtitlesHidden": "字幕（隱藏）",
  "noSubsForThisVideo": "這段影片沒有字幕！",
  "forceOriginalTracks": "強制原聲",
  "forceOriginalTracks_desc": "如果啟用，此選項將在啟用擴充時將影片切換為原始語言的音訊和字幕。",
  "hideSubtitles": "隱藏字幕",
  "disabled": "禁用",
  "hideTranslations": "隱藏翻譯",
  "hideBoth": "隱藏兩者",
  "showSubtitleControls": "顯示字幕控制項",
  "moveToggleControls": "移動/切換控制項",
  "netflixTestsMessage": "Netflix 有時會進行測試，可能導致 Language Reactor 無法正常運作。為避免問題，我們建議您關閉參與 Netflix 測試的選項。這很簡單：",
  "disableTesting": "禁用測試",
  "nextBillingDate": "下次計費日期",
  "youCanUseProForXXDays": "您可以繼續使用 Pro 功能 <text> 天。",
  "youCanUseFreeForXXDays": "您可以使用免費功能 <text> 天。",
  "subtitlesCouldNotBeLoaded": "無法載入字幕。",
  "adIsPlaying": "正在播放廣告。",
  "yourSubscriptionHasExpired": "您的訂閱已過期。",
  "youHaveCanceledYourSubscription": "您已取消您的訂閱。",
  "nowYouCanStudyWithYoutubeToo": "現在，您也可以使用 YouTube 學習語言了！",
  "machineTranslations": "機器翻譯",
  "humanTranslations": "人工翻譯",
  "belowAreWordsFromTheCurrentVideo_GT": "依出現頻率排序的影片單字",
  "rightClickWordToSaveIt_GT": "點擊右鍵標記單字",
  "leftClickToOpenDict": "左鍵點擊，開啟詞典。",
  "selectVocabLevelToMarkPurple": "在設定中選擇一個詞彙級別，將不常見的單詞標記為紫色。",
  "aboveCurrentLevel": "高於當前級別",
  "unsavedWords": "未儲存的單詞",
  "levelX": "等級 <text>",
  "tips": "提示",
  "emptyTemplate": "",
  "thisExportHasMultipleParts": "此匯出有多個部分。",
  "downloadPartXX": "下載部分 <text>",
  "thisItemWasSavedInAnotherVideo": "此項目保存在另一影片中。",
  "cancel": "取消",
  "openVideo": "打開影片",
  "format": "格式",
  "printHtml": "列印（HTML）",
  "mustReadHowToImportToAnki": "必須閱讀：如何導入到 Anki 中",
  "infoAboutCsvExport": "有關 CSV 匯出的資訊",
  "jsonDataSchema": "JSON 數據模式",
  "language": "語言",
  "itemType": "項目類型",
  "includeTimestamps": "包含時間戳記",
  "youCanChangeTranslitsOptionsInSettings": "您可在設定中更改音譯選項。",
  "preferredTranslations": "首選翻譯",
  "onlyNewItemsSinceLastExport": "僅新項目，自上次匯出",
  "includeMedia": "包含媒體",
  "langName_is": "冰島文",
  "langName_ga": "愛爾蘭文",
  "langName_az": "亞塞拜然文",
  "langName_af": "南非荷蘭文",
  "langName_am": "阿姆哈拉文",
  "langName_ar": "阿拉伯文",
  "langName_sq": "阿爾巴尼亞文",
  "langName_hy": "亞美尼亞文",
  "langName_it": "義大利文",
  "langName_yi": "意第緒文",
  "langName_ig": "伊布文",
  "langName_id": "印尼文",
  "langName_ug": "維吾爾文",
  "langName_cy": "威爾斯文",
  "langName_uk": "烏克蘭文",
  "langName_uz": "烏茲別克文",
  "langName_ur": "烏都文",
  "langName_et": "愛沙尼亞文",
  "langName_eo": "世界文",
  "langName_or": "歐迪亞文",
  "langName_nl": "荷蘭文",
  "langName_kk": "哈薩克文",
  "langName_ca": "加泰蘭文",
  "langName_gl": "加利西亞文",
  "langName_kn": "坎那達文",
  "langName_rw": "盧安達文",
  "langName_el": "希臘文",
  "langName_ky": "吉爾吉斯文",
  "langName_gu": "古吉拉特文",
  "langName_km": "高棉文",
  "langName_ku": "庫德文",
  "langName_hr": "克羅埃西亞文",
  "langName_xh": "科薩文",
  "langName_co": "科西嘉文",
  "langName_sm": "薩摩亞文",
  "langName_jv": "爪哇文",
  "langName_ka": "喬治亞文",
  "langName_sn": "紹納文",
  "langName_sd": "信德文",
  "langName_si": "僧伽羅文",
  "langName_sv": "瑞典文",
  "langName_zu": "祖魯文",
  "langName_gd": "蘇格蘭蓋爾文",
  "langName_es": "西班牙文",
  "langName_sk": "斯洛伐克文",
  "langName_sl": "斯洛維尼亞文",
  "langName_sw": "史瓦希里文",
  "langName_su": "巽他文",
  "langName_ceb": "宿霧文",
  "langName_sr": "塞爾維亞文",
  "langName_so": "索馬利文",
  "langName_th": "泰文",
  "langName_tg": "塔吉克文",
  "langName_tt": "韃靼文",
  "langName_ta": "坦米爾文",
  "langName_cs": "捷克文",
  "langName_te": "泰盧固文",
  "langName_da": "丹麥文",
  "langName_de": "德文",
  "langName_tk": "土庫曼文",
  "langName_tr": "土耳其文",
  "langName_ny": "尼揚賈文",
  "langName_ne": "尼泊爾文",
  "langName_no": "挪威文",
  "langName_ht": "海地文",
  "langName_ha": "豪撒文",
  "langName_ps": "普什圖文",
  "langName_eu": "巴斯克文",
  "langName_haw": "夏威夷文",
  "langName_hu": "匈牙利文",
  "langName_pa": "旁遮普文",
  "langName_hi": "印地文",
  "langName_tl": "菲律賓文",
  "langName_fi": "芬蘭文",
  "langName_hmn": "孟文",
  "langName_fr": "法文",
  "langName_bg": "保加利亞文",
  "langName_vi": "越南文",
  "langName_iw": "希伯來文",
  "langName_be": "白俄羅斯文",
  "langName_fa": "波斯文",
  "langName_bn": "孟加拉文",
  "langName_pl": "波蘭文",
  "langName_bs": "波士尼亞文",
  "langName_pt": "葡萄牙文",
  "langName_mi": "毛利文",
  "langName_mk": "馬其頓文",
  "langName_mg": "馬達加斯加文",
  "langName_mr": "馬拉地文",
  "langName_ml": "馬來亞拉姆文",
  "langName_mt": "馬爾他文",
  "langName_ms": "馬來文",
  "langName_my": "緬甸文",
  "langName_mn": "蒙古文",
  "langName_yo": "約魯巴文",
  "langName_lo": "寮文",
  "langName_la": "拉丁文",
  "langName_lv": "拉脫維亞文",
  "langName_lt": "立陶宛文",
  "langName_ro": "羅馬尼亞文",
  "langName_lb": "盧森堡文",
  "langName_ru": "俄文",
  "langName_en": "英文",
  "langName_ko": "韓文",
  "langName_fy": "西弗里西亞文",
  "langName_zh-CN": "中文（簡體）",
  "langName_zh-TW": "中文（繁體）",
  "langName_st": "塞索托文",
  "langName_ja": "日文",
  "netflixCatalogue": "Netflix 目錄",
  "notAllTitlesAllCountries": "由於並非所有影片都在各國家都能觀看，請選擇 Netflix 偵測到您所在的國家。",
  "catalogueByOriginalLanguage": "此目錄以原始語言列出各個電影標題。您可以使用它尋找法國電影以學習法語，還可以尋找德國電影以學習德語。",
  "goodSubtitlesForOriginal": "Netflix 為影片原始語言提供優質字幕，完全配合音軌。",
  "oftenDontMatch": "字幕通常與配音的音頻不匹配。",
  "yourCountry": "您所在的國家",
  "allCountries": "所有國家",
  "numberFound_colon": "找到的影片數量：",
  "genre_colon": "類型：",
  "released_colon": "發行日期：",
  "runtime_colon": "影片時長：",
  "drama": "戲劇",
  "action": "動作",
  "crime": "犯罪",
  "thriller": "驚悚片",
  "adventure": "冒險",
  "scifi": "科幻",
  "romance": "浪漫",
  "fantasy": "奇幻",
  "mystery": "神秘",
  "war": "戰爭",
  "biography": "傳記",
  "history": "歷史",
  "clearHistory_GT": "清除紀錄",
  "comedy": "喜劇",
  "horror": "恐怖",
  "sport": "運動",
  "music": "音樂",
  "animation": "動畫",
  "musical": "音樂劇",
  "noMoviesFoundForThisSearch": "未找到搜尋的電影。",
  "youtubeCatalogue": "YouTube 目錄",
  "installExtensionForEnhancedFeatures": "小貼士：觀看 Netflix 和 YouTube 時，請安裝延伸模組以使用更多功能！",
  "weCreatedYTCatalogue": "我們創建此目錄以幫助您尋找可以學習的優質頻道。",
  "errorLoadingData": "加載數據時出錯。",
  "search": "搜尋",
  "subscribers_colon": "訂閱數量：",
  "withSubtitles_colon": "有字幕：",
  "score_colon": "評分：",
  "installExtensionForBetterExperience": "請安裝瀏覽器擴充功能以獲得更佳體驗！",
  "translationSameAsSource_text_text": "翻譯語言（<text>）與原始語言（<text>）相同。請考慮在設定中更改您的翻譯語言。",
  "translationNotSupported_text_text": "目前尚不支援從 <text> 翻譯到 <text>。",
  "selectDifferentTranslationLanguage": "請選擇其他翻譯語言。",
  "nextVideo": "下一個影片",
  "prevVideo": "上一個影片",
  "smallVideo": "縮小影片",
  "bigVideo": "放大影片",
  "showTranslation": "顯示翻譯（若有）",
  "watchingVideos": "觀看影片",
  "afterInstallingAdditionalFeatures": "安裝瀏覽器擴充功能後，在 Netflix 和 YouTube 網站上看影片時，您可以使用更多功能以學習語言。",
  "whatToWatch": "看什麼",
  "weCreatedNetflixAndYoutubeCatalogue": "為幫助您尋找影片，我們創建了 Netflix 和 YouTube 目錄。您可以在此頁面左側的選單中打開目錄。",
  "alreadyOpenPleaseReload": "若您已打開 Netflix 或 YouTube，請重新載入視窗。",
  "clickToOpenSettings": "點擊這裡以打開設定。",
  "clickEnableExtraFeatures": "點擊這裡以啟用或停用更多功能。",
  "formerlyCalled": "（以前稱為「通過 Netflix 學習語言」）",
  "startInstallExtension": "若要開始，請安裝瀏覽器擴充功能。",
  "saveAndReview": "儲存與複習",
  "reviewWordsAndPhrases": "您可以複習已儲存為字卡的單字和片語，也能學習新的詞彙。",
  "underActiveDevelopment": "此項目正在積極開發中。若要推薦功能或報告問題，請訪問我們的論壇。",
  "writeToUs": "如有其他問題，請來函諮詢。",
  "setupComplete": "設定完成",
  "clickWordDictionary": "點擊一個單詞，查看詞典。右擊單詞保存。",
  "autopauseEverySubtitle": "每個字幕結束時自動暫停播放。",
  "machineAndHumanTranslations": "在設定中，您可以選擇顯示兩種翻譯，即機翻與人工翻譯。機翻更側重字面，如果您正在學習這種語言，這能幫助您理解其句型結構。當然，機翻有時存在錯誤。人工翻譯通常很有幫助，因為能夠準確翻譯特定說法與習語。",
  "keyboardKeys": "您可以使用鍵盤按鍵控制播放。",
  "aKey": "上一字幕",
  "sKey": "重播字幕",
  "dKey": "下一字幕",
  "spaceKey": "播放/暫停",
  "settingsForMoreShortcuts": "查看「設定」，了解更多快捷鍵用法。",
  "weCreatedNetflixCatalogue": "我們建立了一個特別的目錄，幫助你找到具有高品質字幕的 Netflix 影片，字幕語言為你正在學習的語言。",
  "youtubeHasAnyTopic": "YouTube 的影片主題豐富，涉及所有主要語言。然而，YouTube 會試圖向您隱藏國外內容。",
  "pageNotFound": "找不到頁面。",
  "videosNoLongerAvailable": "部分列出的影片可能不再在您的國家提供。",
  "votes_text": "<text> 票",
  "countries_text": "<text> 個國家",
  "watch": "觀看",
  "tryAgain": "再次嘗試",
  "videoUnavailablePleaseContinue": "此影片無法播放，請繼續觀看下一部影片。",
  "nextPage": "下一頁",
  "prevPage": "上一頁",
  "videos": "影片",
  "selectPlaylist": "請選擇播放清單。",
  "flashcardTooltipProposal": "本次學習週期的新項目數量",
  "flashcardTooltipExposure": "本次待複習項目數量",
  "flashcardTooltipTest": "本次測驗的題目數量",
  "flashcardExposureTooltip": "詞彙卡會顯示不同例句，讓您了解已儲存單字的各種用法。",
  "flashcardExposure": "接觸學習",
  "flashcardTestTooltip": "測驗卡片可評估您對單字和句子的掌握程度",
  "flashcardTest": "測試",
  "lastPracticed_text": "最後練習日期：<text>",
  "itemsDueForPractice_text": "有 <text> 個項目需要複習。",
  "startPractice": "開始練習",
  "betterWaitTillTomorrow": "最好等到明天再進行下一次練習。",
  "practiceMore": "更多練習",
  "savedWordsAppearHere": "提示：當您儲存單詞和短語時，它們就會在練習時間出現在這裡。",
  "showAnswer": "顯示答案",
  "fail": "答錯",
  "hard": "困難",
  "easy": "簡單",
  "success": "正確",
  "ok": "確定",
  "extraButtonsSearchBar": "所以，我們在 YouTube 的搜尋欄旁邊加入這些額外的按鍵：",
  "leftTranslateRightSearch": "左邊的按鍵會翻譯搜尋欄內的文字，讓您更容易找到正在學習的語言影片。右邊的按鍵會搜尋有字幕的影片。",
  "youtubeInterfaceLanguageMoreVideos": "您可以更改 YouTube 用戶介面語言為正在學習的語言。YouTube 就會顯示更多那個語言的影片。",
  "howToChangeYoutubeInterfaceLanguage": "如何更改 YouTube 介面語言",
  "clickButtonTopRight": "按下在螢幕右上角的此按鍵：",
  "lookForLanguageSetting": "找出「語言」設定：",
  "whenChangeMoreResults": "當您更改語言時，會出現更多正在學習的語言的搜尋結果。",
  "onlyDesktopCheckBack": "語言反應器目前只能在桌上電腦使用，請稍後再查看！",
  "open": "開啟",
  "word": "單詞",
  "phrase": "短語",
  "translation": "翻譯",
  "context": "語境",
  "source": "來源",
  "actions": "動作",
  "accountInformation": "帳戶資料",
  "quickSettings": "快速設定",
  "fullSettings": "完整設定",
  "gettingStarted": "開始使用",
  "exportHelp": "匯出指南",
  "studyTips": "學習提示",
  "howToImportWebpage": "如何匯入網頁",
  "importWithRightClick": "您可以透過右鍵選單將網頁匯入 Language Reactor。",
  "extensionInstalledForThisFeature": "您需要安裝瀏覽器擴充功能以使用此功能。",
  "importText": "匯入文字",
  "goToReaderMode": "進入閱讀器模式",
  "edit": "編輯",
  "read": "閱讀",
  "posADJ_UD": "Adj.",
  "posADP_UD": "Adp.",
  "posADV_UD": "Adv.",
  "posAUX_UD": "Aux.",
  "posNOU_UD": "Noun",
  "posPRO_UD": "Pronoun",
  "posVER_UD": "Verb",
  "posDET_UD": "Det.",
  "posSYM_UD": "Symbol",
  "posINT_UD": "Int.",
  "posCCO_UD": "Coord. Conj.",
  "posPUN_UD": "Punct.",
  "posNUM_UD": "Numerical",
  "posPAR_UD": "Particle",
  "posSCO_UD": "Sub. Conj.",
  "posX_UD": "Foreign",
  "posCONJ": "Conj.",
  "posPREP": "Prep.",
  "ok2": "好",
  "pleaseWait": "請稍候...",
  "ohNoPleaseAddPermissionLRLogin": "喔，不！請允許 Language Reactor 瀏覽器擴充功能在 languagereactor.com 上運行以供成功登入！",
  "recommended$Videos$": "推薦",
  "$videos$WithSubtitles": "附帶字幕",
  "$videosWith$MostSubscribers": "最多訂閱者",
  "sortBy": "排序方式",
  "$video$Rating": "評分",
  "yearReleased": "發行年份",
  "type$OfVideo$": "類型",
  "any$TypeOfVideo$": "全部",
  "movies": "電影",
  "series": "系列",
  "genres": "類型",
  "all$Genres$": "全部",
  "goToIMDB": "前往 IMDB",
  "availableIn": "適用地區：",
  "errorLoadingVideo": "載入影片時出現錯誤",
  "goBack": "返回",
  "sorryThisPlaylistIsMissing": "抱歉，這個播放清單遺失。",
  "sorryThisVideoIsMissing": "抱歉，這個影片遺失。",
  "videoList": "影片列表",
  "studyLanguage": "學習語言",
  "iAmLearning": "我正在學習",
  "playAll": "播放全部",
  "bigUpdate": "重大更新！",
  "readMore": "閱讀更多",
  "iGotIt": "我知道了",
  "allWords": "所有字詞",
  "savedWords": "已儲存的字詞",
  "savedPhrases": "已儲存的片語",
  "setVocabLevel_short": "設定詞彙程度",
  "setVocabLevel": "設定詞彙程度",
  "changeVocabLevelConfirmation_GT": "是否要將詞彙等級從 <text> 變更為 <text>？",
  "changeStudyLevel": "更改學習級別",
  "currentStudyLevel": "目前學習級別",
  "change": "更改",
  "pleaseSelectYourStudyLevelToContinue": "請選擇您的學習級別以繼續",
  "frequency": "頻率",
  "alphabetical": "按字母順序",
  "LEARNING": "學習中",
  "KNOWN": "已知",
  "SKIPPED": "不要學習",
  "SKIPPED_short": "不學習",
  "knownWords_GT": "已熟悉的單字",
  "tag": "標籤",
  "errorLoadingList": "載入列表時出現錯誤",
  "pleaseSelectLanguageOnTop_GT": "請從上方選擇語言",
  "xSelected": "已選擇 <text>",
  "setLearningStage": "設定學習階段",
  "thisWillAffectXItemsAreYouSure": "這將影響 <text> 個項目。您確定嗎？",
  "yes": "是",
  "no": "否",
  "removeItems": "移除項目",
  "setTag": "設定標籤",
  "selectAllOrNone": "全選 / 取消全選",
  "logIn": "登入",
  "noItemsFound": "找不到任何項目",
  "upgrade": "訂閱",
  "transliterationsJapanese": "日文音譯",
  "transliterationsVisibility_GT": "顯示拼音",
  "alwaysShow_GT": "永遠顯示",
  "hideForKnownWords_GT": "隱藏已熟悉單字的注音",
  "hideForMarkedAndKnownWords_GT": "隱藏已標記和熟悉的單字註記",
  "specialWords_GT": "特殊詞彙",
  "specialWords_info_GT": "名稱、地點、數字等",
  "markedWords_GT": "標記單字",
  "markWord_GT": "標記單字",
  "savedWordsMarkingTooltipDesc_GT": "更改字彙等級時，已標記的單字會保持原狀態，並以外框顯示。",
  "wordStatus_desc_GT": "狀態來自字彙等級或個別標記",
  "wordColors_desc_GT": "這些設定控制字幕和文本中單詞的顯示方式。在「已儲存項目」視圖中，始終使用完整的單詞著色。",
  "suggestedWords_desc_GT": "為您推薦最實用的下個學習詞彙",
  "showKnownWordsInGreen": "以綠色顯示已知字詞",
  "showMarkedLearningWordsInOrange_GT": "以橘色顯示已標記的學習單字",
  "showSuggestedWordsInOrange_GT": "以橘色顯示建議詞彙",
  "showRareWordsInGrey_GT": "淡化罕用字詞",
  "outline_GT": "外框",
  "outlineMarkedWordsInText": "標記本文中的字詞",
  "showTagsInText": "顯示本文中的標籤",
  "showLearningStageButtonsInMiniDictionary": "在迷你字典中顯示學習階段按鈕",
  "switchLearningStage_GT": "切換已知/學習中",
  "switchTags": "切換標籤",
  "switchLanguage_GT": "切換語言",
  "dictionary": "字典",
  "speakWordOnClick": "點擊時朗讀字詞",
  "basicSettings": "基本設定",
  "machineTranslationsAvailable": "提供機器翻譯",
  "belowAreWordsOfIncreasingDifficultyDesc": "以下是難度逐漸增加的字詞。請點擊您能理解的最後一行（捲動查看全部）。",
  "iDontKnowAnyWordsYet": "我還不知道任何字詞。",
  "exampleText": "範例文本：",
  "wordColors_GT": "字詞顏色",
  "reset_GT": "重設",
  "newChat_GT": "新對話",
  "autoCorrectGrammar_GT": "自動修正文法",
  "estimatedNumberOfKnownWords": "估計已知字詞的數量",
  "article": "文章",
  "fullText": "全文",
  "textMode": "本文",
  "myText_GT": "我的文字",
  "myTexts_GT": "我的文章",
  "books_GT": "書籍",
  "pasteAnyTextYouWishToStudyHere": "將您要學習的文本貼在此處",
  "videoFile": "影片檔案",
  "selectVideo": "選擇影片",
  "selectVideoFile": "選擇影片檔案",
  "selectSubtitles": "選擇字幕",
  "subtitlesLanguage": "字幕語言",
  "save": "儲存",
  "copy": "複製",
  "copyCurrentSentence": "複製當前句子",
  "wordNotFound": "找不到字詞",
  "markWhetherYouKnowThisWordDesc": "標記您是否知道這個字詞。將字詞標記為橘色（正在學習）會將它們添加到您的學習卡片中。",
  "shortcutRightClick": "滑鼠右鍵點擊",
  "shortcutMiddleClick": "滑鼠中鍵點擊",
  "addTagToAWordDesc": "您可以利用標籤來製作字詞群組。經標籤註記的字詞可以分別地匯出。標籤可以顯示為彩色底線，這可以在設定中進行控制。",
  "markAsKnown": "標記為已知",
  "markAsLearning": "標記為學習中",
  "markedKnown_GT": "標記為已知",
  "markedToLearn": "標記來學習",
  "learningNow": "正在學習",
  "learnt": "已學習",
  "learn": "學習",
  "remove": "移除",
  "noTag": "無標籤",
  "examplesSavedItems": "範例：已儲存的項目",
  "examplesCurrentText": "範例：目前文本",
  "examples": "範例：",
  "pleaseSignInToUseThisFeature": "請登入以使用此功能。",
  "pleaseSignInToUseThisFreeFeature": "請登入以使用此免費功能。",
  "soThatWeCanSaveYourProgress": "（以便我們能夠儲存您的進度）",
  "phrasepumpInfoTooltipShort": "PhrasePump 提供許多您應該大多能理解的句子。它可以提升您的詞彙量、聽力技巧及文法知識。",
  "phrasepumpInfoTooltip": "PhrasePump 提供許多您應該大多能理解的句子。它可以提升您的詞彙量、聽力技巧及文法知識。句子的選擇是基於需要適當練習的字詞，或包含要學習的新字詞。",
  "fumingRiver": "讓語言如滔滔江水般流過您，讓它與您融為一體。",
  "itemsDueForReview": "需要複習的項目",
  "noCardsToStudy": "沒有卡片要學習。",
  "tryEnablingMoreStudyModes": "嘗試啟用更多學習模式。",
  "pleaseMarkMoreItemsOrWait": "請標記更多要學習的項目，或等待現有項目到期。",
  "statistics": "統計數據",
  "xCards": "<text> 張卡片",
  "cards": "卡片",
  "cardsPracticedToday": "今天練習的卡片",
  "showLast": "顯示最近：",
  "day": "日",
  "week": "週",
  "month": "月",
  "threeMonths": "3 個月",
  "markedToLearnDesc": "您已儲存且仍在待予練習的佇列內的字詞及短語。",
  "suggestions": "建議",
  "suggestionsDesc": "在練習過您已儲存的項目後，PhrasePump 可以向您建議要學習的字詞。",
  "suggestionsDesc_noMoreLeft": "沒有更多建議可顯示。",
  "suggestionsDesc_noSuggestionsForLang": "這個語言不支援建議。",
  "inTheLastXDaysYouStartedToPracticeYItems": "在過去的 <text> 天裡，您已經開始練習 <text> 個新的「標記要學習」字詞和短語。",
  "inTheLastXDaysYouStartedToPracticeYSuggestedWords": "在過去的 <text> 天裡，您已經開始練習 <text> 個新的建議字詞。",
  "youArePracticingXItems": "您正在積極練習 <text> 個字詞和短語。",
  "inTheLastXDaysYouHaveLearntYItems": "在過去的 <text> 天裡，您已經學習 <text> 個字詞和短語。",
  "inTheLastXDaysYouHavePracticedYItems": "在過去的 <text> 天裡，您已經練習 <text> 個字詞和短語。",
  "learntDescLearntXItems": "您可能會記住它們至少六週的字詞和短語。您已經學習 <text> 個項目。",
  "halflifeDays_GT": "半衰期（天）",
  "languageSelector": "語言選擇器",
  "addLanguage": "添加語言",
  "dueItems": "待複習項目：",
  "chooseALanguage": "選擇語言",
  "showContext_GT": "顯示上下文",
  "add": "添加",
  "forgot": "忘記了",
  "okay": "確認",
  "quizzes": "測驗",
  "suggestedWords": "建議的字詞",
  "practice": "練習",
  "thisIsTheFirstTimeYouArePracticingThisItem": "這是您第一次練習這個項目。",
  "quiz": "測驗",
  "whatShouldGoInTheGap": "間隔裡應該要放入什麼？",
  "useTranslationForHelp": "利用翻譯來求助。",
  "suggestedWord": "建議的字詞",
  "wouldYouLikeToLearnThisWord": "您想要學習這個新字詞嗎？",
  "listeningPractice": "聽力練習",
  "tryToUnderstandBeforeYouRevealTheText": "在您揭示本文之前先嘗試理解。",
  "newItems": "新的項目",
  "newWordsTooltip": "用於呈現新項目的卡片的最大百分比（「標記為學習」和「建議」）。減少這個以便對於您已學習過的項目進行更多練習。如果有許多項目需要複習，那麼將會縮減呈現的新材料量。",
  "sessionSize": "練習組數",
  "sessionSizeTooltip": "會話中的卡片數量。",
  "reveal": "顯示答案",
  "savePhrase": "儲存短語",
  "learningStage": "學習階段",
  "savingWords": "儲存單字",
  "oldSystem": "舊系統：",
  "newSystem": "新系統：",
  "greenKnownOrSuggestedWords": "白色：已知和建議的詞",
  "orangeMarkedWords": "橙色：標記為學習的單詞",
  "dictStageTagsPickerDesc": "在這裡您可以標記您是否知道這個字詞（綠色），正在學習它（橘色），或者不想學習它（灰色）。您也可以添加標籤，這些標籤顯示有彩色底線。",
  "exportFromLanguageReactor": "從 Language Reactor 匯出...",
  "viewAll": "查看全部",
  "wordViewNotSupported": "這個語言目前不支援這項功能。",
  "green": "綠色",
  "yellow": "黃色",
  "red": "紅色",
  "blue": "藍色",
  "lastSaved": "最近儲存",
  "rank": "排名",
  "wordList": "字詞列表",
  "up1": "以前，您通過用顏色（紅色、綠色、黃色、藍色）標記單詞來保存單詞。此功能仍然可用（現在稱為“標籤”），但顏色在單詞下方顯示為下劃線。默認情況下，右鍵單擊單詞不再更改其標籤顏色，但您可以在設定中進行配置。",
  "up2": "在此更新中，Language Reactor 現在可以為您跟踪您知道哪些單詞，對於您不知道的單詞，它會建議您是否應該學習它們。這允許軟體做一些有用的事情。它適用於大約 40 種語言。",
  "up3": "您知道或應該注意的單詞以白色顯示。",
  "up4": "您標記為學習的單詞以橙色顯示。",
  "up5": "您現在不需要學習的不常用單詞是灰色的。",
  "up6": "我們將這些類別稱為“學習階段”。",
  "up7": "您可以通過單擊詞典中的設定圖標快速設置您的近似詞彙量。您不需要單獨標記每個單詞。",
  "up8": "如果您已經用顏色保存了很多單詞，您可以使用學習階段批量標記它們：",
  "up9": "單擊“已保存的項目”選項卡。",
  "up10": "點擊“保存的單詞”。",
  "up11": "在下拉列表中選擇標籤顏色。",
  "up12": "單擊“全選”複選框。",
  "up13": "選擇您希望分配給這些單詞的“學習階段”。",
  "up14": "完成此操作後，您可能希望在設定選項卡中禁用標籤的彩色下劃線，以減少觀看電影等時的視覺噪音。",
  "up15": "如果你願意，你不需要使用這個著色系統。在設定中，您可以通過學習狀態禁用單詞著色：",
  "clickToReadMore": "點擊閱讀更多",
  "layout_GT": "版面配置",
  "videoSize_GT": "影片大小",
  "youAreLearning_GT": "學習語言",
  "start_screen": "開始",
  "theTextSeemsToBeIn_lang_GT": "這段文字似乎是<text>。",
  "changeSourceLanguageTo_lang_GT": "切換至<text>？",
  "clearAllHistoryConfirmation_GT": "清除所有<text>學習紀錄？",
  "chatHomescreenText_1_GT": "和AI聊天吧，反正你也沒有更好的聊天對象了，不是嗎？",
  "chatHomescreenText_2_GT": "我們讓學習變得有趣。",
  "chatPreprompt_label_GT": "聊天指示",
  "chatPreprompt_tooltip_GT": "每次對話前發送給 AI 的指示",
  "typeTheTextToTranslate_GT": "輸入要翻譯的文字",
  "showMiniDictionary_GT": "顯示迷你字典",
  "yourMessage_GT": "您的訊息",
  "other_GT": "其他選項",
  "pressAndHoldToRecordVoice_GT": "按住以錄音",
  "recording_GT": "錄音中...",
  "switchBetweenShortcutsAndInputMode_GT": "切換快捷鍵/輸入模式",
  "pressTabToswitchBetweenShortcutsAndInputMode_GT": "按 [ESC] 切換快捷鍵/輸入模式",
  "preferredAudioSource_GT": "偏好音訊來源",
  "originalAudioWhenAvailable_GT": "原始音訊（如有）",
  "computerAudioTTS_GT": "文字轉語音",
  "include_GT": "加入",
  "noItemsForThisLanguage_GT": "此語言沒有項目",
  "startReading_GT": "開始閱讀",
  "numberOfPages_GT": "頁數",
  "nextDocument_GT": "下一份文件",
  "prevDocument_GT": "上一份文件",
  "noVerticalView_GT": "沒有垂直視圖",
  "playbackRate_GT": "播放速度",
  "numPages_GT": "<text> 頁",
  "chapters_GT": "章節",
  "book_GT": "書本",
  "audioTrack_GT": "音軌",
  "simplifiedVersion_GT": "簡化版本",
  "dubbedAudio_GT": "配音",
  "dubbedAudioDesc_GT": "這部影片原本是以其他語言製作。請使用語音辨識功能來取得與音訊相符的字幕。",
  "rewindForward5s_GT": "快轉 5 秒",
  "rewindBack5s_GT": "倒轉 5 秒",
  "readTheForumPost_GT": "閱讀論壇貼文",
  "youtubeChannels_GT": "YouTube 頻道",
  "channels_GT": "頻道",
  "thisFeatureIsUnderDevelopmentWillBeImprovedSoon_GT": "此功能正在開發中，很快就會改進！",
  "loadingAudio_GT": "正在載入音訊...",
  "media_GT": "媒體內容",
  "useOurDesktopBrowserExtension_GT": "觀看這些影片時，使用我們的桌面瀏覽器擴充功能可獲得額外功能。",
  "holdDictButtonToRecordVoice_GT": "長按字典按鈕以錄音",
  "showDictRecord_GT": "字典 / 錄音",
  "text_GT": "文本",
  "words_GT": "單字",
  "viewLessFrequentWordsLink_GT": "在標記單字頁面查看較不常見的單字",
  "newText_GT": "新增文本",
  "untitledText_GT": "未命名文本",
  "title_GT": "標題",
  "pleaseEnterSomeText_GT": "輸入文字以繼續",
  "saving_GT": "儲存中...",
  "theTextSeemsToBeIn_lang_whileYourLangIs_GT": "文字似乎是<text>，而你目前的學習語言是<text>。",
  "hideSubtitle_GT": "隱藏字幕",
  "translationThenSubtitle_GT": "先顯示翻譯再顯示字幕",
  "subtitleThenTranslation_GT": "先顯示字幕再顯示翻譯",
  "vocabLevel_GT": "詞彙程度",
  "selection_GT": "選取",
  "preview_GT": "預覽",
  "noTextWasSelected_GT": "未選取任何文字",
  "nViews_GT": "<text> 次觀看",
  "viewCount_GT": "觀看次數",
  "date_GT": "日期",
  "areYouTheOwnerYoutube_GT": "你是這個 YouTube 頻道的擁有者嗎？",
  "nVideos_GT": "<text> 部影片",
  "clearFilters_GT": "清除篩選",
  "recommendedChannels_GT": "推薦",
  "popularChannels_GT": "熱門",
  "allChannels_GT": "所有頻道",
  "channel_GT": "頻道",
  "lexaAiAssistantPrompts_placeholder_example_GT": "解釋：請解釋 <WORD> 在這個句子中的用法：<CONTEXT>\n例子：請提供更多使用 <WORD> 的例句，如同在這個句子中的用法：<CONTEXT>",
  "updateHistory_GT": "更新記錄",
  "recentAppUpdates_GT": "最新更新",
  "moreInfo_GT": "更多資訊",
  "continue_GT": "繼續",
  "podcasts_GT": "播客",
  "allPodcasts_GT": "所有播客",
  "podcast_GT": "播客",
  "hidden_GT": "隱藏",
  "lexaAiAssistant_GT": "Lexa AI 學習助手",
  "lexaAiAssistantInfo_GT": "Lexa 可以回答你正在學習的內容中有關單詞和句子的問題。\n\n你可以在 Language Reactor 設定中編輯提示（問題）。\n\n專業模式使用更智能的模型，可能會提供更好的回答。",
  "lexaAiAssistantPrompts_GT": "Lexa AI 助理提示",
  "lexaAiAssistantPrompts_tooltip_GT": "你可以編輯這些提示（問題），但必須遵守以下格式：\n\n[分頁標題]：[提示]\n[分頁標題]：[提示]\n依此類推。\n\n[提示]可以包含特殊佔位符 <WORD> 和 <CONTEXT>。\n\n你可以使用任何語言撰寫提示。當問題發送給 Lexa 時，以下文字會被添加到開頭：為學習[學習語言]的學生回答問題。請用[翻譯語言]撰寫你的答案。",
  "hold_GT": "長按",
  "invalidFormat_GT": "格式無效",
  "howToUseTouch_GT": "觸控操作指南",
  "removeThisMessageAndFollowingOnes_GT": "移除此訊息及後續內容",
  "install_GT": "安裝",
  "refresh_GT": "重新整理",
  "lexaAiAssistantPrompts_tooltip_intro_GT": "點擊單字時，Lexa 會出現在字典上方",
  "homepage_blurb": "🚀 探索、理解並從道地素材中學習的最佳利器。✨ 體驗一個不僅有效，更令人振奮的沉浸式學習方式！🔥",
  "homepage_formerly_lln": "以前是 Language Learning with Netflix",
  "homepage_cardBodyNetflix": "瀏覽器擴充功能將您喜愛的節目轉變為語言課程 🍿 Pro 模式啟用語音辨識與機器翻譯功能，讓您輕鬆理解內容 🌍",
  "homepage_cardBodyYoutube": "數千個涵蓋各種主題的 YouTube 頻道 🧠 透過真實語境學習提升您的理解力。快來探索我們精心挑選的內容！🎧",
  "homepage_cardBodyFSI": "透過經實證的政府語言培訓課程來挑戰自我。依循結構化的口說訓練與練習，建立真正的語言流暢度。 💪 運用 Language Reactor 的現代工具，讓這些經典學習方法更上一層樓。",
  "homepage_cardTitleWhatToLearn": "學習重點",
  "homepage_cardBodyWhatToLearn": "學習要聰明，不要蠻幹！🏃‍♂️ Language Reactor 為您精選必學字彙，讓您的學習之路更有方向。",
  "homepage_cardBodyPhrasePump": "PhrasePump 主要是聽力練習。🎧 系統會選擇包含需要複習的已儲存單字的句子，同時介紹新詞彙。無論是初學者或進階學習者都很適合。",
  "homepage_cardBodyAria": "認識 Aria：你的機智語言夥伴。她既是導師也是喜劇演員，總是能給出聰明的回應。💬 獲得即時糾正、探索無限話題，以自己舒適的步調建立學習自信！💡",
  "homepage_cardTitleProMode": "Pro 模式 - 可選用",
  "homepage_cardBodyProMode": "Language Reactor 本身已經內建許多實用的免費功能。Pro 模式為您的學習體驗增添更多精彩元素。✨",
  "homepage_cardTitleBooksAndWebsites": "書籍與網站",
  "homepage_cardBodyBooksAndWebsite": "將任何網頁匯入 Language Reactor，或上傳您喜愛的書籍！配合文字轉語音功能一起聆聽。🎯",
  "clickHereToUseKeyboardControls": "按一下此處使用鍵盤控制",
  "uiLanguage_GT": "介面語言",
  "videoFileIntro_GT": "您可以上傳影片檔案和字幕檔案（SRT），Language Reactor 將為您建立翻譯。目前此功能僅支援您的瀏覽器可播放的影片格式，其他格式可能無法顯示畫面。",
  "powerfulToolbox": "語言反應器是幫助您學習語言的強大工具箱。",
  "discoverUnderstandLearn": "它幫助您探索，瞭解和學習原始材料。",
  "effectiveInterestingEnjoyable": "學習將變得更有效，更有趣，更好玩！",
  "extensionAddsNetflixFeatures": "在Netflix網站上觀看電影和電視劇時，此延伸模組會增添雙語字幕，彈出式詞典，視訊播放精確控制等更多功能。",
  "thousandsOfChannels": "上千個頻道，各種主題任您觀看！透過具有上下文的純正語言培養您的理解能力。",
  "booksAndWebsites": "書籍與網站",
  "importTextTranslationTTS": "導入文本，語言反應器將會添加您所用語言的機器翻譯，通過超現實文本語音轉換進行閱讀。 (即將推出)",
  "intelligentFeeding": "語言內容自動、智能饋送。只需選擇您的語言水平，便可享受學習之旅。",
  "whatToLearn": "學習內容",
  "suggestVocab": "語言反應器可建議需要關注哪些詞彙，可以跳過哪些內容，以使您加快進度！",
  "highlightWhenAppear": "儲存您想要學習的詞語，當它們出現時，會加亮顯示。",
  "homepage_sectionTitleLearn": "從喜愛的內容中學習",
  "homepage_sectionSubtitleLearn": "Language Reactor 能幫助你找到適合程度和興趣的學習內容",
  "homepage_cardTitleYoutube": "YouTube 與 Podcast",
  "homepage_sectionTitleSuperpowers": "語言神通力",
  "homepage_sectionSubtitleSuperpowers": "讓任何內容都易於理解",
  "homepage_cardTitleBilingualSubs": "雙語字幕",
  "homepage_cardBodyBilingualSubs": "透過雙語對照，訓練耳朵聆聽自然對話，了解兩種語言之間的意義連結 👂",
  "homepage_cardTitlePlayback": "精確播放控制",
  "homepage_cardBodyPlayback": "⚡ 暫停時間、控制播放速度。🎮 使用鍵盤快速鍵和手勢操作影片。字幕播放後自動暫停並重複播放，直到點擊繼續。🖱️",
  "homepage_cardTitleDictionary": "字典與 Lexa AI",
  "homepage_cardBodyDictionary": "🔍 點擊任何單字獲得即時翻譯。來自母語者的真實例句及配套音檔。🎧 AI 智慧分析詞語用法及語境。🌱 自訂設定以顯示更多資訊",
  "homepage_sectionSubtitleMaster": "完整的單字學習寶典",
  "homepage_cardTitleSmartHighlighting": "智慧標記",
  "homepage_cardBodySmartHighlighting": "儲存一個單字，即可在各種形式中看到它。Language Reactor 能識別複數、動詞變化及相關字形。透過所有內容自然地強化您的學習。",
  "homepage_cardTitleExportAnki": "匯出至 Anki",
  "homepage_cardBodyExportAnki": "已經在使用 Anki？📤 將精美的記憶卡片連同螢幕截圖和音訊檔案匯出至 Anki。",
  "homepage_sectionTitlePractice": "熟能生巧",
  "homepage_sectionSubtitlePractice": "將您的學習從被動轉為主動",
  "homepage_cardBodyPhoneTablet": "Language Reactor 也能在手機和平板電腦上使用。我們正持續進行改善。",
  "homepage_cardTitlePhoneTablet": "手機和平板",
  "homepage_sectionTitleMaster": "精通每個單字和片語",
  "homepage_cardTitleExtension": "瀏覽器擴展",
  "homepage_cardBodyExtension": "在桌上型電腦上安裝瀏覽器擴充功能，即可在 Netflix 和 YouTube 網站觀看影片時啟用 Language Reactor 功能，並匯入網頁！",
  "pleaseRefreshAfterChanges": "變更後請重新整理：",
  "pdfsInThisCourseOnlyOnDesktop": "本課程的 PDF 檔案僅能在桌面版顯示。",
  "noAudioFiles": "無音訊檔案",
  "proFeatures_intro": "透過 Language Reactor Pro 功能，釋放您學習語言的無限潛能！🚀📚",
  "proFeatures_netflixTitle": "語音辨識與機器翻譯 (Netflix)",
  "proFeatures_netflixFree": "使用 Netflix 提供的字幕。🍿",
  "proFeatures_netflixPro": "🎤 所有音軌皆可使用語音辨識功能。觀看最愛影集時，配音字幕更加精準！🎬 機器翻譯採用直譯方式，幫助您更好理解原文內容。🌍",
  "proFeatures_saveWordsTitle": "儲存單字和片語",
  "proFeatures_saveWordsFree": "使用 PhrasePump 功能時可儲存單字和片語 📝",
  "proFeatures_saveWordsPro": "在所有 Language Reactor 功能中儲存單字和片語。根據個人興趣和詞彙盲點來客製化您的學習。已標記的單字會在所有 Language Reactor 功能中突顯顯示，還能匯出至 Anki！📈✨",
  "proFeatures_lexaTitle": "Lexa AI 字典",
  "proFeatures_lexaFree": "使用基礎人工智慧獲得解釋說明 🤖",
  "proFeatures_lexaPro": "透過強化版人工智慧模型，擁有更廣博的知識庫，能更有效解答複雜的問題！🧠🌐",
  "proFeatures_supportTitle": "支持開發團隊",
  "proFeatures_supportDetails": "感謝您的支持，讓我們能夠持續改進 Language Reactor 並為您帶來更多新功能！❤️",
  "youCanSubscribeAgainAfterTheEndOfThisPeriod": "您可以在此期間結束後重新訂閱。",
  "tipHoldTheDictionaryButtonToRecordVoice": "提示：長按字典按鈕即可語音輸入",
  "sentenceOrTextSource": "來源",
  "homepage_cardTitleLanguageSupport": "🌍 多語言支援",
  "homepage_cardBodyLanguageSupport": "學習超過40種語言的內容 🔤 查看使用不同書寫系統的語言羅馬拼音 👀 字幕預設隱藏，游標移過即可顯示—最適合加強聽力技巧",
  "additional15DiscountUntil5thJanuary2025": "即日起至2025年1月5日止，結帳時輸入優惠碼「turtle」可享額外85折優惠 🎅",
  "includeDubbedAudioNF": "包含配音版本",
  "phrasepumpNeedsImprovementForLang": "PhrasePump 在此語言仍需改進：",
  "addToHomeScreen": "加到主畫面",
  "textToSpeechVoiceNotAvailableForThisLangError": "此語言無法使用文字轉語音功能。請嘗試安裝系統的其他語言套件（如果有的話）。",
  "textToSpeechInSafariNotGreatTryEdgeOrChrome": "Safari 瀏覽器的語音合成效果不佳。建議安裝 Microsoft Edge 或 Chrome 以獲得更好的語音品質。",
  "dueForReview": "待複習",
  "signInWithGoogle": "使用 Google 帳號登入",
  "allServersRunningNormally": "所有伺服器運作正常。",
  "clearHistory": "清除",
  "copiedText": "已複製：",
  "loadingText": "載入文字中...",
  "installChromeExtension": "安裝 Chrome 擴充功能",
  "itemsRemoved": "已移除項目",
  "removingItemsFailed": "無法移除項目",
  "itemsUpdated": "項目已更新",
  "autopauseNotAvailableOnYoutube": "YouTube 不支援自動暫停功能",
  "sideBySideLayout": "並排顯示",
  "overAndUnderLayout": "上下對照",
  "youAlsoHaveItemsInOtherLanguages": "您在其他語言也有儲存的項目。請至設定更改語言以查看。",
  "otherLanguages": "其他語言",
  "paymentsAreCurrentlyNotSupportedInYourCountry": "目前不支持在您的國家/地區付款。",
  "titles_header": "標題",
  "sources_header": "來源",
  "holdTheButtonToRecord": "按住按鈕進行錄音",
  "noOption": "無符合選項",
  "learningResources": "學習資源",
  "deleteMyData": "刪除我的資料",
  "deleteMyData_confirmationMessage": "此動作將永久刪除您所有的設定、儲存項目、練習記錄、已儲存的媒體和文章。您確定要繼續嗎？",
  "advancedActions": "進階設定",
  "successDone": "成功！",
  "qKey": "自動暫停切換",
  "rKey": "儲存目前字幕",
  "copyKey": "複製目前句子",
  "unknownRank": "未知詞頻",
  "mostFrequentWord": "最常用字詞",
  "studyStore_errorSavingCardStats": "儲存卡片統計資料時發生錯誤。",
  "studyStore_errorSavingCardRating": "無法儲存卡片評分",
  "studyStore_loginNoLongerValid": "登入已失效，請重新載入此頁面。",
  "studyStore_tooltip_extraPracticeSentence": "此句子並非因為您儲存的特定單字而顯示，這是為了增進您的聽力和文法知識所提供的額外練習。",
  "studyStore_tooltip_savedInYoutube": "已儲存於 YouTube 影片：",
  "studyStore_tooltip_savedInNetflix": "已儲存於 Netflix 影片：",
  "studyStore_extraPracticeIndicator": "[額外練習]",
  "studyStore_errorLoadFlashcardMetadataFailed": "無法載入字卡元數據。",
  "studyStore_errorLoadPracticeItemsFailed": "無法載入練習項目。",
  "studyStore_errorLoadAudioFailed": "音訊載入失敗。",
  "studyStore_errorGettingAudio": "取得音訊時發生錯誤：",
  "savedItemsStore_errorTooManyItems": "已超過儲存項目上限",
  "savedItemsStore_errorSavingItem": "儲存項目時發生錯誤。",
  "savedItemsStore_errorUpdatingItemsFailed": "更新項目失敗。",
  "savedItemsStore_errorFailedToRemoveItem": "無法移除項目。",
  "savedItemsStore_devError_itemNotFoundForSetStudied": "已儲存的項目不存在：",
  "mediaStore_errorFailedToGetPlaylistInfo": "無法取得播放清單資訊",
  "mediaStore_errorFailedToGetDocumentInfo": "無法取得文件資訊",
  "mediaStore_errorDocNotFoundInPlaylist": "在播放清單中找不到此文件。",
  "userDataStore_errorFailedToSaveUserData": "無法更新已儲存的設定。",
  "userDataStore_errorUpdatingSavedItemKeys": "無法擷取已儲存項目的索引",
  "chatStore_errorNannyRefusedMessage": "聊天服務無法處理您的訊息，請嘗試重新措辭。",
  "chatStore_errorQuotaExceededPro": "聊天使用額度已達上限，請明天再試。",
  "chatStore_errorAsrFailed": "無法處理您的訊息，請再試一次。",
  "chatStore_errorGettingChatMessages": "無法取得聊天訊息",
  "chatStore_errorQuotaExceededMachine": "聊天額度已用盡，請檢查您的訂閱方案或稍後再試。",
  "chatStore_errorQueueFull": "抱歉，伺服器目前負荷已達最大容量，我們正在處理中。",
  "chatStore_infoProUsersPriorityAccess": "專業版用戶可享優先使用權",
  "chatStore_errorLoadingConversationLangMismatch": "無法載入對話：語言設定不符。",
  "chatStore_placeholderEnterWordsHere": "[請在此輸入文字]",
  "notifications_prefixNetworkError": "網路連線錯誤，請檢查您的WiFi。 ",
  "notifications_prefixNotFound": "錯誤：找不到。 ",
  "notifications_prefixBadRequest": "系統錯誤，請稍後再試。",
  "notifications_prefixTokenError": "登入錯誤，請重新登入。",
  "notifications_prefixServerError": "伺服器錯誤，請稍後再試。",
  "notifications_prefixNotProUser": "專業版功能已無法使用。",
  "notifications_prefixRateLimitExceeded": "已超過使用次數限制，請稍後再試。",
  "mediaDocPodcast_errorTimeoutDownloadingAudio": "從網址下載音訊檔案逾時。",
  "media_errorLoadingMediaTranslations": "無法載入媒體翻譯",
  "media_errorAsrQuotaExceeded": "您已達到今日音訊處理的使用上限，請明天再試。",
  "media_errorAsrQueueFull": "語音處理伺服器忙碌中，請稍後再試。",
  "media_errorLoadingAsr": "語音辨識載入失敗",
  "media_errorAsrTooLong": "語音辨識處理時間過長，請稍後再試。",
  "media_errorLoadingNlpData": "無法載入自然語言處理資料。",
  "mediaDocText_errorFetchingPageTranslations": "無法取得頁面翻譯",
  "mediaDocText_errorFetchingTextInfo": "無法取得文字資訊",
  "mediaDocText_errorFetchingPageNlp": "無法擷取自然語言處理頁面。",
  "mediaDocText_errorFetchingPageTts": "無法擷取頁面語音",
  "media_errorLoadingMediaMetadata": "無法載入媒體資訊",
  "media_errorFetchingSubtitlesForVideo": "無法擷取影片字幕",
  "media_errorAsrNotAvailableForVideo": "抱歉，此影片無法使用語音辨識功能。",
  "media_errorFetchingVideoTranslations": "無法取得影片翻譯內容"
}