{"file_hashes":[{"block_hashes":["Wlz9/6aNG7yovEHQb2tB/sg1DNhJEDs2XOFE/TMOIxE="],"block_size":4096,"path":"history-tags.json"},{"block_hashes":["cC0/zOMn0q7RjWLBtqhtCbQBzBPb6rTzbTTb+902s7Q=","qkt4jdjdUXumhwN5DgRHsn/77mGMYUPH17+mc6stTBs=","J8dVpQHdp55J7guB0hrLfI+8Bn2cgyXcFE5gkILV7HA=","x28u+qTrlrh2wJnEyl3NpINS0x08+cy1ihFFsKTb9zc=","ut0hU5Je+YgHFovyxNBI8ZCZPM6doIvYzRAiutjvTew=","IJLk6wu/8TvPFYBa00cW/UKichD9h8ZhcqvoBQIxIa4=","XoQLSLYKurC44l22ktQeX64ckd1mrzz55cC4H3cYuZs=","/ujrgQDoxbB/feDpzlv01BFEBwDhJgm/G59yAvdHAhY=","J8XqyXU1P1gTET874ytjYZwheka8VQfQ7ZD1NPjeIBs=","n0cb5VcOF7veZPTBuEI5bZ0Pq7Slh6UhxEg8C32aV/s=","ZnekLlgLZjEeF7N0YXofbvh6hPpddogs3HavPwBBkXc=","bej8r3lc5722vzpFD0uQbYmMftrUHnTfxjRbI48Tj64=","afP9+Pp+SUqDZ/KXdERbP2ZcsBB7dLZLjb5XwzSTPbw=","QibXzJpGHhGO4fQMNK7S7tBBTCPsnNY1i29D1ACQv00="],"block_size":4096,"path":"main.js"},{"block_hashes":["5FHPzR080FBEl6Bdd02Zhe6hyDNZYIEYW7rGasI5eUw="],"block_size":4096,"path":"startpage_test_function.js"},{"block_hashes":["uF2QOseRstoXqWacCvfIWZ2vHa/72fUvhct0tQPFv80=","0QrI0exjD09uNtM3VugY5YxevzT+1a//++dPy8tc8U0=","z/y3jkRV2BT1CE0op/KgnHXNMv8SYF4mTgQYpbik6J0="],"block_size":4096,"path":"targeted_sd_section.js"}],"version":2}